timestamp,step,scenario,cpu_pct,memory_pct,latency_ms,queue_depth,incoming_req,rate_limit,observed_load,error,p_term,i_term,d_term,integral,accepted_req,rejected_req,rejection_rate
2024-01-01 00:00:00,0,Normal,36.52,34.8,91.26,68,604,1596.12,0.2706,0.3294,494.025,3.2935,98.805,0.3294,604,0,0.0
2024-01-01 00:00:01,1,Normal,28.49,40.64,75.26,49,714,1544.69,0.2463,0.3537,530.5575,6.8306,7.3065,0.6831,714,0,0.0
2024-01-01 00:00:02,2,Normal,39.4,43.89,80.99,72,846,1445.67,0.2989,0.3011,451.62,9.8414,-15.7875,0.9841,846,0,0.0
2024-01-01 00:00:03,3,Normal,30.7,41.84,65.62,67,795,1544.13,0.2549,0.3451,517.635,13.2923,13.203,1.3292,795,0,0.0
2024-01-01 00:00:04,4,Normal,34.08,36.6,98.34,46,757,1512.77,0.2668,0.3332,499.725,16.6238,-3.582,1.6624,757,0,0.0
2024-01-01 00:00:05,5,Normal,33.24,42.66,85.48,58,843,1505.96,0.2744,0.3256,488.355,19.8795,-2.274,1.9879,843,0,0.0
2024-01-01 00:00:06,6,Normal,45.71,37.97,72.32,33,861,1472.41,0.296,0.304,455.97,22.9192,-6.477,2.2919,861,0,0.0
2024-01-01 00:00:07,7,Normal,40.64,39.43,67.4,33,865,1511.89,0.2795,0.3205,480.8025,26.1246,4.9665,2.6125,865,0,0.0
2024-01-01 00:00:08,8,Normal,38.72,42.72,70.02,54,811,1499.34,0.2854,0.3146,471.855,29.2703,-1.7895,2.927,811,0,0.0
2024-01-01 00:00:09,9,Normal,36.09,44.36,83.35,63,806,1499.0,0.2883,0.3117,467.49,32.3869,-0.873,3.2387,806,0,0.0
2024-01-01 00:00:10,10,Normal,36.45,43.16,58.14,43,752,1534.39,0.271,0.329,493.5075,35.6769,5.2035,3.5677,752,0,0.0
2024-01-01 00:00:11,11,Normal,31.81,38.62,102.42,32,896,1545.33,0.2639,0.3361,504.1575,39.038,2.13,3.9038,896,0,0.0
2024-01-01 00:00:12,12,Normal,26.59,38.33,82.44,61,871,1591.15,0.2393,0.3607,541.11,42.6454,7.3905,4.2645,871,0,0.0
2024-01-01 00:00:13,13,Normal,38.97,38.26,73.06,67,780,1516.11,0.2786,0.3214,482.0625,45.8591,-11.8095,4.5859,780,0,0.0
2024-01-01 00:00:14,14,Normal,28.62,34.33,66.21,59,814,1622.86,0.2279,0.372,558.075,49.5797,15.2025,4.958,814,0,0.0
2024-01-01 00:00:15,15,Normal,38.45,37.86,82.38,62,769,1517.68,0.2797,0.3203,480.4275,52.7825,-15.5295,5.2782,769,0,0.0
2024-01-01 00:00:16,16,Normal,37.28,36.69,74.55,42,680,1561.64,0.2658,0.3342,501.33,56.1247,4.1805,5.6125,680,0,0.0
2024-01-01 00:00:17,17,Normal,37.43,37.65,80.19,59,844,1545.78,0.2741,0.3259,488.8875,59.3839,-2.4885,5.9384,844,0,0.0
2024-01-01 00:00:18,18,Normal,38.33,39.51,73.65,48,631,1546.32,0.277,0.323,484.5675,62.6144,-0.864,6.2614,631,0,0.0
2024-01-01 00:00:19,19,Normal,27.76,33.39,65.04,57,709,1650.41,0.2217,0.3783,567.4425,66.3974,16.575,6.6397,709,0,0.0
2024-01-01 00:00:20,20,Normal,33.11,46.5,74.66,64,706,1533.8,0.2791,0.3209,481.4025,69.6067,-17.208,6.9607,706,0,0.0
2024-01-01 00:00:21,21,Normal,33.97,35.25,74.91,66,627,1598.91,0.2544,0.3456,518.4375,73.063,7.407,7.3063,627,0,0.0
2024-01-01 00:00:22,22,Normal,37.17,41.19,71.09,21,807,1563.48,0.2718,0.3282,492.3525,76.3453,-5.217,7.6345,807,0,0.0
2024-01-01 00:00:23,23,Normal,32.35,41.16,80.33,82,776,1577.73,0.2686,0.3314,497.115,79.6594,0.9525,7.9659,776,0,0.0
2024-01-01 00:00:24,24,Normal,29.88,40.9,83.3,77,883,1595.58,0.26,0.34,509.955,83.0591,2.568,8.3059,883,0,0.0
2024-01-01 00:00:25,25,Normal,36.78,47.32,62.17,37,707,1553.63,0.2837,0.3163,474.5025,86.2225,-7.0905,8.6222,707,0,0.0
2024-01-01 00:00:26,26,Normal,33.05,33.12,89.53,45,652,1624.84,0.25,0.35,525.015,89.7226,10.1025,8.9723,652,0,0.0
2024-01-01 00:00:27,27,Normal,29.92,41.57,92.57,89,1091,1585.13,0.2683,0.3317,497.58,93.0398,-5.487,9.304,1091,0,0.0
2024-01-01 00:00:28,28,Normal,37.07,35.05,48.02,55,718,1627.69,0.2496,0.3504,525.555,96.5435,5.595,9.6543,718,0,0.0
2024-01-01 00:00:29,29,Normal,32.92,36.94,77.89,71,815,1611.96,0.2572,0.3428,514.2525,99.9718,-2.2605,9.9972,815,0,0.0
2024-01-01 00:00:30,30,Normal,34.21,34.82,54.88,40,794,1648.31,0.2402,0.3598,539.6625,103.5695,5.082,10.357,794,0,0.0
2024-01-01 00:00:31,31,Normal,43.84,40.65,94.74,40,681,1523.37,0.3084,0.2916,437.3475,106.4852,-20.463,10.6485,681,0,0.0
2024-01-01 00:00:32,32,Normal,30.17,36.37,111.93,33,883,1639.06,0.2574,0.3426,513.8475,109.9108,15.3,10.9911,883,0,0.0
2024-01-01 00:00:33,33,Normal,30.49,44.66,85.77,46,795,1607.79,0.2681,0.3318,497.775,113.2293,-3.2145,11.3229,795,0,0.0
2024-01-01 00:00:34,34,Normal,31.73,42.23,73.18,25,672,1634.56,0.257,0.343,514.545,116.6596,3.354,11.666,672,0,0.0
2024-01-01 00:00:35,35,Normal,35.86,47.9,82.4,47,828,1568.5,0.2935,0.3065,459.735,119.7245,-10.962,11.9725,828,0,0.0
2024-01-01 00:00:36,36,Normal,41.53,41.1,73.84,72,842,1578.33,0.2958,0.3042,456.2625,122.7663,-0.6945,12.2766,842,0,0.0
2024-01-01 00:00:37,37,Normal,42.68,40.92,61.63,22,965,1600.22,0.2858,0.3142,471.3075,125.9083,3.009,12.5908,965,0,0.0
2024-01-01 00:00:38,38,Normal,43.62,39.1,74.25,79,689,1575.74,0.2994,0.3006,450.9075,128.9144,-4.08,12.8914,689,0,0.0
2024-01-01 00:00:39,39,Normal,30.53,43.22,74.08,49,783,1655.41,0.2593,0.3407,511.0575,132.3214,12.03,13.2321,783,0,0.0
2024-01-01 00:00:40,40,Normal,36.69,47.04,81.36,62,594,1580.36,0.296,0.304,456.0075,135.3615,-11.01,13.5361,594,0,0.0
2024-01-01 00:00:41,41,Normal,34.76,35.78,61.72,32,766,1683.51,0.2468,0.3532,529.845,138.8938,14.7675,13.8894,766,0,0.0
2024-01-01 00:00:42,42,Normal,39.58,33.37,80.46,40,767,1633.51,0.2682,0.3318,497.7225,142.212,-6.4245,14.2212,767,0,0.0
2024-01-01 00:00:43,43,Normal,40.01,42.69,100.06,46,730,1578.99,0.3037,0.2963,444.465,145.175,-10.6515,14.5175,730,0,0.0
2024-01-01 00:00:44,44,Normal,33.88,41.21,82.65,28,809,1658.78,0.2671,0.3329,499.305,148.5037,10.968,14.8504,809,0,0.0
2024-01-01 00:00:45,45,Normal,36.14,52.59,108.15,32,771,1561.16,0.3168,0.2832,424.74,151.3354,-14.913,15.1335,771,0,0.0
2024-01-01 00:00:46,46,Normal,27.68,37.05,84.73,74,727,1712.61,0.243,0.357,535.545,154.9057,22.161,15.4906,727,0,0.0
2024-01-01 00:00:47,47,Normal,31.73,29.26,77.56,28,747,1722.59,0.2272,0.3728,559.2225,158.6338,4.7355,15.8634,747,0,0.0
2024-01-01 00:00:48,48,Normal,30.62,39.53,53.63,20,1012,1705.97,0.2358,0.3642,546.285,162.2757,-2.5875,16.2276,1012,0,0.0
2024-01-01 00:00:49,49,Normal,28.56,34.52,107.55,108,682,1675.23,0.2562,0.3438,515.6475,165.7134,-6.1275,16.5713,682,0,0.0
2024-01-01 00:00:50,50,Normal,33.16,41.71,105.93,30,775,1645.77,0.2778,0.3222,483.3,168.9353,-6.4695,16.8935,775,0,0.0
2024-01-01 00:00:51,51,Normal,38.89,42.17,74.36,47,662,1641.03,0.2858,0.3142,471.345,172.0776,-2.391,17.2078,662,0,0.0
2024-01-01 00:00:52,52,Normal,33.81,38.67,83.48,38,847,1688.77,0.2625,0.3375,506.325,175.4531,6.996,17.5453,847,0,0.0
2024-01-01 00:00:53,53,Normal,40.06,40.78,85.28,51,800,1630.85,0.2924,0.3075,461.325,178.5286,-9.0,17.8529,800,0,0.0
2024-01-01 00:00:54,54,Normal,31.39,41.58,78.54,91,957,1689.47,0.2667,0.3333,499.8975,181.8613,7.7145,18.1861,957,0,0.0
2024-01-01 00:00:55,55,Normal,36.93,36.18,63.31,73,826,1693.1,0.2623,0.3377,506.535,185.2382,1.3275,18.5238,826,0,0.0
2024-01-01 00:00:56,56,Normal,37.4,31.28,93.91,59,688,1690.45,0.2649,0.3351,502.6425,188.5891,-0.7785,18.8589,688,0,0.0
2024-01-01 00:00:57,57,Normal,32.64,41.32,80.79,44,789,1695.25,0.2645,0.3355,503.1975,191.9438,0.111,19.1944,789,0,0.0
2024-01-01 00:00:58,58,Normal,33.74,40.76,102.07,0,776,1686.75,0.271,0.329,493.4625,195.2335,-1.947,19.5234,776,0,0.0
2024-01-01 00:00:59,59,Normal,35.88,41.48,74.42,14,832,1696.39,0.2686,0.3314,497.115,198.5476,0.7305,19.8548,832,0,0.0
2024-01-01 00:01:00,60,Normal,43.64,32.33,92.96,43,793,1666.57,0.2865,0.3135,470.2575,201.6827,-5.3715,20.1683,793,0,0.0
2024-01-01 00:01:01,61,Normal,29.74,38.33,99.5,61,973,1725.18,0.2588,0.3412,511.7775,205.0945,8.304,20.5095,973,0,0.0
2024-01-01 00:01:02,62,Normal,40.89,42.2,106.16,58,882,1626.92,0.3104,0.2896,434.4075,207.9906,-15.474,20.7991,882,0,0.0
2024-01-01 00:01:03,63,Normal,33.52,40.33,69.54,69,682,1730.6,0.2633,0.3367,505.1025,211.3579,14.139,21.1358,682,0,0.0
2024-01-01 00:01:04,64,Normal,38.91,39.05,97.57,65,982,1667.19,0.2923,0.3077,461.4825,214.4345,-8.724,21.4434,982,0,0.0
2024-01-01 00:01:05,65,Normal,38.65,32.14,79.0,26,748,1739.3,0.259,0.341,511.4625,217.8442,9.996,21.7844,748,0,0.0
2024-01-01 00:01:06,66,Normal,42.56,43.19,69.52,29,803,1665.71,0.296,0.304,455.9325,220.8838,-11.106,22.0884,803,0,0.0
2024-01-01 00:01:07,67,Normal,28.92,36.64,84.68,73,860,1770.24,0.2461,0.3539,530.835,224.4227,14.9805,22.4423,860,0,0.0
2024-01-01 00:01:08,68,Normal,23.54,41.52,81.08,58,961,1778.13,0.2354,0.3646,546.855,228.0684,3.204,22.8068,961,0,0.0
2024-01-01 00:01:09,69,Normal,24.68,37.04,88.86,18,947,1795.44,0.2261,0.3739,560.835,231.8073,2.796,23.1807,947,0,0.0
2024-01-01 00:01:10,70,Normal,36.84,44.23,71.44,66,906,1689.55,0.2851,0.3149,472.2975,234.9559,-17.7075,23.4956,906,0,0.0
2024-01-01 00:01:11,71,Normal,36.16,41.17,84.06,32,785,1726.37,0.2763,0.3237,485.5275,238.1928,2.646,23.8193,785,0,0.0
2024-01-01 00:01:12,72,Normal,34.24,41.92,95.0,28,787,1726.91,0.2763,0.3237,485.49,241.4294,-0.0075,24.1429,787,0,0.0
2024-01-01 00:01:13,73,Normal,42.41,36.28,67.67,54,884,1721.59,0.2811,0.3189,478.395,244.6187,-1.419,24.4619,884,0,0.0
2024-01-01 00:01:14,74,Normal,35.06,46.64,92.85,66,855,1699.84,0.2956,0.3044,456.5475,247.6623,-4.3695,24.7662,855,0,0.0
2024-01-01 00:01:15,75,Normal,46.64,38.97,49.95,82,754,1703.08,0.2979,0.3021,453.09,250.683,-0.6915,25.0683,754,0,0.0
2024-01-01 00:01:16,76,Normal,35.54,46.55,55.97,24,639,1753.11,0.2723,0.3276,491.475,253.9594,7.677,25.3959,639,0,0.0
2024-01-01 00:01:17,77,Normal,31.03,42.2,87.86,55,658,1759.69,0.2663,0.3337,500.5725,257.2966,1.8195,25.7297,658,0,0.0
2024-01-01 00:01:18,78,Normal,23.45,40.27,72.92,59,870,1830.39,0.2281,0.3719,557.91,261.016,11.4675,26.1016,870,0,0.0
2024-01-01 00:01:19,79,Normal,35.69,43.8,83.44,60,729,1719.34,0.2851,0.3149,472.2975,264.1646,-17.1225,26.4165,729,0,0.0
2024-01-01 00:01:20,80,Normal,34.1,40.98,92.31,42,852,1759.3,0.2743,0.3257,488.6175,267.4221,3.264,26.7422,852,0,0.0
2024-01-01 00:01:21,81,Normal,33.67,39.41,92.44,10,670,1777.7,0.2641,0.3359,503.865,270.7812,3.0495,27.0781,670,0,0.0
2024-01-01 00:01:22,82,Normal,27.59,28.33,69.83,64,771,1872.46,0.2119,0.3881,582.1425,274.6621,15.6555,27.4662,771,0,0.0
2024-01-01 00:01:23,83,Normal,35.99,45.45,99.92,48,935,1707.12,0.2967,0.3033,454.875,277.6946,-25.4535,27.7695,935,0,0.0
2024-01-01 00:01:24,84,Normal,35.46,35.81,71.08,20,711,1816.28,0.2522,0.3478,521.7375,281.1729,13.3725,28.1173,711,0,0.0
2024-01-01 00:01:25,85,Normal,33.21,44.02,105.81,22,839,1751.52,0.2825,0.3175,476.265,284.348,-9.0945,28.4348,839,0,0.0
2024-01-01 00:01:26,86,Normal,29.8,42.37,78.03,13,892,1820.44,0.2512,0.3488,523.215,287.8361,9.39,28.7836,892,0,0.0
2024-01-01 00:01:27,87,Normal,31.97,37.33,63.95,36,842,1830.1,0.2426,0.3574,536.1075,291.4101,2.5785,29.141,842,0,0.0
2024-01-01 00:01:28,88,Normal,34.05,41.64,85.43,76,765,1768.11,0.2774,0.3226,483.915,294.6362,-10.4385,29.4636,765,0,0.0
2024-01-01 00:01:29,89,Normal,27.62,45.34,75.03,72,838,1816.27,0.2583,0.3417,512.4975,298.0529,5.7165,29.8053,838,0,0.0
2024-01-01 00:01:30,90,Normal,34.34,41.74,109.27,91,806,1751.54,0.2928,0.3072,460.7625,301.1246,-10.347,30.1125,806,0,0.0
2024-01-01 00:01:31,91,Normal,35.8,45.38,67.32,56,797,1786.71,0.2808,0.3192,478.785,304.3165,3.6045,30.4317,797,0,0.0
2024-01-01 00:01:32,92,Normal,36.57,35.83,56.16,8,688,1847.76,0.2468,0.3531,529.725,307.848,10.188,30.7848,688,0,0.0
2024-01-01 00:01:33,93,Normal,32.71,38.53,109.06,72,703,1788.09,0.2761,0.3239,485.79,311.0866,-8.787,31.1087,703,0,0.0
2024-01-01 00:01:34,94,Normal,36.74,37.96,75.73,53,861,1812.49,0.2693,0.3307,496.0425,314.3936,2.0505,31.4394,861,0,0.0
2024-01-01 00:01:35,95,Normal,33.3,45.32,62.87,50,1059,1814.68,0.2688,0.3312,496.8225,317.7057,0.156,31.7706,1059,0,0.0
2024-01-01 00:01:36,96,Normal,36.12,47.17,81.37,61,794,1771.88,0.2942,0.3058,458.73,320.7639,-7.6185,32.0764,794,0,0.0
2024-01-01 00:01:37,97,Normal,34.15,36.1,86.45,32,866,1848.4,0.2578,0.3422,513.3,324.1859,10.914,32.4186,866,0,0.0
2024-01-01 00:01:38,98,Normal,40.43,41.83,75.71,59,769,1777.59,0.2928,0.3072,460.8225,327.2581,-10.4955,32.7258,769,0,0.0
2024-01-01 00:01:39,99,Normal,39.68,30.84,74.97,10,650,1859.61,0.255,0.345,517.5525,330.7084,11.346,33.0708,650,0,0.0
2024-01-01 00:01:40,100,Normal,41.82,44.48,69.21,19,503,1779.2,0.295,0.305,457.4625,333.7582,-12.018,33.3758,503,0,0.0
2024-01-01 00:01:41,101,Normal,32.28,52.1,86.52,38,846,1799.4,0.2922,0.3078,461.715,336.8363,0.8505,33.6836,846,0,0.0
2024-01-01 00:01:42,102,Normal,27.2,38.51,81.49,48,879,1897.14,0.2394,0.3606,540.87,340.4421,15.831,34.0442,879,0,0.0
2024-01-01 00:01:43,103,Normal,36.72,43.34,69.67,67,962,1808.29,0.2818,0.3182,477.3675,343.6245,-12.7005,34.3625,962,0,0.0
2024-01-01 00:01:44,104,Normal,30.15,35.56,100.04,46,940,1879.22,0.2513,0.3487,522.9825,347.1111,9.123,34.7111,940,0,0.0
2024-01-01 00:01:45,105,Normal,32.79,47.28,81.97,55,956,1817.73,0.2822,0.3178,476.7,350.2891,-9.2565,35.0289,956,0,0.0
2024-01-01 00:01:46,106,Normal,33.19,35.29,73.27,59,643,1888.68,0.2499,0.3501,525.1875,353.7903,9.6975,35.379,643,0,0.0
2024-01-01 00:01:47,107,Normal,38.19,37.31,97.22,2,721,1835.46,0.2758,0.3241,486.225,357.0318,-7.7925,35.7032,721,0,0.0
2024-01-01 00:01:48,108,Normal,26.57,35.87,83.71,46,774,1926.91,0.2314,0.3686,552.8625,360.7176,13.3275,36.0718,774,0,0.0
2024-01-01 00:01:49,109,Normal,34.2,41.02,64.87,64,866,1857.79,0.2643,0.3357,503.5725,364.0747,-9.858,36.4075,866,0,0.0
2024-01-01 00:01:50,110,Normal,36.93,42.78,84.45,90,791,1820.97,0.2919,0.3081,462.105,367.1554,-8.2935,36.7155,791,0,0.0
2024-01-01 00:01:51,111,Normal,33.46,36.23,64.52,25,711,1919.65,0.2437,0.3563,534.4575,370.7185,14.4705,37.0718,711,0,0.0
2024-01-01 00:01:52,112,Normal,34.65,41.67,80.77,34,890,1859.43,0.2709,0.3291,493.5975,374.0091,-8.172,37.4009,890,0,0.0
2024-01-01 00:01:53,113,Normal,38.7,39.2,70.21,60,818,1858.92,0.2776,0.3224,483.6675,377.2336,-1.986,37.7234,818,0,0.0
2024-01-01 00:01:54,114,Normal,27.76,39.66,83.93,32,818,1926.53,0.2431,0.3569,535.3875,380.8028,10.344,38.0803,818,0,0.0
2024-01-01 00:01:55,115,Normal,27.73,46.68,98.72,44,836,1871.54,0.2697,0.3303,495.4275,384.1057,-7.992,38.4106,836,0,0.0
2024-01-01 00:01:56,116,Normal,22.95,34.22,75.59,28,871,1994.78,0.2079,0.3921,588.195,388.027,18.5535,38.8027,871,0,0.0
2024-01-01 00:01:57,117,Normal,44.99,34.12,67.44,54,961,1841.29,0.2846,0.3154,473.1225,391.1811,-23.0145,39.1181,961,0,0.0
2024-01-01 00:01:58,118,Normal,28.89,41.25,107.32,16,671,1911.41,0.2603,0.3397,509.55,394.5781,7.2855,39.4578,671,0,0.0
2024-01-01 00:01:59,119,Normal,32.88,37.4,92.19,54,622,1903.05,0.2628,0.3372,505.8375,397.9504,-0.7425,39.795,622,0,0.0
2024-01-01 00:02:00,120,Normal,37.58,37.11,99.12,37,736,1877.04,0.2794,0.3206,480.8775,401.1562,-4.992,40.1156,736,0,0.0
2024-01-01 00:02:01,121,Normal,37.71,43.81,86.72,16,853,1871.02,0.2873,0.3127,469.095,404.2835,-2.3565,40.4284,853,0,0.0
2024-01-01 00:02:02,122,Normal,29.83,41.18,58.64,58,719,1952.34,0.2454,0.3546,531.9375,407.8298,12.5685,40.783,719,0,0.0
2024-01-01 00:02:03,123,Normal,28.59,43.57,83.62,37,945,1923.45,0.2563,0.3437,515.475,411.2663,-3.2925,41.1266,945,0,0.0
2024-01-01 00:02:04,124,Normal,32.8,40.16,84.03,37,847,1918.57,0.2628,0.3372,505.8525,414.6386,-1.9245,41.4639,847,0,0.0
2024-01-01 00:02:05,125,Normal,32.33,37.94,100.44,29,558,1924.21,0.2626,0.3374,506.1375,418.0129,0.057,41.8013,558,0,0.0
2024-01-01 00:02:06,126,Normal,43.05,52.75,73.92,11,768,1821.49,0.3212,0.2788,418.26,420.8013,-17.5755,42.0801,768,0,0.0
2024-01-01 00:02:07,127,Normal,33.57,39.05,63.3,61,852,1959.93,0.2559,0.3441,516.12,424.2421,19.572,42.4242,852,0,0.0
2024-01-01 00:02:08,128,Normal,27.53,43.5,110.79,53,766,1921.12,0.2684,0.3316,497.325,427.5576,-3.759,42.7558,766,0,0.0
2024-01-01 00:02:09,129,Normal,34.29,43.08,54.04,53,760,1938.63,0.2627,0.3373,505.9725,430.9307,1.7295,43.0931,760,0,0.0
2024-01-01 00:02:10,130,Normal,44.24,39.13,105.02,27,858,1856.04,0.3092,0.2908,436.1625,433.8385,-13.962,43.3838,858,0,0.0
2024-01-01 00:02:11,131,Normal,36.6,35.65,82.66,74,767,1944.53,0.2697,0.3303,495.5175,437.1419,11.871,43.7142,767,0,0.0
2024-01-01 00:02:12,132,Normal,26.54,39.91,66.46,43,791,2003.49,0.2323,0.3677,551.4825,440.8185,11.193,44.0818,791,0,0.0
2024-01-01 00:02:13,133,Normal,26.47,31.92,87.23,39,543,2014.86,0.2219,0.3781,567.135,444.5994,3.1305,44.4599,543,0,0.0
2024-01-01 00:02:14,134,Normal,38.92,41.36,69.29,23,883,1914.51,0.2777,0.3223,483.4275,447.8222,-16.7415,44.7822,883,0,0.0
2024-01-01 00:02:15,135,Normal,36.75,51.91,86.3,57,783,1875.86,0.3101,0.2899,434.85,450.7212,-9.7155,45.0721,783,0,0.0
2024-01-01 00:02:16,136,Normal,39.08,43.13,98.78,39,756,1907.03,0.2998,0.3002,450.2325,453.7228,3.0765,45.3723,756,0,0.0
2024-01-01 00:02:17,137,Normal,32.6,43.95,102.48,40,757,1940.68,0.2812,0.3188,478.1775,456.9106,5.589,45.6911,757,0,0.0
2024-01-01 00:02:18,138,Normal,36.57,38.77,94.28,4,717,1953.76,0.2727,0.3273,491.01,460.184,2.5665,46.0184,717,0,0.0
2024-01-01 00:02:19,139,Normal,31.09,28.4,65.55,31,779,2054.78,0.2172,0.3828,574.14,464.0116,16.626,46.4012,779,0,0.0
2024-01-01 00:02:20,140,Normal,40.56,38.77,64.54,48,904,1931.36,0.2784,0.3216,482.4675,467.2281,-18.3345,46.7228,904,0,0.0
2024-01-01 00:02:21,141,Normal,30.12,35.45,88.38,45,864,2013.31,0.245,0.355,532.5225,470.7782,10.011,47.0778,864,0,0.0
2024-01-01 00:02:22,142,Normal,34.93,43.51,64.47,49,778,1960.46,0.2706,0.3294,494.0775,474.0721,-7.689,47.4072,778,0,0.0
2024-01-01 00:02:23,143,Normal,28.92,32.18,90.29,42,697,2039.32,0.2331,0.3669,550.3275,477.7409,11.25,47.7741,697,0,0.0
2024-01-01 00:02:24,144,Normal,34.52,45.64,45.79,20,707,1981.6,0.2608,0.3392,508.7775,481.1328,-8.31,48.1133,707,0,0.0
2024-01-01 00:02:25,145,Normal,42.31,41.41,91.51,27,688,1919.82,0.3014,0.2986,447.8775,484.1186,-12.18,48.4119,688,0,0.0
2024-01-01 00:02:26,146,Normal,37.24,40.29,88.23,46,827,1969.98,0.2821,0.3179,476.88,487.2978,5.8005,48.7298,827,0,0.0
2024-01-01 00:02:27,147,Normal,35.79,43.89,92.11,17,575,1964.61,0.2836,0.3164,474.6075,490.4619,-0.4545,49.0462,575,0,0.0
2024-01-01 00:02:28,148,Normal,40.01,45.94,64.69,12,809,1958.4,0.289,0.311,466.455,493.5716,-1.6305,49.3572,809,0,0.0
2024-01-01 00:02:29,149,Normal,39.65,48.99,87.74,42,710,1922.61,0.3114,0.2886,432.87,496.4574,-6.717,49.6457,710,0,0.0
2024-01-01 00:02:30,150,Normal,35.06,38.5,64.77,90,978,2016.51,0.2648,0.3352,502.7325,499.8089,13.9725,49.9809,978,0,0.0
2024-01-01 00:02:31,151,Normal,40.68,35.4,92.83,62,844,1966.53,0.2866,0.3134,470.1075,502.943,-6.525,50.2943,844,0,0.0
2024-01-01 00:02:32,152,Normal,41.25,43.18,91.1,62,834,1938.93,0.3072,0.2928,439.2375,505.8713,-6.174,50.5871,834,0,0.0
2024-01-01 00:02:33,153,Normal,26.08,40.42,71.66,24,968,2084.54,0.2318,0.3682,552.36,509.5537,22.6245,50.9554,968,0,0.0
2024-01-01 00:02:34,154,Normal,43.64,46.8,83.83,77,801,1900.08,0.3232,0.2768,415.1925,512.3216,-27.4335,51.2322,801,0,0.0
2024-01-01 00:02:35,155,Normal,36.01,34.53,85.95,51,669,2039.28,0.263,0.337,505.5225,515.6917,18.066,51.5692,669,0,0.0
2024-01-01 00:02:36,156,Normal,34.74,39.6,106.96,67,801,1986.33,0.2841,0.3159,473.82,518.8505,-6.3405,51.8851,801,0,0.0
2024-01-01 00:02:37,157,Normal,36.24,40.22,76.96,28,784,2021.26,0.2701,0.3299,494.895,522.1499,4.215,52.215,784,0,0.0
2024-01-01 00:02:38,158,Normal,31.27,33.75,87.67,57,621,2063.54,0.2462,0.3538,530.6925,525.6878,7.1595,52.5688,621,0,0.0
2024-01-01 00:02:39,159,Normal,34.39,44.98,95.89,70,803,1978.37,0.2913,0.3087,463.11,528.7752,-13.5165,52.8775,803,0,0.0
2024-01-01 00:02:40,160,Normal,30.77,34.58,85.17,57,928,2078.2,0.2453,0.3547,532.08,532.3224,13.794,53.2322,928,0,0.0
2024-01-01 00:02:41,161,Normal,40.5,39.34,61.34,43,821,2010.14,0.2772,0.3228,484.17,535.5502,-9.582,53.555,821,0,0.0
2024-01-01 00:02:42,162,Normal,33.99,37.11,83.79,39,737,2055.05,0.2595,0.3405,510.7725,538.9554,5.3205,53.8955,737,0,0.0
2024-01-01 00:02:43,163,Normal,36.56,37.99,83.66,55,686,2028.64,0.273,0.327,490.4775,542.2252,-4.059,54.2225,686,0,0.0
2024-01-01 00:02:44,164,Normal,32.59,47.19,62.57,7,613,2051.61,0.2644,0.3356,503.4375,545.5815,2.592,54.5581,613,0,0.0
2024-01-01 00:02:45,165,Normal,35.15,40.15,78.24,74,532,2035.64,0.2736,0.3264,489.57,548.8453,-2.7735,54.8845,532,0,0.0
2024-01-01 00:02:46,166,Normal,36.98,47.81,63.08,42,724,2017.83,0.2868,0.3132,469.8075,551.9773,-3.9525,55.1977,724,0,0.0
2024-01-01 00:02:47,167,Normal,30.53,38.37,101.41,86,766,2061.86,0.2664,0.3336,500.4225,555.3135,6.123,55.5313,766,0,0.0
2024-01-01 00:02:48,168,Normal,44.53,40.18,106.31,48,813,1968.07,0.3167,0.2833,425.01,558.1469,-15.0825,55.8147,813,0,0.0
2024-01-01 00:02:49,169,Normal,36.83,55.89,92.77,35,896,1979.47,0.3203,0.2797,419.6025,560.9442,-1.0815,56.0944,896,0,0.0
2024-01-01 00:02:50,170,Normal,33.19,37.55,93.63,50,827,2084.54,0.2644,0.3356,503.4675,564.3007,16.773,56.4301,827,0,0.0
2024-01-01 00:02:51,171,Normal,35.07,41.68,86.37,11,866,2057.69,0.2718,0.3282,492.33,567.5829,-2.2275,56.7583,866,0,0.0
2024-01-01 00:02:52,172,Normal,30.09,32.79,79.12,51,730,2130.67,0.2345,0.3655,548.25,571.2379,11.184,57.1238,730,0,0.0
2024-01-01 00:02:53,173,Normal,39.16,33.29,73.9,38,795,2071.68,0.2629,0.3371,505.5975,574.6085,-8.5305,57.4609,795,0,0.0
2024-01-01 00:02:54,174,Normal,36.39,34.96,90.86,51,610,2074.69,0.2678,0.3322,498.2325,577.9301,-1.473,57.793,610,0,0.0
2024-01-01 00:02:55,175,Normal,25.21,39.94,76.69,47,797,2141.68,0.2335,0.3665,549.78,581.5953,10.3095,58.1595,797,0,0.0
2024-01-01 00:02:56,176,Normal,36.13,44.74,63.33,26,690,2061.93,0.2739,0.3261,489.195,584.8566,-12.117,58.4857,690,0,0.0
2024-01-01 00:02:57,177,Normal,36.44,46.22,73.53,0,629,2066.48,0.2799,0.3201,480.2175,588.058,-1.7955,58.8058,629,0,0.0
2024-01-01 00:02:58,178,Normal,30.83,37.21,73.87,50,768,2133.9,0.2454,0.3546,531.9525,591.6044,10.347,59.1604,768,0,0.0
2024-01-01 00:02:59,179,Normal,40.25,36.62,67.07,59,646,2073.81,0.2748,0.3252,487.785,594.8563,-8.8335,59.4856,646,0,0.0
2024-01-01 00:03:00,180,Normal,36.95,40.51,77.79,81,737,2073.52,0.2816,0.3184,477.5325,598.0398,-2.0505,59.804,737,0,0.0
2024-01-01 00:03:01,181,Normal,45.3,38.87,60.84,51,692,2056.76,0.2938,0.3062,459.3075,601.1019,-3.645,60.1102,692,0,0.0
2024-01-01 00:03:02,182,Normal,31.24,41.99,88.33,37,898,2117.35,0.264,0.336,503.955,604.4616,8.9295,60.4462,898,0,0.0
2024-01-01 00:03:03,183,Normal,40.79,47.18,87.94,77,611,2017.29,0.3162,0.2838,425.6475,607.2992,-15.6615,60.7299,611,0,0.0
2024-01-01 00:03:04,184,Normal,33.41,35.66,81.79,38,783,2150.82,0.2527,0.3473,520.98,610.7724,19.0665,61.0772,783,0,0.0
2024-01-01 00:03:05,185,Normal,44.41,39.15,86.21,45,807,2043.85,0.3032,0.2968,445.2525,613.7408,-15.1455,61.3741,807,0,0.0
2024-01-01 00:03:06,186,Normal,35.03,42.24,97.48,82,830,2087.16,0.2892,0.3108,466.1325,616.8483,4.176,61.6848,830,0,0.0
2024-01-01 00:03:07,187,Normal,37.95,34.25,78.68,68,886,2124.56,0.268,0.332,498.015,620.1684,6.3765,62.0168,886,0,0.0
2024-01-01 00:03:08,188,Normal,36.06,44.43,87.36,74,828,2077.93,0.2921,0.3079,461.9025,623.2478,-7.2225,62.3248,828,0,0.0
2024-01-01 00:03:09,189,Normal,33.22,41.68,36.04,57,435,2169.72,0.247,0.353,529.44,626.7774,13.5075,62.6777,435,0,0.0
2024-01-01 00:03:10,190,Normal,26.38,42.26,87.16,26,728,2162.61,0.2455,0.3545,531.81,630.3228,0.474,63.0323,728,0,0.0
2024-01-01 00:03:11,191,Normal,41.85,37.58,113.64,49,840,2058.64,0.3046,0.2954,443.1075,633.2768,-17.7405,63.3277,840,0,0.0
2024-01-01 00:03:12,192,Normal,43.08,40.66,64.96,47,796,2102.21,0.292,0.308,462.06,636.3572,3.7905,63.6357,796,0,0.0
2024-01-01 00:03:13,193,Normal,28.18,38.72,68.87,68,803,2195.43,0.2401,0.3599,539.9025,639.9566,15.5685,63.9957,803,0,0.0
2024-01-01 00:03:14,194,Normal,33.59,39.47,83.35,62,700,2134.32,0.2672,0.3328,499.1775,643.2844,-8.145,64.3284,700,0,0.0
2024-01-01 00:03:15,195,Normal,29.79,45.52,73.81,21,844,2162.25,0.2581,0.3419,512.82,646.7032,2.7285,64.6703,844,0,0.0
2024-01-01 00:03:16,196,Normal,37.32,32.35,83.44,64,837,2154.44,0.2628,0.3372,505.7775,650.0751,-1.4085,65.0075,837,0,0.0
2024-01-01 00:03:17,197,Normal,38.16,32.98,84.97,43,751,2155.37,0.2649,0.3351,502.5825,653.4256,-0.639,65.3426,751,0,0.0
2024-01-01 00:03:18,198,Normal,39.35,47.4,106.92,76,789,2057.75,0.3211,0.2789,418.3725,656.2148,-16.842,65.6215,789,0,0.0
2024-01-01 00:03:19,199,Normal,36.76,43.83,81.82,52,882,2139.17,0.2869,0.3131,469.5825,659.3453,10.242,65.9345,882,0,0.0
2024-01-01 00:03:20,200,Normal,34.7,36.35,73.78,62,800,2183.52,0.2585,0.3415,512.2275,662.7602,8.529,66.276,800,0,0.0
2024-01-01 00:03:21,201,Normal,36.7,43.35,74.38,65,837,2132.7,0.2838,0.3162,474.3525,665.9225,-7.575,66.5923,837,0,0.0
2024-01-01 00:03:22,202,Normal,28.83,47.21,72.49,16,695,2190.84,0.2576,0.3424,513.6375,669.3468,7.857,66.9347,695,0,0.0
2024-01-01 00:03:23,203,Normal,29.89,40.26,75.89,43,861,2200.73,0.2497,0.3503,525.51,672.8502,2.3745,67.285,861,0,0.0
2024-01-01 00:03:24,204,Normal,36.7,41.58,86.15,62,589,2138.31,0.2848,0.3152,472.8375,676.0024,-10.5345,67.6002,589,0,0.0
2024-01-01 00:03:25,205,Normal,33.18,29.1,80.54,49,904,2239.37,0.2365,0.3635,545.25,679.6374,14.4825,67.9637,904,0,0.0
2024-01-01 00:03:26,206,Normal,40.94,41.01,72.49,59,747,2130.04,0.2909,0.3091,463.635,682.7283,-16.323,68.2728,747,0,0.0
2024-01-01 00:03:27,207,Normal,34.99,44.93,71.63,66,867,2168.29,0.2805,0.3195,479.2425,685.9233,3.1215,68.5923,867,0,0.0
2024-01-01 00:03:28,208,Normal,30.23,44.87,90.48,52,723,2185.53,0.271,0.329,493.47,689.2131,2.8455,68.9213,723,0,0.0
2024-01-01 00:03:29,209,Normal,30.7,37.31,88.14,30,843,2225.3,0.2493,0.3507,526.0575,692.7201,6.5175,69.272,843,0,0.0
2024-01-01 00:03:30,210,Normal,28.79,38.98,81.64,98,662,2214.25,0.2537,0.3463,519.3975,696.1828,-1.332,69.6183,662,0,0.0
2024-01-01 00:03:31,211,Normal,42.36,40.75,86.17,52,844,2133.46,0.301,0.299,448.47,699.1726,-14.1855,69.9173,844,0,0.0
2024-01-01 00:03:32,212,Normal,34.23,47.27,73.15,72,735,2178.99,0.2854,0.3146,471.9675,702.319,4.6995,70.2319,735,0,0.0
2024-01-01 00:03:33,213,Normal,34.7,34.64,86.83,78,792,2217.6,0.2632,0.3368,505.2525,705.6874,6.657,70.5687,792,0,0.0
2024-01-01 00:03:34,214,Normal,34.02,34.43,76.56,18,708,2245.15,0.2461,0.3539,530.8125,709.2261,5.112,70.9226,708,0,0.0
2024-01-01 00:03:35,215,Normal,36.13,46.6,122.14,38,943,2128.46,0.3097,0.2903,435.4125,712.1289,-19.08,71.2129,943,0,0.0
2024-01-01 00:03:36,216,Normal,36.22,39.24,86.49,51,811,2211.91,0.2758,0.3242,486.3525,715.3712,10.188,71.5371,811,0,0.0
2024-01-01 00:03:37,217,Normal,32.96,33.01,56.85,63,772,2277.38,0.2358,0.3642,546.36,719.0136,12.0015,71.9014,772,0,0.0
2024-01-01 00:03:38,218,Normal,32.02,40.04,91.92,53,734,2214.14,0.2661,0.3339,500.88,722.3528,-9.096,72.2353,734,0,0.0
2024-01-01 00:03:39,219,Normal,41.13,47.9,87.42,69,924,2133.02,0.3178,0.2822,423.3525,725.1752,-15.5055,72.5175,924,0,0.0
2024-01-01 00:03:40,220,Normal,40.65,43.07,88.98,60,690,2177.28,0.3034,0.2966,444.84,728.1408,4.2975,72.8141,690,0,0.0
2024-01-01 00:03:41,221,Normal,38.5,33.22,68.08,76,884,2248.71,0.2632,0.3368,505.14,731.5084,12.06,73.1508,884,0,0.0
2024-01-01 00:03:42,222,Normal,42.44,38.64,62.72,45,810,2203.8,0.2832,0.3168,475.125,734.6759,-6.003,73.4676,810,0,0.0
2024-01-01 00:03:43,223,Normal,35.39,45.67,74.58,57,701,2211.83,0.2839,0.3161,474.18,737.8371,-0.189,73.7837,701,0,0.0
2024-01-01 00:03:44,224,Normal,37.25,40.02,68.75,45,781,2237.5,0.2715,0.3285,492.675,741.1216,3.699,74.1122,781,0,0.0
2024-01-01 00:03:45,225,Normal,33.65,48.86,78.52,45,590,2211.04,0.2859,0.3141,471.0975,744.2622,-4.3155,74.4262,590,0,0.0
2024-01-01 00:03:46,226,Normal,30.53,38.68,69.71,77,783,2283.62,0.25,0.35,525.06,747.7626,10.7925,74.7763,783,0,0.0
2024-01-01 00:03:47,227,Normal,41.44,40.31,80.56,48,800,2197.89,0.2933,0.3067,460.0575,750.8297,-13.0005,75.083,800,0,0.0
2024-01-01 00:03:48,228,Normal,43.59,28.4,49.98,39,801,2284.35,0.2544,0.3456,518.3925,754.2856,11.667,75.4286,801,0,0.0
2024-01-01 00:03:49,229,Normal,38.45,42.37,74.24,70,903,2215.11,0.2881,0.3119,467.82,757.4044,-10.1145,75.7404,903,0,0.0
2024-01-01 00:03:50,230,Normal,35.92,44.81,84.09,38,869,2233.1,0.2855,0.3145,471.765,760.5495,0.789,76.055,869,0,0.0
2024-01-01 00:03:51,231,Normal,35.55,40.01,102.09,0,658,2253.55,0.2755,0.3245,486.7575,763.7946,2.9985,76.3795,658,0,0.0
2024-01-01 00:03:52,232,Normal,29.06,38.18,76.18,19,701,2321.48,0.2381,0.3619,542.85,767.4136,11.2185,76.7414,701,0,0.0
2024-01-01 00:03:53,233,Normal,30.7,52.29,107.03,41,763,2205.75,0.2978,0.3022,453.24,770.4352,-17.922,77.0435,763,0,0.0
2024-01-01 00:03:54,234,Normal,29.25,30.46,78.25,30,791,2363.7,0.2221,0.3779,566.775,774.2137,22.707,77.4214,791,0,0.0
2024-01-01 00:03:55,235,Normal,27.0,36.19,82.23,57,841,2322.16,0.2346,0.3654,548.04,777.8673,-3.747,77.7867,841,0,0.0
2024-01-01 00:03:56,236,Normal,28.4,44.27,68.0,62,798,2295.65,0.2534,0.3466,519.9375,781.3335,-5.6205,78.1334,798,0,0.0
2024-01-01 00:03:57,237,Normal,28.12,38.42,85.48,62,785,2317.16,0.2465,0.3535,530.235,784.8684,2.0595,78.4868,785,0,0.0
2024-01-01 00:03:58,238,Normal,42.66,45.04,76.15,65,993,2204.2,0.3097,0.2903,435.3975,787.7711,-18.9675,78.7771,993,0,0.0
2024-01-01 00:03:59,239,Normal,44.8,33.86,66.1,79,694,2268.4,0.2863,0.3136,470.475,790.9076,7.0155,79.0908,694,0,0.0
2024-01-01 00:04:00,240,Normal,28.39,37.57,86.3,47,734,2342.1,0.2435,0.3565,534.765,794.4727,12.858,79.4473,734,0,0.0
2024-01-01 00:04:01,241,Normal,31.63,36.44,66.81,95,829,2322.0,0.2495,0.3505,525.81,797.9781,-1.791,79.7978,829,0,0.0
2024-01-01 00:04:02,242,Normal,39.43,37.55,77.21,35,534,2279.74,0.2757,0.3243,486.3975,801.2207,-7.8825,80.1221,534,0,0.0
2024-01-01 00:04:03,243,Normal,28.11,30.95,46.25,26,932,2422.9,0.2028,0.3972,595.8225,805.1929,21.885,80.5193,932,0,0.0
2024-01-01 00:04:04,244,Normal,34.78,46.45,86.16,65,709,2245.89,0.2907,0.3093,463.9725,808.286,-26.37,80.8286,709,0,0.0
2024-01-01 00:04:05,245,Normal,37.62,43.64,71.35,61,856,2284.56,0.2856,0.3144,471.6075,811.4301,1.527,81.143,856,0,0.0
2024-01-01 00:04:06,246,Normal,32.25,34.39,62.24,51,832,2373.02,0.2376,0.3624,543.57,815.0539,14.3925,81.5054,832,0,0.0
2024-01-01 00:04:07,247,Normal,31.04,40.13,88.56,62,955,2317.13,0.2625,0.3375,506.1825,818.4284,-7.4775,81.8428,955,0,0.0
2024-01-01 00:04:08,248,Normal,41.38,34.99,105.25,39,904,2276.88,0.2908,0.3092,463.83,821.5206,-8.4705,82.1521,904,0,0.0
2024-01-01 00:04:09,249,Normal,35.34,37.94,52.88,46,644,2358.85,0.2519,0.3481,522.18,825.0018,11.67,82.5002,644,0,0.0
2024-01-01 00:04:10,250,Normal,39.84,47.58,68.05,56,727,2262.09,0.3008,0.2992,448.7775,827.9937,-14.6805,82.7994,727,0,0.0
2024-01-01 00:04:11,251,Normal,31.86,43.87,79.42,84,751,2329.21,0.2735,0.3265,489.7575,831.2587,8.196,83.1259,751,0,0.0
2024-01-01 00:04:12,252,Normal,40.0,40.49,91.94,41,795,2288.35,0.2933,0.3067,459.9825,834.3253,-5.955,83.4325,795,0,0.0
2024-01-01 00:04:13,253,Normal,34.42,35.82,89.93,63,859,2349.7,0.2644,0.3356,503.3475,837.6809,8.673,83.7681,859,0,0.0
2024-01-01 00:04:14,254,Normal,42.68,47.25,74.38,57,737,2256.04,0.3132,0.2868,430.1325,840.5485,-14.643,84.0548,737,0,0.0
2024-01-01 00:04:15,255,Normal,35.12,37.0,104.3,57,778,2340.74,0.2761,0.3239,485.82,843.7873,11.1375,84.3787,778,0,0.0
2024-01-01 00:04:16,256,Normal,40.97,29.15,49.79,65,806,2378.47,0.2509,0.3491,523.6275,847.2781,7.5615,84.7278,806,0,0.0
2024-01-01 00:04:17,257,Normal,36.25,33.37,79.65,90,882,2351.39,0.2636,0.3364,504.5625,850.6419,-3.813,85.0642,882,0,0.0
2024-01-01 00:04:18,258,Normal,35.85,37.8,74.08,7,825,2368.63,0.2581,0.3419,512.9025,854.0612,1.668,85.4061,825,0,0.0
2024-01-01 00:04:19,259,Normal,39.23,32.12,70.08,26,703,2373.13,0.2565,0.3435,515.1825,857.4958,0.456,85.7496,703,0,0.0
2024-01-01 00:04:20,260,Normal,35.27,29.58,89.21,65,774,2384.79,0.2517,0.3483,522.375,860.9783,1.4385,86.0978,774,0,0.0
2024-01-01 00:04:21,261,Normal,22.6,35.02,98.49,0,765,2451.73,0.2159,0.3841,576.1575,864.8193,10.7565,86.4819,765,0,0.0
2024-01-01 00:04:22,262,Normal,29.1,44.02,69.87,58,856,2373.07,0.2555,0.3445,516.6975,868.264,-11.892,86.8264,856,0,0.0
2024-01-01 00:04:23,263,Normal,44.18,38.99,85.64,20,919,2311.68,0.2979,0.3021,453.1125,871.2847,-12.717,87.1285,919,0,0.0
2024-01-01 00:04:24,264,Normal,31.2,37.2,79.67,18,822,2423.69,0.2447,0.3553,532.8975,874.8374,15.957,87.4837,822,0,0.0
2024-01-01 00:04:25,265,Normal,39.84,41.46,56.17,47,874,2350.67,0.2782,0.3218,482.6625,878.0551,-10.047,87.8055,874,0,0.0
2024-01-01 00:04:26,266,Normal,25.61,34.63,93.15,55,841,2449.35,0.231,0.369,553.4475,881.7448,14.157,88.1745,841,0,0.0
2024-01-01 00:04:27,267,Normal,44.3,42.34,89.87,104,778,2275.26,0.3214,0.2786,417.8475,884.5304,-27.12,88.453,778,0,0.0
2024-01-01 00:04:28,268,Normal,31.01,42.14,86.58,39,696,2410.89,0.263,0.337,505.4625,887.9002,17.523,88.79,696,0,0.0
2024-01-01 00:04:29,269,Normal,46.55,41.63,69.02,68,789,2308.61,0.3117,0.2883,432.435,890.7831,-14.6055,89.0783,789,0,0.0
2024-01-01 00:04:30,270,Normal,33.74,42.81,60.62,57,991,2412.5,0.264,0.336,504.0375,894.1433,14.3205,89.4143,991,0,0.0
2024-01-01 00:04:31,271,Normal,37.33,38.12,72.39,41,774,2393.71,0.2683,0.3317,497.55,897.4603,-1.2975,89.746,774,0,0.0
2024-01-01 00:04:32,272,Normal,33.11,44.58,54.0,67,762,2405.41,0.2644,0.3356,503.4225,900.8165,1.1745,90.0816,762,0,0.0
2024-01-01 00:04:33,273,Normal,36.88,34.37,99.93,74,895,2386.45,0.2761,0.3239,485.895,904.0558,-3.5055,90.4056,895,0,0.0
2024-01-01 00:04:34,274,Normal,27.43,44.15,86.07,17,797,2436.82,0.252,0.348,522.0525,907.5361,7.2315,90.7536,797,0,0.0
2024-01-01 00:04:35,275,Normal,36.82,42.78,82.66,55,947,2372.55,0.2854,0.3146,471.9,910.6821,-10.0305,91.0682,947,0,0.0
2024-01-01 00:04:36,276,Normal,41.13,25.66,75.24,46,624,2445.05,0.2526,0.3474,521.0625,914.1559,9.8325,91.4156,624,0,0.0
2024-01-01 00:04:37,277,Normal,35.47,46.24,63.7,56,708,2389.15,0.28,0.32,480.0075,917.3559,-8.211,91.7356,708,0,0.0
2024-01-01 00:04:38,278,Normal,31.64,47.39,71.86,59,612,2411.42,0.274,0.326,489.0075,920.616,1.8,92.0616,612,0,0.0
2024-01-01 00:04:39,279,Normal,44.31,43.01,77.26,61,659,2347.01,0.3104,0.2896,434.415,923.5121,-10.9185,92.3512,659,0,0.0
2024-01-01 00:04:40,280,Normal,40.91,38.38,76.94,40,741,2409.3,0.2836,0.3164,474.5925,926.676,8.0355,92.6676,741,0,0.0
2024-01-01 00:04:41,281,Normal,38.47,41.28,89.78,49,851,2392.7,0.2901,0.3099,464.8725,929.7752,-1.944,92.9775,851,0,0.0
2024-01-01 00:04:42,282,Normal,32.91,51.15,56.48,75,936,2411.39,0.2825,0.3175,476.175,932.9497,2.2605,93.295,936,0,0.0
2024-01-01 00:04:43,283,Normal,30.74,51.15,94.93,69,802,2392.88,0.2933,0.3067,460.08,936.0169,-3.219,93.6017,802,0,0.0
2024-01-01 00:04:44,284,Normal,33.91,38.95,85.86,78,818,2440.05,0.2707,0.3293,493.965,939.31,6.777,93.931,818,0,0.0
2024-01-01 00:04:45,285,Normal,30.44,44.12,93.82,63,874,2432.02,0.2732,0.3268,490.2,942.578,-0.753,94.2578,874,0,0.0
2024-01-01 00:04:46,286,Normal,33.65,35.36,66.98,17,823,2492.13,0.2422,0.3578,536.6775,946.1558,9.2955,94.6156,823,0,0.0
2024-01-01 00:04:47,287,Normal,34.58,37.8,35.67,25,912,2495.64,0.2371,0.3629,544.3275,949.7847,1.53,94.9785,912,0,0.0
2024-01-01 00:04:48,288,Normal,31.68,41.8,59.14,78,785,2462.38,0.2566,0.3434,515.025,953.2182,-5.8605,95.3218,785,0,0.0
2024-01-01 00:04:49,289,Normal,36.45,51.63,102.75,43,740,2367.01,0.3145,0.2855,428.2875,956.0734,-17.3475,95.6073,740,0,0.0
2024-01-01 00:04:50,290,Normal,33.37,42.55,78.42,42,946,2470.11,0.2687,0.3313,496.98,959.3866,13.7385,95.9387,946,0,0.0
2024-01-01 00:04:51,291,Normal,34.43,51.5,81.36,85,835,2398.13,0.3027,0.2973,445.9725,962.3598,-10.2015,96.236,835,0,0.0
2024-01-01 00:04:52,292,Normal,39.81,36.38,67.19,59,898,2465.52,0.2727,0.3273,490.905,965.6325,8.9865,96.5632,898,0,0.0
2024-01-01 00:04:53,293,Normal,35.2,33.57,59.6,21,623,2518.92,0.2401,0.3599,539.8875,969.2317,9.7965,96.9232,623,0,0.0
2024-01-01 00:04:54,294,Normal,35.55,45.63,79.8,4,780,2442.26,0.279,0.321,481.5,972.4417,-11.6775,97.2442,780,0,0.0
2024-01-01 00:04:55,295,Normal,34.19,50.48,58.14,42,970,2453.11,0.2812,0.3188,478.1475,975.6294,-0.6705,97.5629,970,0,0.0
2024-01-01 00:04:56,296,Normal,37.25,42.82,81.72,56,877,2447.1,0.2867,0.3133,469.9725,978.7625,-1.635,97.8763,877,0,0.0
2024-01-01 00:04:57,297,Normal,30.95,44.39,59.4,56,817,2504.87,0.2574,0.3426,513.9,982.1885,8.7855,98.2189,817,0,0.0
2024-01-01 00:04:58,298,Normal,31.92,39.89,70.66,28,764,2511.14,0.251,0.349,523.5375,985.6788,1.9275,98.5679,764,0,0.0
2024-01-01 00:04:59,299,Normal,29.48,41.61,62.75,64,681,2517.77,0.2482,0.3518,527.73,989.197,0.8385,98.9197,681,0,0.0
2024-01-01 00:05:00,300,Normal,32.17,36.88,99.88,56,778,2493.38,0.2631,0.3369,505.2975,992.5656,-4.4865,99.2566,778,0,0.0
2024-01-01 00:05:01,301,Normal,37.49,29.46,79.35,89,813,2510.73,0.2579,0.3421,513.165,995.9867,1.5735,99.5987,813,0,0.0
2024-01-01 00:05:02,302,Normal,35.34,42.74,93.43,10,631,2474.81,0.2788,0.3212,481.8675,999.1992,-6.2595,99.9199,631,0,0.0
2024-01-01 00:05:03,303,Normal,36.05,36.43,99.68,43,606,2491.25,0.2735,0.3265,489.69,1000.0,1.5645,100.0,606,0,0.0
2024-01-01 00:05:04,304,Normal,28.66,26.25,76.49,46,757,2602.12,0.2111,0.3889,583.38,1000.0,18.738,100.0,757,0,0.0
2024-01-01 00:05:05,305,Normal,40.39,45.99,77.44,7,861,2430.33,0.2961,0.3039,455.835,1000.0,-25.509,100.0,861,0,0.0
2024-01-01 00:05:06,306,Normal,37.78,41.55,94.72,26,1000,2471.58,0.2874,0.3126,468.9525,1000.0,2.6235,100.0,1000,0,0.0
2024-01-01 00:05:07,307,Normal,30.2,43.75,54.69,31,951,2541.48,0.2471,0.3529,529.395,1000.0,12.0885,100.0,951,0,0.0
2024-01-01 00:05:08,308,Normal,33.7,44.2,83.55,47,936,2475.03,0.2773,0.3227,484.0875,1000.0,-9.0615,100.0,936,0,0.0
2024-01-01 00:05:09,309,Normal,33.82,31.1,67.95,61,839,2552.54,0.2392,0.3608,541.1325,1000.0,11.409,100.0,839,0,0.0
2024-01-01 00:05:10,310,Normal,27.16,36.38,71.27,42,662,2561.47,0.2279,0.3721,558.0825,1000.0,3.39,100.0,662,0,0.0
2024-01-01 00:05:11,311,Normal,31.86,36.36,91.57,66,785,2503.81,0.2581,0.3419,512.8575,1000.0,-9.045,100.0,785,0,0.0
2024-01-01 00:05:12,312,Normal,33.04,40.7,67.75,27,705,2517.86,0.2553,0.3447,517.0275,1000.0,0.834,100.0,705,0,0.0
2024-01-01 00:05:13,313,Normal,31.83,34.18,82.43,64,641,2530.79,0.2477,0.3523,528.495,1000.0,2.2935,100.0,641,0,0.0
2024-01-01 00:05:14,314,Normal,35.13,38.9,85.12,49,654,2488.09,0.2701,0.3299,494.8275,1000.0,-6.7335,100.0,654,0,0.0
2024-01-01 00:05:15,315,Normal,28.69,40.15,95.43,5,834,2532.38,0.2493,0.3507,526.1175,1000.0,6.258,100.0,834,0,0.0
2024-01-01 00:05:16,316,Normal,40.95,39.23,88.25,35,788,2451.38,0.2908,0.3092,463.8375,1000.0,-12.456,100.0,788,0,0.0
2024-01-01 00:05:17,317,Normal,26.9,28.28,94.14,30,754,2597.68,0.2164,0.3836,575.37,1000.0,22.3065,100.0,754,0,0.0
2024-01-01 00:05:18,318,Normal,28.07,32.95,77.39,35,837,2560.71,0.2246,0.3754,563.1525,1000.0,-2.4435,100.0,837,0,0.0
2024-01-01 00:05:19,319,Normal,37.26,41.6,83.58,81,693,2448.34,0.2883,0.3116,467.475,1000.0,-19.1355,100.0,693,0,0.0
2024-01-01 00:05:20,320,Normal,34.73,45.66,98.97,21,768,2467.49,0.2883,0.3117,467.49,1000.0,0.003,100.0,768,0,0.0
2024-01-01 00:05:21,321,Normal,41.79,42.54,82.93,45,761,2445.01,0.3008,0.2992,448.755,1000.0,-3.747,100.0,761,0,0.0
2024-01-01 00:05:22,322,Normal,36.44,38.74,79.36,51,732,2501.15,0.2717,0.3283,492.42,1000.0,8.733,100.0,732,0,0.0
2024-01-01 00:05:23,323,Normal,37.66,54.57,53.35,56,723,2435.56,0.3033,0.2967,445.035,1000.0,-9.477,100.0,723,0,0.0
2024-01-01 00:05:24,324,Normal,37.89,40.23,91.43,73,819,2469.25,0.2899,0.3101,465.2175,1000.0,4.0365,100.0,819,0,0.0
2024-01-01 00:05:25,325,Normal,40.66,28.28,103.86,57,907,2494.67,0.2735,0.3265,489.765,1000.0,4.9095,100.0,907,0,0.0
2024-01-01 00:05:26,326,Normal,28.9,35.85,82.19,49,828,2551.45,0.2392,0.3608,541.17,1000.0,10.281,100.0,828,0,0.0
2024-01-01 00:05:27,327,Normal,40.42,31.17,94.61,50,779,2478.21,0.2742,0.3258,488.7,1000.0,-10.494,100.0,779,0,0.0
2024-01-01 00:05:28,328,Normal,27.64,42.52,43.79,62,650,2560.64,0.2342,0.3658,548.6475,1000.0,11.9895,100.0,650,0,0.0
2024-01-01 00:05:29,329,Normal,35.27,39.4,97.54,46,730,2470.56,0.2776,0.3224,483.5775,1000.0,-13.014,100.0,730,0,0.0
2024-01-01 00:05:30,330,Normal,32.47,46.36,88.04,42,776,2479.53,0.2799,0.3201,480.2025,1000.0,-0.675,100.0,776,0,0.0
2024-01-01 00:05:31,331,Normal,27.16,41.94,53.6,65,812,2558.33,0.2365,0.3635,545.31,1000.0,13.0215,100.0,812,0,0.0
2024-01-01 00:05:32,332,Normal,46.93,34.5,78.46,85,919,2426.47,0.3025,0.2975,446.2725,1000.0,-19.8075,100.0,919,0,0.0
2024-01-01 00:05:33,333,Normal,31.52,41.12,80.03,55,730,2520.25,0.2614,0.3386,507.9225,1000.0,12.33,100.0,730,0,0.0
2024-01-01 00:05:34,334,Normal,34.55,32.01,82.03,59,777,2526.95,0.2508,0.3492,523.7775,1000.0,3.171,100.0,777,0,0.0
2024-01-01 00:05:35,335,Normal,26.92,44.94,85.47,35,771,2517.05,0.2546,0.3454,518.1675,1000.0,-1.122,100.0,771,0,0.0
2024-01-01 00:05:36,336,Normal,27.5,34.87,71.93,74,736,2561.48,0.2305,0.3695,554.265,1000.0,7.2195,100.0,736,0,0.0
2024-01-01 00:05:37,337,Normal,38.2,37.31,83.72,47,887,2472.55,0.2759,0.3241,486.1725,1000.0,-13.6185,100.0,887,0,0.0
2024-01-01 00:05:38,338,Normal,32.33,32.14,59.27,39,675,2570.58,0.229,0.371,556.515,1000.0,14.0685,100.0,675,0,0.0
2024-01-01 00:05:39,339,Normal,37.05,37.67,115.62,15,820,2457.66,0.2839,0.3161,474.135,1000.0,-16.476,100.0,820,0,0.0
2024-01-01 00:05:40,340,Normal,29.36,37.53,82.12,3,823,2556.6,0.2381,0.3619,542.8575,1000.0,13.7445,100.0,823,0,0.0
2024-01-01 00:05:41,341,Normal,44.51,37.73,83.9,70,783,2426.82,0.3026,0.2974,446.16,1000.0,-19.3395,100.0,783,0,0.0
2024-01-01 00:05:42,342,Normal,32.1,28.62,89.61,47,698,2566.41,0.2358,0.3642,546.3675,1000.0,20.0415,100.0,698,0,0.0
2024-01-01 00:05:43,343,Normal,35.63,37.08,72.07,62,666,2497.79,0.2627,0.3373,505.89,1000.0,-8.0955,100.0,666,0,0.0
2024-01-01 00:05:44,344,Normal,40.24,33.01,70.06,88,912,2489.95,0.2716,0.3284,492.6075,1000.0,-2.6565,100.0,912,0,0.0
2024-01-01 00:05:45,345,Normal,35.49,35.3,72.06,51,803,2520.42,0.2561,0.3439,515.7825,1000.0,4.635,100.0,803,0,0.0
2024-01-01 00:05:46,346,Normal,34.55,39.85,76.78,21,748,2505.08,0.2621,0.3379,506.865,1000.0,-1.7835,100.0,748,0,0.0
2024-01-01 00:05:47,347,Normal,39.57,33.16,77.16,33,811,2501.76,0.2649,0.3351,502.6125,1000.0,-0.8505,100.0,811,0,0.0
2024-01-01 00:05:48,348,Normal,33.06,47.39,87.6,23,867,2472.89,0.2814,0.3186,477.8475,1000.0,-4.953,100.0,867,0,0.0
2024-01-01 00:05:49,349,Normal,31.13,37.12,84.71,40,889,2534.23,0.2501,0.3499,524.835,1000.0,9.3975,100.0,889,0,0.0
2024-01-01 00:05:50,350,Normal,31.13,36.91,70.15,38,909,2539.42,0.242,0.358,536.9925,1000.0,2.4315,100.0,909,0,0.0
2024-01-01 00:05:51,351,Normal,38.14,48.55,114.01,29,807,2403.41,0.3162,0.2838,425.67,1000.0,-22.2645,100.0,807,0,0.0
2024-01-01 00:05:52,352,Normal,29.12,36.11,70.55,28,694,2577.86,0.2317,0.3683,552.495,1000.0,25.365,100.0,694,0,0.0
2024-01-01 00:05:53,353,Normal,34.28,33.92,92.63,31,1080,2509.16,0.2557,0.3443,516.3825,1000.0,-7.2225,100.0,1080,0,0.0
2024-01-01 00:05:54,354,Normal,32.74,40.36,60.57,84,911,2511.65,0.2584,0.3416,512.4375,1000.0,-0.789,100.0,911,0,0.0
2024-01-01 00:05:55,355,Normal,36.48,33.27,83.16,27,946,2515.84,0.2565,0.3435,515.2725,1000.0,0.567,100.0,946,0,0.0
2024-01-01 00:05:56,356,Normal,39.05,40.48,43.45,30,868,2501.57,0.2641,0.3359,503.85,1000.0,-2.2845,100.0,868,0,0.0
2024-01-01 00:05:57,357,Normal,41.06,45.55,56.12,56,901,2449.95,0.294,0.306,458.9325,1000.0,-8.9835,100.0,901,0,0.0
2024-01-01 00:05:58,358,Normal,26.71,39.96,84.11,43,614,2552.81,0.2419,0.3581,537.165,1000.0,15.6465,100.0,614,0,0.0
2024-01-01 00:05:59,359,Normal,33.37,38.36,77.78,38,755,2509.45,0.2573,0.3427,514.0725,1000.0,-4.6185,100.0,755,0,0.0
2024-01-01 00:06:00,360,Normal,34.8,42.21,75.43,41,809,2489.04,0.2712,0.3288,493.215,1000.0,-4.1715,100.0,809,0,0.0
2024-01-01 00:06:01,361,Normal,25.4,42.39,79.99,50,896,2545.09,0.2424,0.3576,536.445,1000.0,8.646,100.0,896,0,0.0
2024-01-01 00:06:02,362,Normal,25.24,30.13,84.11,49,817,2589.18,0.2131,0.3869,580.395,1000.0,8.79,100.0,817,0,0.0
2024-01-01 00:06:03,363,Normal,32.69,43.32,93.99,59,773,2462.51,0.2786,0.3214,482.16,1000.0,-19.647,100.0,773,0,0.0
2024-01-01 00:06:04,364,Normal,24.46,43.85,98.33,62,712,2526.91,0.2537,0.3463,519.45,1000.0,7.458,100.0,712,0,0.0
2024-01-01 00:06:05,365,Normal,38.37,44.3,103.38,32,777,2433.35,0.3015,0.2985,447.6975,1000.0,-14.3505,100.0,777,0,0.0
2024-01-01 00:06:06,366,Normal,38.74,40.29,63.24,58,857,2492.52,0.2766,0.3234,485.0475,1000.0,7.47,100.0,857,0,0.0
2024-01-01 00:06:07,367,Normal,35.44,41.1,76.12,79,709,2484.93,0.2767,0.3233,484.95,1000.0,-0.0195,100.0,709,0,0.0
2024-01-01 00:06:08,368,Normal,32.06,40.05,93.18,20,668,2511.55,0.2619,0.3381,507.1125,1000.0,4.4325,100.0,668,0,0.0
2024-01-01 00:06:09,369,Normal,24.81,40.16,63.23,42,866,2573.31,0.2251,0.3749,562.275,1000.0,11.0325,100.0,866,0,0.0
2024-01-01 00:06:10,370,Normal,31.79,41.16,75.51,63,847,2497.08,0.2614,0.3386,507.945,1000.0,-10.866,100.0,847,0,0.0
2024-01-01 00:06:11,371,Normal,31.54,39.16,95.66,57,660,2502.01,0.2647,0.3353,502.995,1000.0,-0.99,100.0,660,0,0.0
2024-01-01 00:06:12,372,Normal,38.28,34.58,101.19,70,828,2472.66,0.2815,0.3185,477.7125,1000.0,-5.0565,100.0,828,0,0.0
2024-01-01 00:06:13,373,Normal,35.79,38.95,90.18,42,823,2491.2,0.274,0.326,488.955,1000.0,2.2485,100.0,823,0,0.0
2024-01-01 00:06:14,374,Normal,39.36,37.19,70.76,26,693,2496.18,0.27,0.33,494.9775,1000.0,1.2045,100.0,693,0,0.0
2024-01-01 00:06:15,375,Normal,25.86,43.65,107.13,78,637,2504.18,0.2649,0.3351,502.65,1000.0,1.5345,100.0,637,0,0.0
2024-01-01 00:06:16,376,Normal,38.62,47.11,73.15,52,599,2444.29,0.2973,0.3027,454.02,1000.0,-9.726,100.0,599,0,0.0
2024-01-01 00:06:17,377,Normal,36.33,34.68,82.99,18,854,2524.71,0.258,0.342,512.925,1000.0,11.781,100.0,854,0,0.0
2024-01-01 00:06:18,378,Normal,40.12,36.08,62.95,6,773,2504.02,0.263,0.337,505.5075,1000.0,-1.4835,100.0,773,0,0.0
2024-01-01 00:06:19,379,Normal,32.09,32.24,86.8,41,692,2542.46,0.2425,0.3575,536.3025,1000.0,6.159,100.0,692,0,0.0
2024-01-01 00:06:20,380,Normal,32.23,45.36,89.04,47,861,2472.74,0.2778,0.3222,483.3375,1000.0,-10.593,100.0,861,0,0.0
2024-01-01 00:06:21,381,Normal,29.2,40.16,82.21,40,843,2533.86,0.2497,0.3503,525.4425,1000.0,8.421,100.0,843,0,0.0
2024-01-01 00:06:22,382,Normal,31.1,42.55,88.28,0,919,2508.05,0.2594,0.3406,510.9525,1000.0,-2.898,100.0,919,0,0.0
2024-01-01 00:06:23,383,Normal,19.76,36.92,95.38,43,653,2589.73,0.2156,0.3844,576.6,1000.0,13.1295,100.0,653,0,0.0
2024-01-01 00:06:24,384,Normal,29.53,45.13,51.18,72,794,2510.05,0.2526,0.3474,521.145,1000.0,-11.091,100.0,794,0,0.0
2024-01-01 00:06:25,385,Normal,29.04,37.08,64.74,67,873,2549.6,0.2368,0.3632,544.86,1000.0,4.743,100.0,873,0,0.0
2024-01-01 00:06:26,386,Normal,26.4,37.98,67.05,75,664,2553.2,0.2321,0.3679,551.8125,1000.0,1.3905,100.0,664,0,0.0
2024-01-01 00:06:27,387,Normal,43.02,39.83,62.57,36,719,2453.34,0.2868,0.3132,469.755,1000.0,-16.4115,100.0,719,0,0.0
2024-01-01 00:06:28,388,Normal,28.63,40.47,61.58,6,762,2566.52,0.2331,0.3669,550.395,1000.0,16.128,100.0,762,0,0.0
2024-01-01 00:06:29,389,Normal,25.99,36.24,66.36,32,1000,2574.74,0.2195,0.3805,570.6825,1000.0,4.0575,100.0,1000,0,0.0
2024-01-01 00:06:30,390,Normal,35.28,41.23,53.35,36,821,2500.33,0.2586,0.3414,512.055,1000.0,-11.7255,100.0,821,0,0.0
2024-01-01 00:06:31,391,Normal,29.88,44.54,61.96,44,741,2521.27,0.2535,0.3465,519.735,1000.0,1.536,100.0,741,0,0.0
2024-01-01 00:06:32,392,Normal,35.82,36.8,75.94,45,726,2504.29,0.2621,0.3379,506.865,1000.0,-2.574,100.0,726,0,0.0
2024-01-01 00:06:33,393,Normal,37.43,41.19,78.67,41,879,2475.59,0.2795,0.3205,480.8025,1000.0,-5.2125,100.0,879,0,0.0
2024-01-01 00:06:34,394,Normal,33.82,38.47,81.57,83,665,2501.84,0.2678,0.3322,498.33,1000.0,3.5055,100.0,665,0,0.0
2024-01-01 00:06:35,395,Normal,38.85,30.53,83.26,81,848,2501.39,0.2661,0.3339,500.88,1000.0,0.51,100.0,848,0,0.0
2024-01-01 00:06:36,396,Normal,35.85,37.2,80.47,44,721,2502.27,0.2653,0.3347,502.035,1000.0,0.231,100.0,721,0,0.0
2024-01-01 00:06:37,397,Normal,33.55,40.99,68.49,33,663,2513.22,0.2591,0.3409,511.3575,1000.0,1.8645,100.0,663,0,0.0
2024-01-01 00:06:38,398,Normal,36.95,42.73,83.47,69,808,2458.91,0.2882,0.3118,467.6475,1000.0,-8.742,100.0,808,0,0.0
2024-01-01 00:06:39,399,Normal,36.96,41.52,78.63,39,1021,2485.49,0.2783,0.3217,482.5125,1000.0,2.973,100.0,1021,0,0.0
2024-01-01 00:06:40,400,Normal,32.74,36.67,86.51,55,659,2519.51,0.2578,0.3422,513.345,1000.0,6.1665,100.0,659,0,0.0
2024-01-01 00:06:41,401,Normal,40.61,39.53,63.34,73,862,2466.89,0.2836,0.3164,474.63,1000.0,-7.743,100.0,862,0,0.0
2024-01-01 00:06:42,402,Normal,28.68,48.89,89.88,49,959,2490.26,0.2749,0.3251,487.6575,1000.0,2.6055,100.0,959,0,0.0
2024-01-01 00:06:43,403,Normal,35.8,39.86,70.1,61,847,2498.0,0.2692,0.3308,496.275,1000.0,1.7235,100.0,847,0,0.0
2024-01-01 00:06:44,404,Normal,35.07,36.05,81.95,48,666,2510.86,0.261,0.339,508.4325,1000.0,2.4315,100.0,666,0,0.0
2024-01-01 00:06:45,405,Normal,27.64,42.83,40.97,54,752,2559.99,0.2324,0.3676,551.4,1000.0,8.5935,100.0,752,0,0.0
2024-01-01 00:06:46,406,Normal,41.54,37.53,89.89,42,811,2446.89,0.2905,0.3095,464.31,1000.0,-17.418,100.0,811,0,0.0
2024-01-01 00:06:47,407,Normal,38.68,37.69,94.95,30,829,2480.29,0.2816,0.3184,477.63,1000.0,2.664,100.0,829,0,0.0
2024-01-01 00:06:48,408,Normal,39.61,43.3,108.75,34,662,2433.03,0.3064,0.2936,440.46,1000.0,-7.434,100.0,662,0,0.0
2024-01-01 00:06:49,409,Normal,30.03,43.3,87.47,52,687,2515.11,0.2649,0.3351,502.665,1000.0,12.441,100.0,687,0,0.0
2024-01-01 00:06:50,410,Normal,38.83,33.88,97.38,107,836,2465.85,0.2853,0.3147,471.9825,1000.0,-6.1365,100.0,836,0,0.0
2024-01-01 00:06:51,411,Normal,37.92,37.54,52.85,37,690,2520.22,0.2585,0.3415,512.1825,1000.0,8.04,100.0,690,0,0.0
2024-01-01 00:06:52,412,Normal,27.76,48.61,84.09,57,769,2492.86,0.2693,0.3307,496.08,1000.0,-3.2205,100.0,769,0,0.0
2024-01-01 00:06:53,413,Normal,34.14,44.82,79.51,60,780,2476.25,0.2803,0.3197,479.5575,1000.0,-3.3045,100.0,780,0,0.0
2024-01-01 00:06:54,414,Normal,33.29,32.97,50.33,44,805,2568.82,0.2307,0.3693,553.9425,1000.0,14.877,100.0,805,0,0.0
2024-01-01 00:06:55,415,Normal,28.57,39.83,80.81,6,708,2535.64,0.2409,0.3591,538.6875,1000.0,-3.051,100.0,708,0,0.0
2024-01-01 00:06:56,416,Normal,37.04,41.94,62.69,53,902,2479.45,0.2738,0.3262,489.3225,1000.0,-9.873,100.0,902,0,0.0
2024-01-01 00:06:57,417,Normal,38.89,39.52,72.98,37,846,2483.62,0.277,0.323,484.5675,1000.0,-0.951,100.0,846,0,0.0
2024-01-01 00:06:58,418,Normal,35.98,43.15,81.98,66,809,2470.64,0.2847,0.3153,472.9575,1000.0,-2.322,100.0,809,0,0.0
2024-01-01 00:06:59,419,Normal,38.92,44.35,67.93,13,954,2475.99,0.283,0.317,475.485,1000.0,0.5055,100.0,954,0,0.0
2024-01-01 00:07:00,420,Normal,36.28,31.43,69.29,65,772,2534.99,0.25,0.35,525.075,1000.0,9.918,100.0,772,0,0.0
2024-01-01 00:07:01,421,Normal,32.44,47.0,64.29,34,821,2492.07,0.2683,0.3317,497.5725,1000.0,-5.5005,100.0,821,0,0.0
2024-01-01 00:07:02,422,Normal,36.95,42.48,93.67,53,848,2457.93,0.2903,0.3097,464.535,1000.0,-6.6075,100.0,848,0,0.0
2024-01-01 00:07:03,423,Normal,33.7,40.31,81.61,54,877,2505.36,0.2676,0.3324,498.555,1000.0,6.804,100.0,877,0,0.0
2024-01-01 00:07:04,424,Normal,37.78,40.22,67.86,51,797,2486.44,0.2744,0.3256,488.46,1000.0,-2.019,100.0,797,0,0.0
2024-01-01 00:07:05,425,Normal,35.97,51.03,72.14,58,906,2445.48,0.2982,0.3018,452.64,1000.0,-7.164,100.0,906,0,0.0
2024-01-01 00:07:06,426,Normal,35.49,51.69,74.33,56,720,2451.26,0.299,0.301,451.4925,1000.0,-0.2295,100.0,720,0,0.0
2024-01-01 00:07:07,427,Normal,33.24,41.24,92.69,56,925,2496.17,0.2742,0.3258,488.7225,1000.0,7.446,100.0,925,0,0.0
2024-01-01 00:07:08,428,Normal,34.53,38.34,120.56,57,728,2468.29,0.2855,0.3145,471.6975,1000.0,-3.405,100.0,728,0,0.0
2024-01-01 00:07:09,429,Normal,31.53,35.29,94.05,42,812,2532.23,0.2519,0.3481,522.1425,1000.0,10.089,100.0,812,0,0.0
2024-01-01 00:07:10,430,Normal,34.68,43.66,67.3,28,822,2492.49,0.2684,0.3316,497.43,1000.0,-4.9425,100.0,822,0,0.0
2024-01-01 00:07:11,431,Normal,38.0,41.66,67.86,63,725,2475.56,0.2805,0.3195,479.205,1000.0,-3.645,100.0,725,0,0.0
2024-01-01 00:07:12,432,Normal,32.39,35.28,99.52,62,860,2515.03,0.2606,0.3394,509.0625,1000.0,5.9715,100.0,860,0,0.0
2024-01-01 00:07:13,433,Normal,41.24,54.06,54.36,35,738,2416.73,0.3119,0.2881,432.12,1000.0,-15.3885,100.0,738,0,0.0
2024-01-01 00:07:14,434,Normal,30.75,34.61,75.51,25,833,2569.4,0.2357,0.3643,546.5175,1000.0,22.8795,100.0,833,0,0.0
2024-01-01 00:07:15,435,Normal,35.26,42.41,87.62,62,762,2462.12,0.2825,0.3175,476.1825,1000.0,-14.067,100.0,762,0,0.0
2024-01-01 00:07:16,436,Normal,45.61,41.17,52.06,29,625,2457.47,0.2929,0.3071,460.59,1000.0,-3.1185,100.0,625,0,0.0
2024-01-01 00:07:17,437,Normal,35.09,39.39,72.97,90,854,2499.59,0.2713,0.3287,493.0875,1000.0,6.4995,100.0,854,0,0.0
2024-01-01 00:07:18,438,Normal,38.63,35.34,65.01,50,817,2506.97,0.2636,0.3364,504.66,1000.0,2.3145,100.0,817,0,0.0
2024-01-01 00:07:19,439,Normal,25.72,39.1,80.21,45,718,2556.74,0.2346,0.3654,548.0625,1000.0,8.6805,100.0,718,0,0.0
2024-01-01 00:07:20,440,Normal,32.3,39.12,81.36,62,908,2500.89,0.2608,0.3392,508.755,1000.0,-7.8615,100.0,908,0,0.0
2024-01-01 00:07:21,441,Normal,33.53,37.72,86.56,62,756,2502.63,0.2642,0.3358,503.6475,1000.0,-1.0215,100.0,756,0,0.0
2024-01-01 00:07:22,442,Normal,38.95,44.9,99.38,85,713,2419.44,0.311,0.289,433.4775,1000.0,-14.034,100.0,713,0,0.0
2024-01-01 00:07:23,443,Normal,35.07,40.06,78.53,37,651,2511.43,0.2677,0.3323,498.435,1000.0,12.9915,100.0,651,0,0.0
2024-01-01 00:07:24,444,Normal,35.46,36.16,81.29,34,690,2511.85,0.2603,0.3397,509.6175,1000.0,2.2365,100.0,690,0,0.0
2024-01-01 00:07:25,445,Normal,36.17,40.75,88.69,93,827,2461.9,0.2868,0.3132,469.8525,1000.0,-7.953,100.0,827,0,0.0
2024-01-01 00:07:26,446,Normal,37.43,34.61,60.7,81,707,2517.98,0.26,0.34,509.955,1000.0,8.0205,100.0,707,0,0.0
2024-01-01 00:07:27,447,Normal,29.78,39.8,78.65,31,769,2532.14,0.2477,0.3523,528.4425,1000.0,3.6975,100.0,769,0,0.0
2024-01-01 00:07:28,448,Normal,41.15,35.97,59.09,68,849,2481.66,0.2737,0.3263,489.4575,1000.0,-7.797,100.0,849,0,0.0
2024-01-01 00:07:29,449,Normal,31.9,32.09,68.83,48,916,2561.83,0.2335,0.3665,549.765,1000.0,12.0615,100.0,916,0,0.0
2024-01-01 00:07:30,450,Normal,29.82,39.58,90.13,2,903,2522.41,0.2487,0.3513,526.9725,1000.0,-4.5585,100.0,903,0,0.0
2024-01-01 00:07:31,451,Normal,29.09,41.66,83.7,71,855,2509.37,0.2585,0.3415,512.3025,1000.0,-2.934,100.0,855,0,0.0
2024-01-01 00:07:32,452,Normal,23.11,36.08,82.07,46,847,2583.3,0.219,0.381,571.47,1000.0,11.8335,100.0,847,0,0.0
2024-01-01 00:07:33,453,Normal,38.95,43.04,76.79,13,754,2454.02,0.2843,0.3157,473.595,1000.0,-19.575,100.0,754,0,0.0
2024-01-01 00:07:34,454,Normal,37.08,34.55,89.47,68,812,2497.32,0.2711,0.3289,493.365,1000.0,3.954,100.0,812,0,0.0
2024-01-01 00:07:35,455,Normal,19.68,33.61,108.29,39,601,2598.11,0.2129,0.3871,580.65,1000.0,17.457,100.0,601,0,0.0
2024-01-01 00:07:36,456,Normal,41.18,40.07,96.57,55,845,2422.36,0.3008,0.2992,448.74,1000.0,-26.382,100.0,845,0,0.0
2024-01-01 00:07:37,457,Normal,36.82,43.49,114.16,69,641,2441.21,0.305,0.295,442.4625,1000.0,-1.2555,100.0,641,0,0.0
2024-01-01 00:07:38,458,Normal,37.23,45.71,98.04,41,916,2451.96,0.2997,0.3003,450.375,1000.0,1.5825,100.0,916,0,0.0
2024-01-01 00:07:39,459,Normal,39.64,52.86,68.75,39,769,2429.92,0.3111,0.2889,433.3275,1000.0,-3.4095,100.0,769,0,0.0
2024-01-01 00:07:40,460,Normal,32.55,35.55,38.56,41,836,2582.52,0.2282,0.3718,557.655,1000.0,24.8655,100.0,836,0,0.0
2024-01-01 00:07:41,461,Normal,32.53,49.68,80.2,75,826,2447.54,0.2894,0.3106,465.8925,1000.0,-18.3525,100.0,826,0,0.0
2024-01-01 00:07:42,462,Normal,39.13,41.4,100.53,51,849,2449.76,0.2984,0.3016,452.445,1000.0,-2.6895,100.0,849,0,0.0
2024-01-01 00:07:43,463,Normal,36.83,38.56,86.07,94,772,2481.12,0.2824,0.3176,476.34,1000.0,4.779,100.0,772,0,0.0
2024-01-01 00:07:44,464,Normal,37.1,46.29,97.1,50,561,2441.81,0.3016,0.2984,447.5625,1000.0,-5.7555,100.0,561,0,0.0
2024-01-01 00:07:45,465,Normal,37.58,28.9,102.05,53,899,2517.53,0.2628,0.3372,505.8675,1000.0,11.661,100.0,899,0,0.0
2024-01-01 00:07:46,466,Normal,30.49,32.24,83.91,49,750,2552.91,0.2366,0.3634,545.07,1000.0,7.8405,100.0,750,0,0.0
2024-01-01 00:07:47,467,Normal,35.42,53.84,92.52,70,884,2403.39,0.3153,0.2847,427.005,1000.0,-23.613,100.0,884,0,0.0
2024-01-01 00:07:48,468,Normal,42.4,39.05,49.18,46,881,2495.07,0.2775,0.3225,483.7275,1000.0,11.3445,100.0,881,0,0.0
2024-01-01 00:07:49,469,Normal,30.15,39.12,69.62,80,874,2533.01,0.2501,0.3499,524.7975,1000.0,8.214,100.0,874,0,0.0
2024-01-01 00:07:50,470,Normal,38.26,43.11,79.44,53,681,2454.2,0.2894,0.3106,465.9675,1000.0,-11.766,100.0,681,0,0.0
2024-01-01 00:07:51,471,Normal,24.07,40.75,84.86,74,957,2555.44,0.2397,0.3603,540.525,1000.0,14.9115,100.0,957,0,0.0
2024-01-01 00:07:52,472,Normal,42.85,35.01,74.72,59,1053,2461.22,0.2837,0.3163,474.435,1000.0,-13.218,100.0,1053,0,0.0
2024-01-01 00:07:53,473,Normal,42.4,45.6,74.18,32,878,2437.39,0.3043,0.2957,443.565,1000.0,-6.174,100.0,878,0,0.0
2024-01-01 00:07:54,474,Normal,29.5,38.81,78.28,81,764,2538.47,0.2516,0.3484,522.6525,1000.0,15.8175,100.0,764,0,0.0
2024-01-01 00:07:55,475,Normal,22.8,42.52,69.51,50,791,2564.43,0.2284,0.3716,557.4675,1000.0,6.963,100.0,791,0,0.0
2024-01-01 00:07:56,476,Normal,33.63,43.95,57.01,39,868,2497.02,0.2619,0.3381,507.0975,1000.0,-10.074,100.0,868,0,0.0
2024-01-01 00:07:57,477,Normal,31.93,31.96,90.03,72,795,2533.13,0.2475,0.3525,528.795,1000.0,4.3395,100.0,795,0,0.0
2024-01-01 00:07:58,478,Normal,25.2,43.53,55.1,56,711,2554.89,0.233,0.367,550.5375,1000.0,4.3485,100.0,711,0,0.0
2024-01-01 00:07:59,479,Normal,29.2,37.79,77.25,37,858,2536.36,0.2408,0.3591,538.725,1000.0,-2.3625,100.0,858,0,0.0
2024-01-01 00:08:00,480,Normal,32.77,44.9,84.22,36,713,2478.24,0.2745,0.3255,488.3175,1000.0,-10.0815,100.0,713,0,0.0
2024-01-01 00:08:01,481,Normal,26.76,41.45,74.68,2,746,2559.47,0.2349,0.3651,547.6125,1000.0,11.859,100.0,746,0,0.0
2024-01-01 00:08:02,482,Normal,30.49,47.88,54.46,21,910,2508.25,0.2568,0.3432,514.8075,1000.0,-6.561,100.0,910,0,0.0
2024-01-01 00:08:03,483,Normal,41.78,36.28,70.52,62,567,2470.36,0.2815,0.3185,477.765,1000.0,-7.4085,100.0,567,0,0.0
2024-01-01 00:08:04,484,Normal,25.69,38.6,103.25,41,810,2544.91,0.2442,0.3558,533.715,1000.0,11.19,100.0,810,0,0.0
2024-01-01 00:08:05,485,Normal,40.67,50.53,71.35,49,982,2412.21,0.3117,0.2883,432.4575,1000.0,-20.2515,100.0,982,0,0.0
2024-01-01 00:08:06,486,Normal,27.39,45.14,64.73,52,775,2545.52,0.2489,0.3511,526.68,1000.0,18.8445,100.0,775,0,0.0
2024-01-01 00:08:07,487,Normal,30.21,35.08,84.15,69,787,2532.12,0.2459,0.3541,531.21,1000.0,0.906,100.0,787,0,0.0
2024-01-01 00:08:08,488,Normal,35.35,42.86,65.43,64,881,2482.02,0.2732,0.3268,490.215,1000.0,-8.199,100.0,881,0,0.0
2024-01-01 00:08:09,489,Normal,48.02,38.12,73.13,65,881,2424.52,0.3097,0.2903,435.4725,1000.0,-10.9485,100.0,881,0,0.0
2024-01-01 00:08:10,490,Normal,32.32,37.98,88.12,33,758,2530.16,0.2571,0.3429,514.38,1000.0,15.7815,100.0,758,0,0.0
2024-01-01 00:08:11,491,Normal,35.45,44.98,70.93,13,608,2484.03,0.2739,0.3261,489.09,1000.0,-5.058,100.0,608,0,0.0
2024-01-01 00:08:12,492,Normal,28.7,33.43,77.68,26,729,2574.01,0.2268,0.3732,559.8525,1000.0,14.1525,100.0,729,0,0.0
2024-01-01 00:08:13,493,Normal,31.13,37.8,99.84,63,801,2494.94,0.2628,0.3372,505.7625,1000.0,-10.818,100.0,801,0,0.0
2024-01-01 00:08:14,494,Normal,32.69,37.83,84.92,61,709,2509.77,0.2606,0.3394,509.1,1000.0,0.6675,100.0,709,0,0.0
2024-01-01 00:08:15,495,Normal,35.18,29.84,83.18,65,771,2529.85,0.2491,0.3509,526.395,1000.0,3.459,100.0,771,0,0.0
2024-01-01 00:08:16,496,Normal,44.08,35.59,83.26,49,789,2448.7,0.2922,0.3078,461.6475,1000.0,-12.9495,100.0,789,0,0.0
2024-01-01 00:08:17,497,Normal,34.43,40.54,92.72,77,799,2484.09,0.2798,0.3202,480.3525,1000.0,3.741,100.0,799,0,0.0
2024-01-01 00:08:18,498,Normal,39.08,36.49,91.49,34,909,2482.0,0.2788,0.3211,481.725,1000.0,0.2745,100.0,909,0,0.0
2024-01-01 00:08:19,499,Normal,46.05,39.39,47.11,39,923,2463.36,0.2891,0.3109,466.4175,1000.0,-3.0615,100.0,923,0,0.0
2024-01-01 00:08:20,500,Normal,37.77,41.24,95.13,59,921,2461.64,0.2917,0.3083,462.435,1000.0,-0.7965,100.0,921,0,0.0
2024-01-01 00:08:21,501,Normal,39.6,47.61,85.38,68,769,2428.59,0.3105,0.2895,434.2275,1000.0,-5.6415,100.0,769,0,0.0
2024-01-01 00:08:22,502,Normal,31.99,48.53,83.24,66,812,2480.5,0.2848,0.3152,472.785,1000.0,7.7115,100.0,812,0,0.0
2024-01-01 00:08:23,503,Normal,32.07,40.05,101.54,61,628,2495.32,0.2723,0.3277,491.565,1000.0,3.756,100.0,628,0,0.0
2024-01-01 00:08:24,504,Normal,33.92,48.91,76.79,13,989,2475.27,0.2813,0.3187,477.99,1000.0,-2.715,100.0,989,0,0.0
2024-01-01 00:08:25,505,Normal,38.41,39.65,74.43,71,745,2477.84,0.2814,0.3186,477.8625,1000.0,-0.0255,100.0,745,0,0.0
2024-01-01 00:08:26,506,Normal,40.74,42.71,83.67,52,782,2446.23,0.299,0.301,451.5,1000.0,-5.2725,100.0,782,0,0.0
2024-01-01 00:08:27,507,Normal,40.23,35.67,55.67,62,863,2508.89,0.2671,0.3329,499.3275,1000.0,9.5655,100.0,863,0,0.0
2024-01-01 00:08:28,508,Normal,37.4,42.04,75.19,65,795,2470.11,0.2833,0.3167,474.9825,1000.0,-4.869,100.0,795,0,0.0
2024-01-01 00:08:29,509,Normal,32.56,38.44,110.31,15,849,2503.57,0.2675,0.3325,498.8025,1000.0,4.764,100.0,849,0,0.0
2024-01-01 00:08:30,510,Normal,26.6,39.46,73.5,8,838,2566.78,0.2297,0.3703,555.45,1000.0,11.3295,100.0,838,0,0.0
2024-01-01 00:08:31,511,Normal,33.1,29.5,92.59,78,949,2523.24,0.2476,0.3524,528.6075,1000.0,-5.3685,100.0,949,0,0.0
2024-01-01 00:08:32,512,Normal,36.79,40.23,99.92,83,913,2449.13,0.2918,0.3082,462.375,1000.0,-13.2465,100.0,913,0,0.0
2024-01-01 00:08:33,513,Normal,30.29,41.01,86.59,13,846,2530.71,0.2538,0.3462,519.3225,1000.0,11.3895,100.0,846,0,0.0
2024-01-01 00:08:34,514,Normal,46.36,43.2,102.1,53,792,2383.47,0.3293,0.2707,406.11,1000.0,-22.6425,100.0,792,0,0.0
2024-01-01 00:08:35,515,Normal,36.91,35.92,65.54,75,937,2525.37,0.263,0.337,505.4925,1000.0,19.8765,100.0,937,0,0.0
2024-01-01 00:08:36,516,Normal,30.04,44.84,78.7,56,846,2501.92,0.265,0.335,502.515,1000.0,-0.5955,100.0,846,0,0.0
2024-01-01 00:08:37,517,Normal,39.97,40.41,101.15,56,862,2439.69,0.2999,0.3001,450.1575,1000.0,-10.4715,100.0,862,0,0.0
2024-01-01 00:08:38,518,Normal,30.83,50.79,87.05,64,639,2471.56,0.288,0.312,467.9925,1000.0,3.567,100.0,639,0,0.0
2024-01-01 00:08:39,519,Normal,30.89,46.19,84.3,11,903,2505.1,0.2674,0.3326,498.915,1000.0,6.1845,100.0,903,0,0.0
2024-01-01 00:08:40,520,Normal,32.28,47.06,78.68,54,917,2479.69,0.2781,0.3219,482.895,1000.0,-3.204,100.0,917,0,0.0
2024-01-01 00:08:41,521,Normal,30.51,35.04,77.05,66,666,2546.36,0.2428,0.3572,535.785,1000.0,10.578,100.0,666,0,0.0
2024-01-01 00:08:42,522,Normal,26.66,44.12,70.96,42,614,2531.14,0.2454,0.3546,531.915,1000.0,-0.774,100.0,614,0,0.0
2024-01-01 00:08:43,523,Normal,31.61,39.96,93.96,34,965,2500.91,0.2626,0.3374,506.0775,1000.0,-5.1675,100.0,965,0,0.0
2024-01-01 00:08:44,524,Normal,31.58,36.58,103.06,54,744,2507.89,0.2616,0.3384,507.585,1000.0,0.3015,100.0,744,0,0.0
2024-01-01 00:08:45,525,Normal,34.22,46.77,101.99,33,795,2451.73,0.2926,0.3074,461.04,1000.0,-9.309,100.0,795,0,0.0
2024-01-01 00:08:46,526,Normal,35.45,35.07,79.16,50,914,2521.9,0.2588,0.3412,511.755,1000.0,10.143,100.0,914,0,0.0
2024-01-01 00:08:47,527,Normal,41.04,38.35,76.79,63,741,2460.4,0.2874,0.3126,468.96,1000.0,-8.559,100.0,741,0,0.0
2024-01-01 00:08:48,528,Normal,37.94,39.56,65.46,30,944,2502.15,0.2689,0.3311,496.62,1000.0,5.532,100.0,944,0,0.0
2024-01-01 00:08:49,529,Normal,34.22,48.2,72.3,55,1039,2468.27,0.2847,0.3153,472.995,1000.0,-4.725,100.0,1039,0,0.0
2024-01-01 00:08:50,530,Normal,29.71,30.51,99.3,33,797,2562.65,0.2349,0.3651,547.71,1000.0,14.943,100.0,797,0,0.0
2024-01-01 00:08:51,531,Normal,32.07,41.34,65.74,46,844,2510.8,0.2554,0.3446,516.9525,1000.0,-6.1515,100.0,844,0,0.0
2024-01-01 00:08:52,532,Normal,29.96,36.5,74.79,21,757,2550.63,0.2367,0.3633,545.0175,1000.0,5.613,100.0,757,0,0.0
2024-01-01 00:08:53,533,Normal,35.59,38.0,75.93,49,734,2494.21,0.2649,0.3351,502.68,1000.0,-8.4675,100.0,734,0,0.0
2024-01-01 00:08:54,534,Normal,38.46,47.18,73.03,59,776,2443.2,0.2979,0.3021,453.1125,1000.0,-9.9135,100.0,776,0,0.0
2024-01-01 00:08:55,535,Normal,36.83,47.83,87.63,14,845,2459.47,0.2944,0.3056,458.4075,1000.0,1.059,100.0,845,0,0.0
2024-01-01 00:08:56,536,Normal,41.16,38.89,94.93,36,651,2458.85,0.2941,0.3059,458.775,1000.0,0.0735,100.0,651,0,0.0
2024-01-01 00:08:57,537,Normal,35.71,31.22,76.4,75,609,2533.77,0.2525,0.3475,521.2725,1000.0,12.4995,100.0,609,0,0.0
2024-01-01 00:08:58,538,Normal,28.6,34.84,79.05,42,939,2556.3,0.233,0.367,550.4625,1000.0,5.838,100.0,939,0,0.0
2024-01-01 00:08:59,539,Normal,39.77,42.48,82.18,57,713,2438.84,0.295,0.305,457.4475,1000.0,-18.603,100.0,713,0,0.0
2024-01-01 00:09:00,540,Normal,39.29,34.44,92.53,73,821,2483.02,0.2808,0.3192,478.755,1000.0,4.2615,100.0,821,0,0.0
2024-01-01 00:09:01,541,Normal,34.12,42.0,37.08,56,788,2531.8,0.2514,0.3486,522.96,1000.0,8.841,100.0,788,0,0.0
2024-01-01 00:09:02,542,Normal,34.75,43.53,78.88,27,785,2482.32,0.2739,0.3261,489.09,1000.0,-6.774,100.0,785,0,0.0
2024-01-01 00:09:03,543,Normal,35.34,40.57,82.43,70,691,2483.89,0.2768,0.3232,484.755,1000.0,-0.867,100.0,691,0,0.0
2024-01-01 00:09:04,544,Normal,35.88,46.45,53.98,53,741,2485.09,0.2766,0.3234,485.0325,1000.0,0.0555,100.0,741,0,0.0
2024-01-01 00:09:05,545,Normal,33.15,35.48,77.46,86,673,2521.55,0.2564,0.3436,515.4675,1000.0,6.087,100.0,673,0,0.0
2024-01-01 00:09:06,546,Normal,29.15,33.49,105.91,40,797,2536.44,0.2447,0.3553,532.9425,1000.0,3.495,100.0,797,0,0.0
2024-01-01 00:09:07,547,Normal,32.99,35.28,76.47,99,939,2511.26,0.2567,0.3432,514.875,1000.0,-3.6135,100.0,939,0,0.0
2024-01-01 00:09:08,548,Normal,30.74,43.24,67.53,14,901,2524.23,0.2516,0.3484,522.6675,1000.0,1.5585,100.0,901,0,0.0
2024-01-01 00:09:09,549,Normal,40.8,45.23,72.95,46,874,2436.82,0.2992,0.3008,451.125,1000.0,-14.3085,100.0,874,0,0.0
2024-01-01 00:09:10,550,Normal,36.96,38.03,55.71,52,907,2521.61,0.2601,0.3399,509.865,1000.0,11.748,100.0,907,0,0.0
2024-01-01 00:09:11,551,Normal,29.01,43.19,84.97,65,887,2506.89,0.2617,0.3383,507.3825,1000.0,-0.4965,100.0,887,0,0.0
2024-01-01 00:09:12,552,Normal,31.53,31.92,72.0,67,745,2553.35,0.2362,0.3638,545.6925,1000.0,7.662,100.0,745,0,0.0
2024-01-01 00:09:13,553,Normal,31.53,30.89,106.29,66,876,2519.74,0.2506,0.3494,524.0625,1000.0,-4.326,100.0,876,0,0.0
2024-01-01 00:09:14,554,Normal,39.84,42.88,76.34,46,757,2450.11,0.2917,0.3083,462.435,1000.0,-12.3255,100.0,757,0,0.0
2024-01-01 00:09:15,555,Normal,48.17,42.78,73.04,59,698,2409.87,0.3209,0.2791,418.6275,1000.0,-8.7615,100.0,698,0,0.0
2024-01-01 00:09:16,556,Normal,42.52,36.69,87.52,71,838,2465.36,0.295,0.305,457.5675,1000.0,7.788,100.0,838,0,0.0
2024-01-01 00:09:17,557,Normal,35.47,40.05,79.15,38,755,2503.31,0.2695,0.3305,495.6825,1000.0,7.623,100.0,755,0,0.0
2024-01-01 00:09:18,558,Normal,42.4,39.46,68.21,39,910,2464.25,0.287,0.313,469.4925,1000.0,-5.238,100.0,910,0,0.0
2024-01-01 00:09:19,559,Normal,38.38,42.8,76.14,61,735,2466.71,0.2885,0.3115,467.175,1000.0,-0.4635,100.0,735,0,0.0
2024-01-01 00:09:20,560,Normal,33.7,44.85,93.11,30,714,2480.53,0.2811,0.3189,478.305,1000.0,2.226,100.0,714,0,0.0
2024-01-01 00:09:21,561,Normal,35.54,48.63,51.27,55,662,2480.61,0.2798,0.3201,480.225,1000.0,0.384,100.0,662,0,0.0
2024-01-01 00:09:22,562,Normal,31.83,38.18,73.69,39,800,2534.77,0.2495,0.3505,525.675,1000.0,9.09,100.0,800,0,0.0
2024-01-01 00:09:23,563,Normal,32.32,32.69,91.7,65,884,2524.06,0.2504,0.3496,524.3325,1000.0,-0.2685,100.0,884,0,0.0
2024-01-01 00:09:24,564,Normal,27.3,41.49,90.14,29,800,2527.48,0.2487,0.3513,526.9575,1000.0,0.525,100.0,800,0,0.0
2024-01-01 00:09:25,565,Normal,34.42,49.21,108.87,16,1049,2434.01,0.3003,0.2997,449.505,1000.0,-15.4905,100.0,1049,0,0.0
2024-01-01 00:09:26,566,Normal,30.42,44.9,94.56,30,849,2503.2,0.2705,0.3295,494.25,1000.0,8.949,100.0,849,0,0.0
2024-01-01 00:09:27,567,Normal,34.46,42.77,83.46,73,807,2476.76,0.2802,0.3198,479.6775,1000.0,-2.9145,100.0,807,0,0.0
2024-01-01 00:09:28,568,Normal,34.16,45.48,88.71,64,733,2467.08,0.2872,0.3128,469.1775,1000.0,-2.1,100.0,733,0,0.0
2024-01-01 00:09:29,569,Normal,29.77,37.16,70.69,65,897,2550.22,0.2422,0.3578,536.715,1000.0,13.5075,100.0,897,0,0.0
2024-01-01 00:09:30,570,Normal,34.22,47.15,100.53,54,717,2439.84,0.296,0.304,455.985,1000.0,-16.146,100.0,717,0,0.0
2024-01-01 00:09:31,571,Normal,42.88,39.69,81.89,43,711,2454.74,0.2967,0.3033,454.95,1000.0,-0.207,100.0,711,0,0.0
2024-01-01 00:09:32,572,Normal,27.66,43.16,68.25,111,691,2529.14,0.2555,0.3445,516.7725,1000.0,12.3645,100.0,691,0,0.0
2024-01-01 00:09:33,573,Normal,28.71,42.55,102.94,51,857,2497.88,0.266,0.334,501.03,1000.0,-3.1485,100.0,857,0,0.0
2024-01-01 00:09:34,574,Normal,25.78,36.61,63.9,12,811,2591.88,0.2155,0.3845,576.7425,1000.0,15.1425,100.0,811,0,0.0
2024-01-01 00:09:35,575,Normal,23.79,33.39,71.94,33,839,2590.86,0.2077,0.3923,588.51,1000.0,2.3535,100.0,839,0,0.0
2024-01-01 00:09:36,576,Normal,36.53,44.47,91.29,72,799,2430.44,0.2955,0.3045,456.7875,1000.0,-26.3445,100.0,799,0,0.0
2024-01-01 00:09:37,577,Normal,36.52,42.56,82.12,42,766,2481.8,0.2816,0.3184,477.63,1000.0,4.1685,100.0,766,0,0.0
2024-01-01 00:09:38,578,Normal,30.91,42.11,78.59,36,733,2519.8,0.2582,0.3418,512.7675,1000.0,7.0275,100.0,733,0,0.0
2024-01-01 00:09:39,579,Normal,28.95,44.89,81.18,32,880,2511.35,0.2589,0.3411,511.59,1000.0,-0.2355,100.0,880,0,0.0
2024-01-01 00:09:40,580,Normal,32.2,32.97,95.32,39,759,2530.14,0.2486,0.3514,527.0475,1000.0,3.0915,100.0,759,0,0.0
2024-01-01 00:09:41,581,Normal,35.21,45.71,80.3,26,854,2467.78,0.2816,0.3184,477.66,1000.0,-9.8775,100.0,854,0,0.0
2024-01-01 00:09:42,582,Normal,32.58,49.44,79.98,5,835,2483.4,0.2784,0.3216,482.445,1000.0,0.957,100.0,835,0,0.0
2024-01-01 00:09:43,583,Normal,44.72,47.88,107.46,29,891,2381.77,0.3343,0.2657,398.55,1000.0,-16.779,100.0,891,0,0.0
2024-01-01 00:09:44,584,Normal,31.39,41.12,60.91,37,732,2552.68,0.2487,0.3513,526.995,1000.0,25.689,100.0,732,0,0.0
2024-01-01 00:09:45,585,Normal,39.49,44.0,84.15,22,768,2446.14,0.2936,0.3064,459.615,1000.0,-13.476,100.0,768,0,0.0
2024-01-01 00:09:46,586,Normal,31.27,44.35,97.67,71,724,2484.43,0.2798,0.3202,480.2925,1000.0,4.1355,100.0,724,0,0.0
2024-01-01 00:09:47,587,Normal,21.3,31.17,101.32,41,724,2607.23,0.2093,0.3907,586.0725,1000.0,21.156,100.0,724,0,0.0
2024-01-01 00:09:48,588,Normal,43.21,46.33,80.37,44,786,2397.86,0.3138,0.2862,429.2325,1000.0,-31.368,100.0,786,0,0.0
2024-01-01 00:09:49,589,Normal,36.14,48.0,86.34,64,916,2455.49,0.2993,0.3007,451.11,1000.0,4.3755,100.0,916,0,0.0
2024-01-01 00:09:50,590,Normal,29.15,43.77,75.58,0,587,2541.15,0.2492,0.3508,526.14,1000.0,15.006,100.0,587,0,0.0
2024-01-01 00:09:51,591,Normal,29.91,42.66,81.71,53,995,2506.52,0.2601,0.3399,509.79,1000.0,-3.27,100.0,995,0,0.0
2024-01-01 00:09:52,592,Normal,28.65,39.86,84.57,35,802,2532.61,0.2475,0.3525,528.81,1000.0,3.804,100.0,802,0,0.0
2024-01-01 00:09:53,593,Normal,27.0,47.05,69.78,90,796,2505.31,0.2605,0.3395,509.2275,1000.0,-3.9165,100.0,796,0,0.0
2024-01-01 00:09:54,594,Normal,40.14,39.73,79.54,38,811,2464.64,0.2853,0.3147,472.0725,1000.0,-7.431,100.0,811,0,0.0
2024-01-01 00:09:55,595,Normal,36.59,36.08,78.12,37,1029,2512.41,0.2629,0.3371,505.6875,1000.0,6.723,100.0,1029,0,0.0
2024-01-01 00:09:56,596,Normal,34.55,47.73,77.07,55,667,2462.2,0.287,0.313,469.4475,1000.0,-7.248,100.0,667,0,0.0
2024-01-01 00:09:57,597,Normal,32.76,41.05,103.79,54,938,2487.01,0.2773,0.3227,484.08,1000.0,2.9265,100.0,938,0,0.0
2024-01-01 00:09:58,598,Normal,38.2,48.14,79.11,97,751,2428.51,0.3082,0.2918,437.7675,1000.0,-9.2625,100.0,751,0,0.0
2024-01-01 00:09:59,599,Normal,31.17,33.95,114.97,66,766,2522.01,0.2614,0.3386,507.9675,1000.0,14.04,100.0,766,0,0.0
2024-01-01 00:10:00,600,Normal,41.25,43.44,109.49,19,773,2419.38,0.3106,0.2894,434.145,1000.0,-14.7645,100.0,773,0,0.0
2024-01-01 00:10:01,601,Normal,32.69,30.13,95.9,44,873,2553.45,0.2443,0.3557,533.565,1000.0,19.884,100.0,873,0,0.0
2024-01-01 00:10:02,602,Normal,46.8,38.23,73.68,52,898,2426.06,0.304,0.296,443.9775,1000.0,-17.9175,100.0,898,0,0.0
2024-01-01 00:10:03,603,Normal,32.17,36.85,95.86,57,595,2521.04,0.2612,0.3388,508.2,1000.0,12.8445,100.0,595,0,0.0
2024-01-01 00:10:04,604,Normal,28.87,47.51,86.03,34,782,2496.08,0.2679,0.3321,498.0975,1000.0,-2.0205,100.0,782,0,0.0
2024-01-01 00:10:05,605,Normal,35.07,43.68,59.63,33,827,2500.3,0.2667,0.3333,499.935,1000.0,0.3675,100.0,827,0,0.0
2024-01-01 00:10:06,606,Normal,34.5,42.86,61.56,57,909,2499.0,0.2672,0.3328,499.155,1000.0,-0.156,100.0,909,0,0.0
2024-01-01 00:10:07,607,Normal,37.43,40.7,78.56,33,792,2481.6,0.277,0.323,484.5225,1000.0,-2.9265,100.0,792,0,0.0
2024-01-01 00:10:08,608,Normal,41.3,39.4,66.65,40,820,2474.82,0.2824,0.3176,476.4375,1000.0,-1.617,100.0,820,0,0.0
2024-01-01 00:10:09,609,Normal,33.13,42.43,87.84,67,942,2487.91,0.276,0.324,486.0,1000.0,1.9125,100.0,942,0,0.0
2024-01-01 00:10:10,610,Normal,39.98,35.33,66.45,48,754,2499.18,0.2687,0.3313,496.98,1000.0,2.196,100.0,754,0,0.0
2024-01-01 00:10:11,611,Normal,29.31,37.79,72.88,36,768,2550.58,0.2389,0.3611,541.65,1000.0,8.934,100.0,768,0,0.0
2024-01-01 00:10:12,612,Normal,40.89,41.0,117.08,53,770,2409.88,0.3121,0.2879,431.8425,1000.0,-21.9615,100.0,770,0,0.0
2024-01-01 00:10:13,613,Normal,35.02,41.28,86.53,91,715,2484.8,0.2827,0.3173,475.9725,1000.0,8.826,100.0,715,0,0.0
2024-01-01 00:10:14,614,Normal,39.3,41.04,56.43,65,926,2484.2,0.2781,0.3219,482.8275,1000.0,1.371,100.0,926,0,0.0
2024-01-01 00:10:15,615,Normal,30.71,39.96,54.12,24,904,2554.95,0.238,0.362,542.9325,1000.0,12.021,100.0,904,0,0.0
2024-01-01 00:10:16,616,Normal,32.67,34.46,83.44,39,752,2524.9,0.2481,0.3519,527.9025,1000.0,-3.006,100.0,752,0,0.0
2024-01-01 00:10:17,617,Normal,38.7,34.19,66.42,53,896,2502.67,0.2621,0.3379,506.8725,1000.0,-4.206,100.0,896,0,0.0
2024-01-01 00:10:18,618,Normal,41.19,36.67,94.06,34,982,2460.28,0.288,0.312,468.045,1000.0,-7.7655,100.0,982,0,0.0
2024-01-01 00:10:19,619,Normal,29.33,46.64,70.15,90,859,2504.3,0.2678,0.3322,498.255,1000.0,6.042,100.0,859,0,0.0
2024-01-01 00:10:20,620,Normal,29.92,37.39,91.72,71,792,2521.88,0.2547,0.3453,517.9425,1000.0,3.9375,100.0,792,0,0.0
2024-01-01 00:10:21,621,Normal,35.22,43.79,81.98,24,718,2477.21,0.2773,0.3227,483.9975,1000.0,-6.789,100.0,718,0,0.0
2024-01-01 00:10:22,622,Normal,36.18,46.08,104.24,65,828,2436.54,0.3037,0.2963,444.45,1000.0,-7.9095,100.0,828,0,0.0
2024-01-01 00:10:23,623,Normal,38.74,36.67,77.7,33,675,2503.19,0.2711,0.3289,493.4025,1000.0,9.7905,100.0,675,0,0.0
2024-01-01 00:10:24,624,Normal,36.67,40.93,90.31,60,824,2468.63,0.2848,0.3152,472.7625,1000.0,-4.128,100.0,824,0,0.0
2024-01-01 00:10:25,625,Normal,37.78,39.79,86.19,35,836,2481.36,0.28,0.32,479.925,1000.0,1.4325,100.0,836,0,0.0
2024-01-01 00:10:26,626,Normal,38.34,36.65,80.78,37,747,2494.86,0.2718,0.3282,492.3675,1000.0,2.4885,100.0,747,0,0.0
2024-01-01 00:10:27,627,Normal,29.38,46.33,95.99,60,997,2485.36,0.2757,0.3243,486.525,1000.0,-1.1685,100.0,997,0,0.0
2024-01-01 00:10:28,628,Normal,34.05,55.16,76.59,55,760,2436.18,0.3036,0.2964,444.57,1000.0,-8.391,100.0,760,0,0.0
2024-01-01 00:10:29,629,Normal,36.86,44.18,78.29,85,823,2466.65,0.2914,0.3086,462.9675,1000.0,3.6795,100.0,823,0,0.0
2024-01-01 00:10:30,630,Normal,36.35,35.46,86.28,47,739,2508.49,0.2661,0.3339,500.9025,1000.0,7.587,100.0,739,0,0.0
2024-01-01 00:10:31,631,Normal,31.12,53.36,76.05,20,730,2469.8,0.2833,0.3167,474.9825,1000.0,-5.184,100.0,730,0,0.0
2024-01-01 00:10:32,632,Normal,34.74,42.73,88.32,63,735,2477.36,0.282,0.318,476.9625,1000.0,0.396,100.0,735,0,0.0
2024-01-01 00:10:33,633,Normal,36.7,35.62,70.71,31,681,2521.1,0.2575,0.3425,513.7425,1000.0,7.356,100.0,681,0,0.0
2024-01-01 00:10:34,634,Normal,40.32,43.44,94.65,50,877,2429.07,0.3045,0.2955,443.1825,1000.0,-14.112,100.0,877,0,0.0
2024-01-01 00:10:35,635,Normal,26.19,44.32,82.66,62,838,2535.79,0.2531,0.3469,520.3575,1000.0,15.435,100.0,838,0,0.0
2024-01-01 00:10:36,636,Normal,30.06,32.51,69.32,61,869,2561.4,0.2303,0.3697,554.5575,1000.0,6.84,100.0,869,0,0.0
2024-01-01 00:10:37,637,Normal,28.16,35.09,69.15,42,663,2560.2,0.2272,0.3728,559.26,1000.0,0.9405,100.0,663,0,0.0
2024-01-01 00:10:38,638,Normal,27.89,35.89,81.29,26,788,2550.75,0.2319,0.3681,552.1725,1000.0,-1.4175,100.0,788,0,0.0
2024-01-01 00:10:39,639,Normal,40.29,33.49,76.9,70,758,2476.92,0.2737,0.3263,489.465,1000.0,-12.5415,100.0,758,0,0.0
2024-01-01 00:10:40,640,Normal,32.13,45.82,75.41,72,842,2486.19,0.2755,0.3245,486.735,1000.0,-0.546,100.0,842,0,0.0
2024-01-01 00:10:41,641,Normal,33.29,42.4,84.81,70,745,2486.9,0.2754,0.3246,486.87,1000.0,0.027,100.0,745,0,0.0
2024-01-01 00:10:42,642,Normal,35.21,39.69,90.56,29,901,2492.86,0.2721,0.3279,491.865,1000.0,0.999,100.0,901,0,0.0
2024-01-01 00:10:43,643,Normal,37.33,33.42,98.12,94,900,2482.37,0.2774,0.3226,483.9525,1000.0,-1.5825,100.0,900,0,0.0
2024-01-01 00:10:44,644,Normal,42.13,40.43,55.08,13,825,2482.77,0.278,0.322,482.97,1000.0,-0.1965,100.0,825,0,0.0
2024-01-01 00:10:45,645,Normal,32.04,35.43,79.06,62,654,2534.22,0.2495,0.3505,525.6825,1000.0,8.5425,100.0,654,0,0.0
2024-01-01 00:10:46,646,Normal,32.76,47.55,63.87,67,751,2478.93,0.2755,0.3245,486.72,1000.0,-7.7925,100.0,751,0,0.0
2024-01-01 00:10:47,647,Normal,37.73,45.49,91.12,68,684,2439.88,0.3015,0.2985,447.69,1000.0,-7.806,100.0,684,0,0.0
2024-01-01 00:10:48,648,Normal,40.57,35.74,83.89,55,848,2483.69,0.2815,0.3185,477.69,1000.0,6.0,100.0,848,0,0.0
2024-01-01 00:10:49,649,Normal,36.68,35.78,59.75,67,818,2520.5,0.2578,0.3422,513.3675,1000.0,7.1355,100.0,818,0,0.0
2024-01-01 00:10:50,650,Normal,40.75,39.78,58.92,69,762,2469.93,0.2819,0.3181,477.1725,1000.0,-7.239,100.0,762,0,0.0
2024-01-01 00:10:51,651,Normal,36.71,36.76,104.66,32,766,2485.04,0.2775,0.3225,483.7275,1000.0,1.311,100.0,766,0,0.0
2024-01-01 00:10:52,652,Normal,35.54,34.54,84.96,82,750,2505.32,0.2655,0.3345,501.72,1000.0,3.5985,100.0,750,0,0.0
2024-01-01 00:10:53,653,Normal,36.98,26.25,79.42,43,718,2545.47,0.2412,0.3588,538.1775,1000.0,7.2915,100.0,718,0,0.0
2024-01-01 00:10:54,654,Normal,40.41,38.37,77.34,42,608,2464.17,0.2823,0.3177,476.505,1000.0,-12.3345,100.0,608,0,0.0
2024-01-01 00:10:55,655,Normal,29.34,44.81,48.35,34,760,2545.52,0.244,0.356,534.015,1000.0,11.502,100.0,760,0,0.0
2024-01-01 00:10:56,656,Normal,43.72,43.84,71.64,76,725,2415.48,0.3098,0.2902,435.24,1000.0,-19.755,100.0,725,0,0.0
2024-01-01 00:10:57,657,Normal,40.05,33.21,96.1,41,697,2493.63,0.2774,0.3226,483.9,1000.0,9.732,100.0,697,0,0.0
2024-01-01 00:10:58,658,Normal,33.91,41.39,72.58,61,741,2501.54,0.2676,0.3324,498.6,1000.0,2.94,100.0,741,0,0.0
2024-01-01 00:10:59,659,Normal,38.1,42.21,79.09,41,815,2468.05,0.2846,0.3154,473.145,1000.0,-5.091,100.0,815,0,0.0
2024-01-01 00:11:00,660,Normal,37.75,50.31,94.09,69,1108,2417.84,0.3153,0.2847,427.0575,1000.0,-9.2175,100.0,1108,0,0.0
2024-01-01 00:11:01,661,Normal,37.58,42.42,90.56,29,755,2477.61,0.2872,0.3128,469.185,1000.0,8.4255,100.0,755,0,0.0
2024-01-01 00:11:02,662,Normal,32.47,43.24,77.39,52,908,2503.33,0.2682,0.3318,497.64,1000.0,5.691,100.0,908,0,0.0
2024-01-01 00:11:03,663,Normal,39.32,39.19,69.95,72,877,2474.01,0.2814,0.3186,477.945,1000.0,-3.939,100.0,877,0,0.0
2024-01-01 00:11:04,664,Normal,26.97,38.43,82.48,65,891,2549.78,0.2415,0.3585,537.81,1000.0,11.973,100.0,891,0,0.0
2024-01-01 00:11:05,665,Normal,36.42,42.93,80.96,36,773,2467.22,0.2807,0.3193,478.9875,1000.0,-11.7645,100.0,773,0,0.0
2024-01-01 00:11:06,666,Normal,35.09,39.83,51.72,42,805,2526.01,0.2545,0.3454,518.175,1000.0,7.8375,100.0,805,0,0.0
2024-01-01 00:11:07,667,Normal,33.59,38.77,87.32,28,637,2504.13,0.2623,0.3377,506.475,1000.0,-2.34,100.0,637,0,0.0
2024-01-01 00:11:08,668,Normal,33.26,43.82,105.31,65,653,2459.65,0.2884,0.3116,467.4525,1000.0,-7.8045,100.0,653,0,0.0
2024-01-01 00:11:09,669,Normal,33.84,41.28,82.66,60,708,2496.96,0.272,0.328,492.045,1000.0,4.9185,100.0,708,0,0.0
2024-01-01 00:11:10,670,Normal,35.32,42.1,92.39,33,765,2477.56,0.28,0.32,479.9775,1000.0,-2.4135,100.0,765,0,0.0
2024-01-01 00:11:11,671,Normal,21.48,36.89,72.13,29,816,2609.93,0.2078,0.3922,588.27,1000.0,21.6585,100.0,816,0,0.0
2024-01-01 00:11:12,672,Normal,34.72,28.7,83.23,31,848,2531.18,0.2395,0.3605,540.6975,1000.0,-9.5145,100.0,848,0,0.0
2024-01-01 00:11:13,673,Normal,28.59,40.15,75.75,56,812,2527.77,0.2467,0.3533,529.9275,1000.0,-2.154,100.0,812,0,0.0
2024-01-01 00:11:14,674,Normal,33.72,32.32,57.84,38,799,2553.82,0.2334,0.3666,549.84,1000.0,3.9825,100.0,799,0,0.0
2024-01-01 00:11:15,675,Normal,31.96,43.13,75.81,30,772,2498.27,0.2621,0.3379,506.865,1000.0,-8.595,100.0,772,0,0.0
2024-01-01 00:11:16,676,Normal,36.13,41.62,108.18,36,792,2456.64,0.29,0.31,465.0075,1000.0,-8.3715,100.0,792,0,0.0
2024-01-01 00:11:17,677,Normal,37.13,39.88,72.49,19,748,2503.25,0.2688,0.3312,496.875,1000.0,6.3735,100.0,748,0,0.0
2024-01-01 00:11:18,678,Normal,29.63,31.37,68.06,29,858,2583.71,0.2205,0.3795,569.235,1000.0,14.472,100.0,858,0,0.0
2024-01-01 00:11:19,679,Normal,38.01,35.48,76.1,12,750,2495.3,0.2616,0.3384,507.6225,1000.0,-12.3225,100.0,750,0,0.0
2024-01-01 00:11:20,680,Normal,36.99,44.12,69.3,71,648,2465.36,0.2851,0.3149,472.4025,1000.0,-7.044,100.0,648,0,0.0
2024-01-01 00:11:21,681,Normal,28.76,43.55,105.07,59,795,2497.86,0.2709,0.3291,493.62,1000.0,4.2435,100.0,795,0,0.0
2024-01-01 00:11:22,682,Normal,24.02,29.89,81.94,42,689,2610.36,0.2061,0.3939,590.9025,1000.0,19.4565,100.0,689,0,0.0
2024-01-01 00:11:23,683,Normal,35.33,40.58,94.17,52,922,2457.84,0.28,0.32,480.015,1000.0,-22.1775,100.0,922,0,0.0
2024-01-01 00:11:24,684,Normal,35.04,39.42,95.96,30,1081,2491.39,0.2737,0.3263,489.495,1000.0,1.896,100.0,1081,0,0.0
2024-01-01 00:11:25,685,Normal,36.88,41.9,87.88,87,879,2458.62,0.2908,0.3092,463.77,1000.0,-5.145,100.0,879,0,0.0
2024-01-01 00:11:26,686,Normal,26.97,47.02,74.89,52,672,2524.3,0.2572,0.3428,514.215,1000.0,10.089,100.0,672,0,0.0
2024-01-01 00:11:27,687,Normal,37.63,36.74,81.5,44,992,2489.53,0.2709,0.3291,493.6425,1000.0,-4.1145,100.0,992,0,0.0
2024-01-01 00:11:28,688,Normal,44.91,40.23,80.96,42,910,2433.1,0.3045,0.2955,443.19,1000.0,-10.0905,100.0,910,0,0.0
2024-01-01 00:11:29,689,Normal,33.36,37.89,94.68,39,796,2514.95,0.2647,0.3353,502.9875,1000.0,11.9595,100.0,796,0,0.0
2024-01-01 00:11:30,690,Normal,27.09,43.52,109.11,64,946,2497.42,0.2678,0.3322,498.345,1000.0,-0.9285,100.0,946,0,0.0
2024-01-01 00:11:31,691,Normal,30.77,41.18,65.85,45,877,2529.76,0.2503,0.3497,524.52,1000.0,5.235,100.0,877,0,0.0
2024-01-01 00:11:32,692,Normal,35.51,32.94,60.27,22,849,2542.97,0.2401,0.3599,539.895,1000.0,3.075,100.0,849,0,0.0
2024-01-01 00:11:33,693,Normal,45.32,46.81,51.56,78,893,2408.4,0.3131,0.2869,430.3125,1000.0,-21.9165,100.0,893,0,0.0
2024-01-01 00:11:34,694,Normal,27.27,38.48,96.43,61,669,2545.72,0.249,0.351,526.485,1000.0,19.2345,100.0,669,0,0.0
2024-01-01 00:11:35,695,Normal,38.05,29.31,76.66,72,801,2514.66,0.2556,0.3444,516.63,1000.0,-1.971,100.0,801,0,0.0
2024-01-01 00:11:36,696,Normal,32.51,44.45,94.62,76,887,2466.16,0.2836,0.3164,474.57,1000.0,-8.412,100.0,887,0,0.0
2024-01-01 00:11:37,697,Normal,40.41,43.66,83.98,51,776,2444.68,0.3002,0.2998,449.6625,1000.0,-4.9815,100.0,776,0,0.0
2024-01-01 00:11:38,698,Normal,28.94,35.22,75.77,54,944,2566.48,0.2353,0.3647,547.0125,1000.0,19.47,100.0,944,0,0.0
2024-01-01 00:11:39,699,Normal,34.79,45.02,96.19,45,859,2450.11,0.2892,0.3108,466.26,1000.0,-16.1505,100.0,859,0,0.0
2024-01-01 00:11:40,700,Normal,33.78,46.61,89.54,26,816,2476.58,0.2834,0.3166,474.8625,1000.0,1.7205,100.0,816,0,0.0
2024-01-01 00:11:41,701,Normal,43.24,39.09,86.72,60,696,2442.46,0.3014,0.2986,447.8625,1000.0,-5.4,100.0,696,0,0.0
2024-01-01 00:11:42,702,Normal,37.55,33.03,70.62,71,835,2522.5,0.26,0.34,510.06,1000.0,12.4395,100.0,835,0,0.0
2024-01-01 00:11:43,703,Normal,33.48,42.23,79.1,50,865,2492.34,0.2698,0.3302,495.2925,1000.0,-2.9535,100.0,865,0,0.0
2024-01-01 00:11:44,704,Normal,31.36,40.2,75.32,18,707,2529.83,0.2506,0.3494,524.07,1000.0,5.7555,100.0,707,0,0.0
2024-01-01 00:11:45,705,Normal,42.84,41.92,60.15,19,788,2457.39,0.2877,0.3123,468.5025,1000.0,-11.1135,100.0,788,0,0.0
2024-01-01 00:11:46,706,Normal,42.81,39.07,99.6,57,847,2435.75,0.3059,0.2941,441.21,1000.0,-5.4585,100.0,847,0,0.0
2024-01-01 00:11:47,707,Normal,28.32,44.69,74.98,67,718,2526.66,0.2584,0.3416,512.4225,1000.0,14.2425,100.0,718,0,0.0
2024-01-01 00:11:48,708,Normal,35.89,41.76,77.69,58,773,2477.91,0.2776,0.3224,483.66,1000.0,-5.7525,100.0,773,0,0.0
2024-01-01 00:11:49,709,Normal,31.75,48.03,95.73,34,856,2471.77,0.2842,0.3158,473.7525,1000.0,-1.9815,100.0,856,0,0.0
2024-01-01 00:11:50,710,Normal,31.29,34.08,95.51,15,892,2544.75,0.2447,0.3553,532.92,1000.0,11.8335,100.0,892,0,0.0
2024-01-01 00:11:51,711,Normal,33.74,38.94,86.15,61,717,2491.62,0.2677,0.3323,498.5025,1000.0,-6.8835,100.0,717,0,0.0
2024-01-01 00:11:52,712,Normal,38.59,40.57,61.16,46,938,2487.15,0.274,0.326,489.045,1000.0,-1.8915,100.0,938,0,0.0
2024-01-01 00:11:53,713,Normal,43.38,43.59,62.14,59,885,2440.89,0.3007,0.2993,448.9125,1000.0,-8.0265,100.0,885,0,0.0
2024-01-01 00:11:54,714,Normal,38.63,43.92,85.45,48,739,2459.34,0.2949,0.3051,457.605,1000.0,1.7385,100.0,739,0,0.0
2024-01-01 00:11:55,715,Normal,25.51,41.7,82.79,61,666,2549.14,0.2441,0.3559,533.88,1000.0,15.255,100.0,666,0,0.0
2024-01-01 00:11:56,716,Normal,38.23,50.27,81.18,48,830,2420.14,0.3073,0.2927,439.095,1000.0,-18.957,100.0,830,0,0.0
2024-01-01 00:11:57,717,Normal,45.16,34.88,83.05,34,745,2466.79,0.2919,0.3081,462.1725,1000.0,4.6155,100.0,745,0,0.0
2024-01-01 00:11:58,718,Normal,34.75,46.74,107.01,58,762,2446.34,0.3007,0.2993,448.98,1000.0,-2.6385,100.0,762,0,0.0
2024-01-01 00:11:59,719,Normal,47.46,37.86,71.43,14,939,2452.77,0.2986,0.3014,452.1375,1000.0,0.6315,100.0,939,0,0.0
2024-01-01 00:12:00,720,Normal,39.84,52.09,59.16,79,807,2429.6,0.3111,0.2889,433.3575,1000.0,-3.756,100.0,807,0,0.0
2024-01-01 00:12:01,721,Normal,39.03,31.76,102.02,65,796,2495.15,0.2768,0.3232,484.8525,1000.0,10.299,100.0,796,0,0.0
2024-01-01 00:12:02,722,Normal,38.23,36.17,71.31,40,614,2504.44,0.2659,0.3341,501.1725,1000.0,3.264,100.0,614,0,0.0
2024-01-01 00:12:03,723,Normal,39.31,45.96,69.48,56,773,2447.64,0.2956,0.3044,456.5625,1000.0,-8.922,100.0,773,0,0.0
2024-01-01 00:12:04,724,Normal,36.64,36.86,66.75,71,793,2512.74,0.2644,0.3356,503.3775,1000.0,9.363,100.0,793,0,0.0
2024-01-01 00:12:05,725,Normal,45.11,40.23,66.11,74,863,2434.62,0.3026,0.2974,446.0775,1000.0,-11.46,100.0,863,0,0.0
2024-01-01 00:12:06,726,Normal,38.63,45.95,70.21,47,782,2464.76,0.2922,0.3078,461.6475,1000.0,3.114,100.0,782,0,0.0
2024-01-01 00:12:07,727,Normal,28.55,38.68,100.05,54,665,2529.12,0.2547,0.3453,517.875,1000.0,11.2455,100.0,665,0,0.0
2024-01-01 00:12:08,728,Normal,27.22,48.32,78.65,37,772,2506.72,0.2609,0.3391,508.5825,1000.0,-1.8585,100.0,772,0,0.0
2024-01-01 00:12:09,729,Normal,27.61,47.12,74.1,77,805,2504.82,0.263,0.337,505.4475,1000.0,-0.627,100.0,805,0,0.0
2024-01-01 00:12:10,730,Normal,42.15,41.28,92.8,64,862,2426.81,0.3067,0.2933,439.9125,1000.0,-13.107,100.0,862,0,0.0
2024-01-01 00:12:11,731,Normal,36.74,38.84,108.73,31,800,2479.55,0.2847,0.3153,472.9425,1000.0,6.606,100.0,800,0,0.0
2024-01-01 00:12:12,732,Normal,35.07,42.01,73.56,56,783,2494.1,0.2729,0.3271,490.575,1000.0,3.5265,100.0,783,0,0.0
2024-01-01 00:12:13,733,Normal,27.09,40.05,63.49,15,813,2569.8,0.2289,0.3711,556.5975,1000.0,13.2045,100.0,813,0,0.0
2024-01-01 00:12:14,734,Normal,37.44,42.63,88.51,11,663,2458.34,0.2835,0.3165,474.72,1000.0,-16.3755,100.0,663,0,0.0
2024-01-01 00:12:15,735,Normal,44.87,34.76,89.16,36,807,2455.99,0.2939,0.3061,459.1125,1000.0,-3.1215,100.0,807,0,0.0
2024-01-01 00:12:16,736,Normal,31.83,42.81,82.05,41,694,2510.09,0.2656,0.3344,501.5925,1000.0,8.496,100.0,694,0,0.0
2024-01-01 00:12:17,737,Normal,36.34,33.94,86.41,102,935,2492.7,0.2705,0.3295,494.1825,1000.0,-1.482,100.0,935,0,0.0
2024-01-01 00:12:18,738,Normal,38.59,39.57,50.92,23,928,2507.94,0.2629,0.3371,505.65,1000.0,2.2935,100.0,928,0,0.0
2024-01-01 00:12:19,739,Normal,31.05,36.5,77.52,28,677,2541.68,0.2429,0.3571,535.6725,1000.0,6.0045,100.0,677,0,0.0
2024-01-01 00:12:20,740,Normal,34.75,35.54,68.88,34,852,2522.84,0.25,0.35,524.9775,1000.0,-2.139,100.0,852,0,0.0
2024-01-01 00:12:21,741,Normal,33.84,39.11,88.95,47,772,2493.07,0.2677,0.3323,498.39,1000.0,-5.3175,100.0,772,0,0.0
2024-01-01 00:12:22,742,Normal,37.35,43.34,77.79,51,721,2466.21,0.2856,0.3144,471.57,1000.0,-5.364,100.0,721,0,0.0
2024-01-01 00:12:23,743,Normal,30.7,43.85,86.67,59,828,2501.02,0.2693,0.3307,496.11,1000.0,4.908,100.0,828,0,0.0
2024-01-01 00:12:24,744,Normal,35.23,43.48,94.03,68,789,2460.18,0.2892,0.3108,466.17,1000.0,-5.988,100.0,789,0,0.0
2024-01-01 00:12:25,745,Normal,41.93,41.14,89.49,55,824,2442.09,0.3026,0.2974,446.1,1000.0,-4.014,100.0,824,0,0.0
2024-01-01 00:12:26,746,Normal,31.32,43.51,122.68,42,807,2475.92,0.286,0.314,470.9475,1000.0,4.9695,100.0,807,0,0.0
2024-01-01 00:12:27,747,Normal,32.77,37.56,103.17,36,752,2507.77,0.2656,0.3344,501.63,1000.0,6.1365,100.0,752,0,0.0
2024-01-01 00:12:28,748,Normal,27.06,36.21,54.37,62,1079,2580.58,0.2217,0.3783,567.42,1000.0,13.158,100.0,1079,0,0.0
2024-01-01 00:12:29,749,Normal,33.17,31.67,93.5,35,929,2521.43,0.2473,0.3527,529.095,1000.0,-7.665,100.0,929,0,0.0
2024-01-01 00:12:30,750,Normal,33.59,36.84,77.33,65,777,2509.64,0.2581,0.3419,512.88,1000.0,-3.243,100.0,777,0,0.0
2024-01-01 00:12:31,751,Normal,32.52,39.01,60.92,57,621,2526.78,0.2504,0.3496,524.4675,1000.0,2.3175,100.0,621,0,0.0
2024-01-01 00:12:32,752,Normal,32.78,43.8,84.55,61,793,2478.93,0.2757,0.3243,486.5175,1000.0,-7.59,100.0,793,0,0.0
2024-01-01 00:12:33,753,Normal,40.85,44.62,86.69,68,875,2428.17,0.3081,0.2919,437.895,1000.0,-9.7245,100.0,875,0,0.0
2024-01-01 00:12:34,754,Normal,32.8,33.28,86.31,60,909,2542.14,0.2502,0.3498,524.7675,1000.0,17.3745,100.0,909,0,0.0
2024-01-01 00:12:35,755,Normal,30.32,35.47,86.9,48,611,2533.25,0.2454,0.3546,531.8325,1000.0,1.413,100.0,611,0,0.0
2024-01-01 00:12:36,756,Normal,36.88,30.74,65.82,77,982,2522.93,0.2504,0.3496,524.415,1000.0,-1.4835,100.0,982,0,0.0
2024-01-01 00:12:37,757,Normal,28.92,38.35,80.64,85,750,2524.82,0.2502,0.3498,524.7525,1000.0,0.0675,100.0,750,0,0.0
2024-01-01 00:12:38,758,Normal,32.62,47.74,74.38,64,652,2470.49,0.2803,0.3197,479.535,1000.0,-9.0435,100.0,652,0,0.0
2024-01-01 00:12:39,759,Normal,34.14,31.7,64.17,66,795,2550.79,0.2407,0.3593,538.9125,1000.0,11.8755,100.0,795,0,0.0
2024-01-01 00:12:40,760,Normal,33.4,36.26,76.69,56,898,2514.49,0.2543,0.3457,518.5575,1000.0,-4.071,100.0,898,0,0.0
2024-01-01 00:12:41,761,Normal,21.87,35.84,82.39,48,840,2590.12,0.2145,0.3855,578.19,1000.0,11.9265,100.0,840,0,0.0
2024-01-01 00:12:42,762,Normal,36.34,38.48,72.1,45,914,2485.22,0.2662,0.3338,500.715,1000.0,-15.495,100.0,914,0,0.0
2024-01-01 00:12:43,763,Normal,31.34,39.69,82.75,81,769,2507.47,0.2624,0.3376,506.34,1000.0,1.125,100.0,769,0,0.0
2024-01-01 00:12:44,764,Normal,39.79,46.16,79.04,45,767,2437.05,0.3009,0.2991,448.5975,1000.0,-11.5485,100.0,767,0,0.0
2024-01-01 00:12:45,765,Normal,33.72,44.27,83.47,54,687,2488.93,0.2785,0.3215,482.205,1000.0,6.7215,100.0,687,0,0.0
2024-01-01 00:12:46,766,Normal,30.16,50.72,77.33,34,943,2486.53,0.2761,0.3239,485.8125,1000.0,0.7215,100.0,943,0,0.0
2024-01-01 00:12:47,767,Normal,36.41,42.89,77.93,43,783,2478.7,0.2801,0.3199,479.8875,1000.0,-1.185,100.0,783,0,0.0
2024-01-01 00:12:48,768,Normal,28.09,39.56,84.44,87,808,2529.55,0.2525,0.3475,521.2725,1000.0,8.277,100.0,808,0,0.0
2024-01-01 00:12:49,769,Normal,23.33,39.53,121.09,67,718,2523.81,0.2511,0.3489,523.3875,1000.0,0.423,100.0,718,0,0.0
2024-01-01 00:12:50,770,Normal,37.96,36.29,59.69,43,809,2507.54,0.2599,0.3401,510.18,1000.0,-2.6415,100.0,809,0,0.0
2024-01-01 00:12:51,771,Normal,25.64,34.25,80.16,41,839,2579.09,0.2216,0.3784,567.6075,1000.0,11.4855,100.0,839,0,0.0
2024-01-01 00:12:52,772,Normal,28.93,43.57,62.24,82,628,2510.0,0.2536,0.3464,519.6,1000.0,-9.6015,100.0,628,0,0.0
2024-01-01 00:12:53,773,Normal,29.54,42.09,104.96,56,856,2490.99,0.2695,0.3305,495.7575,1000.0,-4.7685,100.0,856,0,0.0
2024-01-01 00:12:54,774,Normal,35.09,34.87,72.65,25,672,2530.73,0.2501,0.3499,524.9025,1000.0,5.829,100.0,672,0,0.0
2024-01-01 00:12:55,775,Normal,37.01,34.38,84.79,23,829,2504.63,0.2613,0.3387,508.005,1000.0,-3.3795,100.0,829,0,0.0
2024-01-01 00:12:56,776,Normal,32.56,47.03,84.86,74,724,2465.28,0.2851,0.3149,472.4025,1000.0,-7.1205,100.0,724,0,0.0
2024-01-01 00:12:57,777,Normal,35.28,35.09,73.8,44,727,2527.05,0.2547,0.3453,517.9425,1000.0,9.108,100.0,727,0,0.0
2024-01-01 00:12:58,778,Normal,28.92,32.93,44.9,28,862,2598.06,0.2102,0.3898,584.7075,1000.0,13.353,100.0,862,0,0.0
2024-01-01 00:12:59,779,Normal,27.01,33.16,106.86,37,832,2537.51,0.2364,0.3636,545.3775,1000.0,-7.866,100.0,832,0,0.0
2024-01-01 00:13:00,780,Normal,38.21,43.31,57.17,45,638,2471.7,0.2773,0.3227,483.9825,1000.0,-12.279,100.0,638,0,0.0
2024-01-01 00:13:01,781,Normal,47.23,32.03,64.28,29,650,2475.84,0.2819,0.3181,477.195,1000.0,-1.3575,100.0,650,0,0.0
2024-01-01 00:13:02,782,Normal,41.76,52.11,72.86,23,576,2415.19,0.3163,0.2837,425.5275,1000.0,-10.3335,100.0,576,0,0.0
2024-01-01 00:13:03,783,Normal,33.78,38.42,70.23,54,839,2531.4,0.2575,0.3425,513.7575,1000.0,17.646,100.0,839,0,0.0
2024-01-01 00:13:04,784,Normal,36.62,38.42,63.48,63,801,2499.51,0.2654,0.3346,501.885,1000.0,-2.3745,100.0,801,0,0.0
2024-01-01 00:13:05,785,Normal,39.44,43.95,58.67,21,724,2474.9,0.2804,0.3196,479.4,1000.0,-4.497,100.0,724,0,0.0
2024-01-01 00:13:06,786,Normal,29.72,43.78,85.27,71,839,2503.96,0.2668,0.3332,499.8675,1000.0,4.0935,100.0,839,0,0.0
2024-01-01 00:13:07,787,Normal,36.04,46.0,87.05,51,948,2453.86,0.2923,0.3077,461.5275,1000.0,-7.668,100.0,948,0,0.0
2024-01-01 00:13:08,788,Normal,35.58,38.48,67.43,64,923,2512.41,0.264,0.336,503.9325,1000.0,8.481,100.0,923,0,0.0
2024-01-01 00:13:09,789,Normal,34.75,46.54,50.45,48,795,2492.49,0.2704,0.3296,494.4,1000.0,-1.9065,100.0,795,0,0.0
2024-01-01 00:13:10,790,Normal,31.37,51.92,79.01,41,802,2467.67,0.2853,0.3147,472.125,1000.0,-4.455,100.0,802,0,0.0
2024-01-01 00:13:11,791,Normal,24.99,36.2,94.75,37,717,2569.97,0.2309,0.3691,553.665,1000.0,16.308,100.0,717,0,0.0
2024-01-01 00:13:12,792,Normal,41.55,46.7,87.75,40,776,2407.58,0.312,0.2879,431.925,1000.0,-24.348,100.0,776,0,0.0
2024-01-01 00:13:13,793,Normal,30.98,35.03,64.33,37,696,2572.92,0.2337,0.3663,549.42,1000.0,23.499,100.0,696,0,0.0
2024-01-01 00:13:14,794,Normal,27.18,41.1,83.52,84,733,2516.08,0.2522,0.3478,521.64,1000.0,-5.556,100.0,733,0,0.0
2024-01-01 00:13:15,795,Normal,36.48,41.56,76.19,64,877,2472.98,0.2793,0.3207,481.0875,1000.0,-8.1105,100.0,877,0,0.0
2024-01-01 00:13:16,796,Normal,36.64,38.72,74.64,22,719,2505.59,0.2657,0.3343,501.51,1000.0,4.0845,100.0,719,0,0.0
2024-01-01 00:13:17,797,Normal,31.89,34.38,86.6,73,709,2526.43,0.2518,0.3482,522.2775,1000.0,4.1535,100.0,709,0,0.0
2024-01-01 00:13:18,798,Normal,36.42,34.83,75.43,36,860,2511.76,0.2577,0.3423,513.51,1000.0,-1.7535,100.0,860,0,0.0
2024-01-01 00:13:19,799,Normal,31.61,45.06,76.31,37,674,2496.72,0.267,0.333,499.515,1000.0,-2.799,100.0,674,0,0.0
2024-01-01 00:13:20,800,Normal,36.27,44.48,84.1,94,942,2450.37,0.2943,0.3057,458.5575,1000.0,-8.1915,100.0,942,0,0.0
2024-01-01 00:13:21,801,Normal,33.46,38.41,87.05,33,916,2517.39,0.2616,0.3384,507.585,1000.0,9.8055,100.0,916,0,0.0
2024-01-01 00:13:22,802,Normal,36.81,41.28,90.3,84,817,2456.87,0.2898,0.3102,465.3225,1000.0,-8.4525,100.0,817,0,0.0
2024-01-01 00:13:23,803,Normal,34.43,47.54,94.51,43,800,2459.43,0.2931,0.3069,460.41,1000.0,-0.9825,100.0,800,0,0.0
2024-01-01 00:13:24,804,Normal,35.98,41.81,59.65,19,711,2514.28,0.2631,0.3369,505.305,1000.0,8.979,100.0,711,0,0.0
2024-01-01 00:13:25,805,Normal,30.18,36.78,89.52,46,819,2530.31,0.2492,0.3508,526.14,1000.0,4.167,100.0,819,0,0.0
2024-01-01 00:13:26,806,Normal,28.88,37.69,88.81,61,727,2526.82,0.2489,0.3511,526.71,1000.0,0.114,100.0,727,0,0.0
2024-01-01 00:13:27,807,Normal,35.81,50.99,79.74,36,782,2438.11,0.2981,0.3019,452.88,1000.0,-14.766,100.0,782,0,0.0
2024-01-01 00:13:28,808,Normal,35.46,39.24,79.53,21,703,2512.2,0.2651,0.3349,502.3125,1000.0,9.8865,100.0,703,0,0.0
2024-01-01 00:13:29,809,Normal,34.25,39.17,71.51,46,806,2510.72,0.2605,0.3395,509.3175,1000.0,1.401,100.0,806,0,0.0
2024-01-01 00:13:30,810,Normal,39.45,39.5,85.99,39,857,2463.93,0.2857,0.3143,471.495,1000.0,-7.5645,100.0,857,0,0.0
2024-01-01 00:13:31,811,Normal,36.88,44.33,90.7,61,790,2455.77,0.2944,0.3056,458.3925,1000.0,-2.6205,100.0,790,0,0.0
2024-01-01 00:13:32,812,Normal,36.22,45.32,70.22,37,818,2483.01,0.2807,0.3193,478.905,1000.0,4.1025,100.0,818,0,0.0
2024-01-01 00:13:33,813,Normal,37.08,35.88,78.88,48,578,2505.2,0.2661,0.3339,500.82,1000.0,4.383,100.0,578,0,0.0
2024-01-01 00:13:34,814,Normal,33.9,39.21,77.6,78,678,2498.92,0.2672,0.3328,499.2375,1000.0,-0.3165,100.0,678,0,0.0
2024-01-01 00:13:35,815,Normal,30.88,26.94,72.79,42,749,2587.53,0.2181,0.3819,572.8125,1000.0,14.715,100.0,749,0,0.0
2024-01-01 00:13:36,816,Normal,40.54,44.3,81.17,42,902,2426.29,0.2995,0.3005,450.7125,1000.0,-24.42,100.0,902,0,0.0
2024-01-01 00:13:37,817,Normal,34.9,35.91,54.26,41,875,2548.49,0.2452,0.3548,532.1925,1000.0,16.296,100.0,875,0,0.0
2024-01-01 00:13:38,818,Normal,46.38,40.31,68.52,26,855,2431.28,0.3013,0.2987,448.1025,1000.0,-16.818,100.0,855,0,0.0
2024-01-01 00:13:39,819,Normal,26.18,42.75,92.27,58,778,2534.37,0.2533,0.3467,519.99,1000.0,14.3775,100.0,778,0,0.0
2024-01-01 00:13:40,820,Normal,37.82,40.85,68.33,87,764,2468.92,0.2817,0.3183,477.435,1000.0,-8.511,100.0,764,0,0.0
2024-01-01 00:13:41,821,Normal,38.88,27.91,99.15,79,802,2503.41,0.2673,0.3327,499.08,1000.0,4.329,100.0,802,0,0.0
2024-01-01 00:13:42,822,Normal,37.79,42.79,70.36,60,719,2470.03,0.2834,0.3166,474.87,1000.0,-4.842,100.0,719,0,0.0
2024-01-01 00:13:43,823,Normal,31.96,45.63,94.62,35,726,2483.73,0.2785,0.3215,482.2575,1000.0,1.4775,100.0,726,0,0.0
2024-01-01 00:13:44,824,Normal,31.77,43.66,65.0,57,874,2513.04,0.2614,0.3386,507.9075,1000.0,5.13,100.0,874,0,0.0
2024-01-01 00:13:45,825,Normal,34.56,45.05,75.44,45,702,2477.92,0.2781,0.3219,482.9175,1000.0,-4.998,100.0,702,0,0.0
2024-01-01 00:13:46,826,Normal,40.09,36.17,85.25,48,694,2478.4,0.2806,0.3194,479.1525,1000.0,-0.753,100.0,694,0,0.0
2024-01-01 00:13:47,827,Normal,31.95,46.91,83.02,29,830,2489.24,0.275,0.325,487.56,1000.0,1.6815,100.0,830,0,0.0
2024-01-01 00:13:48,828,Normal,34.27,57.27,84.28,42,942,2421.68,0.3116,0.2884,432.66,1000.0,-10.98,100.0,942,0,0.0
2024-01-01 00:13:49,829,Normal,25.79,40.47,109.92,47,626,2537.26,0.2535,0.3465,519.825,1000.0,17.433,100.0,626,0,0.0
2024-01-01 00:13:50,830,Normal,33.02,47.27,85.64,33,731,2469.31,0.2815,0.3185,477.7275,1000.0,-8.4195,100.0,731,0,0.0
2024-01-01 00:13:51,831,Normal,32.2,41.81,100.07,71,845,2484.22,0.2779,0.3221,483.135,1000.0,1.0815,100.0,845,0,0.0
2024-01-01 00:13:52,832,Normal,28.34,33.36,88.0,23,777,2569.3,0.23,0.37,554.94,1000.0,14.361,100.0,777,0,0.0
2024-01-01 00:13:53,833,Normal,36.52,34.31,64.64,48,850,2513.4,0.2531,0.3469,520.3275,1000.0,-6.9225,100.0,850,0,0.0
2024-01-01 00:13:54,834,Normal,40.31,43.04,81.1,35,692,2445.86,0.2945,0.3055,458.2725,1000.0,-12.411,100.0,692,0,0.0
2024-01-01 00:13:55,835,Normal,32.45,42.05,85.05,8,721,2515.98,0.2624,0.3376,506.3625,1000.0,9.618,100.0,721,0,0.0
2024-01-01 00:13:56,836,Normal,41.02,40.4,58.74,97,797,2459.45,0.2885,0.3115,467.265,1000.0,-7.8195,100.0,797,0,0.0
2024-01-01 00:13:57,837,Normal,36.92,42.0,74.49,35,1012,2488.46,0.2767,0.3233,484.9275,1000.0,3.5325,100.0,1012,0,0.0
2024-01-01 00:13:58,838,Normal,40.02,44.11,88.64,29,927,2444.79,0.299,0.301,451.4775,1000.0,-6.69,100.0,927,0,0.0
2024-01-01 00:13:59,839,Normal,30.78,41.42,55.41,9,831,2557.1,0.2403,0.3597,539.4975,1000.0,17.604,100.0,831,0,0.0
2024-01-01 00:14:00,840,Normal,30.95,30.05,88.11,92,938,2537.75,0.2413,0.3587,538.0425,1000.0,-0.291,100.0,938,0,0.0
2024-01-01 00:14:01,841,Normal,33.71,40.04,93.32,72,765,2476.41,0.2755,0.3245,486.6825,1000.0,-10.272,100.0,765,0,0.0
2024-01-01 00:14:02,842,Normal,35.17,41.5,88.31,47,787,2482.17,0.2781,0.3219,482.925,1000.0,-0.7515,100.0,787,0,0.0
2024-01-01 00:14:03,843,Normal,41.9,46.05,87.16,84,761,2411.1,0.318,0.282,423.0675,1000.0,-11.9715,100.0,761,0,0.0
2024-01-01 00:14:04,844,Normal,43.11,42.71,129.07,26,731,2408.42,0.3261,0.2739,410.8575,1000.0,-2.442,100.0,731,0,0.0
2024-01-01 00:14:05,845,Normal,37.09,41.99,109.25,36,890,2467.16,0.2948,0.3052,457.7775,1000.0,9.384,100.0,890,0,0.0
2024-01-01 00:14:06,846,Normal,40.81,43.52,65.59,78,922,2455.41,0.2961,0.3039,455.805,1000.0,-0.3945,100.0,922,0,0.0
2024-01-01 00:14:07,847,Normal,38.0,41.02,83.39,48,864,2476.84,0.2844,0.3156,473.3325,1000.0,3.5055,100.0,864,0,0.0
2024-01-01 00:14:08,848,Normal,35.16,35.76,64.27,34,822,2535.88,0.2497,0.3503,525.4575,1000.0,10.425,100.0,822,0,0.0
2024-01-01 00:14:09,849,Normal,34.87,41.08,87.51,37,946,2481.62,0.274,0.326,488.925,1000.0,-7.3065,100.0,946,0,0.0
2024-01-01 00:14:10,850,Normal,33.66,37.83,87.24,13,720,2517.9,0.258,0.342,513.0675,1000.0,4.8285,100.0,720,0,0.0
2024-01-01 00:14:11,851,Normal,39.91,31.31,96.76,80,763,2476.37,0.2783,0.3217,482.49,1000.0,-6.1155,100.0,763,0,0.0
2024-01-01 00:14:12,852,Normal,36.46,45.6,73.0,67,732,2464.81,0.2882,0.3118,467.76,1000.0,-2.946,100.0,732,0,0.0
2024-01-01 00:14:13,853,Normal,32.61,36.0,85.14,73,781,2522.67,0.2577,0.3423,513.5175,1000.0,9.1515,100.0,781,0,0.0
2024-01-01 00:14:14,854,Normal,28.64,34.59,85.92,86,839,2540.66,0.2426,0.3574,536.1375,1000.0,4.524,100.0,839,0,0.0
2024-01-01 00:14:15,855,Normal,33.07,43.83,76.41,42,704,2487.09,0.2698,0.3302,495.2625,1000.0,-8.175,100.0,704,0,0.0
2024-01-01 00:14:16,856,Normal,42.04,27.3,91.97,40,758,2499.67,0.2674,0.3326,498.9375,1000.0,0.735,100.0,758,0,0.0
2024-01-01 00:14:17,857,Normal,43.46,36.43,69.8,47,841,2466.97,0.2851,0.3149,472.2975,1000.0,-5.328,100.0,841,0,0.0
2024-01-01 00:14:18,858,Normal,32.79,32.13,67.01,75,807,2553.82,0.2398,0.3602,540.2325,1000.0,13.587,100.0,807,0,0.0
2024-01-01 00:14:19,859,Normal,37.26,38.69,70.11,83,781,2477.6,0.2746,0.3254,488.04,1000.0,-10.4385,100.0,781,0,0.0
2024-01-01 00:14:20,860,Normal,32.78,45.48,69.16,38,801,2498.71,0.2687,0.3313,496.935,1000.0,1.779,100.0,801,0,0.0
2024-01-01 00:14:21,861,Normal,35.0,41.3,111.38,56,562,2458.9,0.2898,0.3102,465.24,1000.0,-6.339,100.0,562,0,0.0
2024-01-01 00:14:22,862,Normal,36.63,40.19,80.65,54,797,2488.16,0.2771,0.3229,484.3425,1000.0,3.8205,100.0,797,0,0.0
2024-01-01 00:14:23,863,Normal,34.74,43.07,71.87,31,1102,2497.4,0.2698,0.3301,495.225,1000.0,2.1765,100.0,1102,0,0.0
2024-01-01 00:14:24,864,Normal,31.42,40.5,57.57,52,706,2534.91,0.2478,0.3522,528.2925,1000.0,6.6135,100.0,706,0,0.0
2024-01-01 00:14:25,865,Normal,32.79,45.23,87.08,61,622,2469.39,0.2805,0.3195,479.205,1000.0,-9.8175,100.0,622,0,0.0
2024-01-01 00:14:26,866,Normal,44.18,34.04,102.93,70,857,2441.11,0.3017,0.2983,447.4575,1000.0,-6.3495,100.0,857,0,0.0
2024-01-01 00:14:27,867,Normal,30.73,40.76,72.94,50,775,2534.34,0.2534,0.3466,519.8625,1000.0,14.481,100.0,775,0,0.0
2024-01-01 00:14:28,868,Normal,24.81,45.61,78.78,40,743,2532.78,0.2462,0.3538,530.625,1000.0,2.1525,100.0,743,0,0.0
2024-01-01 00:14:29,869,Normal,36.79,35.53,46.17,58,851,2525.0,0.2494,0.3506,525.9375,1000.0,-0.9375,100.0,851,0,0.0
2024-01-01 00:14:30,870,Normal,34.0,34.26,81.33,20,697,2527.85,0.2483,0.3517,527.5275,1000.0,0.318,100.0,697,0,0.0
2024-01-01 00:14:31,871,Normal,31.25,44.22,74.56,41,995,2500.46,0.2634,0.3366,504.9675,1000.0,-4.512,100.0,995,0,0.0
2024-01-01 00:14:32,872,Normal,36.76,41.69,74.45,38,581,2482.55,0.2758,0.3242,486.285,1000.0,-3.7365,100.0,581,0,0.0
2024-01-01 00:14:33,873,Normal,39.84,42.24,77.31,47,873,2459.4,0.2907,0.3093,463.8825,1000.0,-4.4805,100.0,873,0,0.0
2024-01-01 00:14:34,874,Normal,27.23,37.05,62.96,85,887,2569.34,0.2322,0.3678,551.76,1000.0,17.5755,100.0,887,0,0.0
2024-01-01 00:14:35,875,Normal,23.99,32.43,78.01,40,667,2591.57,0.21,0.39,584.9325,1000.0,6.6345,100.0,667,0,0.0
2024-01-01 00:14:36,876,Normal,44.72,41.56,87.12,36,872,2406.13,0.3094,0.2906,435.93,1000.0,-29.8005,100.0,872,0,0.0
2024-01-01 00:14:37,877,Normal,33.1,38.58,89.17,17,959,2525.83,0.2594,0.3406,510.8475,1000.0,14.9835,100.0,959,0,0.0
2024-01-01 00:14:38,878,Normal,35.91,46.4,63.87,31,683,2476.94,0.2783,0.3217,482.595,1000.0,-5.6505,100.0,683,0,0.0
2024-01-01 00:14:39,879,Normal,36.25,40.33,73.03,29,673,2500.06,0.2686,0.3314,497.1525,1000.0,2.9115,100.0,673,0,0.0
2024-01-01 00:14:40,880,Normal,34.76,37.67,69.72,80,791,2507.72,0.2627,0.3373,505.9575,1000.0,1.761,100.0,791,0,0.0
2024-01-01 00:14:41,881,Normal,41.35,37.33,83.67,48,630,2462.06,0.2871,0.3129,469.3725,1000.0,-7.317,100.0,630,0,0.0
2024-01-01 00:14:42,882,Normal,42.14,39.32,91.2,34,783,2452.44,0.2965,0.3035,455.265,1000.0,-2.8215,100.0,783,0,0.0
2024-01-01 00:14:43,883,Normal,30.67,46.18,84.67,57,935,2496.32,0.2737,0.3263,489.48,1000.0,6.843,100.0,935,0,0.0
2024-01-01 00:14:44,884,Normal,40.78,43.83,58.67,36,699,2465.43,0.287,0.313,469.44,1000.0,-4.008,100.0,699,0,0.0
2024-01-01 00:14:45,885,Normal,38.64,40.85,59.14,46,650,2493.21,0.2738,0.3262,489.2475,1000.0,3.9615,100.0,650,0,0.0
2024-01-01 00:14:46,886,Normal,34.73,31.72,87.93,57,990,2526.08,0.2534,0.3466,519.945,1000.0,6.1395,100.0,990,0,0.0
2024-01-01 00:14:47,887,Normal,39.24,37.89,92.27,22,703,2469.31,0.2815,0.3185,477.75,1000.0,-8.439,100.0,703,0,0.0
2024-01-01 00:14:48,888,Normal,36.67,29.21,79.44,29,810,2542.66,0.2454,0.3546,531.84,1000.0,10.818,100.0,810,0,0.0
2024-01-01 00:14:49,889,Normal,29.61,42.12,80.29,78,800,2504.23,0.2608,0.3392,508.83,1000.0,-4.602,100.0,800,0,0.0
2024-01-01 00:14:50,890,Normal,31.16,38.77,59.84,58,858,2537.94,0.2446,0.3554,533.0925,1000.0,4.8525,100.0,858,0,0.0
2024-01-01 00:14:51,891,Normal,47.35,36.89,75.98,38,821,2430.43,0.3016,0.2984,447.54,1000.0,-17.1105,100.0,821,0,0.0
2024-01-01 00:14:52,892,Normal,36.91,39.73,96.29,37,898,2482.52,0.2822,0.3178,476.6925,1000.0,5.8305,100.0,898,0,0.0
2024-01-01 00:14:53,893,Normal,37.69,39.94,75.28,98,718,2473.27,0.2841,0.3159,473.8425,1000.0,-0.57,100.0,718,0,0.0
2024-01-01 00:14:54,894,Normal,36.49,36.25,106.78,67,732,2478.03,0.2818,0.3182,477.33,1000.0,0.6975,100.0,732,0,0.0
2024-01-01 00:14:55,895,Normal,37.56,41.29,72.25,65,838,2479.53,0.2806,0.3194,479.16,1000.0,0.366,100.0,838,0,0.0
2024-01-01 00:14:56,896,Normal,36.08,39.79,86.47,54,805,2485.41,0.2771,0.3229,484.365,1000.0,1.041,100.0,805,0,0.0
2024-01-01 00:14:57,897,Normal,31.79,48.47,64.24,58,767,2491.26,0.2733,0.3267,490.11,1000.0,1.149,100.0,767,0,0.0
2024-01-01 00:14:58,898,Normal,43.8,35.48,68.97,30,832,2476.2,0.281,0.319,478.5225,1000.0,-2.3175,100.0,832,0,0.0
2024-01-01 00:14:59,899,Normal,28.13,37.61,47.71,54,749,2580.31,0.2244,0.3756,563.3475,1000.0,16.965,100.0,749,0,0.0
2024-01-01 00:15:00,900,Normal,27.56,45.43,60.38,65,729,2517.38,0.25,0.35,525.0375,1000.0,-7.662,100.0,729,0,0.0
2024-01-01 00:15:01,901,Normal,43.01,43.75,64.88,31,860,2440.39,0.297,0.303,454.5,1000.0,-14.1075,100.0,860,0,0.0
2024-01-01 00:15:02,902,Normal,33.69,39.15,99.08,35,809,2502.06,0.2706,0.3294,494.13,1000.0,7.926,100.0,809,0,0.0
2024-01-01 00:15:03,903,Normal,39.77,44.05,77.61,44,626,2450.67,0.2947,0.3053,457.9125,1000.0,-7.2435,100.0,626,0,0.0
2024-01-01 00:15:04,904,Normal,29.72,41.59,77.93,51,903,2530.12,0.2546,0.3454,518.085,1000.0,12.0345,100.0,903,0,0.0
2024-01-01 00:15:05,905,Normal,29.06,38.82,82.83,35,943,2534.62,0.2454,0.3546,531.8625,1000.0,2.7555,100.0,943,0,0.0
2024-01-01 00:15:06,906,Normal,39.54,41.45,106.91,20,799,2436.38,0.2985,0.3015,452.295,1000.0,-15.9135,100.0,799,0,0.0
2024-01-01 00:15:07,907,Normal,36.83,35.43,84.51,27,869,2514.73,0.2638,0.3362,504.3225,1000.0,10.4055,100.0,869,0,0.0
2024-01-01 00:15:08,908,Normal,40.29,41.36,52.21,30,856,2484.1,0.275,0.325,487.47,1000.0,-3.3705,100.0,856,0,0.0
2024-01-01 00:15:09,909,Normal,35.11,26.53,98.64,52,718,2539.11,0.2463,0.3537,530.505,1000.0,8.607,100.0,718,0,0.0
2024-01-01 00:15:10,910,Normal,39.97,36.61,69.67,57,978,2479.25,0.2748,0.3252,487.7925,1000.0,-8.5425,100.0,978,0,0.0
2024-01-01 00:15:11,911,Normal,43.12,41.8,86.94,65,674,2426.89,0.3086,0.2914,437.04,1000.0,-10.1505,100.0,674,0,0.0
2024-01-01 00:15:12,912,Normal,38.22,36.33,84.78,45,850,2499.87,0.2737,0.3263,489.3975,1000.0,10.4715,100.0,850,0,0.0
2024-01-01 00:15:13,913,Normal,35.59,24.63,82.68,62,844,2555.92,0.2368,0.3632,544.83,1000.0,11.0865,100.0,844,0,0.0
2024-01-01 00:15:14,914,Normal,34.49,48.21,84.67,58,904,2444.94,0.2923,0.3077,461.5875,1000.0,-16.6485,100.0,904,0,0.0
2024-01-01 00:15:15,915,Normal,36.81,35.51,43.42,40,876,2546.11,0.2453,0.3547,532.02,1000.0,14.0865,100.0,876,0,0.0
2024-01-01 00:15:16,916,Normal,33.23,44.01,82.23,75,770,2471.95,0.2787,0.3213,481.9575,1000.0,-10.0125,100.0,770,0,0.0
2024-01-01 00:15:17,917,Normal,37.34,42.53,102.52,15,754,2460.66,0.2905,0.3095,464.2125,1000.0,-3.549,100.0,754,0,0.0
2024-01-01 00:15:18,918,Normal,39.24,47.73,83.6,44,875,2438.04,0.3051,0.2949,442.4025,1000.0,-4.362,100.0,875,0,0.0
2024-01-01 00:15:19,919,Normal,39.34,38.2,84.95,73,989,2475.61,0.2866,0.3134,470.0775,1000.0,5.535,100.0,989,0,0.0
2024-01-01 00:15:20,920,Normal,38.71,40.22,79.19,61,788,2473.38,0.2848,0.3152,472.83,1000.0,0.5505,100.0,788,0,0.0
2024-01-01 00:15:21,921,Normal,35.95,34.71,99.46,27,756,2505.95,0.2664,0.3336,500.43,1000.0,5.52,100.0,756,0,0.0
2024-01-01 00:15:22,922,Normal,35.49,49.95,73.66,36,744,2455.54,0.2913,0.3087,463.02,1000.0,-7.482,100.0,744,0,0.0
2024-01-01 00:15:23,923,Normal,43.29,25.94,64.96,104,859,2511.39,0.2644,0.3356,503.3325,1000.0,8.0625,100.0,859,0,0.0
2024-01-01 00:15:24,924,Normal,29.47,39.79,81.01,66,983,2523.89,0.253,0.347,520.4625,1000.0,3.426,100.0,983,0,0.0
2024-01-01 00:15:25,925,Normal,36.94,37.3,91.81,36,696,2482.99,0.2738,0.3262,489.2325,1000.0,-6.246,100.0,696,0,0.0
2024-01-01 00:15:26,926,Normal,26.2,32.17,66.55,26,831,2605.41,0.2093,0.3907,586.05,1000.0,19.3635,100.0,831,0,0.0
2024-01-01 00:15:27,927,Normal,29.0,24.28,64.34,40,739,2602.12,0.2004,0.3996,599.445,1000.0,2.679,100.0,739,0,0.0
2024-01-01 00:15:28,928,Normal,42.6,36.93,93.21,49,795,2428.43,0.2954,0.3046,456.93,1000.0,-28.503,100.0,795,0,0.0
2024-01-01 00:15:29,929,Normal,30.82,39.71,68.52,53,776,2539.77,0.2494,0.3506,525.9675,1000.0,13.8075,100.0,776,0,0.0
2024-01-01 00:15:30,930,Normal,30.28,44.96,86.4,41,814,2492.89,0.2677,0.3323,498.405,1000.0,-5.5125,100.0,814,0,0.0
2024-01-01 00:15:31,931,Normal,34.58,35.66,81.06,37,705,2519.05,0.2563,0.3437,515.61,1000.0,3.441,100.0,705,0,0.0
2024-01-01 00:15:32,932,Normal,26.89,38.21,88.5,36,1052,2546.16,0.2393,0.3607,541.065,1000.0,5.091,100.0,1052,0,0.0
2024-01-01 00:15:33,933,Normal,39.43,46.52,91.93,87,721,2407.81,0.3133,0.2867,430.02,1000.0,-22.209,100.0,721,0,0.0
2024-01-01 00:15:34,934,Normal,22.2,37.77,88.37,53,827,2590.33,0.2243,0.3757,563.61,1000.0,26.718,100.0,827,0,0.0
2024-01-01 00:15:35,935,Normal,41.6,41.91,91.98,31,690,2425.45,0.301,0.299,448.4775,1000.0,-23.0265,100.0,690,0,0.0
2024-01-01 00:15:36,936,Normal,43.07,40.5,70.65,37,735,2463.14,0.2929,0.3071,460.695,1000.0,2.4435,100.0,735,0,0.0
2024-01-01 00:15:37,937,Normal,31.46,33.58,57.49,46,740,2574.39,0.2297,0.3703,555.4425,1000.0,18.9495,100.0,740,0,0.0
2024-01-01 00:15:38,938,Normal,40.54,41.47,83.98,35,787,2441.86,0.2928,0.3072,460.7925,1000.0,-18.93,100.0,787,0,0.0
2024-01-01 00:15:39,939,Normal,36.81,43.58,78.59,71,800,2469.93,0.2877,0.3123,468.405,1000.0,1.5225,100.0,800,0,0.0
2024-01-01 00:15:40,940,Normal,38.96,37.55,52.81,55,872,2509.52,0.2649,0.3351,502.665,1000.0,6.852,100.0,872,0,0.0
2024-01-01 00:15:41,941,Normal,37.88,42.11,74.77,33,855,2475.12,0.2802,0.3198,479.715,1000.0,-4.59,100.0,855,0,0.0
2024-01-01 00:15:42,942,Normal,37.13,37.2,96.64,32,741,2487.12,0.2761,0.3239,485.8875,1000.0,1.2345,100.0,741,0,0.0
2024-01-01 00:15:43,943,Normal,43.18,44.34,74.63,55,815,2429.24,0.3075,0.2925,438.6825,1000.0,-9.441,100.0,815,0,0.0
2024-01-01 00:15:44,944,Normal,21.27,35.47,79.24,42,824,2615.99,0.209,0.391,586.44,1000.0,29.5515,100.0,824,0,0.0
2024-01-01 00:15:45,945,Normal,40.65,38.39,64.14,56,767,2461.02,0.2787,0.3213,481.92,1000.0,-20.904,100.0,767,0,0.0
2024-01-01 00:15:46,946,Normal,34.22,38.54,113.63,5,761,2490.98,0.2737,0.3263,489.4725,1000.0,1.5105,100.0,761,0,0.0
2024-01-01 00:15:47,947,Normal,34.98,36.09,93.5,66,795,2497.36,0.2693,0.3307,496.0425,1000.0,1.314,100.0,795,0,0.0
2024-01-01 00:15:48,948,Normal,33.65,39.44,78.43,48,781,2507.77,0.2628,0.3372,505.815,1000.0,1.9545,100.0,781,0,0.0
2024-01-01 00:15:49,949,Normal,36.26,43.77,61.55,28,625,2490.48,0.2713,0.3287,493.035,1000.0,-2.556,100.0,625,0,0.0
2024-01-01 00:15:50,950,Normal,39.33,41.25,87.58,21,978,2463.5,0.2877,0.3123,468.42,1000.0,-4.923,100.0,978,0,0.0
2024-01-01 00:15:51,951,Normal,31.96,40.84,92.82,30,745,2509.55,0.2649,0.3351,502.695,1000.0,6.855,100.0,745,0,0.0
2024-01-01 00:15:52,952,Normal,35.9,54.29,84.52,82,920,2410.78,0.3159,0.2841,426.0975,1000.0,-15.3195,100.0,920,0,0.0
2024-01-01 00:15:53,953,Normal,36.84,35.05,95.9,20,960,2513.25,0.2675,0.3325,498.7275,1000.0,14.526,100.0,960,0,0.0
2024-01-01 00:15:54,954,Normal,36.0,26.75,74.89,63,776,2548.67,0.2398,0.3602,540.345,1000.0,8.3235,100.0,776,0,0.0
2024-01-01 00:15:55,955,Normal,38.58,35.75,60.41,48,803,2500.67,0.2618,0.3382,507.285,1000.0,-6.612,100.0,803,0,0.0
2024-01-01 00:15:56,956,Normal,33.26,46.14,67.25,56,806,2485.73,0.2738,0.3262,489.3225,1000.0,-3.5925,100.0,806,0,0.0
2024-01-01 00:15:57,957,Normal,27.22,33.4,80.18,89,857,2564.16,0.2322,0.3678,551.685,1000.0,12.4725,100.0,857,0,0.0
2024-01-01 00:15:58,958,Normal,26.37,24.45,91.0,48,914,2598.65,0.2061,0.3939,590.82,1000.0,7.827,100.0,914,0,0.0
2024-01-01 00:15:59,959,Normal,30.6,41.75,92.69,41,757,2486.69,0.264,0.336,504.045,1000.0,-17.355,100.0,757,0,0.0
2024-01-01 00:16:00,960,Normal,35.13,42.71,79.78,69,753,2475.24,0.28,0.32,480.045,1000.0,-4.8,100.0,753,0,0.0
2024-01-01 00:16:01,961,Normal,28.36,49.88,70.93,38,793,2506.77,0.2651,0.3349,502.3125,1000.0,4.4535,100.0,793,0,0.0
2024-01-01 00:16:02,962,Normal,35.34,38.07,79.74,49,817,2500.58,0.2661,0.3339,500.8725,1000.0,-0.288,100.0,817,0,0.0
2024-01-01 00:16:03,963,Normal,23.21,49.4,77.79,61,662,2524.82,0.2528,0.3472,520.83,1000.0,3.9915,100.0,662,0,0.0
2024-01-01 00:16:04,964,Normal,32.64,36.64,102.05,38,875,2503.22,0.2626,0.3374,506.1525,1000.0,-2.9355,100.0,875,0,0.0
2024-01-01 00:16:05,965,Normal,31.75,37.74,76.32,75,611,2519.98,0.2549,0.3451,517.6725,1000.0,2.304,100.0,611,0,0.0
2024-01-01 00:16:06,966,Normal,28.42,30.26,63.69,33,638,2595.02,0.2119,0.3881,582.1275,1000.0,12.891,100.0,638,0,0.0
2024-01-01 00:16:07,967,Normal,31.33,29.93,64.73,74,840,2553.27,0.2279,0.3721,558.0825,1000.0,-4.809,100.0,840,0,0.0
2024-01-01 00:16:08,968,Normal,35.94,34.99,56.96,27,795,2525.95,0.2458,0.3542,531.3075,1000.0,-5.355,100.0,795,0,0.0
2024-01-01 00:16:09,969,Normal,39.34,44.51,89.46,35,802,2435.64,0.2989,0.3011,451.5825,1000.0,-15.945,100.0,802,0,0.0
2024-01-01 00:16:10,970,Normal,33.39,38.99,110.56,14,776,2500.59,0.2717,0.3283,492.42,1000.0,8.1675,100.0,776,0,0.0
2024-01-01 00:16:11,971,Normal,41.06,32.67,70.34,39,777,2501.99,0.2664,0.3336,500.3925,1000.0,1.5945,100.0,777,0,0.0
2024-01-01 00:16:12,972,Normal,27.02,42.98,89.99,60,712,2519.09,0.256,0.344,515.9775,1000.0,3.117,100.0,712,0,0.0
2024-01-01 00:16:13,973,Normal,35.43,35.5,75.01,93,809,2501.23,0.2642,0.3358,503.685,1000.0,-2.4585,100.0,809,0,0.0
2024-01-01 00:16:14,974,Normal,29.06,40.9,59.72,26,695,2551.37,0.2377,0.3623,543.42,1000.0,7.947,100.0,695,0,0.0
2024-01-01 00:16:15,975,Normal,32.78,44.68,88.68,60,690,2467.73,0.2798,0.3202,480.345,1000.0,-12.615,100.0,690,0,0.0
2024-01-01 00:16:16,976,Normal,32.29,41.36,70.58,44,844,2518.98,0.2583,0.3417,512.5425,1000.0,6.4395,100.0,844,0,0.0
2024-01-01 00:16:17,977,Normal,33.26,41.13,103.89,46,917,2476.95,0.2781,0.3219,482.88,1000.0,-5.9325,100.0,917,0,0.0
2024-01-01 00:16:18,978,Normal,37.8,32.66,63.47,33,714,2532.28,0.2506,0.3494,524.0475,1000.0,8.2335,100.0,714,0,0.0
2024-01-01 00:16:19,979,Normal,34.55,43.07,98.83,56,755,2459.64,0.2864,0.3136,470.3775,1000.0,-10.734,100.0,755,0,0.0
2024-01-01 00:16:20,980,Normal,24.59,40.35,80.39,53,1010,2562.77,0.2351,0.3649,547.3725,1000.0,15.399,100.0,1010,0,0.0
2024-01-01 00:16:21,981,Normal,41.2,43.93,65.57,39,790,2443.74,0.2927,0.3073,461.01,1000.0,-17.2725,100.0,790,0,0.0
2024-01-01 00:16:22,982,Normal,31.12,42.5,85.35,28,919,2516.12,0.262,0.338,506.9325,1000.0,9.1845,100.0,919,0,0.0
2024-01-01 00:16:23,983,Normal,35.51,31.35,79.23,55,897,2527.67,0.2505,0.3495,524.2125,1000.0,3.456,100.0,897,0,0.0
2024-01-01 00:16:24,984,Normal,33.31,44.14,82.81,23,658,2485.94,0.2718,0.3282,492.315,1000.0,-6.3795,100.0,658,0,0.0
2024-01-01 00:16:25,985,Normal,40.61,45.98,84.84,79,905,2421.1,0.3114,0.2886,432.9675,1000.0,-11.8695,100.0,905,0,0.0
2024-01-01 00:16:26,986,Normal,38.42,35.44,105.97,60,761,2480.31,0.2851,0.3149,472.4175,1000.0,7.89,100.0,761,0,0.0
2024-01-01 00:16:27,987,Normal,31.66,41.28,54.93,63,704,2533.85,0.2509,0.3491,523.6125,1000.0,10.239,100.0,704,0,0.0
2024-01-01 00:16:28,988,Normal,36.85,37.39,76.03,34,783,2497.26,0.2656,0.3344,501.6525,1000.0,-4.392,100.0,783,0,0.0
2024-01-01 00:16:29,989,Normal,44.45,46.93,85.32,49,884,2398.43,0.3229,0.2771,415.635,1000.0,-17.2035,100.0,884,0,0.0
2024-01-01 00:16:30,990,Normal,40.65,35.85,78.84,13,912,2504.99,0.2733,0.3267,490.095,1000.0,14.892,100.0,912,0,0.0
2024-01-01 00:16:31,991,Normal,45.33,40.4,48.12,62,709,2454.55,0.293,0.307,460.4775,1000.0,-5.9235,100.0,709,0,0.0
2024-01-01 00:16:32,992,Normal,31.68,43.13,83.82,40,735,2508.0,0.2666,0.3334,500.0775,1000.0,7.92,100.0,735,0,0.0
2024-01-01 00:16:33,993,Normal,35.63,37.95,63.36,43,833,2516.11,0.2577,0.3423,513.435,1000.0,2.6715,100.0,833,0,0.0
2024-01-01 00:16:34,994,Normal,34.11,32.93,94.84,0,755,2528.88,0.2491,0.3509,526.305,1000.0,2.574,100.0,755,0,0.0
2024-01-01 00:16:35,995,Normal,31.9,40.74,88.42,72,728,2491.42,0.2685,0.3315,497.235,1000.0,-5.814,100.0,728,0,0.0
2024-01-01 00:16:36,996,Normal,37.93,40.98,54.33,88,656,2484.53,0.2756,0.3244,486.645,1000.0,-2.118,100.0,656,0,0.0
2024-01-01 00:16:37,997,Normal,37.1,41.95,84.13,40,882,2473.65,0.2828,0.3172,475.815,1000.0,-2.166,100.0,882,0,0.0
2024-01-01 00:16:38,998,Normal,27.2,39.67,71.54,36,842,2560.86,0.2355,0.3645,546.6825,1000.0,14.1735,100.0,842,0,0.0
2024-01-01 00:16:39,999,Normal,40.39,38.28,91.71,50,710,2447.91,0.2904,0.3096,464.37,1000.0,-16.4625,100.0,710,0,0.0
2024-01-01 00:16:40,1000,Peak Load,35.94,40.9,64.1,80,896,2497.36,0.2721,0.3279,491.865,1000.0,5.499,100.0,896,0,0.0
2024-01-01 00:16:41,1001,Peak Load,25.32,31.47,98.01,6,912,2590.67,0.2172,0.3828,574.2,1000.0,16.467,100.0,912,0,0.0
2024-01-01 00:16:42,1002,Peak Load,44.33,34.17,43.18,156,923,2451.13,0.2856,0.3144,471.645,1000.0,-20.511,100.0,923,0,0.0
2024-01-01 00:16:43,1003,Peak Load,34.77,36.56,70.48,0,1031,2538.67,0.2483,0.3517,527.4975,1000.0,11.1705,100.0,1031,0,0.0
2024-01-01 00:16:44,1004,Peak Load,31.95,50.78,74.04,0,771,2478.07,0.2758,0.3242,486.3075,1000.0,-8.238,100.0,771,0,0.0
2024-01-01 00:16:45,1005,Peak Load,17.22,42.31,81.22,107,481,2581.87,0.2227,0.3773,565.9425,1000.0,15.927,100.0,481,0,0.0
2024-01-01 00:16:46,1006,Peak Load,47.55,48.94,124.15,55,1062,2320.43,0.3591,0.2409,361.35,1000.0,-40.9185,100.0,1062,0,0.0
2024-01-01 00:16:47,1007,Peak Load,26.52,48.22,63.72,0,637,2566.32,0.2452,0.3548,532.155,1000.0,34.161,100.0,637,0,0.0
2024-01-01 00:16:48,1008,Peak Load,38.38,37.49,98.4,0,438,2474.51,0.2773,0.3227,484.1175,1000.0,-9.6075,100.0,438,0,0.0
2024-01-01 00:16:49,1009,Peak Load,49.36,49.61,55.91,60,1069,2382.44,0.3337,0.2663,399.39,1000.0,-16.9455,100.0,1069,0,0.0
2024-01-01 00:16:50,1010,Peak Load,41.77,44.36,120.51,17,873,2424.3,0.3199,0.2801,420.15,1000.0,4.152,100.0,873,0,0.0
2024-01-01 00:16:51,1011,Peak Load,38.32,41.44,76.22,66,875,2481.66,0.2857,0.3143,471.405,1000.0,10.251,100.0,875,0,0.0
2024-01-01 00:16:52,1012,Peak Load,30.12,49.0,58.89,49,811,2509.23,0.2647,0.3353,502.9275,1000.0,6.3045,100.0,811,0,0.0
2024-01-01 00:16:53,1013,Peak Load,41.41,28.58,115.18,22,1116,2480.32,0.2773,0.3227,484.0875,1000.0,-3.768,100.0,1116,0,0.0
2024-01-01 00:16:54,1014,Peak Load,34.76,43.11,146.13,47,1121,2425.99,0.3095,0.2904,435.675,1000.0,-9.6825,100.0,1121,0,0.0
2024-01-01 00:16:55,1015,Peak Load,38.94,46.39,91.08,115,738,2425.77,0.3151,0.2849,427.4175,1000.0,-1.6515,100.0,738,0,0.0
2024-01-01 00:16:56,1016,Peak Load,30.8,39.04,92.24,51,1019,2528.01,0.2592,0.3408,511.245,1000.0,16.7655,100.0,1019,0,0.0
2024-01-01 00:16:57,1017,Peak Load,49.15,36.71,67.49,0,1285,2442.17,0.2975,0.3025,453.6825,1000.0,-11.5125,100.0,1285,0,0.0
2024-01-01 00:16:58,1018,Peak Load,41.19,46.94,49.57,66,982,2456.1,0.2962,0.3038,455.7,1000.0,0.4035,100.0,982,0,0.0
2024-01-01 00:16:59,1019,Peak Load,36.78,51.14,159.39,9,677,2381.14,0.3376,0.2624,393.5625,1000.0,-12.4275,100.0,677,0,0.0
2024-01-01 00:17:00,1020,Peak Load,31.82,54.88,121.58,59,891,2428.51,0.3182,0.2818,422.685,1000.0,5.8245,100.0,891,0,0.0
2024-01-01 00:17:01,1021,Peak Load,32.35,49.9,79.17,52,1007,2481.82,0.2854,0.3146,471.96,1000.0,9.855,100.0,1007,0,0.0
2024-01-01 00:17:02,1022,Peak Load,37.42,42.06,91.15,116,1216,2447.24,0.2991,0.3009,451.3575,1000.0,-4.1205,100.0,1216,0,0.0
2024-01-01 00:17:03,1023,Peak Load,43.65,49.36,85.11,26,1019,2408.99,0.3226,0.2774,416.055,1000.0,-7.0605,100.0,1019,0,0.0
2024-01-01 00:17:04,1024,Peak Load,40.38,33.81,81.52,64,788,2499.6,0.2762,0.3238,485.6775,1000.0,13.9245,100.0,788,0,0.0
2024-01-01 00:17:05,1025,Peak Load,50.9,47.16,132.83,86,908,2307.21,0.3754,0.2246,336.9525,1000.0,-29.745,100.0,908,0,0.0
2024-01-01 00:17:06,1026,Peak Load,31.6,43.92,92.29,0,786,2532.83,0.2665,0.3335,500.1825,1000.0,32.646,100.0,786,0,0.0
2024-01-01 00:17:07,1027,Peak Load,36.55,46.76,106.0,36,989,2434.16,0.3032,0.2968,445.1625,1000.0,-11.004,100.0,989,0,0.0
2024-01-01 00:17:08,1028,Peak Load,37.72,23.81,77.89,137,561,2539.1,0.251,0.349,523.44,1000.0,15.6555,100.0,561,0,0.0
2024-01-01 00:17:09,1029,Peak Load,40.12,55.03,69.87,73,638,2392.33,0.3239,0.2761,414.18,1000.0,-21.852,100.0,638,0,0.0
2024-01-01 00:17:10,1030,Peak Load,52.28,43.38,94.36,154,1033,2346.09,0.3617,0.2383,357.435,1000.0,-11.349,100.0,1033,0,0.0
2024-01-01 00:17:11,1031,Peak Load,32.3,39.46,108.07,36,479,2520.47,0.2711,0.3289,493.2975,1000.0,27.1725,100.0,479,0,0.0
2024-01-01 00:17:12,1032,Peak Load,38.92,33.66,141.98,85,723,2433.94,0.3041,0.2959,443.835,1000.0,-9.8925,100.0,723,0,0.0
2024-01-01 00:17:13,1033,Peak Load,33.8,30.83,60.77,136,1352,2548.15,0.2462,0.3538,530.76,1000.0,17.385,100.0,1352,0,0.0
2024-01-01 00:17:14,1034,Peak Load,45.24,43.44,81.06,18,1319,2415.54,0.3102,0.2898,434.745,1000.0,-19.203,100.0,1319,0,0.0
2024-01-01 00:17:15,1035,Peak Load,37.96,58.93,136.09,0,776,2366.24,0.3482,0.2518,377.655,1000.0,-11.418,100.0,776,0,0.0
2024-01-01 00:17:16,1036,Peak Load,34.16,43.59,92.74,257,695,2440.25,0.3135,0.2865,429.8175,1000.0,10.4325,100.0,695,0,0.0
2024-01-01 00:17:17,1037,Peak Load,41.39,48.5,94.77,84,704,2407.06,0.3261,0.2739,410.85,1000.0,-3.7935,100.0,704,0,0.0
2024-01-01 00:17:18,1038,Peak Load,40.45,47.8,104.91,112,1197,2403.24,0.3303,0.2697,404.505,1000.0,-1.269,100.0,1197,0,0.0
2024-01-01 00:17:19,1039,Peak Load,47.14,44.75,60.19,43,872,2434.96,0.3134,0.2866,429.885,1000.0,5.076,100.0,872,0,0.0
2024-01-01 00:17:20,1040,Peak Load,41.7,40.93,67.54,8,587,2484.18,0.2832,0.3168,475.1325,1000.0,9.0495,100.0,587,0,0.0
2024-01-01 00:17:21,1041,Peak Load,37.84,34.03,65.86,56,652,2519.05,0.2588,0.3412,511.7325,1000.0,7.32,100.0,652,0,0.0
2024-01-01 00:17:22,1042,Peak Load,42.8,49.53,79.66,54,1028,2398.85,0.3216,0.2784,417.6675,1000.0,-18.813,100.0,1028,0,0.0
2024-01-01 00:17:23,1043,Peak Load,34.1,38.9,132.3,134,1043,2451.34,0.3029,0.2971,445.725,1000.0,5.6115,100.0,1043,0,0.0
2024-01-01 00:17:24,1044,Peak Load,47.26,30.57,137.29,105,1127,2403.64,0.3262,0.2738,410.655,1000.0,-7.014,100.0,1127,0,0.0
2024-01-01 00:17:25,1045,Peak Load,42.99,44.78,88.68,104,864,2417.63,0.3224,0.2776,416.4675,1000.0,1.1625,100.0,864,0,0.0
2024-01-01 00:17:26,1046,Peak Load,46.88,33.37,80.95,206,803,2422.72,0.3189,0.2811,421.68,1000.0,1.0425,100.0,803,0,0.0
2024-01-01 00:17:27,1047,Peak Load,38.07,38.33,107.54,39,892,2476.02,0.2887,0.3113,466.965,1000.0,9.057,100.0,892,0,0.0
2024-01-01 00:17:28,1048,Peak Load,46.81,39.65,121.39,134,1142,2367.85,0.3438,0.2562,384.3675,1000.0,-16.5195,100.0,1142,0,0.0
2024-01-01 00:17:29,1049,Peak Load,41.18,67.26,129.63,104,758,2296.28,0.3927,0.2073,310.9575,1000.0,-14.682,100.0,758,0,0.0
2024-01-01 00:17:30,1050,Peak Load,39.33,54.59,149.55,174,1092,2342.8,0.375,0.225,337.4925,1000.0,5.307,100.0,1092,0,0.0
2024-01-01 00:17:31,1051,Peak Load,30.1,48.04,61.29,0,984,2551.53,0.2561,0.3439,515.8575,1000.0,35.673,100.0,984,0,0.0
2024-01-01 00:17:32,1052,Peak Load,44.37,50.99,113.71,119,741,2333.37,0.3575,0.2425,363.7875,1000.0,-30.414,100.0,741,0,0.0
2024-01-01 00:17:33,1053,Peak Load,39.39,34.15,38.96,132,789,2534.71,0.2625,0.3375,506.22,1000.0,28.4865,100.0,789,0,0.0
2024-01-01 00:17:34,1054,Peak Load,47.25,52.49,80.74,123,809,2339.0,0.3554,0.2446,366.87,1000.0,-27.87,100.0,809,0,0.0
2024-01-01 00:17:35,1055,Peak Load,25.55,45.62,85.46,62,1338,2546.72,0.2555,0.3445,516.7425,1000.0,29.9745,100.0,1338,0,0.0
2024-01-01 00:17:36,1056,Peak Load,28.15,47.47,70.01,144,1004,2483.8,0.2738,0.3262,489.2925,1000.0,-5.49,100.0,1004,0,0.0
2024-01-01 00:17:37,1057,Peak Load,43.43,38.21,77.15,146,1301,2427.73,0.308,0.292,437.9925,1000.0,-10.26,100.0,1301,0,0.0
2024-01-01 00:17:38,1058,Peak Load,44.28,38.58,110.55,236,969,2376.61,0.3421,0.2579,386.8425,1000.0,-10.23,100.0,969,0,0.0
2024-01-01 00:17:39,1059,Peak Load,52.18,39.71,99.39,128,1029,2371.19,0.3508,0.2492,373.8,1000.0,-2.6085,100.0,1029,0,0.0
2024-01-01 00:17:40,1060,Peak Load,34.39,39.26,130.56,163,1254,2450.4,0.3082,0.2918,437.6325,1000.0,12.7665,100.0,1254,0,0.0
2024-01-01 00:17:41,1061,Peak Load,55.0,45.9,91.85,173,1096,2310.05,0.3791,0.2209,331.3125,1000.0,-21.264,100.0,1096,0,0.0
2024-01-01 00:17:42,1062,Peak Load,32.75,37.75,116.2,82,950,2510.82,0.2794,0.3206,480.9,1000.0,29.9175,100.0,950,0,0.0
2024-01-01 00:17:43,1063,Peak Load,49.23,50.33,141.61,0,1007,2319.74,0.3689,0.2311,346.5975,1000.0,-26.8605,100.0,1007,0,0.0
2024-01-01 00:17:44,1064,Peak Load,46.25,34.36,82.33,44,963,2478.71,0.2955,0.3045,456.69,1000.0,22.0185,100.0,963,0,0.0
2024-01-01 00:17:45,1065,Peak Load,53.76,59.24,77.81,126,1072,2279.35,0.3941,0.2059,308.9025,1000.0,-29.5575,100.0,1072,0,0.0
2024-01-01 00:17:46,1066,Peak Load,43.88,47.91,111.62,197,1182,2372.53,0.3587,0.2413,361.9275,1000.0,10.605,100.0,1182,0,0.0
2024-01-01 00:17:47,1067,Peak Load,32.34,50.72,129.54,115,1190,2428.0,0.322,0.278,416.985,1000.0,11.0115,100.0,1190,0,0.0
2024-01-01 00:17:48,1068,Peak Load,42.36,46.58,106.68,0,949,2424.11,0.318,0.2819,422.925,1000.0,1.188,100.0,949,0,0.0
2024-01-01 00:17:49,1069,Peak Load,35.55,36.91,146.32,128,961,2439.11,0.3091,0.2909,436.41,1000.0,2.697,100.0,961,0,0.0
2024-01-01 00:17:50,1070,Peak Load,36.42,47.32,133.31,48,968,2417.39,0.3196,0.2804,420.5625,1000.0,-3.1695,100.0,968,0,0.0
2024-01-01 00:17:51,1071,Peak Load,47.93,31.72,102.11,73,944,2439.58,0.3091,0.2909,436.41,1000.0,3.1695,100.0,944,0,0.0
2024-01-01 00:17:52,1072,Peak Load,37.01,46.27,161.81,80,1030,2384.11,0.3381,0.2619,392.8275,1000.0,-8.7165,100.0,1030,0,0.0
2024-01-01 00:17:53,1073,Peak Load,57.03,41.49,158.8,100,1330,2285.52,0.3977,0.2023,303.405,1000.0,-17.8845,100.0,1330,0,0.0
2024-01-01 00:17:54,1074,Peak Load,47.11,47.52,102.66,63,991,2399.28,0.3445,0.2555,383.3025,1000.0,15.9795,100.0,991,0,0.0
2024-01-01 00:17:55,1075,Peak Load,48.33,45.31,95.4,86,1176,2385.89,0.343,0.257,385.455,1000.0,0.4305,100.0,1176,0,0.0
2024-01-01 00:17:56,1076,Peak Load,51.0,40.76,85.1,124,1284,2388.12,0.3415,0.2585,387.675,1000.0,0.444,100.0,1284,0,0.0
2024-01-01 00:17:57,1077,Peak Load,50.41,36.7,97.5,46,927,2419.56,0.3238,0.2762,414.2475,1000.0,5.3145,100.0,927,0,0.0
2024-01-01 00:17:58,1078,Peak Load,54.11,35.54,57.12,53,1040,2430.61,0.3147,0.2853,427.8825,1000.0,2.727,100.0,1040,0,0.0
2024-01-01 00:17:59,1079,Peak Load,46.29,48.59,141.23,0,1222,2357.03,0.3541,0.2459,368.8425,1000.0,-11.808,100.0,1222,0,0.0
2024-01-01 00:18:00,1080,Peak Load,38.87,50.68,66.52,104,1033,2445.34,0.3116,0.2884,432.5925,1000.0,12.75,100.0,1033,0,0.0
2024-01-01 00:18:01,1081,Peak Load,50.65,34.5,107.41,40,1088,2411.67,0.3232,0.2768,415.155,1000.0,-3.4875,100.0,1088,0,0.0
2024-01-01 00:18:02,1082,Peak Load,47.67,54.64,90.7,161,1261,2325.67,0.3729,0.2271,340.5825,1000.0,-14.9145,100.0,1261,0,0.0
2024-01-01 00:18:03,1083,Peak Load,28.34,49.95,135.77,90,749,2462.07,0.3055,0.2945,441.825,1000.0,20.2485,100.0,749,0,0.0
2024-01-01 00:18:04,1084,Peak Load,49.08,37.29,101.93,104,1136,2394.81,0.3316,0.2684,402.645,1000.0,-7.836,100.0,1136,0,0.0
2024-01-01 00:18:05,1085,Peak Load,36.56,40.93,110.52,168,1452,2440.13,0.3107,0.2893,433.8825,1000.0,6.2475,100.0,1452,0,0.0
2024-01-01 00:18:06,1086,Peak Load,29.56,47.96,75.22,169,808,2477.85,0.2863,0.3137,470.52,1000.0,7.3275,100.0,808,0,0.0
2024-01-01 00:18:07,1087,Peak Load,36.26,41.66,105.79,128,1094,2440.22,0.3032,0.2968,445.2675,1000.0,-5.0505,100.0,1094,0,0.0
2024-01-01 00:18:08,1088,Peak Load,41.65,36.51,130.18,106,1232,2418.47,0.318,0.282,422.94,1000.0,-4.4655,100.0,1232,0,0.0
2024-01-01 00:18:09,1089,Peak Load,36.08,34.63,107.59,187,1033,2464.95,0.2947,0.3053,457.95,1000.0,7.002,100.0,1033,0,0.0
2024-01-01 00:18:10,1090,Peak Load,40.19,39.79,161.61,49,858,2397.48,0.3283,0.2717,407.5575,1000.0,-10.0785,100.0,858,0,0.0
2024-01-01 00:18:11,1091,Peak Load,46.39,32.92,147.38,148,1184,2385.49,0.3406,0.2594,389.1675,1000.0,-3.678,100.0,1184,0,0.0
2024-01-01 00:18:12,1092,Peak Load,46.33,44.82,77.51,103,811,2411.03,0.3284,0.2716,407.385,1000.0,3.6435,100.0,811,0,0.0
2024-01-01 00:18:13,1093,Peak Load,45.8,51.63,153.97,135,1193,2302.62,0.3866,0.2134,320.085,1000.0,-17.46,100.0,1193,0,0.0
2024-01-01 00:18:14,1094,Peak Load,39.57,42.66,124.15,90,1063,2438.69,0.3207,0.2793,418.92,1000.0,19.767,100.0,1063,0,0.0
2024-01-01 00:18:15,1095,Peak Load,33.5,39.87,129.26,167,814,2444.33,0.3066,0.2934,440.0925,1000.0,4.2345,100.0,814,0,0.0
2024-01-01 00:18:16,1096,Peak Load,47.4,42.35,110.96,199,1174,2349.19,0.3571,0.2429,364.3425,1000.0,-15.15,100.0,1174,0,0.0
2024-01-01 00:18:17,1097,Peak Load,48.45,59.47,89.61,56,870,2338.51,0.3715,0.2285,342.8175,1000.0,-4.305,100.0,870,0,0.0
2024-01-01 00:18:18,1098,Peak Load,40.08,29.66,104.77,83,1173,2508.76,0.2793,0.3207,481.1025,1000.0,27.657,100.0,1173,0,0.0
2024-01-01 00:18:19,1099,Peak Load,44.98,41.97,128.96,159,864,2352.55,0.3507,0.2493,373.9725,1000.0,-21.426,100.0,864,0,0.0
2024-01-01 00:18:20,1100,Peak Load,38.26,30.63,78.81,72,1035,2535.96,0.2607,0.3393,508.965,1000.0,26.9985,100.0,1035,0,0.0
2024-01-01 00:18:21,1101,Peak Load,34.68,42.64,75.03,127,1107,2466.03,0.2845,0.3155,473.1825,1000.0,-7.1565,100.0,1107,0,0.0
2024-01-01 00:18:22,1102,Peak Load,45.51,46.35,65.82,81,942,2408.97,0.3202,0.2798,419.67,1000.0,-10.7025,100.0,942,0,0.0
2024-01-01 00:18:23,1103,Peak Load,39.1,46.82,155.09,167,827,2354.37,0.3565,0.2435,365.2575,1000.0,-10.8825,100.0,827,0,0.0
2024-01-01 00:18:24,1104,Peak Load,47.8,50.81,88.41,170,994,2351.69,0.364,0.236,353.955,1000.0,-2.2605,100.0,994,0,0.0
2024-01-01 00:18:25,1105,Peak Load,31.13,49.55,119.36,106,1021,2454.07,0.3084,0.2916,437.385,1000.0,16.686,100.0,1021,0,0.0
2024-01-01 00:18:26,1106,Peak Load,36.7,50.67,111.81,130,1101,2397.57,0.3305,0.2695,404.205,1000.0,-6.636,100.0,1101,0,0.0
2024-01-01 00:18:27,1107,Peak Load,33.26,40.17,47.09,155,789,2524.62,0.2636,0.3364,504.555,1000.0,20.07,100.0,789,0,0.0
2024-01-01 00:18:28,1108,Peak Load,43.6,49.06,131.72,49,1020,2351.86,0.3485,0.2515,377.31,1000.0,-25.449,100.0,1020,0,0.0
2024-01-01 00:18:29,1109,Peak Load,55.94,58.49,143.53,142,834,2221.39,0.4351,0.1649,247.38,1000.0,-25.986,100.0,834,0,0.0
2024-01-01 00:18:30,1110,Peak Load,48.37,45.42,131.0,85,1002,2380.55,0.3611,0.2389,358.3575,1000.0,22.1955,100.0,1002,0,0.0
2024-01-01 00:18:31,1111,Peak Load,43.98,48.28,129.26,89,770,2373.63,0.3526,0.2474,371.085,1000.0,2.5455,100.0,770,0,0.0
2024-01-01 00:18:32,1112,Peak Load,55.71,64.01,128.13,45,885,2239.3,0.4258,0.1742,261.2625,1000.0,-21.9645,100.0,885,0,0.0
2024-01-01 00:18:33,1113,Peak Load,46.82,56.01,78.59,117,1081,2378.42,0.3607,0.2393,358.89,1000.0,19.5255,100.0,1081,0,0.0
2024-01-01 00:18:34,1114,Peak Load,49.71,44.25,68.33,163,1268,2390.42,0.3432,0.2568,385.1625,1000.0,5.2545,100.0,1268,0,0.0
2024-01-01 00:18:35,1115,Peak Load,42.17,49.52,101.27,75,1250,2403.06,0.3333,0.2667,400.08,1000.0,2.9835,100.0,1250,0,0.0
2024-01-01 00:18:36,1116,Peak Load,45.98,50.15,160.83,63,936,2322.88,0.3762,0.2238,335.745,1000.0,-12.867,100.0,936,0,0.0
2024-01-01 00:18:37,1117,Peak Load,44.18,42.8,139.53,116,850,2385.02,0.3488,0.2512,376.8075,1000.0,8.2125,100.0,850,0,0.0
2024-01-01 00:18:38,1118,Peak Load,43.49,47.97,144.34,151,1143,2344.11,0.367,0.233,349.56,1000.0,-5.4495,100.0,1143,0,0.0
2024-01-01 00:18:39,1119,Peak Load,45.57,45.49,95.08,146,985,2393.3,0.3427,0.2573,386.01,1000.0,7.29,100.0,985,0,0.0
2024-01-01 00:18:40,1120,Peak Load,56.56,56.24,135.82,152,1036,2230.11,0.4293,0.1707,256.095,1000.0,-25.983,100.0,1036,0,0.0
2024-01-01 00:18:41,1121,Peak Load,33.0,45.36,120.14,143,1149,2470.03,0.3104,0.2896,434.37,1000.0,35.655,100.0,1149,0,0.0
2024-01-01 00:18:42,1122,Peak Load,50.5,42.06,96.87,217,1211,2339.93,0.3629,0.2371,355.6725,1000.0,-15.7395,100.0,1211,0,0.0
2024-01-01 00:18:43,1123,Peak Load,40.05,46.19,114.55,133,1153,2409.69,0.3329,0.2671,400.6875,1000.0,9.003,100.0,1153,0,0.0
2024-01-01 00:18:44,1124,Peak Load,63.49,48.3,137.77,30,964,2250.43,0.4163,0.1837,275.475,1000.0,-25.0425,100.0,964,0,0.0
2024-01-01 00:18:45,1125,Peak Load,53.09,49.82,10.0,173,1446,2410.54,0.3413,0.2587,388.0275,1000.0,22.5105,100.0,1446,0,0.0
2024-01-01 00:18:46,1126,Peak Load,27.33,57.67,35.26,189,1062,2487.94,0.2858,0.3142,471.285,1000.0,16.6515,100.0,1062,0,0.0
2024-01-01 00:18:47,1127,Peak Load,24.54,50.19,153.21,155,1183,2425.55,0.3112,0.2888,433.17,1000.0,-7.623,100.0,1183,0,0.0
2024-01-01 00:18:48,1128,Peak Load,40.09,34.07,139.71,239,1293,2397.22,0.3312,0.2688,403.2075,1000.0,-5.9925,100.0,1293,0,0.0
2024-01-01 00:18:49,1129,Peak Load,27.52,36.53,93.84,39,1078,2566.61,0.2404,0.3596,539.3775,1000.0,27.234,100.0,1078,0,0.0
2024-01-01 00:18:50,1130,Peak Load,46.61,37.15,142.8,171,961,2336.62,0.3531,0.2469,370.41,1000.0,-33.7935,100.0,961,0,0.0
2024-01-01 00:18:51,1131,Peak Load,42.13,33.55,109.78,136,1106,2454.0,0.3066,0.2934,440.07,1000.0,13.932,100.0,1106,0,0.0
2024-01-01 00:18:52,1132,Peak Load,46.58,48.94,112.08,154,1275,2335.85,0.3645,0.2355,353.22,1000.0,-17.37,100.0,1275,0,0.0
2024-01-01 00:18:53,1133,Peak Load,42.83,49.48,114.7,98,1180,2387.18,0.3457,0.2543,381.5175,1000.0,5.6595,100.0,1180,0,0.0
2024-01-01 00:18:54,1134,Peak Load,39.19,50.0,121.39,119,1012,2390.42,0.3407,0.2593,388.935,1000.0,1.4835,100.0,1012,0,0.0
2024-01-01 00:18:55,1135,Peak Load,39.61,35.8,132.3,152,1249,2431.46,0.3171,0.2829,424.3725,1000.0,7.0875,100.0,1249,0,0.0
2024-01-01 00:18:56,1136,Peak Load,39.47,60.62,109.68,86,882,2351.74,0.3574,0.2426,363.8475,1000.0,-12.105,100.0,882,0,0.0
2024-01-01 00:18:57,1137,Peak Load,29.89,58.12,162.47,176,903,2363.64,0.3575,0.2424,363.675,1000.0,-0.0345,100.0,903,0,0.0
2024-01-01 00:18:58,1138,Peak Load,58.29,44.96,113.54,226,1216,2274.51,0.4071,0.1929,289.3725,1000.0,-14.8605,100.0,1216,0,0.0
2024-01-01 00:18:59,1139,Peak Load,61.45,49.19,109.96,104,717,2286.59,0.4086,0.1914,287.055,1000.0,-0.4635,100.0,717,0,0.0
2024-01-01 00:19:00,1140,Peak Load,41.66,55.5,140.1,143,889,2345.68,0.3761,0.2239,335.91,1000.0,9.771,100.0,889,0,0.0
2024-01-01 00:19:01,1141,Peak Load,45.74,54.61,135.32,152,930,2316.08,0.3871,0.2129,319.3875,1000.0,-3.3045,100.0,930,0,0.0
2024-01-01 00:19:02,1142,Peak Load,50.91,25.63,134.15,297,789,2379.13,0.3539,0.2461,369.1725,1000.0,9.957,100.0,789,0,0.0
2024-01-01 00:19:03,1143,Peak Load,42.08,47.53,109.06,205,1187,2373.67,0.3514,0.2486,372.9225,1000.0,0.75,100.0,1187,0,0.0
2024-01-01 00:19:04,1144,Peak Load,45.27,53.19,123.7,335,1125,2279.08,0.4035,0.1965,294.72,1000.0,-15.6405,100.0,1125,0,0.0
2024-01-01 00:19:05,1145,Peak Load,45.66,35.67,107.16,213,829,2418.93,0.3345,0.2655,398.2275,1000.0,20.7015,100.0,829,0,0.0
2024-01-01 00:19:06,1146,Peak Load,26.88,47.9,164.85,148,1031,2427.14,0.3185,0.2815,422.3175,1000.0,4.818,100.0,1031,0,0.0
2024-01-01 00:19:07,1147,Peak Load,29.31,50.87,143.83,39,1327,2441.99,0.3075,0.2925,438.7125,1000.0,3.279,100.0,1327,0,0.0
2024-01-01 00:19:08,1148,Peak Load,50.35,55.67,141.77,186,1205,2246.72,0.4142,0.1858,278.7225,1000.0,-31.998,100.0,1205,0,0.0
2024-01-01 00:19:09,1149,Peak Load,51.21,35.04,79.49,103,1077,2444.6,0.322,0.278,416.955,1000.0,27.6465,100.0,1077,0,0.0
2024-01-01 00:19:10,1150,Peak Load,47.41,50.08,158.3,217,930,2271.51,0.4028,0.1972,295.7475,1000.0,-24.2415,100.0,930,0,0.0
2024-01-01 00:19:11,1151,Peak Load,46.26,41.9,119.41,168,425,2388.03,0.3516,0.2484,372.6525,1000.0,15.381,100.0,425,0,0.0
2024-01-01 00:19:12,1152,Peak Load,63.68,51.83,107.45,264,1039,2203.07,0.4458,0.1542,231.33,1000.0,-28.2645,100.0,1039,0,0.0
2024-01-01 00:19:13,1153,Peak Load,45.49,44.49,175.15,143,1140,2350.7,0.3795,0.2205,330.8025,1000.0,19.8945,100.0,1140,0,0.0
2024-01-01 00:19:14,1154,Peak Load,54.1,52.03,124.22,217,1619,2268.49,0.4141,0.1859,278.8725,1000.0,-10.386,100.0,1619,0,0.0
2024-01-01 00:19:15,1155,Peak Load,47.06,48.78,131.23,229,993,2328.3,0.3866,0.2134,320.0625,1000.0,8.238,100.0,993,0,0.0
2024-01-01 00:19:16,1156,Peak Load,42.33,37.23,90.87,120,1104,2467.59,0.3047,0.2953,443.0025,1000.0,24.588,100.0,1104,0,0.0
2024-01-01 00:19:17,1157,Peak Load,58.75,51.78,99.28,108,1392,2269.75,0.4009,0.1991,298.6275,1000.0,-28.875,100.0,1392,0,0.0
2024-01-01 00:19:18,1158,Peak Load,53.66,48.26,113.64,220,920,2303.37,0.3983,0.2017,302.58,1000.0,0.7905,100.0,920,0,0.0
2024-01-01 00:19:19,1159,Peak Load,47.82,64.0,133.34,107,1202,2281.32,0.4101,0.1899,284.865,1000.0,-3.543,100.0,1202,0,0.0
2024-01-01 00:19:20,1160,Peak Load,40.97,38.37,148.47,221,1060,2398.96,0.3467,0.2533,379.9425,1000.0,19.0155,100.0,1060,0,0.0
2024-01-01 00:19:21,1161,Peak Load,41.75,41.43,123.21,121,921,2410.99,0.3295,0.2705,405.8175,1000.0,5.175,100.0,921,0,0.0
2024-01-01 00:19:22,1162,Peak Load,59.95,51.45,145.14,208,1279,2202.84,0.4422,0.1578,236.67,1000.0,-33.8295,100.0,1279,0,0.0
2024-01-01 00:19:23,1163,Peak Load,41.55,50.13,120.17,182,1195,2388.02,0.3581,0.2419,362.7975,1000.0,25.2255,100.0,1195,0,0.0
2024-01-01 00:19:24,1164,Peak Load,41.83,38.95,132.89,144,751,2410.16,0.3318,0.2682,402.2625,1000.0,7.893,100.0,751,0,0.0
2024-01-01 00:19:25,1165,Peak Load,49.0,55.04,204.62,133,1023,2223.1,0.4314,0.1686,252.96,1000.0,-29.8605,100.0,1023,0,0.0
2024-01-01 00:19:26,1166,Peak Load,36.1,49.78,135.1,109,1097,2426.95,0.3347,0.2653,397.95,1000.0,28.998,100.0,1097,0,0.0
2024-01-01 00:19:27,1167,Peak Load,29.19,54.83,106.18,156,848,2432.1,0.3157,0.2843,426.405,1000.0,5.691,100.0,848,0,0.0
2024-01-01 00:19:28,1168,Peak Load,40.4,46.42,129.23,188,1423,2364.24,0.3503,0.2497,374.6025,1000.0,-10.3605,100.0,1423,0,0.0
2024-01-01 00:19:29,1169,Peak Load,50.97,55.15,173.21,194,1130,2227.52,0.432,0.168,252.0375,1000.0,-24.513,100.0,1130,0,0.0
2024-01-01 00:19:30,1170,Peak Load,53.22,55.96,149.55,73,970,2288.18,0.4119,0.1881,282.1575,1000.0,6.024,100.0,970,0,0.0
2024-01-01 00:19:31,1171,Peak Load,42.99,53.93,129.72,229,1404,2331.47,0.3845,0.2155,323.25,1000.0,8.2185,100.0,1404,0,0.0
2024-01-01 00:19:32,1172,Peak Load,54.82,56.95,99.52,190,1021,2272.84,0.4125,0.1875,281.2425,1000.0,-8.4015,100.0,1021,0,0.0
2024-01-01 00:19:33,1173,Peak Load,32.08,46.53,170.63,190,1547,2407.4,0.3424,0.2576,386.37,1000.0,21.0255,100.0,1547,0,0.0
2024-01-01 00:19:34,1174,Peak Load,46.73,65.71,136.48,164,890,2245.52,0.4207,0.1793,268.995,1000.0,-23.475,100.0,890,0,0.0
2024-01-01 00:19:35,1175,Peak Load,54.24,45.09,112.01,240,1379,2315.97,0.3946,0.2054,308.145,1000.0,7.83,100.0,1379,0,0.0
2024-01-01 00:19:36,1176,Peak Load,54.46,46.1,130.16,160,1306,2307.48,0.3949,0.2051,307.59,1000.0,-0.111,100.0,1306,0,0.0
2024-01-01 00:19:37,1177,Peak Load,57.87,51.25,191.2,218,1104,2192.34,0.459,0.141,211.545,1000.0,-19.209,100.0,1104,0,0.0
2024-01-01 00:19:38,1178,Peak Load,52.11,60.64,192.17,236,1158,2199.85,0.4655,0.1345,201.795,1000.0,-1.95,100.0,1158,0,0.0
2024-01-01 00:19:39,1179,Peak Load,43.79,52.77,182.7,192,1245,2310.03,0.4053,0.1947,291.99,1000.0,18.039,100.0,1245,0,0.0
2024-01-01 00:19:40,1180,Peak Load,45.98,46.47,127.88,174,1499,2360.74,0.3671,0.2329,349.2825,1000.0,11.4585,100.0,1499,0,0.0
2024-01-01 00:19:41,1181,Peak Load,43.69,49.17,107.05,210,1431,2360.59,0.3609,0.2391,358.7025,1000.0,1.884,100.0,1431,0,0.0
2024-01-01 00:19:42,1182,Peak Load,58.65,50.25,150.51,158,1265,2234.52,0.4299,0.1701,255.2175,1000.0,-20.697,100.0,1265,0,0.0
2024-01-01 00:19:43,1183,Peak Load,48.21,49.27,137.68,195,1102,2326.96,0.39,0.21,315.0,1000.0,11.9565,100.0,1102,0,0.0
2024-01-01 00:19:44,1184,Peak Load,43.8,60.85,215.13,96,911,2247.7,0.4274,0.1726,258.915,1000.0,-11.217,100.0,911,0,0.0
2024-01-01 00:19:45,1185,Peak Load,38.12,48.2,160.95,205,1199,2370.96,0.3651,0.2349,352.2825,1000.0,18.6735,100.0,1199,0,0.0
2024-01-01 00:19:46,1186,Peak Load,50.05,44.11,127.02,169,849,2335.79,0.3743,0.2257,338.535,1000.0,-2.7495,100.0,849,0,0.0
2024-01-01 00:19:47,1187,Peak Load,36.57,41.14,157.53,185,1290,2405.05,0.3374,0.2626,393.96,1000.0,11.085,100.0,1290,0,0.0
2024-01-01 00:19:48,1188,Peak Load,31.19,38.64,154.77,4,1414,2490.46,0.2838,0.3162,474.375,1000.0,16.083,100.0,1414,0,0.0
2024-01-01 00:19:49,1189,Peak Load,31.36,54.96,108.48,235,1813,2379.16,0.3367,0.2633,395.025,1000.0,-15.87,100.0,1813,0,0.0
2024-01-01 00:19:50,1190,Peak Load,27.8,53.95,81.16,198,1131,2456.58,0.3025,0.2975,446.3175,1000.0,10.2585,100.0,1131,0,0.0
2024-01-01 00:19:51,1191,Peak Load,47.07,42.74,159.08,86,1423,2335.47,0.364,0.236,353.9475,1000.0,-18.474,100.0,1423,0,0.0
2024-01-01 00:19:52,1192,Peak Load,42.8,39.33,183.78,170,1558,2351.28,0.3655,0.2345,351.7275,1000.0,-0.444,100.0,1558,0,0.0
2024-01-01 00:19:53,1193,Peak Load,55.88,43.6,133.65,182,1483,2291.99,0.3987,0.2013,301.9425,1000.0,-9.957,100.0,1483,0,0.0
2024-01-01 00:19:54,1194,Peak Load,49.66,50.45,130.47,172,1441,2315.87,0.391,0.209,313.545,1000.0,2.3205,100.0,1441,0,0.0
2024-01-01 00:19:55,1195,Peak Load,46.23,46.48,119.79,142,901,2370.73,0.3592,0.2408,361.2,1000.0,9.531,100.0,901,0,0.0
2024-01-01 00:19:56,1196,Peak Load,40.24,59.77,130.79,218,687,2308.71,0.3884,0.2116,317.46,1000.0,-8.748,100.0,687,0,0.0
2024-01-01 00:19:57,1197,Peak Load,50.83,48.18,122.81,188,1086,2318.18,0.388,0.212,318.06,1000.0,0.12,100.0,1086,0,0.0
2024-01-01 00:19:58,1198,Peak Load,29.33,55.8,144.81,159,993,2407.25,0.3384,0.2616,392.385,1000.0,14.865,100.0,993,0,0.0
2024-01-01 00:19:59,1199,Peak Load,34.61,50.94,186.19,190,912,2335.38,0.3701,0.2299,344.88,1000.0,-9.501,100.0,912,0,0.0
2024-01-01 00:20:00,1200,Peak Load,48.21,49.03,163.97,215,593,2281.04,0.4055,0.1945,291.6825,1000.0,-10.6395,100.0,593,0,0.0
2024-01-01 00:20:01,1201,Peak Load,50.81,42.41,95.67,168,1274,2379.25,0.3569,0.2431,364.6575,1000.0,14.595,100.0,1274,0,0.0
2024-01-01 00:20:02,1202,Peak Load,33.37,54.4,161.48,183,1020,2357.3,0.361,0.239,358.5225,1000.0,-1.227,100.0,1020,0,0.0
2024-01-01 00:20:03,1203,Peak Load,38.7,56.68,93.51,244,1162,2359.39,0.3605,0.2395,359.2425,1000.0,0.144,100.0,1162,0,0.0
2024-01-01 00:20:04,1204,Peak Load,45.81,37.58,134.71,218,929,2370.34,0.3543,0.2457,368.49,1000.0,1.8495,100.0,929,0,0.0
2024-01-01 00:20:05,1205,Peak Load,50.61,50.19,120.07,233,758,2290.63,0.3976,0.2024,303.6075,1000.0,-12.9765,100.0,758,0,0.0
2024-01-01 00:20:06,1206,Peak Load,49.43,60.93,182.84,206,1140,2213.51,0.4476,0.1523,228.525,1000.0,-15.0165,100.0,1140,0,0.0
2024-01-01 00:20:07,1207,Peak Load,41.62,47.51,156.22,135,1353,2381.25,0.3628,0.2372,355.7925,1000.0,25.4535,100.0,1353,0,0.0
2024-01-01 00:20:08,1208,Peak Load,63.81,49.23,99.84,103,1359,2267.64,0.4118,0.1882,282.33,1000.0,-14.6925,100.0,1359,0,0.0
2024-01-01 00:20:09,1209,Peak Load,46.31,55.83,124.43,234,1173,2305.38,0.399,0.201,301.5375,1000.0,3.8415,100.0,1173,0,0.0
2024-01-01 00:20:10,1210,Peak Load,40.97,46.92,104.79,304,1188,2374.05,0.3587,0.2413,361.965,1000.0,12.0855,100.0,1188,0,0.0
2024-01-01 00:20:11,1211,Peak Load,52.03,46.0,109.41,171,1429,2328.18,0.3775,0.2225,333.81,1000.0,-5.631,100.0,1429,0,0.0
2024-01-01 00:20:12,1212,Peak Load,42.75,43.7,145.9,216,1539,2357.63,0.3642,0.2358,353.6625,1000.0,3.9705,100.0,1539,0,0.0
2024-01-01 00:20:13,1213,Peak Load,49.78,54.33,163.08,118,1019,2272.54,0.4093,0.1907,286.0575,1000.0,-13.521,100.0,1019,0,0.0
2024-01-01 00:20:14,1214,Peak Load,38.33,40.53,165.63,205,1230,2394.51,0.349,0.251,376.4325,1000.0,18.075,100.0,1230,0,0.0
2024-01-01 00:20:15,1215,Peak Load,26.3,64.28,115.2,311,926,2362.11,0.357,0.243,364.5,1000.0,-2.3865,100.0,926,0,0.0
2024-01-01 00:20:16,1216,Peak Load,40.58,34.5,153.16,122,1002,2425.41,0.3232,0.2768,415.26,1000.0,10.152,100.0,1002,0,0.0
2024-01-01 00:20:17,1217,Peak Load,36.14,55.39,163.91,298,1082,2292.03,0.3916,0.2084,312.57,1000.0,-20.538,100.0,1082,0,0.0
2024-01-01 00:20:18,1218,Peak Load,48.92,40.96,132.78,159,1313,2362.54,0.3639,0.2361,354.21,1000.0,8.328,100.0,1313,0,0.0
2024-01-01 00:20:19,1219,Peak Load,55.34,56.95,117.81,250,1213,2230.71,0.4325,0.1675,251.295,1000.0,-20.583,100.0,1213,0,0.0
2024-01-01 00:20:20,1220,Peak Load,44.65,45.09,126.56,296,1285,2351.72,0.3767,0.2233,334.98,1000.0,16.737,100.0,1285,0,0.0
2024-01-01 00:20:21,1221,Peak Load,48.69,48.24,217.0,270,1081,2220.98,0.44,0.16,239.9775,1000.0,-19.0005,100.0,1081,0,0.0
2024-01-01 00:20:22,1222,Peak Load,45.14,48.61,148.27,150,1315,2354.93,0.3761,0.2238,335.775,1000.0,19.1595,100.0,1315,0,0.0
2024-01-01 00:20:23,1223,Peak Load,58.99,40.95,110.31,164,1142,2313.37,0.3886,0.2114,317.1075,1000.0,-3.7335,100.0,1142,0,0.0
2024-01-01 00:20:24,1224,Peak Load,63.41,57.19,172.75,178,1173,2156.21,0.478,0.122,183.0225,1000.0,-26.817,100.0,1173,0,0.0
2024-01-01 00:20:25,1225,Peak Load,35.85,55.68,159.42,271,1190,2350.33,0.385,0.215,322.4475,1000.0,27.885,100.0,1190,0,0.0
2024-01-01 00:20:26,1226,Peak Load,46.37,51.43,171.71,107,1381,2308.52,0.3928,0.2072,310.8375,1000.0,-2.322,100.0,1381,0,0.0
2024-01-01 00:20:27,1227,Peak Load,47.38,42.86,82.68,187,1525,2401.57,0.3424,0.2576,386.445,1000.0,15.1215,100.0,1525,0,0.0
2024-01-01 00:20:28,1228,Peak Load,60.98,52.79,204.34,193,1428,2144.97,0.4765,0.1235,185.2125,1000.0,-40.2465,100.0,1428,0,0.0
2024-01-01 00:20:29,1229,Peak Load,44.02,46.73,125.42,73,1497,2422.76,0.3446,0.2554,383.1675,1000.0,39.591,100.0,1497,0,0.0
2024-01-01 00:20:30,1230,Peak Load,42.54,44.76,110.61,185,1594,2384.45,0.3438,0.2562,384.2325,1000.0,0.213,100.0,1594,0,0.0
2024-01-01 00:20:31,1231,Peak Load,64.46,38.77,135.64,136,1440,2263.79,0.4108,0.1892,283.8675,1000.0,-20.073,100.0,1440,0,0.0
2024-01-01 00:20:32,1232,Peak Load,50.05,45.98,148.72,170,1567,2321.25,0.39,0.21,315.0225,1000.0,6.231,100.0,1567,0,0.0
2024-01-01 00:20:33,1233,Peak Load,52.17,55.15,66.8,195,1663,2327.38,0.3831,0.2169,325.32,1000.0,2.0595,100.0,1663,0,0.0
2024-01-01 00:20:34,1234,Peak Load,58.45,37.57,137.67,128,1590,2319.17,0.3865,0.2135,320.1975,1000.0,-1.0245,100.0,1590,0,0.0
2024-01-01 00:20:35,1235,Peak Load,49.83,45.15,148.36,44,1032,2353.45,0.3681,0.2319,347.91,1000.0,5.5425,100.0,1032,0,0.0
2024-01-01 00:20:36,1236,Peak Load,48.21,56.48,89.36,178,1453,2324.05,0.3813,0.2187,328.0275,1000.0,-3.9765,100.0,1453,0,0.0
2024-01-01 00:20:37,1237,Peak Load,36.35,52.2,149.85,304,1207,2333.54,0.3782,0.2218,332.625,1000.0,0.9195,100.0,1207,0,0.0
2024-01-01 00:20:38,1238,Peak Load,46.63,56.61,108.34,189,1163,2316.43,0.3873,0.2127,319.125,1000.0,-2.7,100.0,1163,0,0.0
2024-01-01 00:20:39,1239,Peak Load,46.94,56.59,165.02,158,1284,2274.62,0.412,0.188,282.0375,1000.0,-7.4175,100.0,1284,0,0.0
2024-01-01 00:20:40,1240,Peak Load,60.01,44.87,153.02,192,1245,2254.06,0.4275,0.1725,258.72,1000.0,-4.6635,100.0,1245,0,0.0
2024-01-01 00:20:41,1241,Peak Load,35.09,60.6,125.7,266,1135,2349.54,0.3771,0.2229,334.4025,1000.0,15.1365,100.0,1135,0,0.0
2024-01-01 00:20:42,1242,Peak Load,43.17,59.24,179.01,217,1414,2254.87,0.4213,0.1787,268.125,1000.0,-13.2555,100.0,1414,0,0.0
2024-01-01 00:20:43,1243,Peak Load,45.91,50.73,129.61,260,1124,2322.01,0.3913,0.2087,313.0275,1000.0,8.9805,100.0,1124,0,0.0
2024-01-01 00:20:44,1244,Peak Load,60.14,48.6,150.34,251,1269,2216.74,0.4448,0.1552,232.785,1000.0,-16.0485,100.0,1269,0,0.0
2024-01-01 00:20:45,1245,Peak Load,45.92,50.64,176.8,167,1241,2312.06,0.4008,0.1992,298.845,1000.0,13.212,100.0,1241,0,0.0
2024-01-01 00:20:46,1246,Peak Load,48.42,56.93,147.26,316,1237,2241.15,0.4328,0.1672,250.7625,1000.0,-9.6165,100.0,1237,0,0.0
2024-01-01 00:20:47,1247,Peak Load,46.48,49.71,111.02,146,1164,2373.99,0.3644,0.2356,353.4525,1000.0,20.538,100.0,1164,0,0.0
2024-01-01 00:20:48,1248,Peak Load,57.51,50.71,136.25,282,1582,2220.04,0.4385,0.1615,242.2725,1000.0,-22.236,100.0,1582,0,0.0
2024-01-01 00:20:49,1249,Peak Load,58.51,45.0,136.19,318,1321,2252.0,0.4331,0.1669,250.38,1000.0,1.6215,100.0,1321,0,0.0
2024-01-01 00:20:50,1250,Peak Load,46.37,56.04,181.54,175,1319,2274.98,0.4194,0.1806,270.8775,1000.0,4.0995,100.0,1319,0,0.0
2024-01-01 00:20:51,1251,Peak Load,55.97,42.92,151.95,143,1080,2304.71,0.4006,0.1994,299.07,1000.0,5.6385,100.0,1080,0,0.0
2024-01-01 00:20:52,1252,Peak Load,44.09,54.41,142.19,172,1289,2323.16,0.3872,0.2128,319.1475,1000.0,4.0155,100.0,1289,0,0.0
2024-01-01 00:20:53,1253,Peak Load,39.46,54.11,186.05,207,1240,2300.74,0.3975,0.2025,303.81,1000.0,-3.0675,100.0,1240,0,0.0
2024-01-01 00:20:54,1254,Peak Load,51.67,36.94,168.48,398,1257,2268.39,0.4171,0.1829,274.2975,1000.0,-5.9025,100.0,1257,0,0.0
2024-01-01 00:20:55,1255,Peak Load,47.77,56.37,202.0,271,852,2215.55,0.4498,0.1502,225.345,1000.0,-9.7905,100.0,852,0,0.0
2024-01-01 00:20:56,1256,Peak Load,53.27,69.2,171.58,144,1342,2194.63,0.4668,0.1332,199.7475,1000.0,-5.1195,100.0,1342,0,0.0
2024-01-01 00:20:57,1257,Peak Load,38.56,59.86,124.5,218,1115,2356.84,0.3796,0.2204,330.66,1000.0,26.1825,100.0,1115,0,0.0
2024-01-01 00:20:58,1258,Peak Load,44.48,61.67,156.54,181,1059,2266.37,0.4153,0.1847,277.0875,1000.0,-10.7145,100.0,1059,0,0.0
2024-01-01 00:20:59,1259,Peak Load,33.92,42.54,157.06,274,1178,2404.12,0.3447,0.2553,382.95,1000.0,21.1725,100.0,1178,0,0.0
2024-01-01 00:21:00,1260,Peak Load,61.5,46.31,146.83,151,1490,2234.65,0.4271,0.1729,259.365,1000.0,-24.717,100.0,1490,0,0.0
2024-01-01 00:21:01,1261,Peak Load,65.75,39.03,143.85,292,1004,2229.96,0.4434,0.1566,234.8625,1000.0,-4.9005,100.0,1004,0,0.0
2024-01-01 00:21:02,1262,Peak Load,53.55,59.94,156.85,250,1648,2217.27,0.4532,0.1468,220.2,1000.0,-2.9325,100.0,1648,0,0.0
2024-01-01 00:21:03,1263,Peak Load,64.64,50.99,138.79,163,1492,2230.35,0.4476,0.1524,228.66,1000.0,1.692,100.0,1492,0,0.0
2024-01-01 00:21:04,1264,Peak Load,38.12,49.69,158.11,188,1355,2377.45,0.3649,0.2351,352.65,1000.0,24.798,100.0,1355,0,0.0
2024-01-01 00:21:05,1265,Peak Load,69.66,50.64,142.23,280,1348,2139.12,0.4835,0.1165,174.7125,1000.0,-35.5875,100.0,1348,0,0.0
2024-01-01 00:21:06,1266,Peak Load,60.7,52.67,148.11,113,978,2261.82,0.4351,0.1649,247.305,1000.0,14.5185,100.0,978,0,0.0
2024-01-01 00:21:07,1267,Peak Load,34.54,54.21,114.96,296,1310,2385.61,0.3583,0.2417,362.5575,1000.0,23.0505,100.0,1310,0,0.0
2024-01-01 00:21:08,1268,Peak Load,47.31,45.68,174.76,173,1108,2299.88,0.3931,0.2069,310.3275,1000.0,-10.446,100.0,1108,0,0.0
2024-01-01 00:21:09,1269,Peak Load,58.82,54.1,149.31,260,1309,2199.34,0.4548,0.1452,217.8375,1000.0,-18.498,100.0,1309,0,0.0
2024-01-01 00:21:10,1270,Peak Load,52.42,45.93,218.73,187,1620,2252.15,0.4357,0.1643,246.435,1000.0,5.7195,100.0,1620,0,0.0
2024-01-01 00:21:11,1271,Peak Load,47.88,57.33,178.91,291,1143,2231.49,0.444,0.156,233.985,1000.0,-2.49,100.0,1143,0,0.0
2024-01-01 00:21:12,1272,Peak Load,58.04,64.64,149.39,225,1208,2181.47,0.4732,0.1268,190.2225,1000.0,-8.7525,100.0,1208,0,0.0
2024-01-01 00:21:13,1273,Peak Load,46.71,63.72,127.29,167,1636,2301.29,0.4115,0.1885,282.78,1000.0,18.5115,100.0,1636,0,0.0
2024-01-01 00:21:14,1274,Peak Load,54.52,66.62,144.17,232,1184,2187.79,0.4643,0.1357,203.6175,1000.0,-15.8325,100.0,1184,0,0.0
2024-01-01 00:21:15,1275,Peak Load,50.71,39.39,178.5,245,1306,2315.75,0.402,0.198,297.06,1000.0,18.6885,100.0,1306,0,0.0
2024-01-01 00:21:16,1276,Peak Load,46.48,45.58,180.04,156,1422,2318.5,0.39,0.21,314.925,1000.0,3.573,100.0,1422,0,0.0
2024-01-01 00:21:17,1277,Peak Load,66.24,62.27,113.32,194,1405,2165.12,0.4733,0.1267,190.0875,1000.0,-24.9675,100.0,1405,0,0.0
2024-01-01 00:21:18,1278,Peak Load,49.13,42.11,170.3,226,1705,2328.68,0.3963,0.2037,305.58,1000.0,23.0985,100.0,1705,0,0.0
2024-01-01 00:21:19,1279,Peak Load,47.7,60.11,121.0,166,1469,2294.16,0.4026,0.1974,296.0625,1000.0,-1.9035,100.0,1469,0,0.0
2024-01-01 00:21:20,1280,Peak Load,58.44,45.27,160.0,145,1290,2265.75,0.4195,0.1805,270.8025,1000.0,-5.052,100.0,1290,0,0.0
2024-01-01 00:21:21,1281,Peak Load,56.51,48.96,152.07,161,1198,2269.17,0.4204,0.1796,269.445,1000.0,-0.2715,100.0,1198,0,0.0
2024-01-01 00:21:22,1282,Peak Load,63.92,52.54,129.74,211,1010,2213.25,0.4516,0.1484,222.615,1000.0,-9.366,100.0,1010,0,0.0
2024-01-01 00:21:23,1283,Peak Load,41.78,61.59,155.8,344,1312,2262.01,0.4297,0.1703,255.4425,1000.0,6.5655,100.0,1312,0,0.0
2024-01-01 00:21:24,1284,Peak Load,49.65,56.58,80.16,243,1323,2323.75,0.3918,0.2082,312.3675,1000.0,11.385,100.0,1323,0,0.0
2024-01-01 00:21:25,1285,Peak Load,61.87,58.88,126.59,306,1282,2166.23,0.4729,0.1271,190.59,1000.0,-24.3555,100.0,1282,0,0.0
2024-01-01 00:21:26,1286,Peak Load,42.79,53.54,154.78,324,1404,2304.59,0.4096,0.1904,285.5925,1000.0,19.0005,100.0,1404,0,0.0
2024-01-01 00:21:27,1287,Peak Load,51.71,58.5,193.92,280,1622,2183.73,0.4662,0.1338,200.7075,1000.0,-16.977,100.0,1622,0,0.0
2024-01-01 00:21:28,1288,Peak Load,54.98,53.4,198.57,228,1346,2212.91,0.4594,0.1406,210.8775,1000.0,2.034,100.0,1346,0,0.0
2024-01-01 00:21:29,1289,Peak Load,63.92,63.61,161.42,207,1634,2147.72,0.4945,0.1055,158.2425,1000.0,-10.527,100.0,1634,0,0.0
2024-01-01 00:21:30,1290,Peak Load,56.6,54.5,152.27,254,1339,2240.9,0.4486,0.1514,227.1225,1000.0,13.776,100.0,1339,0,0.0
2024-01-01 00:21:31,1291,Peak Load,44.92,53.22,170.15,213,1525,2301.44,0.4073,0.1927,289.0575,1000.0,12.387,100.0,1525,0,0.0
2024-01-01 00:21:32,1292,Peak Load,60.59,59.14,154.17,281,1362,2159.72,0.4791,0.1209,181.275,1000.0,-21.5565,100.0,1362,0,0.0
2024-01-01 00:21:33,1293,Peak Load,40.43,57.09,167.11,392,1640,2275.89,0.4266,0.1734,260.1225,1000.0,15.7695,100.0,1640,0,0.0
2024-01-01 00:21:34,1294,Peak Load,56.05,54.16,167.9,177,1002,2232.24,0.4421,0.1579,236.8875,1000.0,-4.647,100.0,1002,0,0.0
2024-01-01 00:21:35,1295,Peak Load,43.42,52.12,100.09,205,1302,2379.11,0.3631,0.2369,355.4025,1000.0,23.703,100.0,1302,0,0.0
2024-01-01 00:21:36,1296,Peak Load,48.72,47.85,153.27,342,1486,2256.38,0.4181,0.1819,272.88,1000.0,-16.5045,100.0,1486,0,0.0
2024-01-01 00:21:37,1297,Peak Load,46.0,52.04,162.93,193,1201,2302.7,0.4015,0.1985,297.7275,1000.0,4.9695,100.0,1201,0,0.0
2024-01-01 00:21:38,1298,Peak Load,58.61,49.61,131.21,237,1380,2245.89,0.4303,0.1697,254.5275,1000.0,-8.64,100.0,1380,0,0.0
2024-01-01 00:21:39,1299,Peak Load,34.79,52.29,190.35,267,1804,2331.21,0.3877,0.2123,318.4275,1000.0,12.78,100.0,1804,0,0.0
2024-01-01 00:21:40,1300,Peak Load,60.62,62.75,248.58,286,1393,2051.09,0.5362,0.0638,95.6475,1000.0,-44.556,100.0,1393,0,0.0
2024-01-01 00:21:41,1301,Peak Load,58.44,48.73,168.08,202,1441,2267.6,0.4407,0.1593,238.9425,1000.0,28.659,100.0,1441,0,0.0
2024-01-01 00:21:42,1302,Peak Load,45.48,47.87,177.51,234,978,2307.33,0.4027,0.1973,295.935,1000.0,11.3985,100.0,978,0,0.0
2024-01-01 00:21:43,1303,Peak Load,39.09,44.67,138.89,267,1409,2376.44,0.358,0.242,363.0225,1000.0,13.4175,100.0,1409,0,0.0
2024-01-01 00:21:44,1304,Peak Load,59.3,58.01,197.8,280,1409,2119.14,0.4935,0.1065,159.7875,1000.0,-40.647,100.0,1409,0,0.0
2024-01-01 00:21:45,1305,Peak Load,59.62,59.21,177.19,320,899,2160.12,0.4933,0.1067,160.065,1000.0,0.0555,100.0,899,0,0.0
2024-01-01 00:21:46,1306,Peak Load,48.54,50.66,200.75,339,1080,2242.01,0.4478,0.1522,228.3525,1000.0,13.6575,100.0,1080,0,0.0
2024-01-01 00:21:47,1307,Peak Load,62.2,44.63,132.2,231,1308,2260.28,0.43,0.17,254.9625,1000.0,5.322,100.0,1308,0,0.0
2024-01-01 00:21:48,1308,Peak Load,38.48,57.42,187.08,309,1287,2276.39,0.4181,0.1819,272.82,1000.0,3.5715,100.0,1287,0,0.0
2024-01-01 00:21:49,1309,Peak Load,50.67,52.68,217.61,76,1184,2252.79,0.4293,0.1707,256.125,1000.0,-3.339,100.0,1184,0,0.0
2024-01-01 00:21:50,1310,Peak Load,51.08,45.33,159.48,239,1245,2294.92,0.4077,0.1923,288.4575,1000.0,6.4665,100.0,1245,0,0.0
2024-01-01 00:21:51,1311,Peak Load,51.59,57.36,160.41,220,1346,2235.4,0.4372,0.1628,244.245,1000.0,-8.8425,100.0,1346,0,0.0
2024-01-01 00:21:52,1312,Peak Load,51.06,40.81,181.61,221,1633,2302.71,0.4047,0.1953,292.965,1000.0,9.744,100.0,1633,0,0.0
2024-01-01 00:21:53,1313,Peak Load,55.89,61.22,137.7,226,1134,2208.86,0.4514,0.1486,222.8775,1000.0,-14.0175,100.0,1134,0,0.0
2024-01-01 00:21:54,1314,Peak Load,45.56,61.82,212.92,180,1292,2229.98,0.4475,0.1525,228.795,1000.0,1.1835,100.0,1292,0,0.0
2024-01-01 00:21:55,1315,Peak Load,50.63,57.19,115.76,154,1483,2312.15,0.4012,0.1988,298.26,1000.0,13.893,100.0,1483,0,0.0
2024-01-01 00:21:56,1316,Peak Load,35.69,49.99,173.69,276,1359,2339.7,0.3781,0.2219,332.7975,1000.0,6.9075,100.0,1359,0,0.0
2024-01-01 00:21:57,1317,Peak Load,48.4,59.07,177.65,212,1396,2225.58,0.4377,0.1623,243.45,1000.0,-17.8695,100.0,1396,0,0.0
2024-01-01 00:21:58,1318,Peak Load,54.43,65.21,192.94,325,1269,2133.56,0.4987,0.1013,151.875,1000.0,-18.315,100.0,1269,0,0.0
2024-01-01 00:21:59,1319,Peak Load,47.22,51.57,165.31,192,1646,2319.45,0.4057,0.1943,291.525,1000.0,27.93,100.0,1646,0,0.0
2024-01-01 00:22:00,1320,Peak Load,58.52,51.11,189.14,266,1538,2180.98,0.4671,0.1329,199.4025,1000.0,-18.4245,100.0,1538,0,0.0
2024-01-01 00:22:01,1321,Peak Load,40.74,52.26,168.41,291,1270,2318.15,0.4011,0.1989,298.3575,1000.0,19.791,100.0,1270,0,0.0
2024-01-01 00:22:02,1322,Peak Load,31.54,45.74,168.58,258,1734,2394.41,0.3477,0.2523,378.405,1000.0,16.0095,100.0,1734,0,0.0
2024-01-01 00:22:03,1323,Peak Load,56.24,53.92,169.71,321,1281,2167.96,0.4646,0.1354,203.0325,1000.0,-35.0745,100.0,1281,0,0.0
2024-01-01 00:22:04,1324,Peak Load,50.5,45.75,213.51,279,1259,2247.88,0.4397,0.1603,240.405,1000.0,7.4745,100.0,1259,0,0.0
2024-01-01 00:22:05,1325,Peak Load,50.75,56.98,163.69,224,1272,2247.98,0.4355,0.1645,246.72,1000.0,1.263,100.0,1272,0,0.0
2024-01-01 00:22:06,1326,Peak Load,54.42,50.94,157.86,177,1420,2268.72,0.4233,0.1767,265.05,1000.0,3.666,100.0,1420,0,0.0
2024-01-01 00:22:07,1327,Peak Load,50.3,51.22,177.7,302,1546,2238.14,0.4382,0.1618,242.625,1000.0,-4.485,100.0,1546,0,0.0
2024-01-01 00:22:08,1328,Peak Load,56.21,51.82,155.0,195,1289,2252.01,0.433,0.167,250.4475,1000.0,1.5645,100.0,1289,0,0.0
2024-01-01 00:22:09,1329,Peak Load,51.99,48.03,175.15,201,1077,2274.33,0.4198,0.1802,270.3525,1000.0,3.981,100.0,1077,0,0.0
2024-01-01 00:22:10,1330,Peak Load,58.43,50.25,147.43,194,1496,2246.63,0.4329,0.1671,250.5825,1000.0,-3.954,100.0,1496,0,0.0
2024-01-01 00:22:11,1331,Peak Load,62.92,50.78,166.34,324,1051,2167.79,0.4789,0.1211,181.59,1000.0,-13.7985,100.0,1051,0,0.0
2024-01-01 00:22:12,1332,Peak Load,67.69,70.74,91.88,255,1271,2147.36,0.498,0.102,153.0675,1000.0,-5.7045,100.0,1271,0,0.0
2024-01-01 00:22:13,1333,Peak Load,49.88,50.74,197.69,254,1234,2260.31,0.4384,0.1616,242.4375,1000.0,17.874,100.0,1234,0,0.0
2024-01-01 00:22:14,1334,Peak Load,50.66,57.3,138.09,163,1816,2286.21,0.4141,0.1859,278.9175,1000.0,7.296,100.0,1816,0,0.0
2024-01-01 00:22:15,1335,Peak Load,46.94,52.77,161.93,295,1774,2265.64,0.4214,0.1786,267.855,1000.0,-2.2125,100.0,1774,0,0.0
2024-01-01 00:22:16,1336,Peak Load,56.77,43.13,132.61,239,1368,2290.81,0.4087,0.1913,286.9875,1000.0,3.8265,100.0,1368,0,0.0
2024-01-01 00:22:17,1337,Peak Load,38.39,59.53,141.8,353,1787,2289.93,0.407,0.193,289.44,1000.0,0.4905,100.0,1787,0,0.0
2024-01-01 00:22:18,1338,Peak Load,50.22,56.9,137.7,302,1325,2244.21,0.4322,0.1678,251.745,1000.0,-7.539,100.0,1325,0,0.0
2024-01-01 00:22:19,1339,Peak Load,43.55,51.83,160.95,245,1616,2311.05,0.3992,0.2008,301.1625,1000.0,9.8835,100.0,1616,0,0.0
2024-01-01 00:22:20,1340,Peak Load,46.01,66.04,135.44,362,1225,2213.09,0.4482,0.1518,227.7675,1000.0,-14.679,100.0,1225,0,0.0
2024-01-01 00:22:21,1341,Peak Load,52.33,50.49,165.14,314,1730,2244.16,0.439,0.161,241.425,1000.0,2.7315,100.0,1730,0,0.0
2024-01-01 00:22:22,1342,Peak Load,61.9,51.12,181.25,220,1233,2189.18,0.4681,0.1319,197.8875,1000.0,-8.7075,100.0,1233,0,0.0
2024-01-01 00:22:23,1343,Peak Load,43.25,50.92,183.47,153,1424,2332.37,0.3934,0.2066,309.96,1000.0,22.4145,100.0,1424,0,0.0
2024-01-01 00:22:24,1344,Peak Load,64.59,61.87,158.7,184,1527,2140.17,0.4877,0.1123,168.465,1000.0,-28.299,100.0,1527,0,0.0
2024-01-01 00:22:25,1345,Peak Load,33.97,61.82,170.11,378,1091,2298.95,0.4152,0.1848,277.2,1000.0,21.747,100.0,1091,0,0.0
2024-01-01 00:22:26,1346,Peak Load,59.89,53.38,166.85,187,1557,2206.39,0.4545,0.1455,218.19,1000.0,-11.802,100.0,1557,0,0.0
2024-01-01 00:22:27,1347,Peak Load,58.0,66.61,207.29,234,1239,2121.48,0.5083,0.0917,137.595,1000.0,-16.119,100.0,1239,0,0.0
2024-01-01 00:22:28,1348,Peak Load,41.68,64.46,153.97,359,1547,2264.32,0.4379,0.1621,243.2025,1000.0,21.1215,100.0,1547,0,0.0
2024-01-01 00:22:29,1349,Peak Load,55.31,52.03,197.4,270,1370,2198.21,0.4629,0.1371,205.71,1000.0,-7.4985,100.0,1370,0,0.0
2024-01-01 00:22:30,1350,Peak Load,58.28,53.2,153.89,308,1432,2210.63,0.4601,0.1399,209.8125,1000.0,0.8205,100.0,1432,0,0.0
2024-01-01 00:22:31,1351,Peak Load,56.67,51.07,141.83,376,1756,2222.03,0.4533,0.1467,219.9975,1000.0,2.037,100.0,1756,0,0.0
2024-01-01 00:22:32,1352,Peak Load,59.87,51.56,169.36,356,1378,2178.26,0.4765,0.1235,185.2125,1000.0,-6.957,100.0,1378,0,0.0
2024-01-01 00:22:33,1353,Peak Load,47.78,67.41,177.21,380,1171,2176.51,0.4814,0.1186,177.96,1000.0,-1.4505,100.0,1171,0,0.0
2024-01-01 00:22:34,1354,Peak Load,57.03,68.84,179.8,258,1218,2143.86,0.5003,0.0997,149.5425,1000.0,-5.6835,100.0,1218,0,0.0
2024-01-01 00:22:35,1355,Peak Load,61.58,48.98,176.32,201,1765,2228.77,0.4563,0.1437,215.565,1000.0,13.2045,100.0,1765,0,0.0
2024-01-01 00:22:36,1356,Peak Load,62.21,54.18,144.81,368,1382,2171.47,0.4808,0.1192,178.815,1000.0,-7.35,100.0,1382,0,0.0
2024-01-01 00:22:37,1357,Peak Load,44.17,42.1,160.32,189,1332,2381.2,0.3684,0.2316,347.4675,1000.0,33.7305,100.0,1332,0,0.0
2024-01-01 00:22:38,1358,Peak Load,59.01,51.84,190.64,233,1472,2170.98,0.4664,0.1336,200.3925,1000.0,-29.415,100.0,1472,0,0.0
2024-01-01 00:22:39,1359,Peak Load,68.46,52.06,191.76,183,1764,2152.36,0.4931,0.1069,160.365,1000.0,-8.0055,100.0,1764,0,0.0
2024-01-01 00:22:40,1360,Peak Load,49.32,61.89,176.8,315,1596,2214.54,0.463,0.137,205.5075,1000.0,9.0285,100.0,1596,0,0.0
2024-01-01 00:22:41,1361,Peak Load,49.56,62.21,157.99,325,1386,2216.78,0.4567,0.1433,214.905,1000.0,1.8795,100.0,1386,0,0.0
2024-01-01 00:22:42,1362,Peak Load,56.02,51.36,182.53,215,1515,2230.65,0.448,0.152,228.0225,1000.0,2.6235,100.0,1515,0,0.0
2024-01-01 00:22:43,1363,Peak Load,53.61,50.85,179.64,288,1344,2228.39,0.4478,0.1522,228.33,1000.0,0.0615,100.0,1344,0,0.0
2024-01-01 00:22:44,1364,Peak Load,52.27,47.62,251.93,344,1524,2171.13,0.4796,0.1204,180.66,1000.0,-9.534,100.0,1524,0,0.0
2024-01-01 00:22:45,1365,Peak Load,62.72,40.84,105.09,257,1195,2300.98,0.4127,0.1873,280.9275,1000.0,20.0535,100.0,1195,0,0.0
2024-01-01 00:22:46,1366,Peak Load,51.49,56.16,209.7,213,1552,2200.47,0.4574,0.1426,213.8775,1000.0,-13.41,100.0,1552,0,0.0
2024-01-01 00:22:47,1367,Peak Load,53.54,57.19,166.76,365,1453,2193.93,0.4685,0.1315,197.2575,1000.0,-3.324,100.0,1453,0,0.0
2024-01-01 00:22:48,1368,Peak Load,67.66,49.26,204.9,279,1410,2132.88,0.5043,0.0957,143.61,1000.0,-10.7295,100.0,1410,0,0.0
2024-01-01 00:22:49,1369,Peak Load,58.57,52.73,103.02,100,1732,2325.28,0.4033,0.1967,295.005,1000.0,30.279,100.0,1732,0,0.0
2024-01-01 00:22:50,1370,Peak Load,63.4,68.06,182.62,207,1395,2095.06,0.5144,0.0856,128.385,1000.0,-33.324,100.0,1395,0,0.0
2024-01-01 00:22:51,1371,Peak Load,53.69,47.83,232.87,419,1576,2178.13,0.4868,0.1132,169.8375,1000.0,8.2905,100.0,1576,0,0.0
2024-01-01 00:22:52,1372,Peak Load,53.55,45.85,230.07,290,1425,2216.98,0.4606,0.1394,209.1225,1000.0,7.857,100.0,1425,0,0.0
2024-01-01 00:22:53,1373,Peak Load,57.53,50.85,188.35,199,1702,2223.67,0.4525,0.1475,221.2425,1000.0,2.424,100.0,1702,0,0.0
2024-01-01 00:22:54,1374,Peak Load,52.89,63.09,178.18,278,1243,2183.22,0.4736,0.1264,189.555,1000.0,-6.3375,100.0,1243,0,0.0
2024-01-01 00:22:55,1375,Peak Load,59.84,48.88,169.88,287,1512,2214.75,0.4596,0.1404,210.555,1000.0,4.2,100.0,1512,0,0.0
2024-01-01 00:22:56,1376,Peak Load,40.16,53.43,208.6,265,1444,2285.16,0.4182,0.1818,272.7225,1000.0,12.4335,100.0,1444,0,0.0
2024-01-01 00:22:57,1377,Peak Load,55.15,54.19,154.09,286,1690,2218.25,0.4484,0.1516,227.3325,1000.0,-9.078,100.0,1690,0,0.0
2024-01-01 00:22:58,1378,Peak Load,45.48,52.49,143.82,346,1474,2288.95,0.4142,0.1858,278.6775,1000.0,10.269,100.0,1474,0,0.0
2024-01-01 00:22:59,1379,Peak Load,47.13,55.79,149.43,228,1202,2280.24,0.4133,0.1867,279.9825,1000.0,0.261,100.0,1202,0,0.0
2024-01-01 00:23:00,1380,Peak Load,45.44,64.67,163.81,318,1329,2213.43,0.4503,0.1497,224.52,1000.0,-11.0925,100.0,1329,0,0.0
2024-01-01 00:23:01,1381,Peak Load,60.09,48.02,187.24,294,1963,2192.54,0.4681,0.1319,197.8725,1000.0,-5.3295,100.0,1963,0,0.0
2024-01-01 00:23:02,1382,Peak Load,59.1,51.09,206.88,420,1174,2138.6,0.501,0.099,148.4775,1000.0,-9.879,100.0,1174,0,0.0
2024-01-01 00:23:03,1383,Peak Load,47.36,53.61,174.08,272,1240,2280.58,0.4276,0.1724,258.5625,1000.0,22.017,100.0,1240,0,0.0
2024-01-01 00:23:04,1384,Peak Load,65.38,45.34,180.86,356,1497,2153.47,0.486,0.114,170.985,1000.0,-17.5155,100.0,1497,0,0.0
2024-01-01 00:23:05,1385,Peak Load,46.35,45.89,180.23,248,1546,2318.13,0.4043,0.1957,293.6025,1000.0,24.5235,100.0,1546,0,0.0
2024-01-01 00:23:06,1386,Peak Load,43.02,61.06,190.86,305,1795,2221.36,0.4444,0.1556,233.4,1000.0,-12.0405,100.0,1795,0,0.0
2024-01-01 00:23:07,1387,Peak Load,50.77,50.32,171.22,283,1490,2256.52,0.4316,0.1684,252.6675,1000.0,3.8535,100.0,1490,0,0.0
2024-01-01 00:23:08,1388,Peak Load,47.67,41.27,171.1,317,1537,2303.85,0.4031,0.1969,295.32,1000.0,8.5305,100.0,1537,0,0.0
2024-01-01 00:23:09,1389,Peak Load,63.95,69.15,210.97,379,1665,2014.67,0.559,0.041,61.4475,1000.0,-46.7745,100.0,1665,0,0.0
2024-01-01 00:23:10,1390,Peak Load,68.08,68.45,216.99,339,1472,2043.96,0.5687,0.0312,46.875,1000.0,-2.9145,100.0,1472,0,0.0
2024-01-01 00:23:11,1391,Peak Load,54.11,53.16,207.36,254,1477,2235.31,0.4641,0.1359,203.9025,1000.0,31.4055,100.0,1477,0,0.0
2024-01-01 00:23:12,1392,Peak Load,35.64,67.62,182.37,325,1808,2258.51,0.4337,0.1663,249.4125,1000.0,9.102,100.0,1808,0,0.0
2024-01-01 00:23:13,1393,Peak Load,56.92,65.7,152.0,442,1736,2119.73,0.5058,0.0942,141.345,1000.0,-21.6135,100.0,1736,0,0.0
2024-01-01 00:23:14,1394,Peak Load,56.24,65.6,154.46,282,1809,2187.06,0.4804,0.1196,179.445,1000.0,7.62,100.0,1809,0,0.0
2024-01-01 00:23:15,1395,Peak Load,39.67,59.58,205.75,418,1205,2228.04,0.4534,0.1466,219.945,1000.0,8.1,100.0,1205,0,0.0
2024-01-01 00:23:16,1396,Peak Load,67.53,51.77,176.63,227,1306,2157.35,0.4881,0.1119,167.7825,1000.0,-10.4325,100.0,1306,0,0.0
2024-01-01 00:23:17,1397,Peak Load,57.92,47.93,212.52,261,1282,2204.12,0.468,0.132,198.0675,1000.0,6.057,100.0,1282,0,0.0
2024-01-01 00:23:18,1398,Peak Load,50.51,58.11,182.25,304,1666,2214.57,0.4588,0.1412,211.8225,1000.0,2.751,100.0,1666,0,0.0
2024-01-01 00:23:19,1399,Peak Load,63.43,53.61,159.51,307,1623,2170.33,0.4818,0.1182,177.2475,1000.0,-6.915,100.0,1623,0,0.0
2024-01-01 00:23:20,1400,Peak Load,43.13,49.58,169.53,290,1378,2318.84,0.4032,0.1968,295.245,1000.0,23.5995,100.0,1378,0,0.0
2024-01-01 00:23:21,1401,Peak Load,60.52,44.61,143.98,283,1497,2232.94,0.4378,0.1622,243.3225,1000.0,-10.3845,100.0,1497,0,0.0
2024-01-01 00:23:22,1402,Peak Load,43.26,51.63,179.61,280,1564,2289.21,0.4123,0.1877,281.565,1000.0,7.6485,100.0,1564,0,0.0
2024-01-01 00:23:23,1403,Peak Load,49.65,66.25,206.55,256,1554,2157.75,0.4811,0.1189,178.3875,1000.0,-20.6355,100.0,1554,0,0.0
2024-01-01 00:23:24,1404,Peak Load,55.98,64.44,174.16,351,1545,2150.15,0.4968,0.1032,154.86,1000.0,-4.7055,100.0,1545,0,0.0
2024-01-01 00:23:25,1405,Peak Load,66.96,65.01,198.34,290,1640,2077.83,0.5396,0.0604,90.6675,1000.0,-12.8385,100.0,1640,0,0.0
2024-01-01 00:23:26,1406,Peak Load,53.63,67.77,195.05,282,1448,2167.35,0.497,0.103,154.5675,1000.0,12.78,100.0,1448,0,0.0
2024-01-01 00:23:27,1407,Peak Load,45.41,59.93,168.36,373,1284,2241.08,0.4489,0.1511,226.665,1000.0,14.4195,100.0,1284,0,0.0
2024-01-01 00:23:28,1408,Peak Load,56.17,64.12,128.66,429,1459,2160.63,0.4856,0.1144,171.6375,1000.0,-11.0055,100.0,1459,0,0.0
2024-01-01 00:23:29,1409,Peak Load,56.32,60.1,215.28,325,1745,2138.9,0.5038,0.0962,144.36,1000.0,-5.4555,100.0,1745,0,0.0
2024-01-01 00:23:30,1410,Peak Load,59.39,68.46,209.43,427,1727,2065.12,0.5478,0.0522,78.33,1000.0,-13.206,100.0,1727,0,0.0
2024-01-01 00:23:31,1411,Peak Load,40.83,74.44,176.79,399,1554,2205.28,0.4773,0.1227,184.125,1000.0,21.159,100.0,1554,0,0.0
2024-01-01 00:23:32,1412,Peak Load,63.81,51.38,213.06,295,1866,2138.56,0.5026,0.0974,146.1525,1000.0,-7.5945,100.0,1866,0,0.0
2024-01-01 00:23:33,1413,Peak Load,58.87,62.78,129.63,306,1634,2198.09,0.4737,0.1263,189.435,1000.0,8.6565,100.0,1634,0,0.0
2024-01-01 00:23:34,1414,Peak Load,57.19,62.99,183.84,314,1790,2148.12,0.4967,0.1033,155.01,1000.0,-6.885,100.0,1790,0,0.0
2024-01-01 00:23:35,1415,Peak Load,37.22,60.42,185.07,257,1623,2306.67,0.4124,0.1876,281.3925,1000.0,25.2765,100.0,1623,0,0.0
2024-01-01 00:23:36,1416,Peak Load,65.31,63.6,191.3,365,1731,2055.35,0.538,0.062,93.0225,1000.0,-37.674,100.0,1731,0,0.0
2024-01-01 00:23:37,1417,Peak Load,54.83,51.51,176.56,364,1551,2226.99,0.4636,0.1364,204.66,1000.0,22.3275,100.0,1551,0,0.0
2024-01-01 00:23:38,1418,Peak Load,47.2,44.6,220.84,281,1627,2266.38,0.4293,0.1707,256.095,1000.0,10.287,100.0,1627,0,0.0
2024-01-01 00:23:39,1419,Peak Load,65.53,47.26,194.79,304,1638,2145.88,0.4905,0.1095,164.25,1000.0,-18.369,100.0,1638,0,0.0
2024-01-01 00:23:40,1420,Peak Load,65.57,47.15,213.51,377,1527,2127.93,0.5107,0.0893,133.9875,1000.0,-6.0525,100.0,1527,0,0.0
2024-01-01 00:23:41,1421,Peak Load,54.6,59.41,207.02,351,1678,2160.79,0.4958,0.1042,156.3225,1000.0,4.467,100.0,1678,0,0.0
2024-01-01 00:23:42,1422,Peak Load,47.89,63.45,231.95,328,1269,2164.19,0.4914,0.1086,162.8775,1000.0,1.311,100.0,1269,0,0.0
2024-01-01 00:23:43,1423,Peak Load,54.87,57.91,162.87,295,1287,2214.92,0.4625,0.1375,206.2425,1000.0,8.673,100.0,1287,0,0.0
2024-01-01 00:23:44,1424,Peak Load,60.68,57.74,148.1,339,1560,2171.82,0.4816,0.1184,177.555,1000.0,-5.7375,100.0,1560,0,0.0
2024-01-01 00:23:45,1425,Peak Load,60.0,53.87,173.69,272,1465,2194.31,0.4723,0.1277,191.52,1000.0,2.793,100.0,1465,0,0.0
2024-01-01 00:23:46,1426,Peak Load,56.06,57.68,192.28,293,1504,2176.8,0.4805,0.1195,179.25,1000.0,-2.454,100.0,1504,0,0.0
2024-01-01 00:23:47,1427,Peak Load,76.01,51.28,181.53,517,1660,2031.56,0.5625,0.0374,56.175,1000.0,-24.615,100.0,1660,0,0.0
2024-01-01 00:23:48,1428,Peak Load,44.95,62.61,171.23,375,1536,2248.48,0.4557,0.1443,216.4275,1000.0,32.0505,100.0,1536,0,0.0
2024-01-01 00:23:49,1429,Peak Load,52.52,68.01,215.79,379,1667,2103.25,0.5186,0.0814,122.115,1000.0,-18.8625,100.0,1667,0,0.0
2024-01-01 00:23:50,1430,Peak Load,52.52,61.05,235.34,329,1942,2149.34,0.5035,0.0965,144.8025,1000.0,4.5375,100.0,1942,0,0.0
2024-01-01 00:23:51,1431,Peak Load,62.92,58.29,206.87,330,1333,2117.06,0.5189,0.0811,121.68,1000.0,-4.6245,100.0,1333,0,0.0
2024-01-01 00:23:52,1432,Peak Load,55.44,58.39,187.11,343,1589,2182.63,0.485,0.115,172.47,1000.0,10.158,100.0,1589,0,0.0
2024-01-01 00:23:53,1433,Peak Load,62.39,61.51,204.87,241,1944,2126.2,0.5107,0.0893,133.9125,1000.0,-7.7115,100.0,1944,0,0.0
2024-01-01 00:23:54,1434,Peak Load,55.11,56.34,189.85,295,1897,2201.98,0.4729,0.1271,190.635,1000.0,11.3445,100.0,1897,0,0.0
2024-01-01 00:23:55,1435,Peak Load,67.38,60.04,197.17,362,1604,2072.01,0.5388,0.0612,91.7775,1000.0,-19.7715,100.0,1604,0,0.0
2024-01-01 00:23:56,1436,Peak Load,54.81,59.33,187.42,340,1632,2188.88,0.4849,0.1151,172.695,1000.0,16.1835,100.0,1632,0,0.0
2024-01-01 00:23:57,1437,Peak Load,61.2,52.66,222.23,271,1479,2149.75,0.4976,0.1024,153.5775,1000.0,-3.8235,100.0,1479,0,0.0
2024-01-01 00:23:58,1438,Peak Load,52.18,49.53,231.66,268,1455,2216.81,0.4625,0.1375,206.2725,1000.0,10.539,100.0,1455,0,0.0
2024-01-01 00:23:59,1439,Peak Load,66.5,53.07,195.81,266,1763,2132.93,0.5032,0.0968,145.155,1000.0,-12.2235,100.0,1763,0,0.0
2024-01-01 00:24:00,1440,Peak Load,63.27,62.27,217.84,332,1493,2086.46,0.5358,0.0642,96.24,1000.0,-9.783,100.0,1493,0,0.0
2024-01-01 00:24:01,1441,Peak Load,50.02,66.16,224.93,287,1608,2167.98,0.496,0.104,156.0225,1000.0,11.9565,100.0,1608,0,0.0
2024-01-01 00:24:02,1442,Peak Load,54.18,49.26,207.58,304,1411,2216.89,0.4622,0.1378,206.745,1000.0,10.1445,100.0,1411,0,0.0
2024-01-01 00:24:03,1443,Peak Load,44.79,46.24,191.37,324,1428,2288.68,0.4166,0.1834,275.025,1000.0,13.656,100.0,1428,0,0.0
2024-01-01 00:24:04,1444,Peak Load,61.87,56.76,220.08,319,1448,2095.59,0.5163,0.0837,125.4975,1000.0,-29.9055,100.0,1448,0,0.0
2024-01-01 00:24:05,1445,Peak Load,57.62,48.42,219.23,274,1790,2202.72,0.4734,0.1266,189.8475,1000.0,12.87,100.0,1790,0,0.0
2024-01-01 00:24:06,1446,Peak Load,54.04,64.72,169.63,291,1685,2179.1,0.4794,0.1206,180.8925,1000.0,-1.791,100.0,1685,0,0.0
2024-01-01 00:24:07,1447,Peak Load,66.16,68.98,204.81,442,1552,2012.93,0.5727,0.0273,40.9275,1000.0,-27.993,100.0,1552,0,0.0
2024-01-01 00:24:08,1448,Peak Load,65.62,50.76,216.44,192,1388,2183.35,0.4936,0.1064,159.615,1000.0,23.7375,100.0,1388,0,0.0
2024-01-01 00:24:09,1449,Peak Load,60.61,48.2,216.91,388,1513,2149.36,0.4993,0.1007,151.065,1000.0,-1.71,100.0,1513,0,0.0
2024-01-01 00:24:10,1450,Peak Load,49.17,54.1,175.39,328,1636,2250.16,0.4442,0.1558,233.64,1000.0,16.515,100.0,1636,0,0.0
2024-01-01 00:24:11,1451,Peak Load,54.51,69.17,183.05,418,1409,2100.99,0.5179,0.0821,123.0975,1000.0,-22.1085,100.0,1409,0,0.0
2024-01-01 00:24:12,1452,Peak Load,57.59,65.76,238.84,310,1730,2097.99,0.5319,0.0681,102.1725,1000.0,-4.185,100.0,1730,0,0.0
2024-01-01 00:24:13,1453,Peak Load,60.41,53.73,223.64,447,1715,2115.23,0.5246,0.0754,113.055,1000.0,2.1765,100.0,1715,0,0.0
2024-01-01 00:24:14,1454,Peak Load,61.62,62.25,161.6,364,1419,2145.34,0.5067,0.0933,139.9575,1000.0,5.3805,100.0,1419,0,0.0
2024-01-01 00:24:15,1455,Peak Load,52.41,72.71,198.1,292,1854,2137.5,0.5081,0.0919,137.91,1000.0,-0.4095,100.0,1854,0,0.0
2024-01-01 00:24:16,1456,Peak Load,49.59,54.47,243.43,340,1313,2184.0,0.4825,0.1175,176.3175,1000.0,7.6815,100.0,1313,0,0.0
2024-01-01 00:24:17,1457,Peak Load,61.57,54.86,252.42,302,1837,2101.26,0.5242,0.0758,113.7675,1000.0,-12.51,100.0,1837,0,0.0
2024-01-01 00:24:18,1458,Peak Load,71.46,51.71,200.7,362,1457,2095.98,0.534,0.066,98.9475,1000.0,-2.964,100.0,1457,0,0.0
2024-01-01 00:24:19,1459,Peak Load,59.46,56.13,199.4,342,1645,2161.23,0.4994,0.1006,150.8475,1000.0,10.38,100.0,1645,0,0.0
2024-01-01 00:24:20,1460,Peak Load,58.65,53.54,190.37,333,1623,2178.16,0.4843,0.1157,173.61,1000.0,4.5525,100.0,1623,0,0.0
2024-01-01 00:24:21,1461,Peak Load,53.87,60.03,152.84,297,1578,2218.02,0.4596,0.1404,210.615,1000.0,7.401,100.0,1578,0,0.0
2024-01-01 00:24:22,1462,Peak Load,50.57,69.2,208.12,352,1539,2125.54,0.5069,0.0931,139.7175,1000.0,-14.1795,100.0,1539,0,0.0
2024-01-01 00:24:23,1463,Peak Load,57.34,49.32,202.72,286,1582,2209.21,0.4682,0.1317,197.625,1000.0,11.5815,100.0,1582,0,0.0
2024-01-01 00:24:24,1464,Peak Load,37.03,49.97,252.0,392,1903,2249.68,0.4393,0.1607,241.005,1000.0,8.676,100.0,1903,0,0.0
2024-01-01 00:24:25,1465,Peak Load,68.65,62.61,194.76,281,1870,2066.41,0.5363,0.0637,95.505,1000.0,-29.1,100.0,1870,0,0.0
2024-01-01 00:24:26,1466,Peak Load,58.11,75.39,197.66,462,1611,2052.92,0.56,0.04,60.015,1000.0,-7.098,100.0,1611,0,0.0
2024-01-01 00:24:27,1467,Peak Load,68.32,69.84,178.19,315,1438,2077.88,0.5501,0.0499,74.9025,1000.0,2.9775,100.0,1438,0,0.0
2024-01-01 00:24:28,1468,Peak Load,47.84,62.66,203.25,348,1757,2204.77,0.4779,0.1221,183.1275,1000.0,21.645,100.0,1757,0,0.0
2024-01-01 00:24:29,1469,Peak Load,42.86,67.03,198.94,378,1772,2190.62,0.4738,0.1262,189.3675,1000.0,1.248,100.0,1772,0,0.0
2024-01-01 00:24:30,1470,Peak Load,68.73,57.32,145.97,350,1689,2125.31,0.5093,0.0907,135.99,1000.0,-10.6755,100.0,1689,0,0.0
2024-01-01 00:24:31,1471,Peak Load,49.53,59.12,199.11,266,1785,2223.7,0.4606,0.1394,209.085,1000.0,14.619,100.0,1785,0,0.0
2024-01-01 00:24:32,1472,Peak Load,53.33,55.27,196.33,422,1645,2162.85,0.4863,0.1137,170.5575,1000.0,-7.7055,100.0,1645,0,0.0
2024-01-01 00:24:33,1473,Peak Load,58.52,55.07,224.36,429,1784,2111.64,0.519,0.081,121.4625,1000.0,-9.819,100.0,1784,0,0.0
2024-01-01 00:24:34,1474,Peak Load,63.42,62.43,169.33,296,1615,2142.91,0.5071,0.0929,139.335,1000.0,3.5745,100.0,1615,0,0.0
2024-01-01 00:24:35,1475,Peak Load,52.16,50.76,154.84,269,1607,2283.12,0.4272,0.1728,259.155,1000.0,23.964,100.0,1607,0,0.0
2024-01-01 00:24:36,1476,Peak Load,57.46,52.7,213.63,324,1878,2149.27,0.4883,0.1117,167.5875,1000.0,-18.3135,100.0,1878,0,0.0
2024-01-01 00:24:37,1477,Peak Load,56.76,63.15,217.63,266,1643,2137.03,0.5052,0.0948,142.125,1000.0,-5.0925,100.0,1643,0,0.0
2024-01-01 00:24:38,1478,Peak Load,48.21,57.55,189.44,374,1394,2217.4,0.4634,0.1366,204.855,1000.0,12.546,100.0,1394,0,0.0
2024-01-01 00:24:39,1479,Peak Load,58.26,62.35,239.29,306,1668,2093.43,0.5253,0.0747,112.005,1000.0,-18.57,100.0,1668,0,0.0
2024-01-01 00:24:40,1480,Peak Load,59.65,69.21,167.89,298,2227,2138.8,0.5104,0.0896,134.3325,1000.0,4.4655,100.0,2138,88,0.0395
2024-01-01 00:24:41,1481,Peak Load,56.04,45.17,195.12,187,1716,2270.72,0.4347,0.1653,247.9875,1000.0,22.731,100.0,1716,0,0.0
2024-01-01 00:24:42,1482,Peak Load,64.74,52.06,198.74,409,1320,2098.97,0.5175,0.0825,123.81,1000.0,-24.8355,100.0,1320,0,0.0
2024-01-01 00:24:43,1483,Peak Load,47.73,56.87,190.55,337,1419,2236.14,0.4551,0.1449,217.4175,1000.0,18.7215,100.0,1419,0,0.0
2024-01-01 00:24:44,1484,Peak Load,60.06,57.46,229.86,367,1714,2093.6,0.5238,0.0762,114.24,1000.0,-20.6355,100.0,1714,0,0.0
2024-01-01 00:24:45,1485,Peak Load,46.82,61.98,203.73,346,1884,2206.5,0.4726,0.1274,191.1225,1000.0,15.3765,100.0,1884,0,0.0
2024-01-01 00:24:46,1486,Peak Load,52.68,68.03,257.25,401,1480,2063.96,0.5432,0.0568,85.155,1000.0,-21.1935,100.0,1480,0,0.0
2024-01-01 00:24:47,1487,Peak Load,40.98,66.15,217.53,312,1913,2227.1,0.4644,0.1356,203.445,1000.0,23.658,100.0,1913,0,0.0
2024-01-01 00:24:48,1488,Peak Load,51.62,55.66,230.2,291,1658,2177.89,0.4786,0.1214,182.145,1000.0,-4.26,100.0,1658,0,0.0
2024-01-01 00:24:49,1489,Peak Load,67.27,60.14,252.14,426,1683,2007.19,0.5758,0.0242,36.3525,1000.0,-29.1585,100.0,1683,0,0.0
2024-01-01 00:24:50,1490,Peak Load,39.91,50.96,237.88,266,1618,2306.06,0.4259,0.1741,261.1125,1000.0,44.952,100.0,1618,0,0.0
2024-01-01 00:24:51,1491,Peak Load,61.35,69.01,197.99,321,1675,2065.87,0.5344,0.0656,98.4075,1000.0,-32.541,100.0,1675,0,0.0
2024-01-01 00:24:52,1492,Peak Load,61.49,57.68,246.99,312,1711,2106.84,0.5297,0.0703,105.435,1000.0,1.4055,100.0,1711,0,0.0
2024-01-01 00:24:53,1493,Peak Load,62.29,55.99,240.97,369,1846,2098.03,0.5338,0.0662,99.2625,1000.0,-1.2345,100.0,1846,0,0.0
2024-01-01 00:24:54,1494,Peak Load,60.32,61.46,197.07,323,1935,2138.99,0.5118,0.0882,132.3675,1000.0,6.621,100.0,1935,0,0.0
2024-01-01 00:24:55,1495,Peak Load,63.89,51.7,221.73,219,1577,2159.68,0.4966,0.1034,155.13,1000.0,4.5525,100.0,1577,0,0.0
2024-01-01 00:24:56,1496,Peak Load,66.54,58.01,220.11,181,1615,2121.76,0.5151,0.0849,127.32,1000.0,-5.562,100.0,1615,0,0.0
2024-01-01 00:24:57,1497,Peak Load,61.6,62.18,245.71,350,1662,2071.01,0.5464,0.0536,80.3925,1000.0,-9.3855,100.0,1662,0,0.0
2024-01-01 00:24:58,1498,Peak Load,48.28,57.52,179.25,253,1480,2271.28,0.4404,0.1596,239.4675,1000.0,31.815,100.0,1480,0,0.0
2024-01-01 00:24:59,1499,Peak Load,71.05,57.09,223.96,333,1341,2036.11,0.5533,0.0467,70.005,1000.0,-33.8925,100.0,1341,0,0.0
2024-01-01 00:25:00,1500,Peak Load,66.51,43.81,200.99,362,1746,2171.21,0.4971,0.1029,154.3425,1000.0,16.8675,100.0,1746,0,0.0
2024-01-01 00:25:01,1501,Peak Load,53.25,46.18,193.87,321,1547,2244.69,0.4469,0.1531,229.635,1000.0,15.0585,100.0,1547,0,0.0
2024-01-01 00:25:02,1502,Peak Load,66.87,50.58,227.19,376,1896,2079.19,0.5305,0.0695,104.265,1000.0,-25.074,100.0,1896,0,0.0
2024-01-01 00:25:03,1503,Peak Load,58.08,64.65,213.26,393,1405,2104.27,0.5305,0.0695,104.2725,1000.0,0.0015,100.0,1405,0,0.0
2024-01-01 00:25:04,1504,Peak Load,38.08,61.79,231.63,396,1602,2225.8,0.463,0.137,205.545,1000.0,20.2545,100.0,1602,0,0.0
2024-01-01 00:25:05,1505,Peak Load,71.15,55.96,231.59,404,2053,2021.32,0.5653,0.0347,52.02,1000.0,-30.705,100.0,2021,31,0.0151
2024-01-01 00:25:06,1506,Peak Load,56.74,54.64,174.28,462,1795,2184.66,0.4916,0.1084,162.555,1000.0,22.107,100.0,1795,0,0.0
2024-01-01 00:25:07,1507,Peak Load,62.94,81.06,229.24,291,1673,2001.31,0.5812,0.0188,28.185,1000.0,-26.874,100.0,1673,0,0.0
2024-01-01 00:25:08,1508,Peak Load,51.56,56.5,207.68,335,1435,2217.92,0.4758,0.1242,186.3,1000.0,31.623,100.0,1435,0,0.0
2024-01-01 00:25:09,1509,Peak Load,72.14,61.4,213.26,416,1810,2007.7,0.575,0.025,37.47,1000.0,-29.766,100.0,1810,0,0.0
2024-01-01 00:25:10,1510,Peak Load,61.65,64.13,224.3,411,1868,2082.69,0.5499,0.0501,75.15,1000.0,7.536,100.0,1868,0,0.0
2024-01-01 00:25:11,1511,Peak Load,60.79,57.83,266.46,343,1797,2089.33,0.542,0.058,86.97,1000.0,2.364,100.0,1797,0,0.0
2024-01-01 00:25:12,1512,Peak Load,62.84,55.13,196.58,351,1622,2146.94,0.5087,0.0913,136.9425,1000.0,9.9945,100.0,1622,0,0.0
2024-01-01 00:25:13,1513,Peak Load,47.9,54.87,229.07,449,1833,2176.53,0.4867,0.1133,169.935,1000.0,6.5985,100.0,1833,0,0.0
2024-01-01 00:25:14,1514,Peak Load,38.81,63.95,204.6,401,1721,2221.33,0.4582,0.1418,212.76,1000.0,8.565,100.0,1721,0,0.0
2024-01-01 00:25:15,1515,Peak Load,58.11,58.78,220.94,455,1722,2085.15,0.5291,0.0709,106.4175,1000.0,-21.2685,100.0,1722,0,0.0
2024-01-01 00:25:16,1516,Peak Load,68.38,66.11,241.89,268,1951,2040.37,0.5657,0.0343,51.375,1000.0,-11.0085,100.0,1951,0,0.0
2024-01-01 00:25:17,1517,Peak Load,56.07,64.57,192.97,304,2125,2170.17,0.4998,0.1002,150.3675,1000.0,19.7985,100.0,2125,0,0.0
2024-01-01 00:25:18,1518,Peak Load,52.12,67.62,225.96,351,1722,2119.15,0.5171,0.0829,124.35,1000.0,-5.2035,100.0,1722,0,0.0
2024-01-01 00:25:19,1519,Peak Load,49.41,59.53,190.19,353,1918,2209.48,0.4698,0.1302,195.2925,1000.0,14.1885,100.0,1918,0,0.0
2024-01-01 00:25:20,1520,Peak Load,61.9,49.28,248.48,377,1626,2103.79,0.5206,0.0794,119.04,1000.0,-15.2505,100.0,1626,0,0.0
2024-01-01 00:25:21,1521,Peak Load,65.88,58.52,188.23,489,1733,2076.37,0.5443,0.0557,83.4825,1000.0,-7.1115,100.0,1733,0,0.0
2024-01-01 00:25:22,1522,Peak Load,59.29,56.88,258.87,347,1429,2107.14,0.5312,0.0688,103.2,1000.0,3.9435,100.0,1429,0,0.0
2024-01-01 00:25:23,1523,Peak Load,54.56,69.04,248.7,364,2014,2082.84,0.5425,0.0575,86.235,1000.0,-3.393,100.0,2014,0,0.0
2024-01-01 00:25:24,1524,Peak Load,66.01,57.92,219.02,399,1575,2081.4,0.5452,0.0548,82.2075,1000.0,-0.8055,100.0,1575,0,0.0
2024-01-01 00:25:25,1525,Peak Load,60.11,61.98,173.66,369,1682,2150.03,0.5075,0.0925,138.7275,1000.0,11.304,100.0,1682,0,0.0
2024-01-01 00:25:26,1526,Peak Load,68.34,46.94,213.08,352,1937,2123.67,0.5159,0.0841,126.18,1000.0,-2.5095,100.0,1937,0,0.0
2024-01-01 00:25:27,1527,Peak Load,59.81,72.45,244.66,357,1794,2035.35,0.5663,0.0337,50.49,1000.0,-15.138,100.0,1794,0,0.0
2024-01-01 00:25:28,1528,Peak Load,57.37,65.93,185.09,333,1839,2155.3,0.5081,0.0919,137.8275,1000.0,17.4675,100.0,1839,0,0.0
2024-01-01 00:25:29,1529,Peak Load,70.05,44.53,266.56,374,1373,2069.85,0.5459,0.0541,81.18,1000.0,-11.3295,100.0,1373,0,0.0
2024-01-01 00:25:30,1530,Peak Load,36.27,49.27,225.0,379,1878,2308.72,0.4195,0.1805,270.795,1000.0,37.923,100.0,1878,0,0.0
2024-01-01 00:25:31,1531,Peak Load,55.93,52.25,213.46,386,1799,2142.02,0.491,0.109,163.485,1000.0,-21.462,100.0,1799,0,0.0
2024-01-01 00:25:32,1532,Peak Load,54.05,66.35,207.48,332,1646,2131.84,0.5086,0.0914,137.115,1000.0,-5.274,100.0,1646,0,0.0
2024-01-01 00:25:33,1533,Peak Load,69.01,59.14,205.55,441,2185,2047.62,0.5583,0.0417,62.535,1000.0,-14.916,100.0,2047,137,0.0627
2024-01-01 00:25:34,1534,Peak Load,62.13,68.74,257.73,350,1764,2040.29,0.5707,0.0293,43.995,1000.0,-3.708,100.0,1764,0,0.0
2024-01-01 00:25:35,1535,Peak Load,50.23,58.7,208.13,362,1610,2205.55,0.4809,0.1191,178.62,1000.0,26.925,100.0,1610,0,0.0
2024-01-01 00:25:36,1536,Peak Load,58.24,63.89,223.6,275,1612,2114.37,0.5166,0.0834,125.0775,1000.0,-10.7085,100.0,1612,0,0.0
2024-01-01 00:25:37,1537,Peak Load,48.42,61.91,242.55,403,1606,2144.24,0.506,0.094,141.045,1000.0,3.1935,100.0,1606,0,0.0
2024-01-01 00:25:38,1538,Peak Load,62.59,56.94,193.57,433,1929,2110.12,0.5232,0.0768,115.275,1000.0,-5.154,100.0,1929,0,0.0
2024-01-01 00:25:39,1539,Peak Load,68.25,56.01,263.36,359,1897,2040.97,0.5644,0.0356,53.355,1000.0,-12.384,100.0,1897,0,0.0
2024-01-01 00:25:40,1540,Peak Load,56.62,58.73,155.61,372,1787,2207.85,0.4786,0.1214,182.1,1000.0,25.749,100.0,1787,0,0.0
2024-01-01 00:25:41,1541,Peak Load,57.46,72.62,193.63,356,1589,2084.41,0.5329,0.0671,100.6875,1000.0,-16.2825,100.0,1589,0,0.0
2024-01-01 00:25:42,1542,Peak Load,56.28,67.58,273.11,349,1627,2061.16,0.5548,0.0452,67.7475,1000.0,-6.588,100.0,1627,0,0.0
2024-01-01 00:25:43,1543,Peak Load,51.57,69.54,262.67,385,1494,2088.28,0.5434,0.0566,84.855,1000.0,3.4215,100.0,1494,0,0.0
2024-01-01 00:25:44,1544,Peak Load,50.42,61.62,245.78,268,1711,2174.53,0.4936,0.1064,159.585,1000.0,14.946,100.0,1711,0,0.0
2024-01-01 00:25:45,1545,Peak Load,73.86,58.93,274.26,432,1560,1954.03,0.6078,-0.0078,-11.6475,999.9223,-34.2465,99.9922,1560,0,0.0
2024-01-01 00:25:46,1546,Peak Load,58.61,59.59,201.26,335,2080,2173.35,0.505,0.095,142.515,1000.0,30.8325,100.0,2080,0,0.0
2024-01-01 00:25:47,1547,Peak Load,53.18,68.07,217.01,392,1893,2109.0,0.5236,0.0764,114.585,1000.0,-5.586,100.0,1893,0,0.0
2024-01-01 00:25:48,1548,Peak Load,56.25,64.53,168.97,421,1288,2146.58,0.5058,0.0942,141.2475,1000.0,5.3325,100.0,1288,0,0.0
2024-01-01 00:25:49,1549,Peak Load,59.27,66.57,249.3,317,1550,2068.82,0.5461,0.0539,80.895,1000.0,-12.0705,100.0,1550,0,0.0
2024-01-01 00:25:50,1550,Peak Load,55.61,61.92,169.94,395,1848,2175.24,0.4937,0.1063,159.5175,1000.0,15.7245,100.0,1848,0,0.0
2024-01-01 00:25:51,1551,Peak Load,58.9,64.33,237.87,364,1400,2075.18,0.5405,0.0595,89.235,1000.0,-14.0565,100.0,1400,0,0.0
2024-01-01 00:25:52,1552,Peak Load,62.27,54.01,214.08,426,2072,2119.12,0.5239,0.0761,114.135,1000.0,4.98,100.0,2072,0,0.0
2024-01-01 00:25:53,1553,Peak Load,60.94,64.59,188.36,412,1779,2101.83,0.5307,0.0693,103.8825,1000.0,-2.0505,100.0,1779,0,0.0
2024-01-01 00:25:54,1554,Peak Load,71.13,56.96,224.71,462,1774,2027.81,0.573,0.027,40.485,1000.0,-12.6795,100.0,1774,0,0.0
2024-01-01 00:25:55,1555,Peak Load,52.46,78.64,199.86,395,1863,2101.0,0.5394,0.0606,90.915,1000.0,10.086,100.0,1863,0,0.0
2024-01-01 00:25:56,1556,Peak Load,63.52,59.48,226.94,385,1572,2085.78,0.5422,0.0578,86.64,1000.0,-0.855,100.0,1572,0,0.0
2024-01-01 00:25:57,1557,Peak Load,78.62,59.3,250.66,380,1726,1972.26,0.6058,-0.0058,-8.625,999.9425,-19.053,99.9942,1726,0,0.0
2024-01-01 00:25:58,1558,Peak Load,57.82,50.02,228.2,376,2033,2185.47,0.4979,0.1021,153.12,1000.0,32.349,100.0,2033,0,0.0
2024-01-01 00:25:59,1559,Peak Load,51.93,56.87,206.33,488,1627,2148.84,0.5003,0.0997,149.5575,1000.0,-0.7125,100.0,1627,0,0.0
2024-01-01 00:26:00,1560,Peak Load,66.04,67.73,229.16,319,1530,2036.88,0.5629,0.0371,55.6575,1000.0,-18.78,100.0,1530,0,0.0
2024-01-01 00:26:01,1561,Peak Load,68.46,52.15,245.57,410,1880,2071.18,0.5543,0.0457,68.595,1000.0,2.5875,100.0,1880,0,0.0
2024-01-01 00:26:02,1562,Peak Load,65.4,54.47,204.81,446,1680,2104.4,0.5344,0.0656,98.43,1000.0,5.967,100.0,1680,0,0.0
2024-01-01 00:26:03,1563,Peak Load,39.67,65.58,203.26,432,2086,2215.71,0.4692,0.1308,196.1625,1000.0,19.5465,100.0,2086,0,0.0
2024-01-01 00:26:04,1564,Peak Load,61.85,68.04,239.22,500,1597,1994.63,0.5812,0.0188,28.2225,1000.0,-33.588,100.0,1597,0,0.0
2024-01-01 00:26:05,1565,Peak Load,61.69,65.81,229.16,474,1725,2055.34,0.5661,0.0339,50.82,1000.0,4.5195,100.0,1725,0,0.0
2024-01-01 00:26:06,1566,Peak Load,78.35,75.99,243.6,439,2051,1895.99,0.6518,-0.0518,-77.775,999.4815,-25.719,99.9481,1895,155,0.0756
2024-01-01 00:26:07,1567,Peak Load,52.34,51.98,273.1,423,1769,2171.9,0.5131,0.0869,130.29,1000.0,41.613,100.0,1769,0,0.0
2024-01-01 00:26:08,1568,Peak Load,61.97,44.49,229.95,362,2000,2158.63,0.4974,0.1026,153.9075,1000.0,4.7235,100.0,2000,0,0.0
2024-01-01 00:26:09,1569,Peak Load,69.88,65.26,247.8,318,1936,2006.42,0.5793,0.0207,31.005,1000.0,-24.5805,100.0,1936,0,0.0
2024-01-01 00:26:10,1570,Peak Load,67.0,69.97,299.75,307,1742,1984.12,0.6054,-0.0054,-8.025,999.9465,-7.806,99.9946,1742,0,0.0
2024-01-01 00:26:11,1571,Peak Load,56.07,62.5,236.87,395,2027,2127.28,0.5302,0.0698,104.73,1000.0,22.551,100.0,2027,0,0.0
2024-01-01 00:26:12,1572,Peak Load,53.24,54.03,206.0,388,1577,2190.35,0.4826,0.1174,176.0775,1000.0,14.2695,100.0,1577,0,0.0
2024-01-01 00:26:13,1573,Peak Load,61.7,60.2,213.4,463,1813,2068.1,0.5426,0.0574,86.1,1000.0,-17.9955,100.0,1813,0,0.0
2024-01-01 00:26:14,1574,Peak Load,70.63,60.02,236.54,377,1825,2033.05,0.5721,0.0279,41.8875,1000.0,-8.8425,100.0,1825,0,0.0
2024-01-01 00:26:15,1575,Peak Load,67.87,58.54,253.08,363,1980,2054.83,0.5649,0.0351,52.6725,1000.0,2.157,100.0,1980,0,0.0
2024-01-01 00:26:16,1576,Peak Load,57.58,67.41,239.62,503,1599,2051.9,0.5653,0.0347,52.0275,1000.0,-0.129,100.0,1599,0,0.0
2024-01-01 00:26:17,1577,Peak Load,50.45,57.17,196.52,330,1956,2228.53,0.4673,0.1327,199.11,1000.0,29.4165,100.0,1956,0,0.0
2024-01-01 00:26:18,1578,Peak Load,62.27,58.16,226.71,377,2163,2080.33,0.5333,0.0667,100.125,1000.0,-19.797,100.0,2080,82,0.0379
2024-01-01 00:26:19,1579,Peak Load,56.46,52.29,262.47,401,2243,2124.48,0.5197,0.0803,120.42,1000.0,4.059,100.0,2124,118,0.0526
2024-01-01 00:26:20,1580,Peak Load,58.17,67.5,271.32,383,1688,2038.1,0.5655,0.0345,51.8175,1000.0,-13.7205,100.0,1688,0,0.0
2024-01-01 00:26:21,1581,Peak Load,68.36,65.63,196.8,347,1331,2072.82,0.5538,0.0462,69.3225,1000.0,3.501,100.0,1331,0,0.0
2024-01-01 00:26:22,1582,Peak Load,67.23,59.81,234.52,314,1620,2077.59,0.5492,0.0508,76.215,1000.0,1.3785,100.0,1620,0,0.0
2024-01-01 00:26:23,1583,Peak Load,58.69,56.97,243.18,451,2296,2098.01,0.5371,0.0629,94.38,1000.0,3.633,100.0,2098,197,0.0858
2024-01-01 00:26:24,1584,Peak Load,62.39,69.51,215.02,316,1773,2076.43,0.5471,0.0529,79.425,1000.0,-2.991,100.0,1773,0,0.0
2024-01-01 00:26:25,1585,Peak Load,49.81,61.84,216.77,300,2192,2195.94,0.4823,0.1177,176.52,1000.0,19.419,100.0,2192,0,0.0
2024-01-01 00:26:26,1586,Peak Load,58.34,50.31,267.39,374,2065,2109.13,0.5198,0.0802,120.36,1000.0,-11.232,100.0,2065,0,0.0
2024-01-01 00:26:27,1587,Peak Load,56.81,58.02,251.06,454,2002,2088.4,0.5375,0.0625,93.7275,1000.0,-5.3265,100.0,2002,0,0.0
2024-01-01 00:26:28,1588,Peak Load,62.0,65.54,263.34,431,1822,2022.35,0.5772,0.0228,34.245,1000.0,-11.8965,100.0,1822,0,0.0
2024-01-01 00:26:29,1589,Peak Load,51.2,66.06,242.51,395,2107,2128.41,0.5249,0.0751,112.7175,1000.0,15.6945,100.0,2107,0,0.0
2024-01-01 00:26:30,1590,Peak Load,51.38,73.41,240.84,440,1774,2067.86,0.5498,0.0502,75.3375,1000.0,-7.476,100.0,1774,0,0.0
2024-01-01 00:26:31,1591,Peak Load,49.51,60.95,251.81,462,1816,2127.38,0.5209,0.0791,118.7025,1000.0,8.673,100.0,1816,0,0.0
2024-01-01 00:26:32,1592,Peak Load,45.35,51.17,303.6,356,2142,2170.93,0.4919,0.1081,162.225,1000.0,8.7045,100.0,2142,0,0.0
2024-01-01 00:26:33,1593,Peak Load,55.46,60.72,261.06,373,2177,2089.25,0.5324,0.0676,101.415,1000.0,-12.162,100.0,2089,87,0.04
2024-01-01 00:26:34,1594,Peak Load,63.58,65.25,234.54,463,2176,2029.44,0.5724,0.0276,41.4375,1000.0,-11.9955,100.0,2029,146,0.0671
2024-01-01 00:26:35,1595,Peak Load,61.96,74.17,224.48,470,1960,2018.67,0.585,0.015,22.4625,1000.0,-3.795,100.0,1960,0,0.0
2024-01-01 00:26:36,1596,Peak Load,54.51,63.59,243.32,373,1935,2126.24,0.5274,0.0726,108.945,1000.0,17.2965,100.0,1935,0,0.0
2024-01-01 00:26:37,1597,Peak Load,64.27,61.62,241.31,420,1792,2045.44,0.5626,0.0373,56.025,1000.0,-10.584,100.0,1792,0,0.0
2024-01-01 00:26:38,1598,Peak Load,64.26,57.65,323.33,341,1750,2021.46,0.5818,0.0181,27.225,1000.0,-5.76,100.0,1750,0,0.0
2024-01-01 00:26:39,1599,Peak Load,59.14,76.47,204.29,452,1918,2051.96,0.5681,0.0319,47.835,1000.0,4.122,100.0,1918,0,0.0
2024-01-01 00:26:40,1600,Peak Load,65.89,70.87,280.63,400,1909,1975.76,0.6081,-0.0081,-12.1575,999.9189,-11.9985,99.9919,1909,0,0.0
2024-01-01 00:26:41,1601,Peak Load,48.35,62.94,220.6,416,1535,2183.74,0.4993,0.1007,151.0875,1000.0,32.649,100.0,1535,0,0.0
2024-01-01 00:26:42,1602,Peak Load,66.55,50.41,249.14,355,1704,2083.6,0.5368,0.0632,94.845,1000.0,-11.2485,100.0,1704,0,0.0
2024-01-01 00:26:43,1603,Peak Load,72.59,66.43,279.43,522,1721,1911.97,0.6382,-0.0382,-57.2325,999.6184,-30.4155,99.9618,1721,0,0.0
2024-01-01 00:26:44,1604,Peak Load,75.39,52.09,267.6,400,1691,2032.98,0.5879,0.0121,18.165,999.7396,15.0795,99.974,1691,0,0.0
2024-01-01 00:26:45,1605,Peak Load,68.35,68.99,272.94,443,1905,1969.64,0.6146,-0.0146,-21.93,999.5934,-8.019,99.9593,1905,0,0.0
2024-01-01 00:26:46,1606,Peak Load,67.69,64.54,261.99,443,2049,2011.74,0.5957,0.0043,6.435,999.6363,5.673,99.9636,2011,37,0.0181
2024-01-01 00:26:47,1607,Peak Load,50.5,61.52,204.5,448,2211,2178.71,0.5,0.1,150.0,1000.0,28.713,100.0,2178,32,0.0145
2024-01-01 00:26:48,1608,Peak Load,59.77,63.37,268.98,308,1780,2063.04,0.5483,0.0517,77.535,1000.0,-14.493,100.0,1780,0,0.0
2024-01-01 00:26:49,1609,Peak Load,66.52,42.23,217.24,499,2086,2125.14,0.5219,0.0781,117.2025,1000.0,7.9335,100.0,2086,0,0.0
2024-01-01 00:26:50,1610,Peak Load,66.64,68.71,253.26,466,1824,1973.76,0.6015,-0.0015,-2.3175,999.9846,-23.904,99.9985,1824,0,0.0
2024-01-01 00:26:51,1611,Peak Load,64.61,58.14,284.98,525,2165,2013.56,0.5927,0.0073,10.9125,1000.0,2.646,100.0,2013,151,0.0697
2024-01-01 00:26:52,1612,Peak Load,60.46,55.93,285.65,467,1957,2062.06,0.5643,0.0357,53.535,1000.0,8.5245,100.0,1957,0,0.0
2024-01-01 00:26:53,1613,Peak Load,58.7,65.62,215.05,473,2168,2082.94,0.548,0.052,78.0375,1000.0,4.9005,100.0,2082,85,0.0392
2024-01-01 00:26:54,1614,Peak Load,76.86,67.63,206.41,447,2322,1969.3,0.6083,-0.0083,-12.51,999.9166,-18.1095,99.9917,1969,352,0.1516
2024-01-01 00:26:55,1615,Peak Load,56.91,62.29,290.54,473,2392,2054.47,0.5711,0.0289,43.305,1000.0,11.163,100.0,2054,337,0.1409
2024-01-01 00:26:56,1616,Peak Load,58.03,55.8,285.13,365,1858,2099.48,0.5399,0.0601,90.12,1000.0,9.363,100.0,1858,0,0.0
2024-01-01 00:26:57,1617,Peak Load,63.41,70.02,267.1,465,1819,1981.46,0.6003,-0.0003,-0.4275,999.9971,-18.1095,99.9997,1819,0,0.0
2024-01-01 00:26:58,1618,Peak Load,73.7,90.98,269.67,444,1642,1842.91,0.6868,-0.0868,-130.2525,999.1288,-25.965,99.9129,1642,0,0.0
2024-01-01 00:26:59,1619,Peak Load,58.92,61.33,233.16,438,2258,2130.48,0.5418,0.0582,87.2625,999.7106,43.503,99.9711,2130,127,0.0562
2024-01-01 00:27:00,1620,Peak Load,74.04,61.75,213.22,520,1895,1985.65,0.5981,0.0019,2.8125,999.7293,-16.89,99.9729,1895,0,0.0
2024-01-01 00:27:01,1621,Peak Load,50.3,67.88,280.5,294,1741,2125.26,0.5301,0.0699,104.85,1000.0,20.4075,100.0,1741,0,0.0
2024-01-01 00:27:02,1622,Peak Load,63.27,68.07,234.52,391,2053,2037.48,0.5675,0.0325,48.705,1000.0,-11.229,100.0,2037,15,0.0073
2024-01-01 00:27:03,1623,Peak Load,60.45,66.75,216.91,360,2061,2096.63,0.5409,0.0591,88.6425,1000.0,7.9875,100.0,2061,0,0.0
2024-01-01 00:27:04,1624,Peak Load,66.25,69.45,234.55,394,2184,2014.9,0.5819,0.0181,27.1875,1000.0,-12.291,100.0,2014,169,0.0774
2024-01-01 00:27:05,1625,Peak Load,52.09,71.78,290.41,494,1776,2028.64,0.5811,0.0189,28.395,1000.0,0.2415,100.0,1776,0,0.0
2024-01-01 00:27:06,1626,Peak Load,57.79,61.58,212.2,385,2044,2138.2,0.5201,0.0799,119.9025,1000.0,18.3015,100.0,2044,0,0.0
2024-01-01 00:27:07,1627,Peak Load,69.56,55.74,271.6,471,2218,1995.35,0.5893,0.0107,16.11,1000.0,-20.7585,100.0,1995,222,0.1001
2024-01-01 00:27:08,1628,Peak Load,68.96,70.53,265.9,503,1661,1949.56,0.6261,-0.0261,-39.1275,999.7392,-11.0475,99.9739,1661,0,0.0
2024-01-01 00:27:09,1629,Peak Load,63.47,62.88,244.54,472,2047,2057.48,0.5724,0.0276,41.3775,1000.0,16.101,100.0,2047,0,0.0
2024-01-01 00:27:10,1630,Peak Load,67.62,61.94,230.05,511,1992,2021.97,0.5832,0.0168,25.2075,1000.0,-3.234,100.0,1992,0,0.0
2024-01-01 00:27:11,1631,Peak Load,56.38,61.86,200.08,448,1884,2140.36,0.5192,0.0808,121.17,1000.0,19.1925,100.0,1884,0,0.0
2024-01-01 00:27:12,1632,Peak Load,59.97,74.34,217.96,489,2362,2015.23,0.5781,0.0219,32.8875,1000.0,-17.6565,100.0,2015,346,0.1465
2024-01-01 00:27:13,1633,Peak Load,73.23,63.06,218.89,366,1844,2032.48,0.5783,0.0217,32.55,1000.0,-0.0675,100.0,1844,0,0.0
2024-01-01 00:27:14,1634,Peak Load,59.16,58.27,243.39,442,2025,2100.18,0.5407,0.0593,88.905,1000.0,11.271,100.0,2025,0,0.0
2024-01-01 00:27:15,1635,Peak Load,54.79,58.56,248.65,437,2297,2111.75,0.528,0.072,107.94,1000.0,3.807,100.0,2111,185,0.0805
2024-01-01 00:27:16,1636,Peak Load,66.6,52.08,266.25,482,1907,2034.71,0.5687,0.0313,46.9125,1000.0,-12.2055,100.0,1907,0,0.0
2024-01-01 00:27:17,1637,Peak Load,55.07,75.71,221.88,489,1973,2051.26,0.5663,0.0337,50.535,1000.0,0.7245,100.0,1973,0,0.0
2024-01-01 00:27:18,1638,Peak Load,69.63,75.38,271.09,417,2156,1935.14,0.6302,-0.0302,-45.375,999.6975,-19.182,99.9698,1935,220,0.102
2024-01-01 00:27:19,1639,Peak Load,59.82,64.61,215.71,389,1947,2122.3,0.5371,0.0629,94.35,1000.0,27.945,100.0,1947,0,0.0
2024-01-01 00:27:20,1640,Peak Load,67.85,51.58,269.69,403,2195,2050.03,0.5617,0.0383,57.42,1000.0,-7.386,100.0,2050,144,0.0656
2024-01-01 00:27:21,1641,Peak Load,62.13,55.67,257.31,397,2194,2087.81,0.5448,0.0552,82.7475,1000.0,5.0655,100.0,2087,106,0.0483
2024-01-01 00:27:22,1642,Peak Load,65.0,62.5,273.05,393,1684,2020.85,0.5792,0.0208,31.1625,1000.0,-10.317,100.0,1684,0,0.0
2024-01-01 00:27:23,1643,Peak Load,68.3,55.9,222.57,504,2049,2055.53,0.5657,0.0343,51.4725,1000.0,4.062,100.0,2049,0,0.0
2024-01-01 00:27:24,1644,Peak Load,55.04,59.29,228.72,561,2127,2098.83,0.5394,0.0606,90.9375,1000.0,7.893,100.0,2098,28,0.0132
2024-01-01 00:27:25,1645,Peak Load,61.75,67.69,215.41,414,1968,2062.53,0.5552,0.0448,67.2675,1000.0,-4.734,100.0,1968,0,0.0
2024-01-01 00:27:26,1646,Peak Load,68.78,63.01,263.8,460,1916,1988.07,0.5992,0.0008,1.2675,1000.0,-13.2,100.0,1916,0,0.0
2024-01-01 00:27:27,1647,Peak Load,62.83,60.74,263.58,481,1990,2043.5,0.5757,0.0243,36.4575,1000.0,7.038,100.0,1990,0,0.0
2024-01-01 00:27:28,1648,Peak Load,55.81,56.76,268.86,545,1983,2076.56,0.5534,0.0466,69.8775,1000.0,6.684,100.0,1983,0,0.0
2024-01-01 00:27:29,1649,Peak Load,61.99,65.36,223.05,536,1991,2035.9,0.5723,0.0277,41.565,1000.0,-5.6625,100.0,1991,0,0.0
2024-01-01 00:27:30,1650,Peak Load,59.97,62.65,241.61,537,1915,2049.51,0.5679,0.0321,48.1875,1000.0,1.3245,100.0,1915,0,0.0
2024-01-01 00:27:31,1651,Peak Load,66.61,67.87,235.46,470,2012,2006.49,0.591,0.009,13.44,1000.0,-6.9495,100.0,2006,5,0.0025
2024-01-01 00:27:32,1652,Peak Load,52.98,65.65,256.58,467,1966,2091.1,0.5479,0.0521,78.1575,1000.0,12.9435,100.0,1966,0,0.0
2024-01-01 00:27:33,1653,Peak Load,67.53,73.28,222.83,439,2094,1990.09,0.5968,0.0032,4.77,1000.0,-14.6775,100.0,1990,103,0.0492
2024-01-01 00:27:34,1654,Peak Load,69.34,67.16,341.09,497,2189,1898.26,0.6557,-0.0557,-83.5275,999.4432,-17.6595,99.9443,1898,290,0.1325
2024-01-01 00:27:35,1655,Peak Load,63.08,57.03,249.32,504,2045,2082.01,0.5636,0.0364,54.5775,999.807,27.621,99.9807,2045,0,0.0
2024-01-01 00:27:36,1656,Peak Load,68.81,62.51,247.8,451,2111,2009.42,0.5887,0.0113,17.01,999.9204,-7.5135,99.992,2009,101,0.0478
2024-01-01 00:27:37,1657,Peak Load,72.35,57.0,282.15,423,2061,1996.07,0.6002,-0.0002,-0.375,999.9179,-3.477,99.9918,1996,64,0.0311
2024-01-01 00:27:38,1658,Peak Load,64.13,75.04,247.0,474,2091,1987.95,0.6067,-0.0067,-9.9825,999.8514,-1.9215,99.9851,1987,103,0.0493
2024-01-01 00:27:39,1659,Peak Load,58.71,63.6,251.81,433,1883,2082.38,0.5553,0.0447,66.99,1000.0,15.3945,100.0,1883,0,0.0
2024-01-01 00:27:40,1660,Peak Load,74.64,59.95,277.07,483,1693,1946.6,0.6221,-0.0221,-33.15,999.779,-20.028,99.9779,1693,0,0.0
2024-01-01 00:27:41,1661,Peak Load,69.94,54.28,279.18,434,1976,2033.23,0.5852,0.0148,22.23,999.9272,11.076,99.9927,1976,0,0.0
2024-01-01 00:27:42,1662,Peak Load,55.48,65.06,288.41,417,1855,2061.1,0.5636,0.0364,54.6225,1000.0,6.4785,100.0,1855,0,0.0
2024-01-01 00:27:43,1663,Peak Load,69.51,67.59,187.85,587,2083,1999.45,0.5942,0.0058,8.6475,1000.0,-9.195,100.0,1999,83,0.0398
2024-01-01 00:27:44,1664,Peak Load,71.49,63.26,205.48,507,1866,2021.39,0.5872,0.0128,19.2675,1000.0,2.124,100.0,1866,0,0.0
2024-01-01 00:27:45,1665,Peak Load,70.31,62.77,268.54,421,2154,1995.37,0.6004,-0.0004,-0.645,999.9957,-3.9825,99.9996,1995,158,0.0734
2024-01-01 00:27:46,1666,Peak Load,56.49,80.05,328.81,566,2238,1914.79,0.6471,-0.0471,-70.7175,999.5243,-14.0145,99.9524,1914,323,0.1443
2024-01-01 00:27:47,1667,Peak Load,65.37,72.53,259.05,375,2285,2021.1,0.5959,0.0041,6.1575,999.5653,15.375,99.9565,2021,263,0.1151
2024-01-01 00:27:48,1668,Peak Load,75.11,64.18,225.44,434,1622,1996.24,0.6012,-0.0012,-1.7325,999.5538,-1.578,99.9554,1622,0,0.0
2024-01-01 00:27:49,1669,Peak Load,73.69,53.21,271.07,419,1703,2019.22,0.5893,0.0107,16.0125,999.6605,3.549,99.9661,1703,0,0.0
2024-01-01 00:27:50,1670,Peak Load,68.08,62.12,287.87,394,1838,2002.58,0.5966,0.0034,5.0775,999.6943,-2.187,99.9694,1838,0,0.0
2024-01-01 00:27:51,1671,Peak Load,47.11,49.2,316.94,596,2010,2114.63,0.5358,0.0642,96.3675,1000.0,18.258,100.0,2010,0,0.0
2024-01-01 00:27:52,1672,Peak Load,59.66,62.44,289.47,441,2041,2024.3,0.5758,0.0242,36.3075,1000.0,-12.012,100.0,2024,16,0.0078
2024-01-01 00:27:53,1673,Peak Load,66.19,60.58,247.74,490,1799,2027.87,0.5805,0.0195,29.2725,1000.0,-1.407,100.0,1799,0,0.0
2024-01-01 00:27:54,1674,Peak Load,69.95,61.29,267.61,556,1963,1966.53,0.6153,-0.0153,-22.8825,999.8474,-10.431,99.9847,1963,0,0.0
2024-01-01 00:27:55,1675,Peak Load,73.74,52.08,249.94,475,2383,2032.46,0.5845,0.0155,23.235,1000.0,9.2235,100.0,2032,350,0.1469
2024-01-01 00:27:56,1676,Peak Load,50.74,63.98,308.02,427,1957,2075.27,0.5556,0.0444,66.6,1000.0,8.673,100.0,1957,0,0.0
2024-01-01 00:27:57,1677,Peak Load,69.12,65.98,311.56,502,2267,1917.99,0.638,-0.038,-56.925,999.6205,-24.705,99.9621,1917,349,0.1539
2024-01-01 00:27:58,1678,Peak Load,63.62,59.53,258.08,406,2100,2080.8,0.5614,0.0386,57.8475,1000.0,22.9545,100.0,2080,19,0.009
2024-01-01 00:27:59,1679,Peak Load,63.46,60.05,280.07,407,2159,2036.45,0.5733,0.0267,40.02,1000.0,-3.5655,100.0,2036,122,0.0565
2024-01-01 00:28:00,1680,Peak Load,62.76,72.9,253.6,514,2043,1981.48,0.6058,-0.0058,-8.715,999.9419,-9.747,99.9942,1981,61,0.0299
2024-01-01 00:28:01,1681,Peak Load,72.58,65.58,215.74,538,1991,1989.83,0.6065,-0.0065,-9.825,999.8764,-0.222,99.9876,1989,1,0.0005
2024-01-01 00:28:02,1682,Peak Load,72.99,69.68,242.71,423,2141,1975.65,0.6145,-0.0145,-21.705,999.7317,-2.376,99.9732,1975,165,0.0771
2024-01-01 00:28:03,1683,Peak Load,64.29,71.43,260.83,540,2096,1976.91,0.615,-0.015,-22.5075,999.5816,-0.1605,99.9582,1976,119,0.0568
2024-01-01 00:28:04,1684,Peak Load,69.06,62.29,273.41,551,2003,1973.69,0.6168,-0.0168,-25.185,999.4137,-0.5355,99.9414,1973,29,0.0145
2024-01-01 00:28:05,1685,Peak Load,71.05,65.27,270.44,583,2256,1941.97,0.6345,-0.0345,-51.78,999.0685,-5.319,99.9069,1941,314,0.1392
2024-01-01 00:28:06,1686,Peak Load,67.48,66.48,245.92,470,2079,2016.95,0.5958,0.0042,6.24,999.1101,11.604,99.911,2016,62,0.0298
2024-01-01 00:28:07,1687,Peak Load,73.69,70.25,233.96,539,2001,1941.08,0.6314,-0.0314,-47.055,998.7964,-10.659,99.8796,1941,59,0.0295
2024-01-01 00:28:08,1688,Peak Load,59.03,74.39,311.4,497,2162,1966.89,0.6228,-0.0228,-34.245,998.5681,2.562,99.8568,1966,195,0.0902
2024-01-01 00:28:09,1689,Peak Load,73.11,74.84,289.61,402,2424,1918.37,0.6481,-0.0481,-72.135,998.0872,-7.578,99.8087,1918,505,0.2083
2024-01-01 00:28:10,1690,Peak Load,75.53,61.54,237.14,513,1968,1987.67,0.6137,-0.0137,-20.5875,997.95,10.3095,99.795,1968,0,0.0
2024-01-01 00:28:11,1691,Peak Load,69.69,70.34,251.31,416,2103,1987.91,0.6078,-0.0078,-11.73,997.8718,1.7715,99.7872,1987,115,0.0547
2024-01-01 00:28:12,1692,Peak Load,62.83,66.19,228.26,469,2170,2054.77,0.5699,0.0301,45.21,998.1732,11.388,99.8173,2054,115,0.053
2024-01-01 00:28:13,1693,Peak Load,71.98,59.68,233.78,486,2141,2005.57,0.5909,0.0091,13.62,998.264,-6.318,99.8264,2005,135,0.0631
2024-01-01 00:28:14,1694,Peak Load,70.42,61.65,278.03,575,2072,1948.73,0.6259,-0.0259,-38.79,998.0054,-10.482,99.8005,1948,123,0.0594
2024-01-01 00:28:15,1695,Peak Load,54.15,66.68,330.68,409,2038,2036.69,0.5829,0.0171,25.6275,998.1763,12.8835,99.8176,2036,1,0.0005
2024-01-01 00:28:16,1696,Peak Load,65.45,65.97,275.45,555,2051,1965.95,0.615,-0.015,-22.4625,998.0265,-9.618,99.8026,1965,85,0.0414
2024-01-01 00:28:17,1697,Peak Load,77.52,64.5,259.39,447,1672,1949.46,0.6293,-0.0293,-43.9725,997.7333,-4.302,99.7733,1672,0,0.0
2024-01-01 00:28:18,1698,Peak Load,69.55,79.74,283.9,529,1955,1890.55,0.6641,-0.0641,-96.1125,997.0926,-10.428,99.7093,1890,64,0.0327
2024-01-01 00:28:19,1699,Peak Load,65.43,72.28,330.68,578,2200,1904.56,0.6617,-0.0617,-92.6175,996.4751,0.699,99.6475,1904,295,0.1341
2024-01-01 00:28:20,1700,Peak Load,67.71,66.89,248.08,402,1815,2035.72,0.5886,0.0114,17.175,996.5896,21.9585,99.659,1815,0,0.0
2024-01-01 00:28:21,1701,Peak Load,67.87,63.41,226.87,487,1979,2024.73,0.5826,0.0174,26.1675,996.7641,1.7985,99.6764,1979,0,0.0
2024-01-01 00:28:22,1702,Peak Load,58.13,62.9,261.59,453,2229,2064.93,0.5595,0.0405,60.825,997.1696,6.9315,99.717,2064,164,0.0736
2024-01-01 00:28:23,1703,Peak Load,52.33,51.62,271.58,497,2127,2125.2,0.5225,0.0775,116.1825,997.9441,11.0715,99.7944,2125,1,0.0005
2024-01-01 00:28:24,1704,Peak Load,63.29,59.13,271.53,465,2358,2020.22,0.5749,0.0251,37.7175,998.1956,-15.693,99.8196,2020,337,0.1429
2024-01-01 00:28:25,1705,Peak Load,65.05,65.21,346.27,480,2160,1925.79,0.6358,-0.0358,-53.7525,997.8372,-18.294,99.7837,1925,234,0.1083
2024-01-01 00:28:26,1706,Peak Load,72.85,70.73,280.96,504,2071,1921.92,0.6479,-0.0479,-71.82,997.3584,-3.6135,99.7358,1921,149,0.0719
2024-01-01 00:28:27,1707,Peak Load,63.12,67.93,333.4,566,2113,1935.08,0.6423,-0.0423,-63.5175,996.935,1.6605,99.6935,1935,177,0.0838
2024-01-01 00:28:28,1708,Peak Load,74.61,59.59,264.99,551,2352,1963.93,0.6253,-0.0253,-37.8825,996.6824,5.127,99.6682,1963,388,0.165
2024-01-01 00:28:29,1709,Peak Load,61.64,62.33,338.51,500,2421,1975.62,0.6158,-0.0158,-23.73,996.5242,2.8305,99.6524,1975,445,0.1838
2024-01-01 00:28:30,1710,Peak Load,69.5,67.47,264.17,552,2329,1952.74,0.6268,-0.0268,-40.215,996.2561,-3.297,99.6256,1952,376,0.1614
2024-01-01 00:28:31,1711,Peak Load,59.61,63.31,301.06,488,1961,2021.24,0.5906,0.0094,14.04,996.3497,10.851,99.635,1961,0,0.0
2024-01-01 00:28:32,1712,Peak Load,76.01,73.53,260.38,509,1819,1891.46,0.6564,-0.0564,-84.6,995.7857,-19.728,99.5786,1819,0,0.0
2024-01-01 00:28:33,1713,Peak Load,60.81,66.71,275.08,439,1920,2043.48,0.583,0.017,25.5,995.9557,22.02,99.5956,1920,0,0.0
2024-01-01 00:28:34,1714,Peak Load,59.5,69.06,215.37,437,1692,2073.87,0.5541,0.0459,68.7975,996.4144,8.6595,99.6414,1692,0,0.0
2024-01-01 00:28:35,1715,Peak Load,71.41,53.28,275.62,597,2401,1963.66,0.6105,-0.0105,-15.7425,996.3094,-16.908,99.6309,1963,437,0.182
2024-01-01 00:28:36,1716,Peak Load,53.65,68.02,245.26,427,2045,2099.9,0.5445,0.0555,83.2425,996.8644,19.797,99.6864,2045,0,0.0
2024-01-01 00:28:37,1717,Peak Load,77.97,70.16,253.74,542,1621,1878.01,0.6565,-0.0565,-84.6975,996.2997,-33.588,99.63,1621,0,0.0
2024-01-01 00:28:38,1718,Peak Load,62.16,60.23,277.81,488,2043,2049.0,0.5802,0.0198,29.64,996.4973,22.8675,99.6497,2043,0,0.0
2024-01-01 00:28:39,1719,Peak Load,66.83,66.19,291.93,510,2016,1951.03,0.6218,-0.0218,-32.7675,996.2789,-12.4815,99.6279,1951,64,0.0317
2024-01-01 00:28:40,1720,Peak Load,71.48,71.85,259.31,498,2307,1941.0,0.6342,-0.0342,-51.24,995.9373,-3.6945,99.5937,1941,366,0.1586
2024-01-01 00:28:41,1721,Peak Load,59.49,78.73,236.08,481,1886,2014.82,0.5952,0.0048,7.155,995.985,11.679,99.5985,1886,0,0.0
2024-01-01 00:28:42,1722,Peak Load,85.86,62.6,261.5,480,2097,1886.39,0.6598,-0.0598,-89.64,995.3874,-19.359,99.5387,1886,210,0.1001
2024-01-01 00:28:43,1723,Peak Load,65.77,65.23,170.91,507,2083,2095.17,0.5548,0.0452,67.8375,995.8396,31.4955,99.584,2083,0,0.0
2024-01-01 00:28:44,1724,Peak Load,76.75,75.35,271.42,553,1861,1845.33,0.6757,-0.0757,-113.49,995.083,-36.2655,99.5083,1845,15,0.0081
2024-01-01 00:28:45,1725,Peak Load,74.62,62.22,241.78,493,2363,1996.86,0.6116,-0.0116,-17.34,994.9674,19.23,99.4967,1996,366,0.1549
2024-01-01 00:28:46,1726,Peak Load,69.97,76.73,255.12,568,1955,1908.88,0.6495,-0.0495,-74.22,994.4726,-11.376,99.4473,1908,46,0.0235
2024-01-01 00:28:47,1727,Peak Load,70.37,67.8,297.69,521,1939,1931.87,0.6428,-0.0428,-64.185,994.0447,2.007,99.4045,1931,7,0.0036
2024-01-01 00:28:48,1728,Peak Load,75.65,78.44,260.6,396,2188,1915.34,0.6506,-0.0506,-75.8625,993.539,-2.3355,99.3539,1915,272,0.1243
2024-01-01 00:28:49,1729,Peak Load,66.0,65.43,295.06,480,2036,1983.18,0.6141,-0.0141,-21.1575,993.3979,10.941,99.3398,1983,52,0.0255
2024-01-01 00:28:50,1730,Peak Load,67.89,76.67,279.55,433,1853,1936.06,0.634,-0.034,-51.0225,993.0578,-5.973,99.3058,1853,0,0.0
2024-01-01 00:28:51,1731,Peak Load,69.85,58.51,232.04,546,2230,2023.77,0.5887,0.0113,16.995,993.1711,13.6035,99.3171,2023,206,0.0924
2024-01-01 00:28:52,1732,Peak Load,65.83,68.5,284.82,545,2216,1943.05,0.6258,-0.0258,-38.7225,992.9129,-11.1435,99.2913,1943,272,0.1227
2024-01-01 00:28:53,1733,Peak Load,47.97,64.8,294.98,485,2104,2090.91,0.5501,0.0499,74.7975,993.4116,22.704,99.3412,2090,13,0.0062
2024-01-01 00:28:54,1734,Peak Load,74.86,67.08,324.94,578,2075,1835.68,0.6789,-0.0789,-118.32,992.6228,-38.6235,99.2623,1835,239,0.1152
2024-01-01 00:28:55,1735,Peak Load,67.32,46.59,270.17,429,2144,2104.02,0.5515,0.0485,72.705,993.1075,38.205,99.3107,2104,39,0.0182
2024-01-01 00:28:56,1736,Peak Load,70.17,71.45,322.14,510,2558,1866.73,0.6618,-0.0618,-92.685,992.4896,-33.078,99.249,1866,691,0.2701
2024-01-01 00:28:57,1737,Peak Load,70.84,57.44,263.64,490,2222,2016.71,0.5969,0.0031,4.71,992.521,19.479,99.2521,2016,205,0.0923
2024-01-01 00:28:58,1738,Peak Load,61.45,64.55,275.93,486,2268,2014.54,0.5873,0.0127,19.0275,992.6478,2.8635,99.2648,2014,253,0.1116
2024-01-01 00:28:59,1739,Peak Load,74.2,74.84,271.1,585,1834,1861.96,0.6701,-0.0701,-105.15,991.9468,-24.8355,99.1947,1834,0,0.0
2024-01-01 00:29:00,1740,Peak Load,58.0,58.21,281.57,586,1988,2054.23,0.5772,0.0228,34.185,992.1747,27.867,99.2175,1988,0,0.0
2024-01-01 00:29:01,1741,Peak Load,65.34,65.22,298.75,486,2004,1959.97,0.614,-0.014,-21.0225,992.0346,-11.0415,99.2035,1959,44,0.022
2024-01-01 00:29:02,1742,Peak Load,58.43,62.77,317.15,520,1964,1999.85,0.598,0.002,2.9925,992.0545,4.803,99.2055,1964,0,0.0
2024-01-01 00:29:03,1743,Peak Load,79.13,62.7,324.69,600,2125,1835.71,0.686,-0.086,-129.075,991.194,-26.4135,99.1194,1835,289,0.136
2024-01-01 00:29:04,1744,Peak Load,57.29,82.86,293.98,497,2307,1964.15,0.6292,-0.0292,-43.8075,990.902,17.0535,99.0902,1964,342,0.1482
2024-01-01 00:29:05,1745,Peak Load,74.94,76.04,262.75,536,1880,1883.52,0.6642,-0.0642,-96.2475,990.2603,-10.488,99.026,1880,0,0.0
2024-01-01 00:29:06,1746,Peak Load,74.69,66.74,291.32,509,2069,1918.51,0.6503,-0.0503,-75.4125,989.7576,4.167,98.9758,1918,150,0.0725
2024-01-01 00:29:07,1747,Peak Load,62.46,72.46,327.84,485,2231,1938.9,0.6364,-0.0364,-54.645,989.3933,4.1535,98.9393,1938,292,0.1309
2024-01-01 00:29:08,1748,Peak Load,72.9,67.02,237.62,441,1966,1986.46,0.6077,-0.0077,-11.49,989.3167,8.631,98.9317,1966,0,0.0
2024-01-01 00:29:09,1749,Peak Load,52.38,76.85,294.71,518,1686,1990.69,0.6005,-0.0005,-0.765,989.3116,2.145,98.9312,1686,0,0.0
2024-01-01 00:29:10,1750,Peak Load,54.94,67.01,343.06,478,2299,1983.95,0.603,-0.003,-4.5675,989.2811,-0.7605,98.9281,1983,315,0.137
2024-01-01 00:29:11,1751,Peak Load,65.73,67.44,320.65,500,1989,1928.69,0.634,-0.034,-50.97,988.9413,-9.2805,98.8941,1928,60,0.0302
2024-01-01 00:29:12,1752,Peak Load,80.96,67.41,317.22,480,2411,1849.82,0.6825,-0.0825,-123.7425,988.1164,-14.5545,98.8116,1849,561,0.2327
2024-01-01 00:29:13,1753,Peak Load,71.85,70.16,288.69,491,2131,1931.65,0.6449,-0.0449,-67.305,987.6677,11.2875,98.7668,1931,199,0.0934
2024-01-01 00:29:14,1754,Peak Load,66.16,73.87,278.92,433,1797,1963.76,0.6206,-0.0206,-30.9675,987.4612,7.2675,98.7461,1797,0,0.0
2024-01-01 00:29:15,1755,Peak Load,55.93,71.51,250.73,541,2162,2027.96,0.581,0.019,28.4325,987.6508,11.88,98.7651,2027,134,0.062
2024-01-01 00:29:16,1756,Peak Load,69.27,70.29,290.29,361,2071,1950.35,0.6175,-0.0175,-26.1975,987.4761,-10.926,98.7476,1950,120,0.0579
2024-01-01 00:29:17,1757,Peak Load,73.23,78.73,336.4,443,2068,1833.83,0.6878,-0.0878,-131.67,986.5983,-21.0945,98.6598,1833,234,0.1132
2024-01-01 00:29:18,1758,Peak Load,57.34,77.92,316.46,546,2173,1948.46,0.6356,-0.0356,-53.43,986.2421,15.648,98.6242,1948,224,0.1031
2024-01-01 00:29:19,1759,Peak Load,80.95,75.79,321.08,553,2071,1786.44,0.7163,-0.1163,-174.435,985.0792,-24.201,98.5079,1786,284,0.1371
2024-01-01 00:29:20,1760,Peak Load,76.09,73.06,280.88,505,2369,1902.04,0.6652,-0.0652,-97.7325,984.4277,15.3405,98.4428,1902,466,0.1967
2024-01-01 00:29:21,1761,Peak Load,83.31,62.13,278.97,548,2242,1879.82,0.6686,-0.0686,-102.8925,983.7417,-1.032,98.3742,1879,362,0.1615
2024-01-01 00:29:22,1762,Peak Load,65.86,80.59,299.79,559,2498,1885.35,0.6657,-0.0657,-98.595,983.0844,0.8595,98.3084,1885,612,0.245
2024-01-01 00:29:23,1763,Peak Load,66.49,66.82,249.8,518,1850,1998.52,0.6024,-0.0024,-3.5475,983.0608,19.0095,98.3061,1850,0,0.0
2024-01-01 00:29:24,1764,Peak Load,76.1,70.41,279.35,523,2302,1874.27,0.6605,-0.0605,-90.75,982.4558,-17.4405,98.2456,1874,427,0.1855
2024-01-01 00:29:25,1765,Peak Load,61.08,68.93,308.91,422,2288,1993.62,0.6039,-0.0039,-5.79,982.4172,16.992,98.2417,1993,294,0.1285
2024-01-01 00:29:26,1766,Peak Load,56.81,66.71,253.29,616,1922,2011.35,0.5847,0.0153,23.0175,982.5706,5.7615,98.2571,1922,0,0.0
2024-01-01 00:29:27,1767,Peak Load,57.04,68.5,276.05,440,2260,2023.37,0.5749,0.0251,37.6275,982.8215,2.922,98.2821,2023,236,0.1044
2024-01-01 00:29:28,1768,Peak Load,54.36,60.35,271.47,579,2416,2040.96,0.5637,0.0363,54.42,983.1843,3.3585,98.3184,2040,375,0.1552
2024-01-01 00:29:29,1769,Peak Load,79.15,66.56,216.17,555,2452,1909.38,0.6348,-0.0348,-52.14,982.8367,-21.312,98.2837,1909,542,0.221
2024-01-01 00:29:30,1770,Peak Load,80.24,70.91,253.57,501,2547,1884.57,0.6601,-0.0601,-90.075,982.2362,-7.587,98.2236,1884,662,0.2599
2024-01-01 00:29:31,1771,Peak Load,59.08,59.66,317.8,507,1925,2016.76,0.5909,0.0091,13.68,982.3274,20.751,98.2327,1925,0,0.0
2024-01-01 00:29:32,1772,Peak Load,82.68,70.96,278.33,465,2573,1842.58,0.6757,-0.0757,-113.5425,981.5704,-25.4445,98.157,1842,730,0.2837
2024-01-01 00:29:33,1773,Peak Load,70.3,77.54,316.86,503,2062,1870.74,0.6738,-0.0738,-110.67,980.8326,0.5745,98.0833,1870,191,0.0926
2024-01-01 00:29:34,1774,Peak Load,82.11,78.03,234.01,568,2142,1849.72,0.6847,-0.0847,-126.9975,979.986,-3.2655,97.9986,1849,292,0.1363
2024-01-01 00:29:35,1775,Peak Load,62.32,69.66,250.09,507,2009,2017.39,0.5934,0.0066,9.9525,980.0523,27.39,98.0052,2009,0,0.0
2024-01-01 00:29:36,1776,Peak Load,66.63,67.36,260.38,630,2269,1930.47,0.6263,-0.0263,-39.4425,979.7894,-9.879,97.9789,1930,338,0.149
2024-01-01 00:29:37,1777,Peak Load,85.02,66.77,274.65,642,2056,1810.08,0.6981,-0.0981,-147.18,978.8082,-21.5475,97.8808,1810,245,0.1192
2024-01-01 00:29:38,1778,Peak Load,69.28,72.96,254.24,580,2290,1937.65,0.639,-0.039,-58.5,978.4182,17.736,97.8418,1937,352,0.1537
2024-01-01 00:29:39,1779,Peak Load,80.91,74.18,330.64,531,2003,1784.49,0.7136,-0.1136,-170.4075,977.2821,-22.3815,97.7282,1784,218,0.1088
2024-01-01 00:29:40,1780,Peak Load,87.67,57.3,249.11,572,2502,1901.95,0.6604,-0.0605,-90.675,976.6776,15.9465,97.6678,1901,600,0.2398
2024-01-01 00:29:41,1781,Peak Load,72.35,75.01,232.3,509,1804,1934.63,0.6332,-0.0333,-49.875,976.3451,8.16,97.6345,1804,0,0.0
2024-01-01 00:29:42,1782,Peak Load,77.12,57.22,254.1,571,2393,1939.86,0.6257,-0.0257,-38.505,976.0884,2.274,97.6088,1939,453,0.1893
2024-01-01 00:29:43,1783,Peak Load,69.65,72.07,308.84,528,1963,1879.59,0.6576,-0.0576,-86.355,975.5127,-9.57,97.5513,1879,83,0.0423
2024-01-01 00:29:44,1784,Peak Load,75.48,72.4,319.79,560,1950,1831.56,0.6891,-0.0891,-133.6125,974.622,-9.4515,97.4622,1831,118,0.0605
2024-01-01 00:29:45,1785,Peak Load,76.53,68.14,278.75,524,2047,1899.66,0.6562,-0.0562,-84.27,974.0602,9.8685,97.406,1899,147,0.0718
2024-01-01 00:29:46,1786,Peak Load,78.16,58.25,263.69,523,2510,1937.56,0.6295,-0.0295,-44.22,973.7654,8.01,97.3765,1937,572,0.2279
2024-01-01 00:29:47,1787,Peak Load,79.52,56.72,334.3,624,1954,1836.23,0.6809,-0.0809,-121.305,972.9567,-15.417,97.2957,1836,117,0.0599
2024-01-01 00:29:48,1788,Peak Load,50.96,67.74,327.7,639,2016,1983.81,0.6074,-0.0074,-11.115,972.8826,22.038,97.2883,1983,32,0.0159
2024-01-01 00:29:49,1789,Peak Load,85.19,52.68,283.25,519,2423,1885.8,0.6493,-0.0493,-74.01,972.3892,-12.579,97.2389,1885,537,0.2216
2024-01-01 00:29:50,1790,Peak Load,81.6,74.98,254.04,597,2296,1824.98,0.6896,-0.0896,-134.43,971.493,-12.084,97.1493,1824,471,0.2051
2024-01-01 00:29:51,1791,Peak Load,57.89,53.87,325.96,535,1939,2033.64,0.5805,0.0195,29.22,971.6878,32.73,97.1688,1939,0,0.0
2024-01-01 00:29:52,1792,Peak Load,69.63,70.92,292.6,453,2574,1902.03,0.6353,-0.0353,-52.8825,971.3352,-16.4205,97.1335,1902,671,0.2607
2024-01-01 00:29:53,1793,Peak Load,79.37,66.05,286.5,568,1973,1852.73,0.6714,-0.0714,-107.055,970.6215,-10.8345,97.0622,1852,120,0.0608
2024-01-01 00:29:54,1794,Peak Load,73.96,59.12,293.5,477,1977,1946.85,0.625,-0.025,-37.44,970.3719,13.923,97.0372,1946,30,0.0152
2024-01-01 00:29:55,1795,Peak Load,84.59,68.88,302.11,427,2083,1826.96,0.6834,-0.0834,-125.055,969.5382,-17.523,96.9538,1826,256,0.1229
2024-01-01 00:29:56,1796,Peak Load,75.16,69.86,231.53,561,2277,1926.45,0.6376,-0.0376,-56.4375,969.162,13.7235,96.9162,1926,350,0.1537
2024-01-01 00:29:57,1797,Peak Load,81.78,63.94,229.15,489,1986,1918.9,0.634,-0.034,-51.0075,968.8219,1.086,96.8822,1918,67,0.0337
2024-01-01 00:29:58,1798,Peak Load,77.44,49.54,283.23,635,2209,1921.55,0.6318,-0.0318,-47.6325,968.5044,0.675,96.8504,1921,287,0.1299
2024-01-01 00:29:59,1799,Peak Load,78.76,57.1,248.89,637,2229,1908.52,0.6384,-0.0384,-57.6075,968.1203,-1.995,96.812,1908,320,0.1436
2024-01-01 00:30:00,1800,Peak Load,72.46,60.8,300.24,482,2448,1928.91,0.628,-0.028,-42.045,967.84,3.1125,96.784,1928,519,0.212
2024-01-01 00:30:01,1801,Peak Load,93.5,72.05,278.43,400,1876,1783.32,0.7066,-0.1066,-159.885,966.7741,-23.568,96.6774,1783,92,0.049
2024-01-01 00:30:02,1802,Peak Load,84.16,61.49,286.62,592,2511,1853.24,0.6804,-0.0804,-120.5925,965.9702,7.8585,96.597,1853,657,0.2616
2024-01-01 00:30:03,1803,Peak Load,70.16,65.89,300.16,515,2101,1922.01,0.6376,-0.0376,-56.4225,965.594,12.834,96.5594,1922,178,0.0847
2024-01-01 00:30:04,1804,Peak Load,75.1,70.05,362.22,580,2448,1784.86,0.7061,-0.1061,-159.1275,964.5332,-20.541,96.4533,1784,663,0.2708
2024-01-01 00:30:05,1805,Peak Load,63.27,72.46,276.85,578,2357,1946.19,0.6277,-0.0277,-41.58,964.256,23.5095,96.4256,1946,410,0.1739
2024-01-01 00:30:06,1806,Peak Load,72.28,85.67,341.64,625,2374,1734.15,0.7317,-0.1317,-197.5875,962.9387,-31.2015,96.2939,1734,639,0.2692
2024-01-01 00:30:07,1807,Peak Load,86.03,58.79,340.18,496,2110,1834.9,0.6926,-0.0926,-138.855,962.013,11.7465,96.2013,1834,275,0.1303
2024-01-01 00:30:08,1808,Peak Load,76.46,77.51,264.73,525,2244,1858.56,0.6725,-0.0725,-108.75,961.288,6.021,96.1288,1858,385,0.1716
2024-01-01 00:30:09,1809,Peak Load,70.52,74.89,402.68,582,2079,1760.98,0.7227,-0.1227,-184.0275,960.0612,-15.0555,96.0061,1760,318,0.153
2024-01-01 00:30:10,1810,Peak Load,61.68,66.67,271.66,585,2318,1985.76,0.6061,-0.0061,-9.2025,959.9998,34.965,96.0,1985,332,0.1432
2024-01-01 00:30:11,1811,Peak Load,68.39,82.87,278.07,551,2357,1838.35,0.6682,-0.0682,-102.3375,959.3176,-18.627,95.9318,1838,518,0.2198
2024-01-01 00:30:12,1812,Peak Load,79.27,77.95,313.25,621,2098,1758.79,0.7221,-0.1221,-183.1425,958.0966,-16.161,95.8097,1758,339,0.1616
2024-01-01 00:30:13,1813,Peak Load,79.52,75.38,346.05,459,2052,1798.08,0.7086,-0.1086,-162.9675,957.0102,4.035,95.701,1798,253,0.1233
2024-01-01 00:30:14,1814,Peak Load,78.81,50.51,315.69,623,2119,1892.94,0.6534,-0.0534,-80.1075,956.4761,16.572,95.6476,1892,226,0.1067
2024-01-01 00:30:15,1815,Peak Load,68.82,61.59,285.54,531,2100,1941.25,0.6173,-0.0173,-25.8975,956.3035,10.842,95.6303,1941,158,0.0752
2024-01-01 00:30:16,1816,Peak Load,66.4,67.24,292.96,673,2159,1874.73,0.6479,-0.0479,-71.895,955.8242,-9.1995,95.5824,1874,284,0.1315
2024-01-01 00:30:17,1817,Peak Load,75.1,65.13,284.03,459,1926,1904.07,0.6365,-0.0365,-54.81,955.4588,3.417,95.5459,1904,21,0.0109
2024-01-01 00:30:18,1818,Peak Load,62.73,70.49,334.27,455,2132,1910.01,0.6312,-0.0312,-46.7475,955.1471,1.6125,95.5147,1910,221,0.1037
2024-01-01 00:30:19,1819,Peak Load,61.5,67.38,334.53,536,2234,1907.73,0.6314,-0.0314,-47.0475,954.8335,-0.06,95.4833,1907,326,0.1459
2024-01-01 00:30:20,1820,Peak Load,84.12,72.47,279.71,573,2079,1780.71,0.7014,-0.1014,-152.1,953.8195,-21.0105,95.3819,1780,298,0.1433
2024-01-01 00:30:21,1821,Peak Load,75.88,72.91,261.77,575,2223,1866.61,0.665,-0.065,-97.485,953.1696,10.923,95.317,1866,356,0.1601
2024-01-01 00:30:22,1822,Peak Load,76.92,75.15,317.37,546,2435,1795.87,0.6977,-0.0977,-146.52,952.1928,-9.807,95.2193,1795,639,0.2624
2024-01-01 00:30:23,1823,Peak Load,65.62,60.12,207.45,561,2086,2039.7,0.5678,0.0322,48.2325,952.5143,38.9505,95.2514,2039,46,0.0221
2024-01-01 00:30:24,1824,Peak Load,75.82,55.6,284.16,594,2046,1878.52,0.6355,-0.0355,-53.325,952.1588,-20.3115,95.2159,1878,167,0.0816
2024-01-01 00:30:25,1825,Peak Load,75.96,65.53,302.86,602,2444,1833.56,0.6714,-0.0714,-107.1225,951.4447,-10.7595,95.1445,1833,610,0.2496
2024-01-01 00:30:26,1826,Peak Load,73.47,63.76,290.37,605,2051,1877.88,0.6525,-0.0525,-78.72,950.9199,5.6805,95.092,1877,173,0.0843
2024-01-01 00:30:27,1827,Peak Load,71.34,66.79,301.27,507,1886,1888.2,0.6433,-0.0433,-65.025,950.4864,2.739,95.0486,1886,0,0.0
2024-01-01 00:30:28,1828,Peak Load,76.98,76.27,250.87,591,2475,1829.21,0.6742,-0.0742,-111.285,949.7445,-9.252,94.9744,1829,645,0.2606
2024-01-01 00:30:29,1829,Peak Load,77.62,66.64,276.6,574,2310,1858.57,0.6627,-0.0627,-94.005,949.1178,3.456,94.9118,1858,451,0.1952
2024-01-01 00:30:30,1830,Peak Load,73.66,68.33,272.69,595,2356,1869.76,0.6542,-0.0542,-81.345,948.5755,2.532,94.8575,1869,486,0.2063
2024-01-01 00:30:31,1831,Peak Load,74.54,70.4,355.81,533,2520,1793.36,0.6947,-0.0947,-142.1175,947.628,-12.1545,94.7628,1793,726,0.2881
2024-01-01 00:30:32,1832,Peak Load,67.11,77.41,342.7,553,2598,1826.35,0.6827,-0.0827,-124.065,946.8009,3.6105,94.6801,1826,771,0.2968
2024-01-01 00:30:33,1833,Peak Load,76.77,63.54,294.74,639,2452,1843.53,0.6708,-0.0708,-106.1475,946.0933,3.5835,94.6093,1843,608,0.248
2024-01-01 00:30:34,1834,Peak Load,64.6,68.74,312.34,542,2740,1903.21,0.6354,-0.0354,-53.13,945.7391,10.6035,94.5739,1903,836,0.3051
2024-01-01 00:30:35,1835,Peak Load,74.97,69.31,342.22,551,2472,1794.5,0.6894,-0.0894,-134.145,944.8448,-16.203,94.4845,1794,677,0.2739
2024-01-01 00:30:36,1836,Peak Load,59.81,66.6,338.23,668,2117,1889.95,0.6452,-0.0452,-67.725,944.3933,13.284,94.4393,1889,227,0.1072
2024-01-01 00:30:37,1837,Peak Load,66.07,73.78,288.34,558,2449,1879.09,0.6436,-0.0436,-65.3475,943.9576,0.4755,94.3958,1879,569,0.2323
2024-01-01 00:30:38,1838,Peak Load,68.88,56.08,268.26,575,1903,1954.02,0.6017,-0.0017,-2.49,943.941,12.5715,94.3941,1903,0,0.0
2024-01-01 00:30:39,1839,Peak Load,70.9,60.13,356.76,705,2066,1794.92,0.6826,-0.0826,-123.9075,943.115,-24.2835,94.3115,1794,271,0.1312
2024-01-01 00:30:40,1840,Peak Load,75.37,63.18,298.54,684,2186,1834.65,0.6736,-0.0736,-110.4225,942.3788,2.697,94.2379,1834,351,0.1606
2024-01-01 00:30:41,1841,Peak Load,71.07,63.34,342.47,381,2192,1900.24,0.6355,-0.0355,-53.22,942.024,11.4405,94.2024,1900,291,0.1328
2024-01-01 00:30:42,1842,Peak Load,73.03,65.34,334.26,649,2000,1801.65,0.6834,-0.0834,-125.1525,941.1897,-14.3865,94.119,1801,198,0.099
2024-01-01 00:30:43,1843,Peak Load,90.19,60.04,347.28,587,2183,1735.53,0.7275,-0.1275,-191.1825,939.9151,-13.206,93.9915,1735,447,0.2048
2024-01-01 00:30:44,1844,Peak Load,70.21,69.8,315.14,523,2239,1876.33,0.6563,-0.0563,-84.3825,939.3526,21.36,93.9353,1876,362,0.1617
2024-01-01 00:30:45,1845,Peak Load,67.36,61.56,284.63,510,2203,1940.89,0.6085,-0.0085,-12.7125,939.2678,14.334,93.9268,1940,262,0.1189
2024-01-01 00:30:46,1846,Peak Load,77.03,70.94,368.64,447,2383,1763.84,0.6983,-0.0983,-147.4875,938.2846,-26.955,93.8285,1763,619,0.2598
2024-01-01 00:30:47,1847,Peak Load,73.66,75.84,331.17,570,2325,1789.51,0.6985,-0.0985,-147.7425,937.2996,-0.051,93.73,1789,535,0.2301
2024-01-01 00:30:48,1848,Peak Load,67.7,74.46,253.58,627,2288,1887.32,0.6439,-0.0439,-65.91,936.8602,16.3665,93.686,1887,400,0.1748
2024-01-01 00:30:49,1849,Peak Load,69.8,68.57,305.43,659,2941,1828.25,0.6673,-0.0673,-100.935,936.1873,-7.005,93.6187,1828,1112,0.3781
2024-01-01 00:30:50,1850,Peak Load,83.49,66.27,329.37,622,2111,1746.64,0.7159,-0.1159,-173.8125,935.0286,-14.5755,93.5029,1746,364,0.1724
2024-01-01 00:30:51,1851,Peak Load,63.69,69.82,334.97,486,2153,1901.28,0.6378,-0.0378,-56.775,934.6501,23.4075,93.465,1901,251,0.1166
2024-01-01 00:30:52,1852,Peak Load,78.4,70.58,353.49,499,2770,1760.58,0.7024,-0.1024,-153.6675,933.6256,-19.3785,93.3626,1760,1009,0.3643
2024-01-01 00:30:53,1853,Peak Load,61.56,56.12,309.5,516,2293,1986.24,0.5879,0.0121,18.135,933.7465,34.3605,93.3747,1986,306,0.1334
2024-01-01 00:30:54,1854,Peak Load,73.31,68.98,286.26,610,2239,1814.89,0.6637,-0.0637,-95.4975,933.1099,-22.7265,93.311,1814,424,0.1894
2024-01-01 00:30:55,1855,Peak Load,82.78,69.12,282.86,484,2270,1813.64,0.6766,-0.0766,-114.84,932.3443,-3.8685,93.2344,1813,456,0.2009
2024-01-01 00:30:56,1856,Peak Load,63.83,60.97,327.89,479,2589,1934.27,0.6116,-0.0116,-17.4375,932.228,19.4805,93.2228,1934,654,0.2526
2024-01-01 00:30:57,1857,Peak Load,75.31,70.14,281.29,632,2307,1801.09,0.6744,-0.0744,-111.57,931.4842,-18.8265,93.1484,1801,505,0.2189
2024-01-01 00:30:58,1858,Peak Load,68.58,71.88,262.11,489,2086,1910.11,0.6241,-0.0241,-36.2025,931.2429,15.0735,93.1243,1910,175,0.0839
2024-01-01 00:30:59,1859,Peak Load,76.91,70.49,344.33,532,2426,1762.23,0.6974,-0.0974,-146.0625,930.2691,-21.972,93.0269,1762,663,0.2733
2024-01-01 00:31:00,1860,Peak Load,73.25,63.95,324.69,584,2187,1839.67,0.6662,-0.0662,-99.2925,929.6072,9.354,92.9607,1839,347,0.1587
2024-01-01 00:31:01,1861,Peak Load,74.53,69.67,308.78,564,2054,1815.49,0.674,-0.074,-111.03,928.867,-2.3475,92.8867,1815,238,0.1159
2024-01-01 00:31:02,1862,Peak Load,74.84,64.99,283.05,575,2463,1856.61,0.6522,-0.0522,-78.285,928.3451,6.549,92.8345,1856,606,0.246
2024-01-01 00:31:03,1863,Peak Load,75.77,66.93,296.78,628,1839,1808.05,0.6751,-0.0751,-112.665,927.594,-6.876,92.7594,1808,30,0.0163
2024-01-01 00:31:04,1864,Peak Load,80.7,57.56,271.73,560,2754,1866.48,0.6462,-0.0462,-69.3225,927.1318,8.6685,92.7132,1866,887,0.3221
2024-01-01 00:31:05,1865,Peak Load,87.79,75.65,325.15,480,2353,1703.95,0.731,-0.131,-196.4475,925.8222,-25.425,92.5822,1703,649,0.2758
2024-01-01 00:31:06,1866,Peak Load,70.01,65.02,319.36,564,2497,1871.24,0.6519,-0.0519,-77.7975,925.3035,23.73,92.5304,1871,625,0.2503
2024-01-01 00:31:07,1867,Peak Load,58.96,71.3,288.61,568,2386,1915.31,0.6141,-0.0141,-21.1725,925.1624,11.325,92.5162,1915,470,0.197
2024-01-01 00:31:08,1868,Peak Load,65.55,71.95,308.88,554,2232,1844.62,0.6468,-0.0468,-70.26,924.694,-9.8175,92.4694,1844,387,0.1734
2024-01-01 00:31:09,1869,Peak Load,73.3,65.46,315.73,577,2206,1821.79,0.6646,-0.0646,-96.9225,924.0478,-5.3325,92.4048,1821,384,0.1741
2024-01-01 00:31:10,1870,Peak Load,87.3,73.77,304.3,603,2125,1703.47,0.7326,-0.1326,-198.8625,922.7221,-20.388,92.2722,1703,421,0.1981
2024-01-01 00:31:11,1871,Peak Load,71.12,68.66,278.64,618,2231,1867.31,0.6526,-0.0526,-78.885,922.1962,23.9955,92.2196,1867,363,0.1627
2024-01-01 00:31:12,1872,Peak Load,71.82,66.95,405.08,556,1920,1748.49,0.7047,-0.1047,-157.0275,921.1493,-15.6285,92.1149,1748,171,0.0891
2024-01-01 00:31:13,1873,Peak Load,61.9,76.28,356.67,555,2591,1827.78,0.6689,-0.0689,-103.4025,920.46,10.725,92.046,1827,763,0.2945
2024-01-01 00:31:14,1874,Peak Load,80.68,69.67,309.03,608,2512,1756.03,0.7023,-0.1023,-153.405,919.4373,-10.0005,91.9437,1756,755,0.3006
2024-01-01 00:31:15,1875,Peak Load,77.97,66.29,311.88,716,2389,1765.57,0.702,-0.102,-152.94,918.4177,0.093,91.8418,1765,623,0.2608
2024-01-01 00:31:16,1876,Peak Load,81.78,74.84,325.57,605,2520,1719.38,0.7269,-0.1269,-190.2975,917.149,-7.4715,91.7149,1719,800,0.3175
2024-01-01 00:31:17,1877,Peak Load,80.62,72.94,296.82,622,2328,1762.93,0.7062,-0.1062,-159.345,916.0867,6.1905,91.6087,1762,565,0.2427
2024-01-01 00:31:18,1878,Peak Load,72.45,89.88,271.73,657,2171,1743.99,0.7127,-0.1127,-169.035,914.9598,-1.938,91.496,1743,427,0.1967
2024-01-01 00:31:19,1879,Peak Load,76.0,89.14,289.3,557,2342,1736.91,0.717,-0.117,-175.575,913.7893,-1.308,91.3789,1736,605,0.2583
2024-01-01 00:31:20,1880,Peak Load,68.22,77.38,302.4,640,2081,1805.15,0.6794,-0.0794,-119.13,912.9951,11.289,91.2995,1805,275,0.1321
2024-01-01 00:31:21,1881,Peak Load,60.58,69.62,271.64,692,2043,1890.3,0.6257,-0.0257,-38.55,912.7381,16.116,91.2738,1890,152,0.0744
2024-01-01 00:31:22,1882,Peak Load,66.78,74.15,301.37,511,2758,1836.39,0.6464,-0.0464,-69.66,912.2737,-6.222,91.2274,1836,921,0.3339
2024-01-01 00:31:23,1883,Peak Load,67.11,69.91,312.95,645,2445,1812.38,0.6629,-0.0629,-94.3275,911.6449,-4.9335,91.1645,1812,632,0.2585
2024-01-01 00:31:24,1884,Peak Load,68.55,69.04,312.69,648,2120,1810.92,0.6661,-0.0661,-99.105,910.9842,-0.9555,91.0984,1810,309,0.1458
2024-01-01 00:31:25,1885,Peak Load,91.35,66.03,319.5,534,2096,1705.19,0.7247,-0.1247,-186.975,909.7377,-17.574,90.9738,1705,390,0.1861
2024-01-01 00:31:26,1886,Peak Load,68.25,64.59,307.6,546,2496,1881.88,0.6361,-0.0361,-54.075,909.3772,26.58,90.9377,1881,614,0.246
2024-01-01 00:31:27,1887,Peak Load,69.03,65.16,308.5,665,2402,1814.3,0.6585,-0.0585,-87.7575,908.7921,-6.7365,90.8792,1814,587,0.2444
2024-01-01 00:31:28,1888,Peak Load,74.54,61.41,286.27,529,2622,1859.55,0.6369,-0.0369,-55.35,908.4231,6.4815,90.8423,1859,762,0.2906
2024-01-01 00:31:29,1889,Peak Load,79.62,65.45,303.89,557,2185,1778.69,0.6778,-0.0778,-116.685,907.6452,-12.267,90.7645,1778,406,0.1858
2024-01-01 00:31:30,1890,Peak Load,79.1,69.5,383.52,682,2626,1669.15,0.7447,-0.1447,-216.99,906.1986,-20.061,90.6199,1669,956,0.3641
2024-01-01 00:31:31,1891,Peak Load,80.83,68.58,339.29,587,2692,1746.79,0.712,-0.112,-168.075,905.0781,9.783,90.5078,1746,945,0.351
2024-01-01 00:31:32,1892,Peak Load,78.74,73.41,325.43,713,2081,1705.6,0.7288,-0.1288,-193.17,903.7903,-5.019,90.379,1705,375,0.1802
2024-01-01 00:31:33,1893,Peak Load,90.25,70.3,279.7,564,2039,1732.33,0.7161,-0.1161,-174.1125,902.6296,3.8115,90.263,1732,306,0.1501
2024-01-01 00:31:34,1894,Peak Load,80.81,64.37,327.21,677,2236,1740.32,0.7089,-0.1089,-163.3725,901.5404,2.148,90.154,1740,495,0.2214
2024-01-01 00:31:35,1895,Peak Load,73.48,62.55,310.76,764,2528,1783.02,0.6835,-0.0835,-125.3025,900.7051,7.614,90.0705,1783,744,0.2943
2024-01-01 00:31:36,1896,Peak Load,73.55,67.42,321.4,618,2290,1782.1,0.6794,-0.0794,-119.0625,899.9113,1.248,89.9911,1782,507,0.2214
2024-01-01 00:31:37,1897,Peak Load,79.95,65.06,294.19,633,2142,1770.74,0.6845,-0.0845,-126.78,899.0661,-1.5435,89.9066,1770,371,0.1732
2024-01-01 00:31:38,1898,Peak Load,81.59,71.66,268.37,618,2041,1758.63,0.6916,-0.0916,-137.4,898.1501,-2.124,89.815,1758,282,0.1382
2024-01-01 00:31:39,1899,Peak Load,81.34,70.06,379.01,677,2167,1652.51,0.7509,-0.1509,-226.3425,896.6412,-17.7885,89.6641,1652,514,0.2372
2024-01-01 00:31:40,1900,Peak Load,59.67,66.54,287.1,723,2379,1892.69,0.6272,-0.0272,-40.7925,896.3692,37.11,89.6369,1892,486,0.2043
2024-01-01 00:31:41,1901,Peak Load,83.35,69.87,318.61,612,2604,1691.84,0.7175,-0.1175,-176.2575,895.1942,-27.093,89.5194,1691,912,0.3502
2024-01-01 00:31:42,1902,Peak Load,78.41,64.49,372.94,597,2293,1728.3,0.7117,-0.1117,-167.52,894.0774,1.7475,89.4077,1728,564,0.246
2024-01-01 00:31:43,1903,Peak Load,53.33,76.37,327.56,621,2306,1865.12,0.6345,-0.0345,-51.765,893.7323,23.151,89.3732,1865,440,0.1908
2024-01-01 00:31:44,1904,Peak Load,71.4,69.37,338.69,654,2342,1739.79,0.6908,-0.0908,-136.155,892.8246,-16.878,89.2825,1739,602,0.257
2024-01-01 00:31:45,1905,Peak Load,83.64,71.44,309.94,628,2118,1701.93,0.7205,-0.1205,-180.765,891.6195,-8.922,89.1619,1701,416,0.1964
2024-01-01 00:31:46,1906,Peak Load,77.95,61.23,294.5,496,2356,1841.71,0.6475,-0.0475,-71.325,891.144,21.888,89.1144,1841,514,0.2182
2024-01-01 00:31:47,1907,Peak Load,89.01,71.23,344.9,759,2474,1587.01,0.7759,-0.1759,-263.865,889.3849,-38.508,88.9385,1587,886,0.3581
2024-01-01 00:31:48,1908,Peak Load,70.05,67.69,325.88,580,2283,1825.7,0.6643,-0.0643,-96.51,888.7415,33.471,88.8741,1825,457,0.2002
2024-01-01 00:31:49,1909,Peak Load,84.1,79.3,276.72,570,2304,1697.25,0.7165,-0.1165,-174.69,887.5769,-15.636,88.7577,1697,606,0.263
2024-01-01 00:31:50,1910,Peak Load,81.05,80.15,407.45,591,2315,1603.19,0.7764,-0.1764,-264.6375,885.8126,-17.9895,88.5813,1603,711,0.3071
2024-01-01 00:31:51,1911,Peak Load,81.01,67.41,322.43,595,1875,1753.17,0.7025,-0.1025,-153.7875,884.7874,22.17,88.4787,1753,121,0.0645
2024-01-01 00:31:52,1912,Peak Load,77.33,70.94,365.06,621,2151,1691.68,0.7237,-0.1237,-185.5275,883.5505,-6.348,88.3551,1691,459,0.2134
2024-01-01 00:31:53,1913,Peak Load,74.32,57.61,290.86,659,2354,1833.01,0.6484,-0.0484,-72.6375,883.0663,22.578,88.3066,1833,520,0.2209
2024-01-01 00:31:54,1914,Peak Load,83.81,58.51,320.18,593,2596,1737.14,0.6886,-0.0887,-132.975,882.1798,-12.0675,88.218,1737,858,0.3305
2024-01-01 00:31:55,1915,Peak Load,81.85,76.81,373.96,600,2674,1627.36,0.7555,-0.1555,-233.22,880.625,-20.049,88.0625,1627,1046,0.3912
2024-01-01 00:31:56,1916,Peak Load,68.16,64.78,350.57,533,2523,1826.37,0.6557,-0.0557,-83.6175,880.0675,29.9205,88.0068,1826,696,0.2759
2024-01-01 00:31:57,1917,Peak Load,77.36,79.88,326.46,627,2512,1665.58,0.7277,-0.1277,-191.61,878.7901,-21.5985,87.879,1665,846,0.3368
2024-01-01 00:31:58,1918,Peak Load,71.29,67.46,342.75,622,2330,1767.17,0.6828,-0.0828,-124.26,877.9617,13.47,87.7962,1767,562,0.2412
2024-01-01 00:31:59,1919,Peak Load,75.97,83.6,315.49,597,2072,1681.65,0.7222,-0.1222,-183.285,876.7398,-11.805,87.674,1681,390,0.1882
2024-01-01 00:32:00,1920,Peak Load,76.34,77.07,354.13,632,2606,1674.97,0.7317,-0.1317,-197.595,875.4225,-2.862,87.5423,1674,931,0.3573
2024-01-01 00:32:01,1921,Peak Load,82.57,80.29,358.84,720,2383,1594.32,0.7771,-0.1771,-265.71,873.6511,-13.623,87.3651,1594,788,0.3307
2024-01-01 00:32:02,1922,Peak Load,66.15,77.18,352.99,721,2675,1729.29,0.7091,-0.1091,-163.68,872.5599,20.406,87.256,1729,945,0.3533
2024-01-01 00:32:03,1923,Peak Load,92.37,76.9,336.7,544,2482,1605.75,0.7655,-0.1655,-248.2425,870.905,-16.9125,87.0905,1605,876,0.3529
2024-01-01 00:32:04,1924,Peak Load,72.43,74.08,331.74,656,2402,1734.17,0.703,-0.103,-154.4625,869.8752,18.756,86.9875,1734,667,0.2777
2024-01-01 00:32:05,1925,Peak Load,84.37,53.57,336.07,701,2798,1715.41,0.7024,-0.1024,-153.6075,868.8512,0.171,86.8851,1715,1082,0.3867
2024-01-01 00:32:06,1926,Peak Load,82.79,84.46,335.7,629,2531,1604.33,0.7631,-0.1631,-244.6725,867.22,-18.213,86.722,1604,926,0.3659
2024-01-01 00:32:07,1927,Peak Load,76.95,67.22,315.44,563,2533,1772.18,0.6795,-0.0795,-119.3175,866.4246,25.071,86.6425,1772,760,0.3
2024-01-01 00:32:08,1928,Peak Load,77.11,70.2,314.17,661,2585,1706.36,0.7016,-0.1016,-152.43,865.4084,-6.6225,86.5408,1706,878,0.3397
2024-01-01 00:32:09,1929,Peak Load,68.01,63.74,360.07,549,2540,1787.71,0.6598,-0.0598,-89.655,864.8107,12.555,86.4811,1787,752,0.2961
2024-01-01 00:32:10,1930,Peak Load,90.03,84.12,353.83,674,2882,1514.55,0.8034,-0.2034,-305.13,862.7765,-43.095,86.2776,1514,1367,0.4743
2024-01-01 00:32:11,1931,Peak Load,58.47,69.57,357.42,612,2682,1834.97,0.6491,-0.0491,-73.62,862.2857,46.302,86.2286,1834,847,0.3158
2024-01-01 00:32:12,1932,Peak Load,76.87,73.78,323.99,602,2326,1685.53,0.7058,-0.1058,-158.685,861.2278,-17.013,86.1228,1685,640,0.2752
2024-01-01 00:32:13,1933,Peak Load,79.39,67.46,361.09,673,2657,1661.27,0.728,-0.128,-192.015,859.9477,-6.666,85.9948,1661,995,0.3745
2024-01-01 00:32:14,1934,Peak Load,68.24,61.02,332.63,808,2692,1755.53,0.6789,-0.0789,-118.3575,859.1586,14.7315,85.9159,1755,936,0.3477
2024-01-01 00:32:15,1935,Peak Load,72.87,75.92,354.85,553,2715,1692.38,0.7052,-0.1052,-157.83,858.1064,-7.8945,85.8106,1692,1022,0.3764
2024-01-01 00:32:16,1936,Peak Load,76.01,72.35,334.0,704,2291,1673.36,0.7195,-0.1195,-179.265,856.9113,-4.287,85.6911,1673,617,0.2693
2024-01-01 00:32:17,1937,Peak Load,63.74,75.27,272.24,618,2681,1820.21,0.6401,-0.0401,-60.1275,856.5105,23.8275,85.651,1820,860,0.3208
2024-01-01 00:32:18,1938,Peak Load,82.07,80.34,352.43,781,2328,1540.09,0.7815,-0.1815,-272.19,854.6959,-42.4125,85.4696,1540,787,0.3381
2024-01-01 00:32:19,1939,Peak Load,80.66,70.01,362.79,634,2791,1666.9,0.7338,-0.1338,-200.745,853.3576,14.289,85.3358,1666,1124,0.4027
2024-01-01 00:32:20,1940,Peak Load,73.27,82.96,352.14,636,2558,1648.59,0.7353,-0.1353,-202.9725,852.0044,-0.4455,85.2004,1648,909,0.3554
2024-01-01 00:32:21,1941,Peak Load,79.65,75.63,328.41,596,2384,1672.77,0.7215,-0.1215,-182.1825,850.7899,4.158,85.079,1672,711,0.2982
2024-01-01 00:32:22,1942,Peak Load,64.14,79.07,297.82,626,2582,1769.62,0.665,-0.065,-97.4625,850.1401,16.944,85.014,1769,812,0.3145
2024-01-01 00:32:23,1943,Peak Load,84.36,60.78,332.39,667,2465,1664.28,0.7135,-0.1135,-170.1825,849.0056,-14.544,84.9006,1664,800,0.3245
2024-01-01 00:32:24,1944,Peak Load,88.44,67.49,273.94,689,2348,1668.4,0.7186,-0.1186,-177.8775,847.8197,-1.539,84.782,1668,679,0.2892
2024-01-01 00:32:25,1945,Peak Load,63.66,72.16,372.59,565,2925,1748.99,0.6743,-0.0743,-111.3825,847.0772,13.299,84.7077,1748,1176,0.4021
2024-01-01 00:32:26,1946,Peak Load,71.07,73.91,299.37,644,2433,1724.91,0.6798,-0.0798,-119.7075,846.2791,-1.665,84.6279,1724,708,0.291
2024-01-01 00:32:27,1947,Peak Load,65.9,93.12,321.35,613,2655,1660.12,0.7161,-0.1161,-174.1125,845.1184,-10.881,84.5118,1660,994,0.3744
2024-01-01 00:32:28,1948,Peak Load,92.37,81.25,300.44,656,2086,1563.12,0.775,-0.175,-262.56,843.368,-17.6895,84.3368,1563,522,0.2502
2024-01-01 00:32:29,1949,Peak Load,85.11,61.95,312.64,643,2553,1704.87,0.7055,-0.1055,-158.295,842.3127,20.853,84.2313,1704,848,0.3322
2024-01-01 00:32:30,1950,Peak Load,75.85,84.06,358.7,683,2220,1589.03,0.7574,-0.1574,-236.1375,840.7384,-15.5685,84.0738,1589,630,0.2838
2024-01-01 00:32:31,1951,Peak Load,91.58,67.84,389.39,766,2570,1526.46,0.7997,-0.1997,-299.5875,838.7412,-12.69,83.8741,1526,1043,0.4058
2024-01-01 00:32:32,1952,Peak Load,86.28,51.91,331.68,711,2654,1709.98,0.7042,-0.1042,-156.3675,837.6987,28.644,83.7699,1709,944,0.3557
2024-01-01 00:32:33,1953,Peak Load,68.31,71.47,261.71,671,2095,1779.8,0.6493,-0.0493,-73.8975,837.2061,16.494,83.7206,1779,315,0.1504
2024-01-01 00:32:34,1954,Peak Load,87.15,81.84,323.83,678,2430,1538.42,0.7732,-0.1732,-259.86,835.4737,-37.1925,83.5474,1538,891,0.3667
2024-01-01 00:32:35,1955,Peak Load,80.09,65.56,357.0,549,2109,1697.28,0.7051,-0.1051,-157.5975,834.423,20.4525,83.4423,1697,411,0.1949
2024-01-01 00:32:36,1956,Peak Load,77.22,72.14,346.76,609,2853,1657.16,0.7154,-0.1154,-173.025,833.2695,-3.0855,83.327,1657,1195,0.4189
2024-01-01 00:32:37,1957,Peak Load,79.52,75.28,344.78,709,2593,1604.95,0.7453,-0.1453,-217.89,831.8169,-8.973,83.1817,1604,988,0.381
2024-01-01 00:32:38,1958,Peak Load,81.81,78.84,284.39,542,2465,1681.85,0.7069,-0.1069,-160.395,830.7476,11.499,83.0748,1681,783,0.3176
2024-01-01 00:32:39,1959,Peak Load,76.74,77.78,339.99,685,2232,1617.06,0.7358,-0.1358,-203.6775,829.3898,-8.6565,82.939,1617,614,0.2751
2024-01-01 00:32:40,1960,Peak Load,78.27,64.36,351.26,538,2553,1705.1,0.6912,-0.0912,-136.7625,828.478,13.383,82.8478,1705,847,0.3318
2024-01-01 00:32:41,1961,Peak Load,66.65,71.1,366.77,665,2156,1685.4,0.6942,-0.0942,-141.24,827.5364,-0.8955,82.7536,1685,470,0.218
2024-01-01 00:32:42,1962,Peak Load,73.07,63.31,289.34,659,2599,1751.64,0.6575,-0.0575,-86.31,826.961,10.986,82.6961,1751,847,0.3259
2024-01-01 00:32:43,1963,Peak Load,82.01,78.07,340.09,636,2274,1576.97,0.7477,-0.1477,-221.4825,825.4845,-27.0345,82.5484,1576,697,0.3065
2024-01-01 00:32:44,1964,Peak Load,75.01,64.63,315.36,658,2466,1724.09,0.6805,-0.0805,-120.735,824.6796,20.1495,82.468,1724,741,0.3005
2024-01-01 00:32:45,1965,Peak Load,99.0,64.49,337.23,568,2414,1556.44,0.7615,-0.1615,-242.31,823.0642,-24.315,82.3064,1556,857,0.355
2024-01-01 00:32:46,1966,Peak Load,75.84,79.86,327.76,643,2407,1644.52,0.7254,-0.1254,-188.13,821.81,10.836,82.181,1644,762,0.3166
2024-01-01 00:32:47,1967,Peak Load,67.45,69.41,330.05,659,2607,1726.45,0.6735,-0.0735,-110.2125,821.0752,15.5835,82.1075,1726,880,0.3376
2024-01-01 00:32:48,1968,Peak Load,76.82,72.24,290.15,688,2358,1666.2,0.6977,-0.0977,-146.6175,820.0978,-7.281,82.0098,1666,691,0.293
2024-01-01 00:32:49,1969,Peak Load,84.72,83.25,336.4,594,2495,1556.3,0.7619,-0.1619,-242.9175,818.4783,-19.26,81.8478,1556,938,0.376
2024-01-01 00:32:50,1970,Peak Load,81.57,71.86,325.39,690,2600,1629.34,0.7313,-0.1313,-197.01,817.1649,9.1815,81.7165,1629,970,0.3731
2024-01-01 00:32:51,1971,Peak Load,76.05,62.52,356.26,611,2545,1689.59,0.6923,-0.0923,-138.3825,816.2424,11.7255,81.6242,1689,855,0.336
2024-01-01 00:32:52,1972,Peak Load,80.07,60.91,345.27,689,2631,1647.52,0.7085,-0.1085,-162.7575,815.1573,-4.875,81.5157,1647,983,0.3736
2024-01-01 00:32:53,1973,Peak Load,79.85,60.33,381.42,683,2265,1624.25,0.7235,-0.1235,-185.19,813.9227,-4.4865,81.3923,1624,640,0.2826
2024-01-01 00:32:54,1974,Peak Load,72.65,75.82,363.76,630,2672,1633.39,0.7202,-0.1202,-180.3075,812.7207,0.9765,81.2721,1633,1038,0.3885
2024-01-01 00:32:55,1975,Peak Load,64.65,66.93,281.7,606,2810,1802.9,0.6254,-0.0254,-38.025,812.4672,28.4565,81.2467,1802,1007,0.3584
2024-01-01 00:32:56,1976,Peak Load,95.5,75.91,324.75,647,2605,1488.03,0.7834,-0.1834,-275.175,810.6327,-47.43,81.0633,1488,1116,0.4284
2024-01-01 00:32:57,1977,Peak Load,66.57,70.29,387.21,598,2362,1699.1,0.692,-0.092,-138.0375,809.7124,27.4275,80.9712,1699,662,0.2803
2024-01-01 00:32:58,1978,Peak Load,79.22,76.31,325.68,666,2635,1600.6,0.7308,-0.1308,-196.1775,808.4046,-11.628,80.8405,1600,1034,0.3924
2024-01-01 00:32:59,1979,Peak Load,94.85,73.48,343.46,754,2406,1484.73,0.8005,-0.2005,-300.7575,806.3995,-20.916,80.64,1484,921,0.3828
2024-01-01 00:33:00,1980,Peak Load,68.61,76.14,377.25,684,2498,1646.26,0.7217,-0.1217,-182.565,805.1824,23.6385,80.5182,1646,851,0.3407
2024-01-01 00:33:01,1981,Peak Load,67.66,74.01,382.22,589,2470,1658.35,0.7013,-0.1013,-151.9425,804.1695,6.1245,80.4169,1658,811,0.3283
2024-01-01 00:33:02,1982,Peak Load,76.19,69.57,352.93,691,2607,1616.08,0.7207,-0.1207,-181.0575,802.9624,-5.823,80.2962,1616,990,0.3797
2024-01-01 00:33:03,1983,Peak Load,71.51,62.97,353.63,634,2890,1695.05,0.6796,-0.0796,-119.4375,802.1662,12.324,80.2166,1695,1194,0.4131
2024-01-01 00:33:04,1984,Peak Load,94.45,88.45,317.82,699,2698,1436.07,0.8155,-0.2155,-323.19,800.0116,-40.7505,80.0012,1436,1261,0.4674
2024-01-01 00:33:05,1985,Peak Load,85.48,72.07,384.66,666,2551,1554.08,0.7716,-0.1716,-257.3775,798.2957,13.1625,79.8296,1554,996,0.3904
2024-01-01 00:33:06,1986,Peak Load,67.15,79.1,338.74,694,2574,1657.47,0.7062,-0.1062,-159.3675,797.2333,19.602,79.7233,1657,916,0.3559
2024-01-01 00:33:07,1987,Peak Load,80.94,74.3,370.41,655,2238,1553.09,0.7525,-0.1525,-228.7425,795.7083,-13.875,79.5708,1553,684,0.3056
2024-01-01 00:33:08,1988,Peak Load,84.09,68.98,307.35,606,2587,1639.93,0.7113,-0.1113,-167.01,794.5949,12.3465,79.4595,1639,947,0.3661
2024-01-01 00:33:09,1989,Peak Load,78.81,59.75,335.84,738,2442,1640.06,0.7038,-0.1038,-155.745,793.5566,2.253,79.3557,1640,801,0.328
2024-01-01 00:33:10,1990,Peak Load,78.3,82.01,371.48,730,1980,1509.2,0.7743,-0.1743,-261.4725,791.8135,-21.1455,79.1813,1509,470,0.2374
2024-01-01 00:33:11,1991,Peak Load,93.53,79.2,421.72,623,2183,1428.41,0.8297,-0.2297,-344.4975,789.5168,-16.605,78.9517,1428,754,0.3454
2024-01-01 00:33:12,1992,Peak Load,79.76,72.85,367.75,735,2520,1577.12,0.7554,-0.1554,-233.115,787.9627,22.2765,78.7963,1577,942,0.3738
2024-01-01 00:33:13,1993,Peak Load,77.82,78.47,340.72,650,2747,1587.69,0.7364,-0.1364,-204.6075,786.5987,5.7015,78.6599,1587,1159,0.4219
2024-01-01 00:33:14,1994,Peak Load,89.87,82.43,343.63,543,2511,1512.79,0.7739,-0.1739,-260.8275,784.8598,-11.244,78.486,1512,998,0.3975
2024-01-01 00:33:15,1995,Peak Load,73.77,73.96,328.81,671,2335,1641.27,0.7081,-0.1081,-162.225,783.7783,19.7205,78.3778,1641,693,0.2968
2024-01-01 00:33:16,1996,Peak Load,69.63,83.46,320.11,673,2735,1611.04,0.7134,-0.1134,-170.04,782.6447,-1.563,78.2645,1611,1123,0.4106
2024-01-01 00:33:17,1997,Peak Load,87.23,80.5,358.56,717,2821,1466.63,0.7934,-0.1934,-290.0775,780.7109,-24.0075,78.0711,1466,1354,0.48
2024-01-01 00:33:18,1998,Peak Load,83.36,62.11,333.88,716,2422,1619.04,0.7214,-0.1214,-182.0625,779.4971,21.603,77.9497,1619,802,0.3311
2024-01-01 00:33:19,1999,Peak Load,92.96,74.56,352.56,742,2513,1455.1,0.7993,-0.1993,-299.01,777.5037,-23.3895,77.7504,1455,1057,0.4206
2024-01-01 00:33:20,2000,DDoS Attack,88.71,86.5,351.39,912,4890,1404.3,0.8392,-0.2392,-358.845,775.1114,-11.967,77.5111,1404,3485,0.7127
2024-01-01 00:33:21,2001,DDoS Attack,88.26,89.34,346.2,828,4869,1431.38,0.8296,-0.2296,-344.34,772.8158,2.901,77.2816,1431,3437,0.7059
2024-01-01 00:33:22,2002,DDoS Attack,91.46,81.03,445.02,974,4315,1314.44,0.8913,-0.2913,-436.9425,769.9029,-18.5205,76.9903,1314,3000,0.6952
2024-01-01 00:33:23,2003,DDoS Attack,85.17,82.95,470.2,860,4530,1369.37,0.8696,-0.2696,-404.355,767.2072,6.5175,76.7207,1369,3160,0.6976
2024-01-01 00:33:24,2004,DDoS Attack,87.02,84.09,424.57,897,5036,1374.53,0.8616,-0.2616,-392.445,764.5909,2.382,76.4591,1374,3661,0.727
2024-01-01 00:33:25,2005,DDoS Attack,85.84,80.54,345.43,887,4780,1467.41,0.8076,-0.2076,-311.3325,762.5153,16.2225,76.2515,1467,3312,0.6929
2024-01-01 00:33:26,2006,DDoS Attack,89.28,85.0,452.55,1055,4338,1279.51,0.9013,-0.3013,-451.8825,759.5028,-28.11,75.9503,1279,3058,0.7049
2024-01-01 00:33:27,2007,DDoS Attack,81.52,76.75,389.82,871,4632,1482.89,0.8028,-0.2028,-304.1325,757.4752,29.55,75.7475,1482,3149,0.6798
2024-01-01 00:33:28,2008,DDoS Attack,93.01,89.7,450.22,1058,4475,1230.24,0.9249,-0.3249,-487.3425,754.2263,-36.642,75.4226,1230,3244,0.7249
2024-01-01 00:33:29,2009,DDoS Attack,81.47,87.27,333.07,884,4782,1485.25,0.8025,-0.2025,-303.6825,752.2017,36.732,75.2202,1485,3296,0.6893
2024-01-01 00:33:30,2010,DDoS Attack,87.59,81.05,365.96,929,4951,1393.89,0.8315,-0.2315,-347.28,749.8865,-8.7195,74.9887,1393,3557,0.7184
2024-01-01 00:33:31,2011,DDoS Attack,88.08,77.85,362.62,881,4737,1427.72,0.8164,-0.2164,-324.5475,747.7229,4.5465,74.7723,1427,3309,0.6985
2024-01-01 00:33:32,2012,DDoS Attack,89.37,78.0,314.46,955,4285,1435.65,0.8083,-0.2083,-312.4125,745.6401,2.427,74.564,1435,2849,0.6649
2024-01-01 00:33:33,2013,DDoS Attack,90.76,78.22,375.6,939,5425,1370.36,0.8419,-0.2419,-362.79,743.2215,-10.0755,74.3222,1370,4054,0.7473
2024-01-01 00:33:34,2014,DDoS Attack,91.0,82.68,442.94,824,4207,1326.59,0.8703,-0.2703,-405.405,740.5188,-8.523,74.0519,1326,2880,0.6846
2024-01-01 00:33:35,2015,DDoS Attack,77.96,90.65,501.37,953,4647,1292.29,0.8924,-0.2924,-438.6525,737.5945,-6.6495,73.7594,1292,3354,0.7218
2024-01-01 00:33:36,2016,DDoS Attack,81.79,80.9,514.62,937,4402,1320.22,0.8791,-0.2791,-418.5975,734.8038,4.011,73.4804,1320,3081,0.6999
2024-01-01 00:33:37,2017,DDoS Attack,80.97,88.9,421.5,824,4276,1384.13,0.84,-0.24,-359.9925,732.4039,11.721,73.2404,1384,2891,0.6761
2024-01-01 00:33:38,2018,DDoS Attack,82.89,81.34,435.37,899,4871,1359.14,0.846,-0.246,-369.0,729.9439,-1.8015,72.9944,1359,3511,0.7208
2024-01-01 00:33:39,2019,DDoS Attack,88.32,87.31,407.14,1112,4402,1295.2,0.881,-0.281,-421.4475,727.1342,-10.4895,72.7134,1295,3106,0.7056
2024-01-01 00:33:40,2020,DDoS Attack,84.39,76.87,414.45,826,4703,1415.64,0.8187,-0.2187,-327.9975,724.9476,18.69,72.4948,1415,3287,0.6989
2024-01-01 00:33:41,2021,DDoS Attack,80.38,82.81,357.44,907,4811,1422.89,0.8031,-0.2031,-304.6875,722.9163,4.662,72.2916,1422,3388,0.7042
2024-01-01 00:33:42,2022,DDoS Attack,97.22,76.61,417.48,886,4295,1288.94,0.8734,-0.2734,-410.1525,720.182,-21.093,72.0182,1288,3006,0.6999
2024-01-01 00:33:43,2023,DDoS Attack,85.14,86.12,400.6,1064,4745,1325.11,0.8636,-0.2636,-395.385,717.5461,2.9535,71.7546,1325,3419,0.7205
2024-01-01 00:33:44,2024,DDoS Attack,83.96,80.17,384.91,978,4026,1374.1,0.8334,-0.2334,-350.16,715.2117,9.045,71.5212,1374,2651,0.6585
2024-01-01 00:33:45,2025,DDoS Attack,82.64,79.04,459.15,1003,5083,1303.03,0.8664,-0.2664,-399.6225,712.5475,-9.8925,71.2548,1303,3779,0.7435
2024-01-01 00:33:46,2026,DDoS Attack,90.12,81.59,464.73,861,3954,1284.02,0.8809,-0.2809,-421.365,709.7384,-4.3485,70.9738,1284,2669,0.675
2024-01-01 00:33:47,2027,DDoS Attack,89.75,76.97,421.73,937,4686,1327.09,0.858,-0.258,-386.9475,707.1588,6.8835,70.7159,1327,3358,0.7166
2024-01-01 00:33:48,2028,DDoS Attack,91.75,86.16,434.75,903,4637,1260.82,0.8893,-0.2893,-434.025,704.2653,-9.4155,70.4265,1260,3376,0.7281
2024-01-01 00:33:49,2029,DDoS Attack,85.62,81.02,555.91,940,4757,1260.34,0.8932,-0.2932,-439.83,701.3331,-1.161,70.1333,1260,3496,0.7349
2024-01-01 00:33:50,2030,DDoS Attack,85.18,87.1,463.01,976,4675,1257.55,0.8938,-0.2938,-440.6775,698.3952,-0.1695,69.8395,1257,3417,0.7309
2024-01-01 00:33:51,2031,DDoS Attack,92.14,88.36,439.15,923,4913,1240.97,0.9014,-0.3014,-452.1225,695.3811,-2.289,69.5381,1240,3672,0.7474
2024-01-01 00:33:52,2032,DDoS Attack,84.38,78.41,422.33,825,4889,1376.26,0.8263,-0.2263,-339.405,693.1184,22.5435,69.3118,1376,3512,0.7183
2024-01-01 00:33:53,2033,DDoS Attack,84.15,79.64,414.34,932,4479,1325.52,0.8406,-0.2406,-360.8925,690.7124,-4.2975,69.0712,1325,3153,0.704
2024-01-01 00:33:54,2034,DDoS Attack,87.73,81.7,402.65,883,4978,1319.3,0.8451,-0.2451,-367.62,688.2616,-1.3455,68.8262,1319,3658,0.7348
2024-01-01 00:33:55,2035,DDoS Attack,79.58,80.97,401.56,955,4090,1354.56,0.825,-0.225,-337.4775,686.0118,6.0285,68.6012,1354,2735,0.6687
2024-01-01 00:33:56,2036,DDoS Attack,86.0,81.49,478.5,949,4185,1235.26,0.8863,-0.2863,-429.4875,683.1485,-18.402,68.3149,1235,2949,0.7047
2024-01-01 00:33:57,2037,DDoS Attack,86.05,86.43,364.96,925,4596,1337.4,0.8385,-0.2385,-357.72,680.7637,14.3535,68.0764,1337,3258,0.7089
2024-01-01 00:33:58,2038,DDoS Attack,86.46,95.48,404.36,956,4331,1233.04,0.8869,-0.2869,-430.335,677.8948,-14.523,67.7895,1233,3097,0.7151
2024-01-01 00:33:59,2039,DDoS Attack,90.11,86.35,395.6,926,4286,1278.95,0.868,-0.268,-401.94,675.2152,5.679,67.5215,1278,3007,0.7016
2024-01-01 00:34:00,2040,DDoS Attack,83.42,87.18,397.3,785,5217,1345.96,0.8263,-0.2263,-339.48,672.952,12.492,67.2952,1345,3871,0.742
2024-01-01 00:34:01,2041,DDoS Attack,84.79,80.77,507.05,921,4542,1221.67,0.8868,-0.2868,-430.26,670.0836,-18.156,67.0084,1221,3320,0.731
2024-01-01 00:34:02,2042,DDoS Attack,83.09,73.83,416.68,951,4706,1346.39,0.8264,-0.2264,-339.57,667.8198,18.138,66.782,1346,3359,0.7138
2024-01-01 00:34:03,2043,DDoS Attack,86.07,82.1,333.14,957,4656,1343.66,0.8166,-0.2166,-324.9225,665.6537,2.9295,66.5654,1343,3312,0.7113
2024-01-01 00:34:04,2044,DDoS Attack,95.89,82.04,377.87,926,4485,1244.56,0.8686,-0.2686,-402.825,662.9682,-15.5805,66.2968,1244,3240,0.7224
2024-01-01 00:34:05,2045,DDoS Attack,89.74,82.13,362.0,831,4692,1336.17,0.8251,-0.2251,-337.5975,660.7175,13.0455,66.0718,1336,3355,0.715
2024-01-01 00:34:06,2046,DDoS Attack,93.53,82.4,465.66,990,4693,1158.66,0.9147,-0.3147,-472.0275,657.5707,-26.886,65.7571,1158,3534,0.753
2024-01-01 00:34:07,2047,DDoS Attack,84.74,82.98,485.35,961,4861,1225.51,0.8909,-0.2909,-436.2975,654.662,7.146,65.4662,1225,3635,0.7478
2024-01-01 00:34:08,2048,DDoS Attack,86.15,80.99,419.06,926,5008,1285.02,0.8524,-0.2524,-378.645,652.1377,11.5305,65.2138,1285,3722,0.7432
2024-01-01 00:34:09,2049,DDoS Attack,78.61,82.15,421.03,847,4835,1333.15,0.8181,-0.2181,-327.1125,649.957,10.3065,64.9957,1333,3501,0.7241
2024-01-01 00:34:10,2050,DDoS Attack,85.1,80.21,517.44,990,4801,1178.04,0.8969,-0.2969,-445.3125,646.9882,-23.64,64.6988,1178,3622,0.7544
2024-01-01 00:34:11,2051,DDoS Attack,89.52,81.18,524.97,978,4337,1169.58,0.913,-0.313,-469.455,643.8585,-4.8285,64.3859,1169,3167,0.7302
2024-01-01 00:34:12,2052,DDoS Attack,82.4,84.83,422.21,844,4750,1306.64,0.8382,-0.2382,-357.27,641.4767,22.437,64.1477,1306,3443,0.7248
2024-01-01 00:34:13,2053,DDoS Attack,86.92,84.65,447.09,893,4821,1218.19,0.8733,-0.2733,-410.01,638.7433,-10.548,63.8743,1218,3602,0.7471
2024-01-01 00:34:14,2054,DDoS Attack,86.01,79.84,398.39,997,4501,1269.37,0.8494,-0.2494,-374.07,636.2495,7.188,63.625,1269,3231,0.7178
2024-01-01 00:34:15,2055,DDoS Attack,93.49,90.92,388.06,754,4965,1237.49,0.8616,-0.2616,-392.4675,633.6331,-3.6795,63.3633,1237,3727,0.7507
2024-01-01 00:34:16,2056,DDoS Attack,86.63,77.67,395.56,905,5054,1294.18,0.8309,-0.2309,-346.365,631.324,9.2205,63.1324,1294,3759,0.7438
2024-01-01 00:34:17,2057,DDoS Attack,88.64,88.42,449.71,911,4463,1170.64,0.8928,-0.2928,-439.1925,628.396,-18.5655,62.8396,1170,3292,0.7376
2024-01-01 00:34:18,2058,DDoS Attack,90.25,86.1,474.84,914,4661,1163.02,0.9056,-0.3056,-458.4675,625.3396,-3.855,62.534,1163,3497,0.7503
2024-01-01 00:34:19,2059,DDoS Attack,90.34,80.08,368.25,881,4515,1295.91,0.8327,-0.2327,-348.9975,623.0129,21.894,62.3013,1295,3219,0.713
2024-01-01 00:34:20,2060,DDoS Attack,90.65,88.29,357.2,894,4474,1239.05,0.8507,-0.2507,-376.05,620.5059,-5.4105,62.0506,1239,3234,0.7228
2024-01-01 00:34:21,2061,DDoS Attack,91.18,79.36,403.51,845,4769,1250.39,0.846,-0.246,-369.0525,618.0456,1.3995,61.8046,1250,3518,0.7377
2024-01-01 00:34:22,2062,DDoS Attack,87.35,78.73,412.02,997,4248,1224.68,0.8581,-0.2581,-387.165,615.4645,-3.6225,61.5464,1224,3023,0.7116
2024-01-01 00:34:23,2063,DDoS Attack,84.63,88.26,428.79,970,4740,1191.98,0.8767,-0.2767,-415.125,612.697,-5.592,61.2697,1191,3548,0.7485
2024-01-01 00:34:24,2064,DDoS Attack,87.86,80.26,466.58,999,4979,1168.47,0.8913,-0.2913,-436.95,609.784,-4.365,60.9784,1168,3810,0.7652
2024-01-01 00:34:25,2065,DDoS Attack,83.26,88.52,407.1,884,4540,1246.74,0.8489,-0.2489,-373.29,607.2954,12.732,60.7295,1246,3293,0.7253
2024-01-01 00:34:26,2066,DDoS Attack,91.32,84.7,412.23,980,4648,1167.04,0.8845,-0.2845,-426.7275,604.4505,-10.6875,60.4451,1167,3480,0.7487
2024-01-01 00:34:27,2067,DDoS Attack,85.71,78.46,445.51,925,4118,1223.47,0.8576,-0.2576,-386.46,601.8741,8.0535,60.1874,1223,2894,0.7028
2024-01-01 00:34:28,2068,DDoS Attack,91.39,79.6,504.61,845,4536,1144.1,0.8956,-0.2956,-443.4225,598.918,-11.3925,59.8918,1144,3391,0.7476
2024-01-01 00:34:29,2069,DDoS Attack,85.2,77.12,400.66,1036,4650,1250.8,0.8413,-0.2413,-361.995,596.5047,16.2855,59.6505,1250,3399,0.731
2024-01-01 00:34:30,2070,DDoS Attack,84.83,72.86,338.93,897,4378,1337.55,0.7831,-0.1831,-274.605,594.674,17.478,59.4674,1337,3040,0.6944
2024-01-01 00:34:31,2071,DDoS Attack,87.1,70.64,420.42,991,5167,1214.63,0.8403,-0.2403,-360.465,592.2709,-17.172,59.2271,1214,3952,0.7649
2024-01-01 00:34:32,2072,DDoS Attack,80.42,77.99,382.29,938,4173,1287.36,0.8083,-0.2083,-312.435,590.188,9.606,59.0188,1287,2885,0.6913
2024-01-01 00:34:33,2073,DDoS Attack,94.73,82.22,418.84,1025,4594,1115.96,0.8965,-0.2965,-444.7875,587.2227,-26.4705,58.7223,1115,3478,0.7571
2024-01-01 00:34:34,2074,DDoS Attack,89.6,78.25,356.47,893,5365,1275.43,0.8214,-0.2214,-332.115,585.0086,22.5345,58.5009,1275,4089,0.7622
2024-01-01 00:34:35,2075,DDoS Attack,90.53,83.37,376.18,984,4124,1179.08,0.861,-0.261,-391.455,582.3989,-11.868,58.2399,1179,2944,0.7139
2024-01-01 00:34:36,2076,DDoS Attack,81.73,79.21,522.72,1043,4442,1146.51,0.8841,-0.2841,-426.12,579.5581,-6.933,57.9558,1146,3295,0.7418
2024-01-01 00:34:37,2077,DDoS Attack,85.3,73.8,428.9,939,4876,1233.37,0.8383,-0.2383,-357.525,577.1746,13.719,57.7175,1233,3642,0.7469
2024-01-01 00:34:38,2078,DDoS Attack,91.64,81.01,452.8,887,4787,1136.97,0.8827,-0.2827,-424.0725,574.3475,-13.3095,57.4347,1136,3650,0.7625
2024-01-01 00:34:39,2079,DDoS Attack,85.97,84.3,443.93,934,4878,1163.75,0.8737,-0.2737,-410.565,571.6104,2.7015,57.161,1163,3714,0.7614
2024-01-01 00:34:40,2080,DDoS Attack,81.72,76.68,411.5,843,4457,1273.77,0.8099,-0.2099,-314.88,569.5112,19.137,56.9511,1273,3183,0.7142
2024-01-01 00:34:41,2081,DDoS Attack,86.5,88.55,432.13,991,4705,1109.69,0.8888,-0.2888,-433.26,566.6228,-23.676,56.6623,1109,3595,0.7641
2024-01-01 00:34:42,2082,DDoS Attack,85.86,82.67,461.47,1001,4553,1132.14,0.8879,-0.2879,-431.88,563.7436,0.276,56.3744,1132,3420,0.7512
2024-01-01 00:34:43,2083,DDoS Attack,81.41,73.41,408.68,789,5228,1304.14,0.7911,-0.1911,-286.725,561.8321,29.031,56.1832,1304,3923,0.7504
2024-01-01 00:34:44,2084,DDoS Attack,90.39,78.82,369.52,991,4210,1172.42,0.8468,-0.2468,-370.2375,559.3638,-16.7025,55.9364,1172,3037,0.7214
2024-01-01 00:34:45,2085,DDoS Attack,83.93,78.17,430.7,967,5017,1181.67,0.8496,-0.2496,-374.37,556.868,-0.8265,55.6868,1181,3835,0.7644
2024-01-01 00:34:46,2086,DDoS Attack,92.18,82.0,476.03,889,3962,1090.56,0.899,-0.299,-448.4925,553.8781,-14.8245,55.3878,1090,2871,0.7246
2024-01-01 00:34:47,2087,DDoS Attack,85.32,77.97,393.4,872,4438,1243.49,0.821,-0.221,-331.5675,551.6676,23.385,55.1668,1243,3194,0.7197
2024-01-01 00:34:48,2088,DDoS Attack,90.48,90.58,338.73,852,4322,1183.05,0.8403,-0.2403,-360.4425,549.2647,-5.775,54.9265,1183,3138,0.7261
2024-01-01 00:34:49,2089,DDoS Attack,91.06,80.98,388.79,973,4934,1148.03,0.8615,-0.2615,-392.2575,546.6496,-6.363,54.665,1148,3785,0.7671
2024-01-01 00:34:50,2090,DDoS Attack,87.92,77.92,438.51,916,4515,1155.99,0.8592,-0.2592,-388.7625,544.0579,0.699,54.4058,1155,3359,0.744
2024-01-01 00:34:51,2091,DDoS Attack,85.95,86.62,437.49,992,5067,1106.11,0.8849,-0.2849,-427.38,541.2087,-7.7235,54.1209,1106,3960,0.7815
2024-01-01 00:34:52,2092,DDoS Attack,89.84,79.47,477.02,957,5511,1092.42,0.8952,-0.2952,-442.7625,538.2569,-3.0765,53.8257,1092,4418,0.8017
2024-01-01 00:34:53,2093,DDoS Attack,89.24,85.49,439.52,924,4509,1112.0,0.8844,-0.2844,-426.6375,535.4127,3.225,53.5413,1112,3397,0.7534
2024-01-01 00:34:54,2094,DDoS Attack,89.18,84.61,482.72,948,4437,1064.68,0.9072,-0.3072,-460.8225,532.3405,-6.837,53.2341,1064,3372,0.76
2024-01-01 00:34:55,2095,DDoS Attack,86.69,75.39,508.06,897,4938,1124.15,0.8764,-0.2764,-414.66,529.5761,9.2325,52.9576,1124,3813,0.7722
2024-01-01 00:34:56,2096,DDoS Attack,89.11,83.52,419.13,882,4261,1137.29,0.8625,-0.2625,-393.825,526.9506,4.167,52.6951,1137,3123,0.7329
2024-01-01 00:34:57,2097,DDoS Attack,94.91,82.57,481.26,1013,4456,1009.79,0.9292,-0.3292,-493.86,523.6582,-20.007,52.3658,1009,3446,0.7733
2024-01-01 00:34:58,2098,DDoS Attack,89.69,82.23,367.14,918,4805,1186.65,0.8408,-0.2408,-361.14,521.2506,26.544,52.1251,1186,3618,0.753
2024-01-01 00:34:59,2099,DDoS Attack,86.0,80.38,416.33,1056,3958,1122.67,0.8601,-0.2601,-390.1725,518.6495,-5.8065,51.8649,1122,2835,0.7163
2024-01-01 00:35:00,2100,DDoS Attack,90.01,80.73,392.97,913,4833,1143.65,0.8503,-0.2503,-375.4425,516.1465,2.946,51.6147,1143,3689,0.7633
2024-01-01 00:35:01,2101,DDoS Attack,90.9,82.93,479.64,1006,4885,1020.55,0.9153,-0.3153,-472.9425,512.9936,-19.5,51.2994,1020,3864,0.791
2024-01-01 00:35:02,2102,DDoS Attack,85.82,84.47,449.96,881,4050,1121.28,0.8687,-0.2687,-403.0125,510.3068,13.986,51.0307,1121,2928,0.723
2024-01-01 00:35:03,2103,DDoS Attack,79.91,82.35,439.9,859,4966,1166.72,0.8344,-0.2344,-351.54,507.9632,10.2945,50.7963,1166,3799,0.765
2024-01-01 00:35:04,2104,DDoS Attack,88.61,88.75,443.53,866,4760,1064.82,0.8837,-0.2837,-425.5125,505.1265,-14.7945,50.5126,1064,3695,0.7763
2024-01-01 00:35:05,2105,DDoS Attack,90.68,79.26,352.9,936,4249,1169.62,0.8324,-0.2324,-348.57,502.8027,15.3885,50.2803,1169,3079,0.7246
2024-01-01 00:35:06,2106,DDoS Attack,92.48,79.96,511.23,802,4647,1040.59,0.8939,-0.2939,-440.82,499.8639,-18.45,49.9864,1040,3606,0.776
2024-01-01 00:35:07,2107,DDoS Attack,93.72,77.55,417.04,905,4360,1106.27,0.8662,-0.2662,-399.2475,497.2022,8.3145,49.7202,1106,3253,0.7461
2024-01-01 00:35:08,2108,DDoS Attack,88.98,75.52,419.45,960,4524,1117.39,0.854,-0.254,-380.9325,494.6627,3.663,49.4663,1117,3406,0.7529
2024-01-01 00:35:09,2109,DDoS Attack,84.0,87.15,461.51,867,4147,1077.3,0.8727,-0.2727,-409.02,491.9359,-5.6175,49.1936,1077,3069,0.7401
2024-01-01 00:35:10,2110,DDoS Attack,84.19,84.73,438.78,977,4485,1080.64,0.8724,-0.2724,-408.645,489.2116,0.075,48.9212,1080,3404,0.759
2024-01-01 00:35:11,2111,DDoS Attack,84.3,86.59,397.33,941,4057,1116.02,0.8513,-0.2513,-377.01,486.6982,6.327,48.6698,1116,2940,0.7247
2024-01-01 00:35:12,2112,DDoS Attack,85.72,87.05,389.19,978,3784,1093.42,0.8589,-0.2589,-388.41,484.1088,-2.28,48.4109,1093,2690,0.7109
2024-01-01 00:35:13,2113,DDoS Attack,85.76,81.14,512.13,859,4834,1051.62,0.8819,-0.2819,-422.79,481.2902,-6.876,48.129,1051,3782,0.7824
2024-01-01 00:35:14,2114,DDoS Attack,92.23,78.39,406.32,938,4081,1090.47,0.8626,-0.2626,-393.96,478.6638,5.766,47.8664,1090,2990,0.7327
2024-01-01 00:35:15,2115,DDoS Attack,86.18,88.38,451.13,920,4639,1039.53,0.8861,-0.2861,-429.2175,475.8023,-7.0515,47.5802,1039,3599,0.7758
2024-01-01 00:35:16,2116,DDoS Attack,90.32,85.86,397.18,1022,5060,1056.0,0.8794,-0.2794,-419.04,473.0087,2.0355,47.3009,1056,4004,0.7913
2024-01-01 00:35:17,2117,DDoS Attack,90.71,77.79,373.99,910,4621,1130.64,0.8355,-0.2355,-353.1825,470.6542,13.1715,47.0654,1130,3490,0.7552
2024-01-01 00:35:18,2118,DDoS Attack,80.93,84.47,489.37,964,4363,1027.77,0.8837,-0.2837,-425.5725,467.817,-14.478,46.7817,1027,3335,0.7644
2024-01-01 00:35:19,2119,DDoS Attack,84.82,83.5,417.33,956,4810,1086.52,0.8577,-0.2577,-386.5275,465.2402,7.809,46.524,1086,3723,0.774
2024-01-01 00:35:20,2120,DDoS Attack,92.37,76.34,436.08,908,4565,1056.77,0.8684,-0.2684,-402.5775,462.5563,-3.21,46.2556,1056,3508,0.7685
2024-01-01 00:35:21,2121,DDoS Attack,91.46,86.87,494.92,955,4561,949.4,0.928,-0.328,-491.9925,459.2764,-17.883,45.9276,949,3611,0.7917
2024-01-01 00:35:22,2122,DDoS Attack,86.99,73.33,491.99,910,4777,1068.46,0.8703,-0.2703,-405.4275,456.5735,17.313,45.6574,1068,3708,0.7762
2024-01-01 00:35:23,2123,DDoS Attack,90.72,75.77,378.83,1022,4701,1091.75,0.8464,-0.2464,-369.54,454.1099,7.1775,45.411,1091,3609,0.7677
2024-01-01 00:35:24,2124,DDoS Attack,85.68,81.37,479.31,986,4086,1001.56,0.8909,-0.2909,-436.29,451.2013,-13.35,45.1201,1001,3084,0.7548
2024-01-01 00:35:25,2125,DDoS Attack,94.54,86.83,417.38,858,4968,1021.97,0.8854,-0.2854,-428.0325,448.3478,1.6515,44.8348,1021,3946,0.7943
2024-01-01 00:35:26,2126,DDoS Attack,89.91,74.71,413.4,1117,4605,1066.68,0.8582,-0.2582,-387.24,445.7662,8.1585,44.5766,1066,3538,0.7683
2024-01-01 00:35:27,2127,DDoS Attack,85.03,76.96,513.6,980,5092,1003.74,0.887,-0.287,-430.5075,442.8961,-8.6535,44.2896,1003,4088,0.8028
2024-01-01 00:35:28,2128,DDoS Attack,88.99,88.27,382.58,939,4700,1050.65,0.8643,-0.2643,-396.42,440.2533,6.8175,44.0253,1050,3649,0.7764
2024-01-01 00:35:29,2129,DDoS Attack,93.53,83.59,393.72,933,4013,1025.15,0.8731,-0.2731,-409.71,437.5219,-2.658,43.7522,1025,2987,0.7443
2024-01-01 00:35:30,2130,DDoS Attack,78.72,86.16,406.26,914,4890,1101.08,0.8311,-0.2311,-346.725,435.2104,12.597,43.521,1101,3788,0.7746
2024-01-01 00:35:31,2131,DDoS Attack,93.59,84.67,521.4,960,4705,901.39,0.9332,-0.3332,-499.86,431.878,-30.627,43.1878,901,3803,0.8083
2024-01-01 00:35:32,2132,DDoS Attack,88.96,75.57,472.8,783,4394,1071.87,0.8541,-0.2541,-381.2025,429.3367,23.7315,42.9337,1071,3322,0.756
2024-01-01 00:35:33,2133,DDoS Attack,88.09,78.05,402.41,1040,4986,1044.67,0.8546,-0.2546,-381.9675,426.7902,-0.153,42.679,1044,3941,0.7904
2024-01-01 00:35:34,2134,DDoS Attack,85.26,79.65,361.15,972,4512,1097.91,0.8239,-0.2239,-335.865,424.5511,9.2205,42.4551,1097,3414,0.7566
2024-01-01 00:35:35,2135,DDoS Attack,80.13,82.5,446.95,987,4574,1024.33,0.8582,-0.2582,-387.345,421.9688,-10.296,42.1969,1024,3549,0.7759
2024-01-01 00:35:36,2136,DDoS Attack,86.51,91.93,425.33,973,4411,972.32,0.8912,-0.2912,-436.8375,419.0566,-9.8985,41.9057,972,3438,0.7794
2024-01-01 00:35:37,2137,DDoS Attack,90.76,74.72,401.9,857,4388,1082.96,0.834,-0.234,-350.94,416.717,17.1795,41.6717,1082,3305,0.7532
2024-01-01 00:35:38,2138,DDoS Attack,93.0,78.94,460.91,1021,4590,937.92,0.9033,-0.3033,-454.9575,413.6839,-20.8035,41.3684,937,3652,0.7956
2024-01-01 00:35:39,2139,DDoS Attack,91.98,84.66,430.82,975,5243,970.29,0.8952,-0.2952,-442.86,410.7315,2.4195,41.0732,970,4272,0.8148
2024-01-01 00:35:40,2140,DDoS Attack,85.45,77.2,374.1,989,4995,1087.57,0.8275,-0.2275,-341.2125,408.4568,20.3295,40.8457,1087,3907,0.7822
2024-01-01 00:35:41,2141,DDoS Attack,85.85,71.32,391.26,962,4576,1080.84,0.8187,-0.2187,-328.0575,406.2697,2.631,40.627,1080,3495,0.7638
2024-01-01 00:35:42,2142,DDoS Attack,88.72,79.38,475.7,950,4805,948.21,0.8893,-0.2893,-433.98,403.3765,-21.1845,40.3377,948,3856,0.8025
2024-01-01 00:35:43,2143,DDoS Attack,88.64,84.62,447.93,874,4730,989.06,0.8769,-0.2769,-415.2825,400.608,3.7395,40.0608,989,3740,0.7907
2024-01-01 00:35:44,2144,DDoS Attack,91.17,87.78,445.81,872,4316,954.69,0.8923,-0.2923,-438.375,397.6855,-4.6185,39.7685,954,3361,0.7787
2024-01-01 00:35:45,2145,DDoS Attack,86.26,82.95,418.89,862,4204,1036.43,0.848,-0.248,-372.045,395.2052,13.266,39.5205,1036,3167,0.7533
2024-01-01 00:35:46,2146,DDoS Attack,79.61,66.4,418.41,1069,5228,1100.66,0.8038,-0.2038,-305.76,393.1668,13.257,39.3167,1100,4127,0.7894
2024-01-01 00:35:47,2147,DDoS Attack,84.09,82.75,351.77,851,4180,1083.77,0.8047,-0.2047,-307.0875,391.1195,-0.2655,39.112,1083,3096,0.7407
2024-01-01 00:35:48,2148,DDoS Attack,87.1,81.09,437.64,969,4482,960.68,0.8717,-0.2717,-407.6175,388.4021,-20.106,38.8402,960,3521,0.7856
2024-01-01 00:35:49,2149,DDoS Attack,88.14,76.53,357.78,840,4827,1099.41,0.8047,-0.2047,-307.0575,386.355,20.112,38.6355,1099,3727,0.7721
2024-01-01 00:35:50,2150,DDoS Attack,86.65,72.64,421.85,855,5181,1042.24,0.8241,-0.2241,-336.075,384.1145,-5.8035,38.4115,1042,4138,0.7987
2024-01-01 00:35:51,2151,DDoS Attack,85.68,85.41,479.45,872,4626,937.42,0.8839,-0.2839,-425.895,381.2752,-17.964,38.1275,937,3688,0.7972
2024-01-01 00:35:52,2152,DDoS Attack,90.21,82.58,443.06,850,4793,975.56,0.8712,-0.2712,-406.8225,378.5631,3.8145,37.8563,975,3817,0.7964
2024-01-01 00:35:53,2153,DDoS Attack,86.06,83.75,471.0,970,4722,932.16,0.8916,-0.2916,-437.3775,375.6472,-6.111,37.5647,932,3789,0.8024
2024-01-01 00:35:54,2154,DDoS Attack,90.57,85.44,499.78,927,4657,884.76,0.9195,-0.3195,-479.3025,372.4519,-8.385,37.2452,884,3772,0.81
2024-01-01 00:35:55,2155,DDoS Attack,91.73,79.55,358.24,959,4527,1028.66,0.8429,-0.2429,-364.35,370.0229,22.9905,37.0023,1028,3498,0.7727
2024-01-01 00:35:56,2156,DDoS Attack,83.17,84.5,496.56,832,4957,944.37,0.8754,-0.2754,-413.1375,367.2686,-9.7575,36.7269,944,4012,0.8094
2024-01-01 00:35:57,2157,DDoS Attack,77.85,80.0,517.03,910,4631,981.15,0.859,-0.259,-388.4625,364.6789,4.935,36.4679,981,3649,0.788
2024-01-01 00:35:58,2158,DDoS Attack,91.05,73.42,428.6,933,5251,978.15,0.8565,-0.2565,-384.7125,362.1141,0.75,36.2114,978,4272,0.8136
2024-01-01 00:35:59,2159,DDoS Attack,83.06,80.09,378.58,867,4994,1058.46,0.8103,-0.2103,-315.4125,360.0114,13.86,36.0011,1058,3935,0.7879
2024-01-01 00:36:00,2160,DDoS Attack,88.11,79.22,399.11,896,4434,987.99,0.8404,-0.2404,-360.585,357.6075,-9.0345,35.7607,987,3446,0.7772
2024-01-01 00:36:01,2161,DDoS Attack,82.94,80.71,407.04,884,4654,1016.71,0.8282,-0.2282,-342.2775,355.3256,3.6615,35.5326,1016,3637,0.7815
2024-01-01 00:36:02,2162,DDoS Attack,88.96,79.22,417.79,1059,5342,938.15,0.8683,-0.2683,-402.4575,352.6426,-12.036,35.2643,938,4403,0.8242
2024-01-01 00:36:03,2163,DDoS Attack,83.78,77.43,372.03,993,4460,1031.73,0.8218,-0.2218,-332.655,350.4249,13.9605,35.0425,1031,3428,0.7686
2024-01-01 00:36:04,2164,DDoS Attack,88.96,91.98,424.48,972,4782,875.13,0.8993,-0.2993,-449.025,347.4314,-23.274,34.7431,875,3906,0.8168
2024-01-01 00:36:05,2165,DDoS Attack,85.65,87.3,382.51,1010,4394,967.94,0.8593,-0.2593,-388.92,344.8386,12.021,34.4839,967,3426,0.7797
2024-01-01 00:36:06,2166,DDoS Attack,86.09,76.56,378.79,904,3749,1028.57,0.8177,-0.2177,-326.565,342.6615,12.471,34.2661,1028,2720,0.7255
2024-01-01 00:36:07,2167,DDoS Attack,87.07,79.46,464.5,955,4352,903.17,0.8789,-0.2789,-418.3425,339.8725,-18.3555,33.9873,903,3448,0.7923
2024-01-01 00:36:08,2168,DDoS Attack,86.17,80.83,499.3,880,4348,907.11,0.8853,-0.2853,-427.98,337.0193,-1.9275,33.7019,907,3440,0.7912
2024-01-01 00:36:09,2169,DDoS Attack,83.49,74.59,440.35,942,5048,987.92,0.8402,-0.2402,-360.2475,334.6177,13.5465,33.4618,987,4060,0.8043
2024-01-01 00:36:10,2170,DDoS Attack,92.17,93.99,421.31,914,4144,854.03,0.9053,-0.3053,-457.9875,331.5644,-19.548,33.1564,854,3289,0.7937
2024-01-01 00:36:11,2171,DDoS Attack,90.79,82.59,457.56,861,4723,912.43,0.8822,-0.2822,-423.255,328.7427,6.9465,32.8743,912,3810,0.8067
2024-01-01 00:36:12,2172,DDoS Attack,88.82,82.7,390.84,1001,5317,937.29,0.863,-0.263,-394.56,326.1123,5.739,32.6112,937,4379,0.8236
2024-01-01 00:36:13,2173,DDoS Attack,83.56,85.6,281.11,970,3945,1056.57,0.7925,-0.1925,-288.7725,324.1872,21.1575,32.4187,1056,2888,0.7321
2024-01-01 00:36:14,2174,DDoS Attack,85.9,75.43,414.22,980,3949,941.51,0.8433,-0.2433,-365.0025,321.7538,-15.246,32.1754,941,3007,0.7615
2024-01-01 00:36:15,2175,DDoS Attack,86.56,79.43,504.05,955,4187,861.19,0.8948,-0.2948,-442.1775,318.806,-15.435,31.8806,861,3325,0.7941
2024-01-01 00:36:16,2176,DDoS Attack,86.11,89.78,460.72,874,4506,887.24,0.8873,-0.2873,-430.9425,315.933,2.247,31.5933,887,3618,0.8029
2024-01-01 00:36:17,2177,DDoS Attack,87.06,79.31,339.49,889,5086,1029.12,0.8061,-0.2061,-309.12,313.8722,24.3645,31.3872,1029,4056,0.7975
2024-01-01 00:36:18,2178,DDoS Attack,86.48,81.48,432.03,1063,4603,882.66,0.8724,-0.2724,-408.5925,311.1483,-19.8945,31.1148,882,3720,0.8082
2024-01-01 00:36:19,2179,DDoS Attack,92.38,79.01,412.03,930,4329,910.74,0.8664,-0.2664,-399.555,308.4846,1.8075,30.8485,910,3418,0.7896
2024-01-01 00:36:20,2180,DDoS Attack,87.19,86.44,384.98,930,4848,930.0,0.8533,-0.2533,-379.8825,305.952,3.9345,30.5952,930,3918,0.8082
2024-01-01 00:36:21,2181,DDoS Attack,84.7,87.48,428.64,920,3897,897.81,0.8675,-0.2675,-401.205,303.2773,-4.2645,30.3277,897,2999,0.7696
2024-01-01 00:36:22,2182,DDoS Attack,86.51,83.86,512.27,964,4994,827.78,0.907,-0.307,-460.5525,300.207,-11.8695,30.0207,827,4166,0.8342
2024-01-01 00:36:23,2183,DDoS Attack,83.16,81.37,486.04,876,4937,905.6,0.8689,-0.2689,-403.3575,297.5179,11.439,29.7518,905,4031,0.8165
2024-01-01 00:36:24,2184,DDoS Attack,90.93,83.37,408.56,870,5221,904.95,0.8615,-0.2615,-392.19,294.9033,2.2335,29.4903,904,4316,0.8267
2024-01-01 00:36:25,2185,DDoS Attack,90.53,83.7,404.36,932,4657,888.11,0.8681,-0.2681,-402.1275,292.2225,-1.9875,29.2222,888,3768,0.8091
2024-01-01 00:36:26,2186,DDoS Attack,89.6,85.67,385.88,842,4629,925.55,0.847,-0.247,-370.5225,289.7523,6.321,28.9752,925,3703,0.8
2024-01-01 00:36:27,2187,DDoS Attack,81.01,80.38,399.54,959,5293,950.99,0.8281,-0.2281,-342.1575,287.4713,5.673,28.7471,950,4342,0.8203
2024-01-01 00:36:28,2188,DDoS Attack,80.22,93.37,413.35,950,4104,879.2,0.8634,-0.2634,-395.055,284.8376,-10.5795,28.4838,879,3224,0.7856
2024-01-01 00:36:29,2189,DDoS Attack,91.99,82.21,421.93,813,4625,892.52,0.8604,-0.2604,-390.6075,282.2335,0.8895,28.2234,892,3732,0.8069
2024-01-01 00:36:30,2190,DDoS Attack,91.38,80.82,483.71,997,4375,793.31,0.9133,-0.3133,-469.9275,279.1007,-15.864,27.9101,793,3581,0.8185
2024-01-01 00:36:31,2191,DDoS Attack,94.38,82.23,427.49,935,4624,848.37,0.8899,-0.2899,-434.85,276.2017,7.0155,27.6202,848,3775,0.8164
2024-01-01 00:36:32,2192,DDoS Attack,77.48,81.07,356.8,1027,5155,997.09,0.8023,-0.2023,-303.3825,274.1791,26.2935,27.4179,997,4157,0.8064
2024-01-01 00:36:33,2193,DDoS Attack,91.41,80.81,374.6,890,5279,895.46,0.8428,-0.2428,-364.14,271.7515,-12.1515,27.1752,895,4383,0.8303
2024-01-01 00:36:34,2194,DDoS Attack,85.23,70.22,476.51,1020,5180,870.16,0.8621,-0.2621,-393.165,269.1304,-5.805,26.913,870,4309,0.8319
2024-01-01 00:36:35,2195,DDoS Attack,92.15,88.01,427.65,805,4609,846.17,0.8771,-0.2771,-415.6875,266.3592,-4.5045,26.6359,846,3762,0.8162
2024-01-01 00:36:36,2196,DDoS Attack,90.49,81.32,415.96,872,4249,881.08,0.8588,-0.2588,-388.1925,263.7712,5.499,26.3771,881,3367,0.7924
2024-01-01 00:36:37,2197,DDoS Attack,95.35,91.37,424.87,946,4256,768.57,0.9165,-0.3165,-474.7275,260.6064,-17.307,26.0606,768,3487,0.8193
2024-01-01 00:36:38,2198,DDoS Attack,90.57,90.8,348.54,957,4788,881.67,0.8618,-0.2618,-392.7225,257.9882,16.401,25.7988,881,3906,0.8158
2024-01-01 00:36:39,2199,DDoS Attack,90.11,90.21,526.8,915,4835,742.56,0.9282,-0.3282,-492.24,254.7066,-19.9035,25.4707,742,4092,0.8463
2024-01-01 00:36:40,2200,DDoS Attack,88.34,78.84,438.54,970,4675,862.54,0.8711,-0.2711,-406.59,251.996,17.13,25.1996,862,3812,0.8154
2024-01-01 00:36:41,2201,DDoS Attack,84.48,79.68,402.2,879,4709,920.94,0.8278,-0.2278,-341.745,249.7177,12.969,24.9718,920,3788,0.8044
2024-01-01 00:36:42,2202,DDoS Attack,89.67,86.9,382.12,895,5144,853.97,0.8564,-0.2564,-384.6075,247.1537,-8.5725,24.7154,853,4290,0.834
2024-01-01 00:36:43,2203,DDoS Attack,87.34,82.15,416.24,997,5010,837.66,0.8687,-0.2687,-403.1025,244.4663,-3.699,24.4466,837,4172,0.8327
2024-01-01 00:36:44,2204,DDoS Attack,92.45,82.13,381.38,1045,4899,837.13,0.8696,-0.2696,-404.385,241.7704,-0.2565,24.177,837,4061,0.8289
2024-01-01 00:36:45,2205,DDoS Attack,86.17,89.12,398.22,1014,5117,827.6,0.8735,-0.2735,-410.2575,239.0354,-1.1745,23.9035,827,4289,0.8382
2024-01-01 00:36:46,2206,DDoS Attack,84.31,84.91,464.11,1086,4340,797.25,0.8894,-0.2894,-434.1225,236.1412,-4.773,23.6141,797,3542,0.8161
2024-01-01 00:36:47,2207,DDoS Attack,93.73,82.09,362.93,922,4600,864.95,0.853,-0.253,-379.5675,233.6108,10.911,23.3611,864,3735,0.812
2024-01-01 00:36:48,2208,DDoS Attack,83.76,83.56,472.89,944,4410,802.53,0.8801,-0.2801,-420.1575,230.8097,-8.118,23.081,802,3607,0.8179
2024-01-01 00:36:49,2209,DDoS Attack,87.41,81.98,435.87,996,4695,811.26,0.8782,-0.2782,-417.33,228.0275,0.5655,22.8028,811,3883,0.8271
2024-01-01 00:36:50,2210,DDoS Attack,82.39,79.19,433.3,997,5054,854.4,0.8525,-0.2525,-378.81,225.5021,7.704,22.5502,854,4199,0.8308
2024-01-01 00:36:51,2211,DDoS Attack,95.1,82.65,463.17,842,4750,763.04,0.8974,-0.2974,-446.04,222.5285,-13.446,22.2529,763,3986,0.8392
2024-01-01 00:36:52,2212,DDoS Attack,83.7,81.69,576.49,948,4297,787.97,0.8894,-0.2894,-434.0625,219.6348,2.3955,21.9635,787,3509,0.8166
2024-01-01 00:36:53,2213,DDoS Attack,89.63,79.41,376.96,1056,4973,852.66,0.8507,-0.2507,-376.065,217.1277,11.5995,21.7128,852,4120,0.8285
2024-01-01 00:36:54,2214,DDoS Attack,89.38,80.04,409.46,1022,4707,807.88,0.8677,-0.2677,-401.49,214.4511,-5.085,21.4451,807,3899,0.8283
2024-01-01 00:36:55,2215,DDoS Attack,75.67,94.1,434.15,950,4980,824.75,0.8597,-0.2597,-389.505,211.8544,2.397,21.1854,824,4155,0.8343
2024-01-01 00:36:56,2216,DDoS Attack,89.86,85.73,403.81,856,4698,820.71,0.8591,-0.2591,-388.71,209.263,0.159,20.9263,820,3877,0.8252
2024-01-01 00:36:57,2217,DDoS Attack,93.73,78.76,388.6,1003,4439,799.65,0.8693,-0.2693,-403.8825,206.5704,-3.0345,20.657,799,3639,0.8198
2024-01-01 00:36:58,2218,DDoS Attack,86.36,80.13,421.75,835,4411,855.28,0.8387,-0.2387,-358.065,204.1833,9.1635,20.4183,855,3555,0.8059
2024-01-01 00:36:59,2219,DDoS Attack,88.92,83.12,482.9,1040,5129,713.85,0.9105,-0.3105,-465.705,201.0786,-21.528,20.1079,713,4415,0.8608
2024-01-01 00:37:00,2220,DDoS Attack,91.66,81.26,393.85,931,4804,822.65,0.8605,-0.2605,-390.8025,198.4733,14.9805,19.8473,822,3981,0.8287
2024-01-01 00:37:01,2221,DDoS Attack,91.29,85.12,418.94,977,5041,754.75,0.8883,-0.2883,-432.5025,195.5899,-8.34,19.559,754,4286,0.8502
2024-01-01 00:37:02,2222,DDoS Attack,91.52,81.84,383.31,878,4361,832.71,0.8483,-0.2483,-372.4125,193.1072,12.018,19.3107,832,3528,0.809
2024-01-01 00:37:03,2223,DDoS Attack,89.03,84.6,354.27,899,4685,842.08,0.8351,-0.2351,-352.635,190.7563,3.9555,19.0756,842,3842,0.8201
2024-01-01 00:37:04,2224,DDoS Attack,84.4,84.17,409.63,886,4618,820.48,0.8435,-0.2435,-365.31,188.3209,-2.535,18.8321,820,3797,0.8222
2024-01-01 00:37:05,2225,DDoS Attack,89.57,77.76,412.87,958,4333,794.35,0.858,-0.258,-387.045,185.7406,-4.347,18.5741,794,3538,0.8165
2024-01-01 00:37:06,2226,DDoS Attack,81.37,74.32,404.1,850,4478,900.89,0.8001,-0.2001,-300.2175,183.7391,17.3655,18.3739,900,3577,0.7988
2024-01-01 00:37:07,2227,DDoS Attack,94.66,75.11,410.87,1057,4742,746.9,0.8745,-0.2745,-411.78,180.9939,-22.3125,18.0994,746,3995,0.8425
2024-01-01 00:37:08,2228,DDoS Attack,86.53,81.22,446.47,1031,4414,758.11,0.8791,-0.2791,-418.71,178.2025,-1.386,17.8203,758,3655,0.828
2024-01-01 00:37:09,2229,DDoS Attack,84.97,75.11,430.15,845,4437,851.08,0.827,-0.227,-340.4925,175.9326,15.6435,17.5933,851,3585,0.808
2024-01-01 00:37:10,2230,DDoS Attack,84.37,87.37,399.58,953,4038,779.84,0.8565,-0.2565,-384.69,173.368,-8.8395,17.3368,779,3258,0.8068
2024-01-01 00:37:11,2231,DDoS Attack,88.53,75.98,403.72,1062,4926,794.79,0.8517,-0.2517,-377.4975,170.8513,1.4385,17.0851,794,4131,0.8386
2024-01-01 00:37:12,2232,DDoS Attack,87.49,97.99,379.24,999,4063,720.26,0.8907,-0.2907,-435.99,167.9447,-11.6985,16.7945,720,3342,0.8225
2024-01-01 00:37:13,2233,DDoS Attack,87.02,75.26,437.86,933,4492,799.75,0.8516,-0.2516,-377.4,165.4287,11.718,16.5429,799,3692,0.8219
2024-01-01 00:37:14,2234,DDoS Attack,92.37,79.16,441.34,979,4080,718.33,0.8887,-0.2887,-433.0725,162.5416,-11.1345,16.2542,718,3361,0.8238
2024-01-01 00:37:15,2235,DDoS Attack,85.01,82.27,456.51,1015,4524,739.7,0.8815,-0.2815,-422.1975,159.7269,2.175,15.9727,739,3784,0.8364
2024-01-01 00:37:16,2236,DDoS Attack,86.73,77.64,441.5,912,4504,782.25,0.8552,-0.2552,-382.8075,157.1749,7.878,15.7175,782,3721,0.8262
2024-01-01 00:37:17,2237,DDoS Attack,87.62,84.76,396.81,883,4751,782.28,0.8494,-0.2494,-374.1375,154.6806,1.734,15.4681,782,3968,0.8352
2024-01-01 00:37:18,2238,DDoS Attack,75.9,78.98,367.43,1002,4445,873.27,0.7968,-0.1968,-295.2225,152.7125,15.783,15.2712,873,3571,0.8034
2024-01-01 00:37:19,2239,DDoS Attack,85.76,81.76,395.23,905,4633,781.11,0.8379,-0.2379,-356.8875,150.3332,-12.333,15.0333,781,3851,0.8312
2024-01-01 00:37:20,2240,DDoS Attack,86.31,79.85,374.49,860,4621,827.21,0.818,-0.218,-326.9325,148.1537,5.991,14.8154,827,3793,0.8208
2024-01-01 00:37:21,2241,DDoS Attack,89.23,74.86,463.0,975,4941,711.8,0.8772,-0.2772,-415.8075,145.3816,-17.775,14.5382,711,4229,0.8559
2024-01-01 00:37:22,2242,DDoS Attack,89.2,85.19,534.25,911,4234,664.14,0.9118,-0.3118,-467.7375,142.2634,-10.386,14.2263,664,3569,0.8429
2024-01-01 00:37:23,2243,DDoS Attack,81.86,90.78,513.44,874,4345,702.66,0.8946,-0.2946,-441.84,139.3178,5.1795,13.9318,702,3642,0.8382
2024-01-01 00:37:24,2244,DDoS Attack,86.7,88.12,360.63,812,5358,818.87,0.8259,-0.2259,-338.7975,137.0591,20.6085,13.7059,818,4539,0.8471
2024-01-01 00:37:25,2245,DDoS Attack,89.25,84.27,414.74,957,4070,708.93,0.874,-0.274,-410.955,134.3194,-14.4315,13.4319,708,3361,0.8258
2024-01-01 00:37:26,2246,DDoS Attack,84.64,82.53,311.46,911,4472,863.66,0.7949,-0.1949,-292.4175,132.37,23.7075,13.237,863,3608,0.8068
2024-01-01 00:37:27,2247,DDoS Attack,86.79,79.24,375.21,820,4650,806.28,0.8125,-0.2125,-318.705,130.2453,-5.2575,13.0245,806,3843,0.8265
2024-01-01 00:37:28,2248,DDoS Attack,86.8,75.12,428.13,912,4438,755.12,0.8425,-0.2425,-363.6975,127.8206,-8.9985,12.7821,755,3682,0.8297
2024-01-01 00:37:29,2249,DDoS Attack,79.37,85.41,363.35,933,4317,815.13,0.8129,-0.2129,-319.4175,125.6912,8.856,12.5691,815,3501,0.811
2024-01-01 00:37:30,2250,DDoS Attack,86.45,87.76,451.58,997,4715,651.43,0.8973,-0.2973,-445.9725,122.718,-25.311,12.2718,651,4063,0.8617
2024-01-01 00:37:31,2251,DDoS Attack,89.58,73.09,409.12,916,5028,780.74,0.8382,-0.2382,-357.3225,120.3359,17.73,12.0336,780,4247,0.8447
2024-01-01 00:37:32,2252,DDoS Attack,85.98,83.32,436.29,999,4553,690.02,0.8772,-0.2772,-415.8375,117.5636,-11.703,11.7564,690,3862,0.8482
2024-01-01 00:37:33,2253,DDoS Attack,91.31,73.48,344.3,792,4875,849.17,0.7942,-0.1942,-291.3525,115.6213,24.897,11.5621,849,4025,0.8256
2024-01-01 00:37:34,2254,DDoS Attack,90.69,86.48,391.13,896,4557,696.81,0.8636,-0.2636,-395.37,112.9855,-20.8035,11.2985,696,3860,0.847
2024-01-01 00:37:35,2255,DDoS Attack,93.77,90.47,464.69,949,5067,596.45,0.9291,-0.3291,-493.5975,109.6948,-19.6455,10.9695,596,4470,0.8822
2024-01-01 00:37:36,2256,DDoS Attack,86.98,80.05,418.55,871,4538,765.91,0.8445,-0.2445,-366.72,107.25,25.3755,10.725,765,3772,0.8312
2024-01-01 00:37:37,2257,DDoS Attack,83.53,87.13,452.18,1015,4029,662.45,0.8863,-0.2863,-429.405,104.3873,-12.537,10.4387,662,3366,0.8354
2024-01-01 00:37:38,2258,DDoS Attack,95.61,74.14,365.08,892,5057,762.52,0.8363,-0.2363,-354.4875,102.0241,14.9835,10.2024,762,4294,0.8491
2024-01-01 00:37:39,2259,DDoS Attack,88.9,80.78,385.37,847,4996,751.49,0.8328,-0.2328,-349.2525,99.6957,1.047,9.9696,751,4244,0.8495
2024-01-01 00:37:40,2260,DDoS Attack,91.19,88.76,444.84,771,4164,664.31,0.8791,-0.2791,-418.7025,96.9044,-13.89,9.6904,664,3499,0.8403
2024-01-01 00:37:41,2261,DDoS Attack,89.86,80.15,397.06,863,4931,741.06,0.8429,-0.2429,-364.2975,94.4757,10.881,9.4476,741,4189,0.8495
2024-01-01 00:37:42,2262,DDoS Attack,89.82,84.51,393.32,940,4131,690.75,0.8633,-0.2633,-394.9575,91.8427,-6.132,9.1843,690,3440,0.8327
2024-01-01 00:37:43,2263,DDoS Attack,87.48,69.36,346.59,910,5431,828.07,0.7894,-0.1894,-284.0625,89.9489,22.179,8.9949,828,4602,0.8474
2024-01-01 00:37:44,2264,DDoS Attack,80.8,75.78,435.84,1036,4670,712.05,0.8402,-0.2402,-360.255,87.5472,-15.2385,8.7547,712,3957,0.8473
2024-01-01 00:37:45,2265,DDoS Attack,90.81,80.31,399.47,934,4369,691.81,0.8584,-0.2584,-387.6675,84.9628,-5.4825,8.4963,691,3677,0.8416
2024-01-01 00:37:46,2266,DDoS Attack,90.9,73.97,469.5,932,4524,660.0,0.8776,-0.2776,-416.4375,82.1865,-5.754,8.2187,660,3864,0.8541
2024-01-01 00:37:47,2267,DDoS Attack,81.43,77.1,484.93,917,4697,698.91,0.8578,-0.2578,-386.655,79.6088,5.9565,7.9609,698,3998,0.8512
2024-01-01 00:37:48,2268,DDoS Attack,84.48,81.85,356.39,935,4729,761.0,0.8187,-0.2188,-328.125,77.4213,11.706,7.7421,761,3968,0.8391
2024-01-01 00:37:49,2269,DDoS Attack,89.28,77.48,407.9,962,4525,682.53,0.8544,-0.2544,-381.645,74.877,-10.704,7.4877,682,3842,0.8491
2024-01-01 00:37:50,2270,DDoS Attack,86.85,91.52,377.45,994,4195,661.42,0.8706,-0.2706,-405.9,72.171,-4.851,7.2171,661,3533,0.8422
2024-01-01 00:37:51,2271,DDoS Attack,90.62,85.54,399.48,856,3910,684.27,0.8592,-0.2592,-388.74,69.5794,3.432,6.9579,684,3225,0.8248
2024-01-01 00:37:52,2272,DDoS Attack,85.54,84.63,371.12,935,4083,718.76,0.8368,-0.2368,-355.1625,67.2117,6.7155,6.7212,718,3364,0.8239
2024-01-01 00:37:53,2273,DDoS Attack,87.06,76.26,421.1,899,4183,702.47,0.8408,-0.2408,-361.14,64.8041,-1.1955,6.4804,702,3480,0.8319
2024-01-01 00:37:54,2274,DDoS Attack,85.36,77.33,359.3,994,4473,737.32,0.8208,-0.2208,-331.2525,62.5957,5.9775,6.2596,737,3735,0.835
2024-01-01 00:37:55,2275,DDoS Attack,79.19,78.88,470.74,884,5124,690.22,0.8423,-0.2423,-363.5025,60.1724,-6.45,6.0172,690,4433,0.8651
2024-01-01 00:37:56,2276,DDoS Attack,84.57,84.52,476.83,957,4118,609.31,0.8893,-0.2893,-433.89,57.2798,-14.0775,5.728,609,3508,0.8519
2024-01-01 00:37:57,2277,DDoS Attack,84.23,87.85,384.77,988,4449,682.48,0.855,-0.255,-382.5225,54.7296,10.2735,5.473,682,3766,0.8465
2024-01-01 00:37:58,2278,DDoS Attack,88.57,75.07,394.59,877,4678,721.24,0.8265,-0.2265,-339.7725,52.4645,8.55,5.2464,721,3956,0.8457
2024-01-01 00:37:59,2279,DDoS Attack,88.37,84.31,400.47,874,4663,665.38,0.8514,-0.2514,-377.1075,49.9504,-7.467,4.995,665,3997,0.8572
2024-01-01 00:38:00,2280,DDoS Attack,83.88,87.39,419.27,910,4761,658.05,0.8582,-0.2582,-387.285,47.3685,-2.0355,4.7369,658,4102,0.8616
2024-01-01 00:38:01,2281,DDoS Attack,87.69,73.71,371.93,993,4629,715.58,0.8261,-0.2261,-339.1575,45.1075,9.6255,4.5107,715,3913,0.8453
2024-01-01 00:38:02,2282,DDoS Attack,81.27,83.76,397.04,877,4199,707.65,0.8239,-0.2239,-335.8725,42.8683,0.657,4.2868,707,3491,0.8314
2024-01-01 00:38:03,2283,DDoS Attack,92.0,72.17,383.12,937,5152,685.53,0.8345,-0.2345,-351.8025,40.523,-3.186,4.0523,685,4466,0.8668
2024-01-01 00:38:04,2284,DDoS Attack,90.22,77.77,501.47,848,4692,590.7,0.8874,-0.2874,-431.0925,37.649,-15.858,3.7649,590,4101,0.874
2024-01-01 00:38:05,2285,DDoS Attack,89.95,77.59,459.88,899,4843,628.67,0.8736,-0.2736,-410.385,34.9131,4.1415,3.4913,628,4214,0.8701
2024-01-01 00:38:06,2286,DDoS Attack,80.64,83.67,404.39,998,4584,676.6,0.8433,-0.2433,-364.965,32.48,9.084,3.248,676,3907,0.8523
2024-01-01 00:38:07,2287,DDoS Attack,93.0,84.54,418.62,977,4877,575.67,0.8927,-0.2927,-439.065,29.5529,-14.82,2.9553,575,4301,0.8819
2024-01-01 00:38:08,2288,DDoS Attack,89.89,70.54,375.87,1013,4160,703.06,0.8289,-0.2289,-343.35,27.2639,19.143,2.7264,703,3456,0.8308
2024-01-01 00:38:09,2289,DDoS Attack,91.53,85.53,388.71,810,4400,643.37,0.85,-0.25,-375.0525,24.7636,-6.3405,2.4764,643,3756,0.8536
2024-01-01 00:38:10,2290,DDoS Attack,96.31,77.68,385.29,870,5025,639.26,0.8544,-0.2544,-381.645,22.2193,-1.3185,2.2219,639,4385,0.8726
2024-01-01 00:38:11,2291,DDoS Attack,87.03,78.87,495.67,964,4278,566.02,0.8942,-0.2942,-441.3225,19.2771,-11.9355,1.9277,566,3711,0.8675
2024-01-01 00:38:12,2292,DDoS Attack,83.11,87.79,425.84,837,3975,657.16,0.8488,-0.2488,-373.245,16.7888,13.6155,1.6789,657,3317,0.8345
2024-01-01 00:38:13,2293,DDoS Attack,83.54,75.8,322.7,864,4278,778.6,0.7728,-0.1728,-259.26,15.0604,22.797,1.506,778,3499,0.8179
2024-01-01 00:38:14,2294,DDoS Attack,86.15,90.46,411.66,919,4778,575.76,0.8714,-0.2714,-407.0325,12.3469,-29.5545,1.2347,575,4202,0.8794
2024-01-01 00:38:15,2295,DDoS Attack,87.05,84.0,439.03,937,5568,596.47,0.8747,-0.2747,-412.11,9.5995,-1.0155,0.9599,596,4971,0.8928
2024-01-01 00:38:16,2296,DDoS Attack,91.64,76.59,443.51,882,4756,610.07,0.8663,-0.2663,-399.405,6.9368,2.541,0.6937,610,4145,0.8715
2024-01-01 00:38:17,2297,DDoS Attack,82.5,76.46,442.2,989,4775,635.49,0.8493,-0.2493,-374.025,4.4433,5.076,0.4443,635,4139,0.8668
2024-01-01 00:38:18,2298,DDoS Attack,91.42,83.87,433.62,899,4884,570.09,0.8813,-0.2813,-421.9575,1.6302,-9.5865,0.163,570,4313,0.8831
2024-01-01 00:38:19,2299,DDoS Attack,92.1,81.68,419.15,1025,4592,568.14,0.8861,-0.2861,-429.1875,-1.231,-1.446,-0.1231,568,4023,0.8761
2024-01-01 00:38:20,2300,DDoS Attack,88.3,84.42,420.11,880,4732,610.11,0.8622,-0.2622,-393.2325,-3.8526,7.191,-0.3853,610,4121,0.8709
2024-01-01 00:38:21,2301,DDoS Attack,87.84,91.21,464.42,894,4855,528.58,0.9018,-0.3018,-452.6625,-6.8703,-11.886,-0.687,528,4326,0.891
2024-01-01 00:38:22,2302,DDoS Attack,89.23,88.55,398.78,941,4565,587.32,0.8742,-0.2742,-411.33,-9.6125,8.2665,-0.9613,587,3977,0.8712
2024-01-01 00:38:23,2303,DDoS Attack,88.23,77.57,453.8,955,5049,578.74,0.8729,-0.2729,-409.32,-12.3413,0.402,-1.2341,578,4470,0.8853
2024-01-01 00:38:24,2304,DDoS Attack,87.96,79.94,464.46,882,4979,576.77,0.8722,-0.2722,-408.36,-15.0637,0.192,-1.5064,576,4402,0.8841
2024-01-01 00:38:25,2305,DDoS Attack,92.33,88.29,443.83,900,4638,522.17,0.9008,-0.3008,-451.1925,-18.0717,-8.5665,-1.8072,522,4115,0.8872
2024-01-01 00:38:26,2306,DDoS Attack,89.52,79.2,491.66,964,4287,526.0,0.9017,-0.3017,-452.625,-21.0892,-0.2865,-2.1089,526,3761,0.8773
2024-01-01 00:38:27,2307,DDoS Attack,95.53,82.49,370.29,880,5120,602.95,0.8577,-0.2577,-386.5875,-23.6664,13.2075,-2.3666,602,4517,0.8822
2024-01-01 00:38:28,2308,DDoS Attack,95.3,87.05,490.97,1002,4794,426.2,0.9467,-0.3467,-519.99,-27.133,-26.6805,-2.7133,426,4367,0.9109
2024-01-01 00:38:29,2309,DDoS Attack,89.32,84.7,461.8,885,4856,555.55,0.888,-0.288,-432.03,-30.0132,17.592,-3.0013,555,4300,0.8855
2024-01-01 00:38:30,2310,DDoS Attack,93.83,80.97,409.34,958,4372,551.04,0.8792,-0.2792,-418.8,-32.8052,2.646,-3.2805,551,3820,0.8737
2024-01-01 00:38:31,2311,DDoS Attack,82.73,87.74,402.45,931,4386,598.85,0.8498,-0.2498,-374.67,-35.303,8.826,-3.5303,598,3787,0.8634
2024-01-01 00:38:32,2312,DDoS Attack,93.11,86.27,412.96,859,4478,538.46,0.8769,-0.2769,-415.335,-38.0719,-8.133,-3.8072,538,3939,0.8796
2024-01-01 00:38:33,2313,DDoS Attack,90.28,82.94,430.45,942,4865,538.46,0.8799,-0.2799,-419.7825,-40.8705,-0.8895,-4.087,538,4326,0.8892
2024-01-01 00:38:34,2314,DDoS Attack,87.83,84.25,375.65,1083,4500,579.99,0.8559,-0.2559,-383.7825,-43.429,7.2,-4.3429,579,3920,0.8711
2024-01-01 00:38:35,2315,DDoS Attack,88.81,84.83,404.46,930,4598,554.33,0.8646,-0.2646,-396.96,-46.0754,-2.6355,-4.6075,554,4043,0.8793
2024-01-01 00:38:36,2316,DDoS Attack,84.34,84.19,342.54,1035,4877,622.56,0.8269,-0.2269,-340.4025,-48.3448,11.3115,-4.8345,622,4254,0.8723
2024-01-01 00:38:37,2317,DDoS Attack,90.56,73.32,385.37,1013,6052,580.01,0.8429,-0.2429,-364.4175,-50.7742,-4.803,-5.0774,580,5471,0.904
2024-01-01 00:38:38,2318,DDoS Attack,92.78,87.18,451.25,879,4948,478.83,0.9002,-0.3002,-450.2325,-53.7758,-17.163,-5.3776,478,4469,0.9032
2024-01-01 00:38:39,2319,DDoS Attack,83.6,75.95,361.32,988,4579,653.75,0.8113,-0.2113,-317.0025,-55.8891,26.646,-5.5889,653,3925,0.8572
2024-01-01 00:38:40,2320,DDoS Attack,88.4,81.92,368.71,889,4382,587.76,0.8319,-0.2319,-347.8575,-58.2082,-6.171,-5.8208,587,3794,0.8658
2024-01-01 00:38:41,2321,DDoS Attack,82.38,79.48,370.93,964,4831,618.42,0.8171,-0.2171,-325.6425,-60.3791,4.443,-6.0379,618,4212,0.8719
2024-01-01 00:38:42,2322,DDoS Attack,82.83,80.52,517.8,871,4749,512.69,0.8719,-0.2719,-407.7825,-63.0977,-16.428,-6.3098,512,4236,0.892
2024-01-01 00:38:43,2323,DDoS Attack,88.42,87.46,439.77,904,4623,505.13,0.8836,-0.2836,-425.4075,-65.9337,-3.525,-6.5934,505,4117,0.8905
2024-01-01 00:38:44,2324,DDoS Attack,88.33,81.54,359.04,1004,4973,580.18,0.8425,-0.2425,-363.7875,-68.359,12.324,-6.8359,580,4392,0.8832
2024-01-01 00:38:45,2325,DDoS Attack,83.82,80.5,413.75,860,3946,587.2,0.8305,-0.2305,-345.7425,-70.6639,3.609,-7.0664,587,3358,0.851
2024-01-01 00:38:46,2326,DDoS Attack,85.32,80.22,352.94,940,5006,606.37,0.8166,-0.2166,-324.96,-72.8303,4.1565,-7.283,606,4399,0.8787
2024-01-01 00:38:47,2327,DDoS Attack,91.37,81.37,332.98,972,4651,565.89,0.8355,-0.2355,-353.265,-75.1854,-5.661,-7.5185,565,4085,0.8783
2024-01-01 00:38:48,2328,DDoS Attack,89.7,91.68,383.76,757,4231,545.54,0.8486,-0.2486,-372.87,-77.6712,-3.921,-7.7671,545,3685,0.871
2024-01-01 00:38:49,2329,DDoS Attack,89.94,82.13,364.22,844,4475,582.73,0.8288,-0.2288,-343.2375,-79.9595,5.9265,-7.9959,582,3892,0.8697
2024-01-01 00:38:50,2330,DDoS Attack,83.02,84.6,404.43,892,4334,557.75,0.8381,-0.2381,-357.1275,-82.3403,-2.778,-8.234,557,3776,0.8713
2024-01-01 00:38:51,2331,DDoS Attack,89.05,82.21,435.1,940,4574,489.98,0.8758,-0.2758,-413.625,-85.0978,-11.2995,-8.5098,489,4084,0.8929
2024-01-01 00:38:52,2332,DDoS Attack,83.87,78.35,405.27,1053,4127,559.51,0.8421,-0.2421,-363.0825,-87.5184,10.1085,-8.7518,559,3567,0.8643
2024-01-01 00:38:53,2333,DDoS Attack,86.32,82.49,409.83,994,4492,510.23,0.8624,-0.2624,-393.54,-90.142,-6.0915,-9.0142,510,3981,0.8862
2024-01-01 00:38:54,2334,DDoS Attack,87.06,86.07,515.54,1014,4552,409.57,0.9199,-0.3199,-479.8275,-93.3408,-17.2575,-9.3341,409,4142,0.9099
2024-01-01 00:38:55,2335,DDoS Attack,87.8,82.23,432.35,879,4927,530.4,0.8609,-0.2609,-391.35,-95.9498,17.6955,-9.595,530,4396,0.8922
2024-01-01 00:38:56,2336,DDoS Attack,88.83,81.78,361.44,933,3937,555.11,0.836,-0.236,-354.0375,-98.3101,7.4625,-9.831,555,3381,0.8588
2024-01-01 00:38:57,2337,DDoS Attack,85.67,79.18,439.35,1042,4800,488.38,0.8675,-0.2675,-401.205,-100.9848,-9.4335,-10.0985,488,4311,0.8981
2024-01-01 00:38:58,2338,DDoS Attack,93.79,85.23,481.25,1041,4343,378.4,0.932,-0.332,-497.9475,-104.3044,-19.3485,-10.4304,378,3964,0.9127
2024-01-01 00:38:59,2339,DDoS Attack,84.81,85.34,424.82,943,4512,517.36,0.864,-0.264,-396.0675,-106.9449,20.376,-10.6945,517,3994,0.8852
2024-01-01 00:39:00,2340,DDoS Attack,85.61,90.1,370.01,971,4783,509.74,0.8555,-0.2555,-383.31,-109.5003,2.5515,-10.95,509,4273,0.8934
2024-01-01 00:39:01,2341,DDoS Attack,81.68,77.85,391.87,963,4471,567.35,0.8209,-0.2209,-331.335,-111.7092,10.395,-11.1709,567,3903,0.873
2024-01-01 00:39:02,2342,DDoS Attack,87.66,74.71,541.3,934,4774,441.09,0.8837,-0.2837,-425.5275,-114.546,-18.8385,-11.4546,441,4332,0.9074
2024-01-01 00:39:03,2343,DDoS Attack,85.84,78.74,520.63,814,4697,482.96,0.8694,-0.2694,-404.085,-117.2399,4.2885,-11.724,482,4214,0.8972
2024-01-01 00:39:04,2344,DDoS Attack,83.15,79.97,393.1,870,4612,569.0,0.818,-0.218,-327.0,-119.4199,15.417,-11.942,569,4043,0.8766
2024-01-01 00:39:05,2345,DDoS Attack,77.73,80.42,420.49,848,5129,564.88,0.8105,-0.2106,-315.825,-121.5254,2.235,-12.1525,564,4564,0.8898
2024-01-01 00:39:06,2346,DDoS Attack,85.62,80.81,395.39,925,5057,510.61,0.8381,-0.2381,-357.21,-123.9068,-8.277,-12.3907,510,4546,0.899
2024-01-01 00:39:07,2347,DDoS Attack,97.89,85.73,479.4,1032,4687,320.12,0.9466,-0.3466,-519.96,-127.3732,-32.55,-12.7373,320,4366,0.9315
2024-01-01 00:39:08,2348,DDoS Attack,94.28,85.96,432.2,951,3962,427.05,0.9036,-0.3036,-455.445,-130.4095,12.903,-13.041,427,3534,0.892
2024-01-01 00:39:09,2349,DDoS Attack,89.17,74.28,343.74,941,4210,579.1,0.8108,-0.2108,-316.2225,-132.5177,27.8445,-13.2518,579,3630,0.8622
2024-01-01 00:39:10,2350,DDoS Attack,87.97,82.69,434.15,875,4914,454.8,0.8629,-0.2629,-394.4175,-135.1471,-15.639,-13.5147,454,4459,0.9074
2024-01-01 00:39:11,2351,DDoS Attack,87.64,84.21,365.18,919,4984,513.49,0.8377,-0.2377,-356.5575,-137.5242,7.572,-13.7524,513,4470,0.8969
2024-01-01 00:39:12,2352,DDoS Attack,91.88,78.01,397.72,870,4370,488.59,0.846,-0.246,-368.9475,-139.9838,-2.478,-13.9984,488,3881,0.8881
2024-01-01 00:39:13,2353,DDoS Attack,82.4,81.31,456.66,882,4568,477.13,0.8523,-0.2523,-378.4575,-142.5069,-1.902,-14.2507,477,4090,0.8954
2024-01-01 00:39:14,2354,DDoS Attack,87.12,87.28,394.42,895,4303,472.39,0.8546,-0.2546,-381.87,-145.0527,-0.6825,-14.5053,472,3830,0.8901
2024-01-01 00:39:15,2355,DDoS Attack,83.45,84.65,418.24,933,5046,473.81,0.8528,-0.2528,-379.155,-147.5804,0.543,-14.758,473,4572,0.9061
2024-01-01 00:39:16,2356,DDoS Attack,93.33,73.77,457.39,943,4438,419.23,0.8812,-0.2812,-421.8375,-150.3926,-8.5365,-15.0393,419,4018,0.9054
2024-01-01 00:39:17,2357,DDoS Attack,89.31,73.37,498.13,960,4297,410.75,0.8891,-0.2891,-433.6125,-153.2834,-2.355,-15.3283,410,3886,0.9044
2024-01-01 00:39:18,2358,DDoS Attack,85.66,73.48,409.3,901,4136,529.25,0.8233,-0.2233,-334.965,-155.5165,19.7295,-15.5516,529,3606,0.8719
2024-01-01 00:39:19,2359,DDoS Attack,91.11,88.38,423.63,911,4752,389.65,0.8883,-0.2883,-432.45,-158.3995,-19.497,-15.8399,389,4362,0.9179
2024-01-01 00:39:20,2360,DDoS Attack,87.92,76.59,392.37,912,4686,507.84,0.8322,-0.2322,-348.27,-160.7213,16.836,-16.0721,507,4178,0.8916
2024-01-01 00:39:21,2361,DDoS Attack,88.04,83.05,348.76,969,4601,482.69,0.8355,-0.2355,-353.2425,-163.0762,-0.9945,-16.3076,482,4118,0.895
2024-01-01 00:39:22,2362,DDoS Attack,98.21,80.06,441.17,1099,4667,338.38,0.9145,-0.3145,-471.705,-166.2209,-23.6925,-16.6221,338,4328,0.9274
2024-01-01 00:39:23,2363,DDoS Attack,87.73,77.07,501.41,860,4749,423.62,0.8787,-0.2787,-418.095,-169.0082,10.722,-16.9008,423,4325,0.9107
2024-01-01 00:39:24,2364,DDoS Attack,86.11,81.05,353.8,1010,4502,496.66,0.8309,-0.2309,-346.365,-171.3173,14.346,-17.1317,496,4005,0.8896
2024-01-01 00:39:25,2365,DDoS Attack,83.14,88.26,399.79,950,4894,438.15,0.854,-0.254,-381.0525,-173.8577,-6.9375,-17.3858,438,4455,0.9103
2024-01-01 00:39:26,2366,DDoS Attack,89.9,71.02,459.77,923,4484,430.78,0.8605,-0.2605,-390.8025,-176.463,-1.95,-17.6463,430,4053,0.9039
2024-01-01 00:39:27,2367,DDoS Attack,87.56,73.95,434.61,848,4499,474.83,0.8358,-0.2358,-353.76,-178.8214,7.4085,-17.8821,474,4024,0.8944
2024-01-01 00:39:28,2368,DDoS Attack,88.63,87.37,384.02,1017,4931,402.07,0.8706,-0.2706,-405.96,-181.5278,-10.44,-18.1528,402,4528,0.9183
2024-01-01 00:39:29,2369,DDoS Attack,86.28,76.46,352.81,946,4341,516.97,0.8114,-0.2114,-317.1525,-183.6422,17.7615,-18.3642,516,3824,0.8809
2024-01-01 00:39:30,2370,DDoS Attack,92.8,78.6,379.97,944,4359,422.07,0.8529,-0.2529,-379.3275,-186.171,-12.435,-18.6171,422,3936,0.903
2024-01-01 00:39:31,2371,DDoS Attack,88.03,86.93,430.86,937,4671,380.34,0.8814,-0.2814,-422.115,-188.9851,-8.5575,-18.8985,380,4290,0.9184
2024-01-01 00:39:32,2372,DDoS Attack,81.23,83.96,433.0,983,4812,428.18,0.8582,-0.2582,-387.2325,-191.5667,6.9765,-19.1567,428,4383,0.9108
2024-01-01 00:39:33,2373,DDoS Attack,87.19,87.16,410.37,944,4491,397.45,0.8698,-0.2698,-404.775,-194.2652,-3.5085,-19.4265,397,4093,0.9114
2024-01-01 00:39:34,2374,DDoS Attack,89.85,80.12,507.38,1051,4905,316.95,0.9148,-0.3148,-472.1625,-197.4129,-13.4775,-19.7413,316,4588,0.9354
2024-01-01 00:39:35,2375,DDoS Attack,94.17,74.3,353.93,910,4614,482.87,0.8288,-0.2288,-343.215,-199.701,25.7895,-19.9701,482,4131,0.8953
2024-01-01 00:39:36,2376,DDoS Attack,87.21,73.79,482.58,1059,5048,360.33,0.881,-0.281,-421.5,-202.511,-15.657,-20.2511,360,4687,0.9285
2024-01-01 00:39:37,2377,DDoS Attack,92.34,83.13,382.85,934,5336,406.59,0.8625,-0.2625,-393.81,-205.1364,5.538,-20.5136,406,4929,0.9237
2024-01-01 00:39:38,2378,DDoS Attack,86.59,79.73,480.37,1000,4303,344.06,0.8926,-0.2926,-438.8625,-208.0622,-9.0105,-20.8062,344,3958,0.9198
2024-01-01 00:39:39,2379,DDoS Attack,86.95,79.49,428.48,996,4318,397.0,0.8667,-0.2667,-400.035,-210.7291,7.7655,-21.0729,397,3921,0.9081
2024-01-01 00:39:40,2380,DDoS Attack,92.36,82.51,541.31,949,4566,286.67,0.9219,-0.3219,-482.8275,-213.9479,-16.5585,-21.3948,286,4279,0.9371
2024-01-01 00:39:41,2381,DDoS Attack,90.3,80.31,335.24,915,4510,481.35,0.8217,-0.2217,-332.5425,-216.1649,30.057,-21.6165,481,4028,0.8931
2024-01-01 00:39:42,2382,DDoS Attack,81.63,81.63,321.64,909,4685,511.96,0.7869,-0.1869,-280.425,-218.0344,10.4235,-21.8034,511,4173,0.8907
2024-01-01 00:39:43,2383,DDoS Attack,88.39,79.94,420.72,882,4603,382.16,0.8519,-0.2519,-377.8125,-220.5531,-19.4775,-22.0553,382,4220,0.9168
2024-01-01 00:39:44,2384,DDoS Attack,88.23,77.5,438.38,945,4541,378.08,0.8635,-0.2635,-395.2425,-223.1881,-3.486,-22.3188,378,4162,0.9165
2024-01-01 00:39:45,2385,DDoS Attack,97.68,81.3,411.04,904,4260,337.75,0.8862,-0.2863,-429.375,-226.0506,-6.8265,-22.6051,337,3922,0.9207
2024-01-01 00:39:46,2386,DDoS Attack,90.74,78.57,396.6,897,4255,413.0,0.8469,-0.2469,-370.2975,-228.5192,11.8155,-22.8519,413,3842,0.9029
2024-01-01 00:39:47,2387,DDoS Attack,81.0,79.69,468.67,941,5146,378.18,0.8582,-0.2582,-387.315,-231.1013,-3.4035,-23.1101,378,4767,0.9264
2024-01-01 00:39:48,2388,DDoS Attack,91.0,84.62,519.13,924,4622,269.61,0.9186,-0.3186,-477.975,-234.2878,-18.132,-23.4288,269,4352,0.9416
2024-01-01 00:39:49,2389,DDoS Attack,87.95,89.72,425.13,891,4805,357.51,0.8783,-0.2783,-417.51,-237.0712,12.093,-23.7071,357,4447,0.9255
2024-01-01 00:39:50,2390,DDoS Attack,84.73,84.67,445.69,918,4798,359.95,0.8688,-0.2688,-403.1625,-239.759,2.8695,-23.9759,359,4438,0.925
2024-01-01 00:39:51,2391,DDoS Attack,82.05,82.81,401.86,1101,4654,397.19,0.8451,-0.2451,-367.695,-242.2103,7.0935,-24.221,397,4256,0.9145
2024-01-01 00:39:52,2392,DDoS Attack,85.61,75.11,490.27,908,4323,344.9,0.8687,-0.2687,-403.1175,-244.8977,-7.0845,-24.4898,344,3978,0.9202
2024-01-01 00:39:53,2393,DDoS Attack,89.35,85.25,456.7,931,4655,303.86,0.8939,-0.2939,-440.775,-247.8362,-7.5315,-24.7836,303,4351,0.9347
2024-01-01 00:39:54,2394,DDoS Attack,88.93,83.68,446.24,995,4619,310.31,0.8928,-0.2928,-439.2375,-250.7645,0.3075,-25.0764,310,4308,0.9327
2024-01-01 00:39:55,2395,DDoS Attack,84.73,81.28,462.69,822,3976,376.62,0.8544,-0.2544,-381.6,-253.3085,11.5275,-25.3308,376,3599,0.9052
2024-01-01 00:39:56,2396,DDoS Attack,91.67,89.6,361.74,936,4460,341.34,0.8661,-0.2661,-399.1725,-255.9696,-3.5145,-25.597,341,4118,0.9233
2024-01-01 00:39:57,2397,DDoS Attack,86.96,83.53,360.36,863,4494,420.57,0.8228,-0.2228,-334.2225,-258.1978,12.99,-25.8198,420,4073,0.9063
2024-01-01 00:39:58,2398,DDoS Attack,87.42,76.37,464.48,904,4452,329.48,0.8647,-0.2647,-397.1025,-260.8451,-12.576,-26.0845,329,4122,0.9259
2024-01-01 00:39:59,2399,DDoS Attack,89.13,81.36,466.87,873,4110,312.25,0.8797,-0.2797,-419.61,-263.6425,-4.5015,-26.3643,312,3797,0.9238
2024-01-01 00:40:00,2400,DDoS Attack,86.76,82.3,362.96,846,4663,426.08,0.8178,-0.2178,-326.685,-265.8204,18.585,-26.582,426,4236,0.9084
2024-01-01 00:40:01,2401,DDoS Attack,84.97,74.74,473.27,892,5002,338.55,0.8547,-0.2547,-382.02,-268.3672,-11.067,-26.8367,338,4663,0.9322
2024-01-01 00:40:02,2402,DDoS Attack,88.11,83.47,414.43,770,4202,374.04,0.8398,-0.2398,-359.6625,-270.765,4.4715,-27.0765,374,3827,0.9108
2024-01-01 00:40:03,2403,DDoS Attack,87.5,83.82,335.52,926,4207,398.51,0.8225,-0.2225,-333.69,-272.9896,5.1945,-27.299,398,3808,0.9052
2024-01-01 00:40:04,2404,DDoS Attack,88.94,81.9,462.18,994,4760,257.57,0.8962,-0.2962,-444.345,-275.9519,-22.131,-27.5952,257,4502,0.9458
2024-01-01 00:40:05,2405,DDoS Attack,91.44,80.25,566.16,856,4415,271.61,0.8991,-0.2991,-448.5975,-278.9425,-0.8505,-27.8943,271,4143,0.9384
2024-01-01 00:40:06,2406,DDoS Attack,91.61,85.76,449.37,970,3870,258.33,0.9052,-0.3052,-457.83,-281.9947,-1.8465,-28.1995,258,3611,0.9331
2024-01-01 00:40:07,2407,DDoS Attack,94.36,80.98,487.29,807,4689,271.27,0.8974,-0.2974,-446.1075,-284.9688,2.3445,-28.4969,271,4417,0.942
2024-01-01 00:40:08,2408,DDoS Attack,85.75,84.86,440.85,951,4229,305.87,0.8754,-0.2754,-413.025,-287.7223,6.6165,-28.7722,305,3923,0.9276
2024-01-01 00:40:09,2409,DDoS Attack,87.77,81.1,449.77,989,4652,282.33,0.8832,-0.2832,-424.77,-290.5541,-2.349,-29.0554,282,4369,0.9392
2024-01-01 00:40:10,2410,DDoS Attack,82.9,82.54,555.55,1028,3558,257.73,0.8965,-0.2965,-444.75,-293.5191,-3.996,-29.3519,257,3300,0.9275
2024-01-01 00:40:11,2411,DDoS Attack,88.25,86.66,415.88,902,4506,308.97,0.8688,-0.2688,-403.1475,-296.2067,8.3205,-29.6207,308,4197,0.9314
2024-01-01 00:40:12,2412,DDoS Attack,90.21,76.26,484.43,926,4272,264.05,0.8875,-0.2875,-431.25,-299.0817,-5.6205,-29.9082,264,4007,0.938
2024-01-01 00:40:13,2413,DDoS Attack,92.5,74.27,397.24,895,5350,348.61,0.8423,-0.2423,-363.4425,-301.5047,13.5615,-30.1505,348,5001,0.9348
2024-01-01 00:40:14,2414,DDoS Attack,85.26,71.23,395.91,957,4874,376.62,0.818,-0.218,-326.985,-303.6846,7.2915,-30.3685,376,4497,0.9227
2024-01-01 00:40:15,2415,DDoS Attack,97.11,89.03,434.4,876,5168,198.69,0.9111,-0.3111,-466.59,-306.7952,-27.921,-30.6795,198,4969,0.9615
2024-01-01 00:40:16,2416,DDoS Attack,86.53,78.71,404.15,854,4437,370.58,0.8298,-0.2298,-344.7075,-309.0932,24.3765,-30.9093,370,4066,0.9164
2024-01-01 00:40:17,2417,DDoS Attack,87.07,85.65,405.6,853,4038,308.04,0.8496,-0.2496,-374.43,-311.5894,-5.9445,-31.1589,308,3729,0.9235
2024-01-01 00:40:18,2418,DDoS Attack,88.84,82.36,397.28,901,4735,309.66,0.8506,-0.2506,-375.945,-314.0957,-0.303,-31.4096,309,4425,0.9345
2024-01-01 00:40:19,2419,DDoS Attack,93.56,78.1,429.45,987,4328,244.37,0.8855,-0.2855,-428.2275,-316.9506,-10.4565,-31.6951,244,4083,0.9434
2024-01-01 00:40:20,2420,DDoS Attack,87.94,81.81,359.44,940,4611,346.9,0.833,-0.233,-349.5525,-319.2809,15.735,-31.9281,346,4264,0.9247
2024-01-01 00:40:21,2421,DDoS Attack,90.22,76.07,425.5,1012,5327,264.29,0.8687,-0.2687,-403.0425,-321.9679,-10.698,-32.1968,264,5062,0.9503
2024-01-01 00:40:22,2422,DDoS Attack,93.12,76.11,447.55,901,4699,260.67,0.8751,-0.2751,-412.68,-324.7191,-1.9275,-32.4719,260,4438,0.9445
2024-01-01 00:40:23,2423,DDoS Attack,84.91,73.43,407.77,973,4700,340.44,0.8306,-0.2306,-345.8925,-327.025,13.3575,-32.7025,340,4359,0.9274
2024-01-01 00:40:24,2424,DDoS Attack,89.61,83.08,445.23,961,4503,220.69,0.8881,-0.2881,-432.15,-329.906,-17.2515,-32.9906,220,4282,0.9509
2024-01-01 00:40:25,2425,DDoS Attack,88.33,90.72,432.1,932,4636,228.36,0.8918,-0.2918,-437.7075,-332.8241,-1.1115,-33.2824,228,4407,0.9506
2024-01-01 00:40:26,2426,DDoS Attack,87.13,79.82,435.43,899,4549,289.42,0.8571,-0.2571,-385.605,-335.3948,10.4205,-33.5395,289,4259,0.9362
2024-01-01 00:40:27,2427,DDoS Attack,84.84,82.54,454.21,917,3897,256.75,0.8679,-0.2679,-401.9175,-338.0742,-3.2625,-33.8074,256,3640,0.9341
2024-01-01 00:40:28,2428,DDoS Attack,90.36,82.6,375.34,976,4110,277.45,0.8568,-0.2568,-385.245,-340.6425,3.3345,-34.0643,277,3832,0.9324
2024-01-01 00:40:29,2429,DDoS Attack,92.18,81.71,311.56,940,4457,331.54,0.8237,-0.2237,-335.5275,-342.8794,9.9435,-34.2879,331,4125,0.9255
2024-01-01 00:40:30,2430,DDoS Attack,85.77,78.31,418.64,900,3950,289.3,0.8403,-0.2403,-360.435,-345.2823,-4.9815,-34.5282,289,3660,0.9266
2024-01-01 00:40:31,2431,DDoS Attack,93.09,80.78,388.4,862,4869,272.02,0.8513,-0.2513,-376.8975,-347.7949,-3.2925,-34.7795,272,4596,0.9439
2024-01-01 00:40:32,2432,DDoS Attack,82.81,82.67,395.82,898,4213,312.88,0.8291,-0.2291,-343.68,-350.0861,6.6435,-35.0086,312,3900,0.9257
2024-01-01 00:40:33,2433,DDoS Attack,85.52,82.04,436.77,882,4568,256.91,0.8551,-0.2551,-382.6575,-352.6372,-7.7955,-35.2637,256,4311,0.9437
2024-01-01 00:40:34,2434,DDoS Attack,91.55,73.69,424.69,872,4231,275.39,0.8478,-0.2478,-371.6925,-355.1151,2.193,-35.5115,275,3955,0.9348
2024-01-01 00:40:35,2435,DDoS Attack,89.04,79.27,364.16,1009,4922,281.39,0.8419,-0.2419,-362.8425,-357.5341,1.77,-35.7534,281,4640,0.9427
2024-01-01 00:40:36,2436,DDoS Attack,80.27,74.63,454.67,912,5125,295.74,0.8317,-0.2317,-347.4825,-359.8506,3.072,-35.9851,295,4829,0.9422
2024-01-01 00:40:37,2437,DDoS Attack,90.47,83.5,373.91,959,4153,245.92,0.8562,-0.2562,-384.3,-362.4126,-7.3635,-36.2413,245,3907,0.9408
2024-01-01 00:40:38,2438,DDoS Attack,93.22,84.11,383.76,978,5384,216.47,0.8751,-0.2751,-412.6875,-365.1639,-5.6775,-36.5164,216,5167,0.9597
2024-01-01 00:40:39,2439,DDoS Attack,87.13,84.75,403.41,935,4072,248.97,0.8588,-0.2588,-388.1775,-367.7517,4.902,-36.7752,248,3823,0.9389
2024-01-01 00:40:40,2440,DDoS Attack,88.0,82.22,514.95,822,4501,190.69,0.8868,-0.2868,-430.275,-370.6202,-8.4195,-37.062,190,4310,0.9576
2024-01-01 00:40:41,2441,DDoS Attack,93.15,80.79,416.43,880,4273,229.97,0.8682,-0.2682,-402.3225,-373.3024,5.5905,-37.3302,229,4043,0.9462
2024-01-01 00:40:42,2442,DDoS Attack,80.7,78.85,375.53,937,4324,330.88,0.8079,-0.2079,-311.835,-375.3813,18.0975,-37.5381,330,3993,0.9235
2024-01-01 00:40:43,2443,DDoS Attack,86.08,79.74,422.59,898,4228,240.59,0.8466,-0.2466,-369.9375,-377.8475,-11.6205,-37.7848,240,3987,0.943
2024-01-01 00:40:44,2444,DDoS Attack,88.34,87.34,431.42,893,4556,194.41,0.8772,-0.2772,-415.8,-380.6195,-9.1725,-38.062,194,4361,0.9572
2024-01-01 00:40:45,2445,DDoS Attack,79.8,81.3,404.98,873,4336,311.6,0.816,-0.216,-323.985,-382.7794,18.363,-38.2779,311,4024,0.928
2024-01-01 00:40:46,2446,DDoS Attack,86.36,86.96,479.6,874,4418,156.1,0.8906,-0.2906,-435.84,-385.685,-22.371,-38.5685,156,4261,0.9645
2024-01-01 00:40:47,2447,DDoS Attack,86.03,86.05,432.28,935,4787,208.04,0.8726,-0.2726,-408.93,-388.4112,5.382,-38.8411,208,4578,0.9563
2024-01-01 00:40:48,2448,DDoS Attack,85.61,88.82,424.91,878,4519,212.2,0.8658,-0.2658,-398.76,-391.0696,2.034,-39.107,212,4306,0.9529
2024-01-01 00:40:49,2449,DDoS Attack,92.93,79.87,472.48,892,4332,154.79,0.895,-0.295,-442.455,-394.0193,-8.739,-39.4019,154,4177,0.9642
2024-01-01 00:40:50,2450,DDoS Attack,90.64,77.63,466.13,951,4294,174.95,0.887,-0.287,-430.545,-396.8896,2.382,-39.689,174,4119,0.9592
2024-01-01 00:40:51,2451,DDoS Attack,87.71,79.26,442.45,1043,4470,189.01,0.8764,-0.2764,-414.54,-399.6532,3.201,-39.9653,189,4280,0.9575
2024-01-01 00:40:52,2452,DDoS Attack,90.14,82.12,426.2,920,4299,191.13,0.8719,-0.2719,-407.835,-402.3721,1.341,-40.2372,191,4107,0.9553
2024-01-01 00:40:53,2453,DDoS Attack,89.34,80.56,379.76,990,4634,222.22,0.8525,-0.2525,-378.705,-404.8968,5.826,-40.4897,222,4411,0.9519
2024-01-01 00:40:54,2454,DDoS Attack,87.09,88.7,333.2,1006,4291,230.72,0.8432,-0.2432,-364.7475,-407.3285,2.7915,-40.7328,230,4060,0.9462
2024-01-01 00:40:55,2455,DDoS Attack,88.85,79.06,378.85,1008,5249,216.65,0.848,-0.248,-372.075,-409.809,-1.4655,-40.9809,216,5032,0.9587
2024-01-01 00:40:56,2456,DDoS Attack,87.12,83.68,427.85,1033,3860,161.34,0.878,-0.278,-417.0675,-412.5894,-8.9985,-41.2589,161,3698,0.958
2024-01-01 00:40:57,2457,DDoS Attack,89.51,78.36,307.2,908,5246,310.66,0.799,-0.199,-298.4775,-414.5793,23.718,-41.4579,310,4935,0.9407
2024-01-01 00:40:58,2458,DDoS Attack,85.38,85.95,484.93,929,4642,110.23,0.8955,-0.2955,-443.28,-417.5345,-28.9605,-41.7534,110,4531,0.9761
2024-01-01 00:40:59,2459,DDoS Attack,81.13,78.42,470.35,933,4728,209.34,0.8551,-0.2551,-382.695,-420.0858,12.117,-42.0086,209,4518,0.9556
2024-01-01 00:41:00,2460,DDoS Attack,88.53,92.96,403.47,1026,4646,124.33,0.894,-0.294,-440.985,-423.0257,-11.658,-42.3026,124,4521,0.9731
2024-01-01 00:41:01,2461,DDoS Attack,94.78,75.88,434.23,906,4648,168.43,0.8744,-0.2744,-411.6675,-425.7701,5.8635,-42.577,168,4479,0.9636
2024-01-01 00:41:02,2462,DDoS Attack,92.89,83.89,486.02,889,4312,100.0,0.9112,-0.3112,-466.8,-428.8821,-11.0265,-42.8882,100,4212,0.9768
2024-01-01 00:41:03,2463,DDoS Attack,88.06,81.81,415.71,872,5019,209.46,0.8514,-0.2514,-377.085,-431.396,17.943,-43.1396,209,4809,0.9582
2024-01-01 00:41:04,2464,DDoS Attack,86.55,89.13,425.64,968,4795,130.4,0.8838,-0.2838,-425.655,-434.2337,-9.714,-43.4234,130,4664,0.9727
2024-01-01 00:41:05,2465,DDoS Attack,84.7,83.84,521.42,945,4915,111.88,0.8978,-0.2978,-446.7,-437.2117,-4.209,-43.7212,111,4803,0.9772
2024-01-01 00:41:06,2466,DDoS Attack,90.77,83.54,434.32,962,4867,130.84,0.888,-0.288,-432.0075,-440.0918,2.9385,-44.0092,130,4736,0.9731
2024-01-01 00:41:07,2467,DDoS Attack,82.59,83.24,415.8,906,5053,210.16,0.841,-0.241,-361.4475,-442.5014,14.112,-44.2501,210,4842,0.9582
2024-01-01 00:41:08,2468,DDoS Attack,85.07,75.03,464.79,844,3925,187.58,0.8443,-0.2443,-366.4725,-444.9446,-1.005,-44.4945,187,3737,0.9521
2024-01-01 00:41:09,2469,DDoS Attack,91.63,82.79,448.64,903,4115,108.07,0.8874,-0.2874,-431.175,-447.8191,-12.9405,-44.7819,108,4006,0.9735
2024-01-01 00:41:10,2470,DDoS Attack,83.26,80.64,361.38,948,4438,247.64,0.8159,-0.2159,-323.85,-449.9781,21.465,-44.9978,247,4190,0.9441
2024-01-01 00:41:11,2471,DDoS Attack,88.74,82.78,444.34,959,4479,101.55,0.8836,-0.2836,-425.34,-452.8137,-20.298,-45.2814,101,4377,0.9772
2024-01-01 00:41:12,2472,DDoS Attack,88.74,83.18,303.56,968,4652,242.16,0.8155,-0.2155,-323.28,-454.9689,20.412,-45.4969,242,4409,0.9478
2024-01-01 00:41:13,2473,DDoS Attack,90.26,75.57,409.21,864,4860,177.02,0.839,-0.239,-358.56,-457.3593,-7.056,-45.7359,177,4682,0.9634
2024-01-01 00:41:14,2474,DDoS Attack,82.38,77.36,451.72,892,4275,177.44,0.8414,-0.2414,-362.085,-459.7732,-0.705,-45.9773,177,4097,0.9584
2024-01-01 00:41:15,2475,DDoS Attack,91.63,86.74,461.1,980,4518,100.0,0.9151,-0.3151,-472.6575,-462.9242,-22.1145,-46.2924,100,4418,0.9779
2024-01-01 00:41:16,2476,DDoS Attack,87.18,78.76,433.39,898,4448,172.91,0.8534,-0.2534,-380.1375,-465.4585,18.504,-46.5458,172,4275,0.9611
2024-01-01 00:41:17,2477,DDoS Attack,90.4,87.92,444.91,1037,4353,100.0,0.9087,-0.3087,-462.9825,-468.545,-16.569,-46.8545,100,4253,0.977
2024-01-01 00:41:18,2478,DDoS Attack,80.65,85.57,386.41,913,3980,214.35,0.8264,-0.2264,-339.5325,-470.8086,24.69,-47.0809,214,3765,0.946
2024-01-01 00:41:19,2479,DDoS Attack,84.4,74.49,403.28,906,4631,200.41,0.8192,-0.2192,-328.7475,-473.0002,2.157,-47.3,200,4430,0.9566
2024-01-01 00:41:20,2480,DDoS Attack,92.96,85.38,343.89,966,4639,130.01,0.8557,-0.2557,-383.4825,-475.5568,-10.947,-47.5557,130,4508,0.9718
2024-01-01 00:41:21,2481,DDoS Attack,87.61,81.89,435.23,888,4536,126.6,0.8622,-0.2622,-393.2625,-478.1785,-1.956,-47.8179,126,4409,0.972
2024-01-01 00:41:22,2482,DDoS Attack,92.74,78.48,373.51,926,4204,154.41,0.8464,-0.2464,-369.6675,-480.643,4.719,-48.0643,154,4049,0.9631
2024-01-01 00:41:23,2483,DDoS Attack,81.11,80.28,497.43,927,4662,100.34,0.8723,-0.2723,-408.525,-483.3665,-7.7715,-48.3366,100,4561,0.9783
2024-01-01 00:41:24,2484,DDoS Attack,79.48,84.19,429.67,890,4663,169.39,0.837,-0.237,-355.485,-485.7364,10.608,-48.5736,169,4493,0.9635
2024-01-01 00:41:25,2485,DDoS Attack,88.68,76.7,441.59,1001,4520,100.0,0.8729,-0.2729,-409.3875,-488.4656,-10.7805,-48.8466,100,4420,0.9779
2024-01-01 00:41:26,2486,DDoS Attack,84.53,81.11,467.73,856,4802,121.19,0.8609,-0.2609,-391.3425,-491.0746,3.609,-49.1075,121,4680,0.9746
2024-01-01 00:41:27,2487,DDoS Attack,85.29,83.21,396.78,895,5133,154.28,0.8392,-0.2392,-358.77,-493.4664,6.5145,-49.3466,154,4978,0.9698
2024-01-01 00:41:28,2488,DDoS Attack,82.36,84.43,511.57,971,4134,100.0,0.895,-0.295,-442.4775,-496.4162,-16.7415,-49.6416,100,4034,0.9758
2024-01-01 00:41:29,2489,DDoS Attack,82.87,78.24,432.9,943,4154,151.26,0.8435,-0.2435,-365.3175,-498.8517,15.432,-49.8852,151,4002,0.9634
2024-01-01 00:41:30,2490,DDoS Attack,84.51,77.94,415.96,1049,4273,124.22,0.8486,-0.2486,-372.9225,-501.3378,-1.521,-50.1338,124,4148,0.9707
2024-01-01 00:41:31,2491,DDoS Attack,84.09,76.33,456.78,927,4286,116.08,0.8526,-0.2526,-378.87,-503.8636,-1.1895,-50.3864,116,4169,0.9727
2024-01-01 00:41:32,2492,DDoS Attack,86.55,78.04,439.79,1091,4792,100.0,0.8679,-0.2679,-401.88,-506.5428,-4.602,-50.6543,100,4692,0.9791
2024-01-01 00:41:33,2493,DDoS Attack,87.63,78.68,357.83,974,4837,160.39,0.8284,-0.2284,-342.63,-508.827,11.85,-50.8827,160,4676,0.9667
2024-01-01 00:41:34,2494,DDoS Attack,86.14,88.07,426.06,976,4703,100.0,0.8811,-0.2811,-421.6425,-511.638,-15.8025,-51.1638,100,4603,0.9787
2024-01-01 00:41:35,2495,DDoS Attack,87.29,77.23,417.72,980,4422,112.14,0.8545,-0.2545,-381.675,-514.1825,7.9935,-51.4182,112,4309,0.9744
2024-01-01 00:41:36,2496,DDoS Attack,89.76,76.59,464.0,948,4179,100.0,0.8798,-0.2798,-419.7525,-516.9808,-7.6155,-51.6981,100,4079,0.9761
2024-01-01 00:41:37,2497,DDoS Attack,87.1,86.66,362.05,865,4575,146.55,0.8323,-0.2323,-348.4125,-519.3036,14.268,-51.9304,146,4428,0.9679
2024-01-01 00:41:38,2498,DDoS Attack,96.53,78.64,449.76,945,4393,100.0,0.9011,-0.3011,-451.6275,-522.3144,-20.643,-52.2314,100,4293,0.9772
2024-01-01 00:41:39,2499,DDoS Attack,88.64,79.76,407.11,830,4591,137.78,0.8377,-0.2377,-356.5425,-524.6914,19.017,-52.4691,137,4453,0.9699
2024-01-01 00:41:40,2500,DDoS Attack,91.6,82.29,479.53,964,4579,100.0,0.9107,-0.3107,-466.035,-527.7983,-21.8985,-52.7798,100,4479,0.9782
2024-01-01 00:41:41,2501,DDoS Attack,85.49,79.57,351.47,913,4651,183.82,0.8108,-0.2108,-316.2375,-529.9065,29.9595,-52.9907,183,4467,0.9604
2024-01-01 00:41:42,2502,DDoS Attack,94.86,84.64,381.76,843,4527,100.0,0.8609,-0.2609,-391.41,-532.5159,-15.0345,-53.2516,100,4427,0.9779
2024-01-01 00:41:43,2503,DDoS Attack,91.25,80.9,452.1,919,4850,100.0,0.8855,-0.2855,-428.2875,-535.3712,-7.3755,-53.5371,100,4750,0.9794
2024-01-01 00:41:44,2504,DDoS Attack,81.61,90.02,369.38,977,4504,112.4,0.8419,-0.2419,-362.8875,-537.7904,13.08,-53.779,112,4391,0.9749
2024-01-01 00:41:45,2505,DDoS Attack,87.54,80.79,437.78,957,4970,100.0,0.8708,-0.2708,-406.2075,-540.4985,-8.664,-54.0498,100,4870,0.9799
2024-01-01 00:41:46,2506,DDoS Attack,93.63,83.66,510.68,935,4977,100.0,0.9271,-0.3271,-490.6575,-543.7695,-16.89,-54.377,100,4877,0.9799
2024-01-01 00:41:47,2507,DDoS Attack,89.71,79.25,434.06,960,4588,100.0,0.8731,-0.2731,-409.71,-546.5009,16.1895,-54.6501,100,4488,0.9782
2024-01-01 00:41:48,2508,DDoS Attack,89.65,86.33,423.83,753,5187,100.0,0.8545,-0.2545,-381.6975,-549.0456,5.6025,-54.9046,100,5087,0.9807
2024-01-01 00:41:49,2509,DDoS Attack,86.81,77.88,368.79,909,4403,130.4,0.8193,-0.2193,-328.92,-551.2384,10.5555,-55.1238,130,4272,0.9702
2024-01-01 00:41:50,2510,DDoS Attack,85.05,78.59,451.49,1051,4887,100.0,0.8699,-0.2699,-404.8425,-553.9373,-15.1845,-55.3937,100,4787,0.9795
2024-01-01 00:41:51,2511,DDoS Attack,92.49,80.11,430.23,955,4369,100.0,0.8824,-0.2824,-423.5325,-556.7609,-3.738,-55.6761,100,4269,0.9771
2024-01-01 00:41:52,2512,DDoS Attack,86.3,86.27,479.51,934,4181,100.0,0.8976,-0.2976,-446.37,-559.7367,-4.5675,-55.9737,100,4081,0.9761
2024-01-01 00:41:53,2513,DDoS Attack,86.82,74.79,428.76,945,4505,100.0,0.847,-0.247,-370.4625,-562.2064,15.1815,-56.2206,100,4405,0.9778
2024-01-01 00:41:54,2514,DDoS Attack,88.97,84.08,437.84,857,4511,100.0,0.8691,-0.2691,-403.5975,-564.8971,-6.627,-56.4897,100,4411,0.9778
2024-01-01 00:41:55,2515,DDoS Attack,89.64,89.89,411.4,963,4907,100.0,0.8886,-0.2886,-432.9225,-567.7832,-5.865,-56.7783,100,4807,0.9796
2024-01-01 00:41:56,2516,DDoS Attack,87.21,87.74,485.11,1012,4760,100.0,0.9171,-0.3171,-475.71,-570.9546,-8.5575,-57.0955,100,4660,0.979
2024-01-01 00:41:57,2517,DDoS Attack,97.44,78.92,531.2,976,5069,100.0,0.9347,-0.3347,-502.11,-574.302,-5.28,-57.4302,100,4969,0.9803
2024-01-01 00:41:58,2518,DDoS Attack,86.72,86.22,496.35,864,4542,100.0,0.8968,-0.2968,-445.2675,-577.2705,11.3685,-57.727,100,4442,0.978
2024-01-01 00:41:59,2519,DDoS Attack,79.43,81.11,384.2,916,5623,131.18,0.8103,-0.2103,-315.42,-579.3733,25.9695,-57.9373,131,5491,0.9765
2024-01-01 00:42:00,2520,DDoS Attack,94.87,74.8,452.79,977,4481,100.0,0.892,-0.292,-437.985,-582.2932,-24.513,-58.2293,100,4381,0.9777
2024-01-01 00:42:01,2521,DDoS Attack,88.71,83.38,357.67,868,4660,100.0,0.828,-0.228,-341.955,-584.5729,19.206,-58.4573,100,4560,0.9785
2024-01-01 00:42:02,2522,DDoS Attack,88.4,78.46,385.28,924,4910,100.0,0.8368,-0.2368,-355.185,-586.9408,-2.646,-58.6941,100,4810,0.9796
2024-01-01 00:42:03,2523,DDoS Attack,87.69,90.11,390.21,941,4475,100.0,0.8684,-0.2684,-402.6675,-589.6252,-9.4965,-58.9625,100,4375,0.9777
2024-01-01 00:42:04,2524,DDoS Attack,90.35,78.09,521.37,828,5200,100.0,0.8856,-0.2856,-428.475,-592.4817,-5.1615,-59.2482,100,5100,0.9808
2024-01-01 00:42:05,2525,DDoS Attack,88.36,84.76,491.73,981,4344,100.0,0.9142,-0.3142,-471.2625,-595.6235,-8.5575,-59.5623,100,4244,0.977
2024-01-01 00:42:06,2526,DDoS Attack,90.4,91.34,380.64,1057,4734,100.0,0.8851,-0.2851,-427.605,-598.4742,8.7315,-59.8474,100,4634,0.9789
2024-01-01 00:42:07,2527,DDoS Attack,86.27,77.53,413.84,812,4454,100.0,0.8245,-0.2245,-336.735,-600.7191,18.174,-60.0719,100,4354,0.9775
2024-01-01 00:42:08,2528,DDoS Attack,86.95,76.63,462.39,916,4377,100.0,0.8645,-0.2645,-396.7425,-603.364,-12.0015,-60.3364,100,4277,0.9772
2024-01-01 00:42:09,2529,DDoS Attack,86.7,83.78,428.66,887,4643,100.0,0.8603,-0.2603,-390.42,-605.9668,1.2645,-60.5967,100,4543,0.9785
2024-01-01 00:42:10,2530,DDoS Attack,87.8,76.3,410.57,964,4800,100.0,0.8479,-0.2479,-371.9025,-608.4462,3.7035,-60.8446,100,4700,0.9792
2024-01-01 00:42:11,2531,DDoS Attack,87.08,85.38,376.0,873,4512,100.0,0.8372,-0.2372,-355.77,-610.818,3.2265,-61.0818,100,4412,0.9778
2024-01-01 00:42:12,2532,DDoS Attack,93.99,82.82,411.23,1022,4499,100.0,0.8916,-0.2916,-437.445,-613.7343,-16.335,-61.3734,100,4399,0.9778
2024-01-01 00:42:13,2533,DDoS Attack,96.94,79.44,374.41,920,4512,100.0,0.8631,-0.2631,-394.6425,-616.3652,8.5605,-61.6365,100,4412,0.9778
2024-01-01 00:42:14,2534,DDoS Attack,84.77,95.01,440.93,957,4438,100.0,0.8982,-0.2982,-447.3525,-619.3476,-10.542,-61.9348,100,4338,0.9775
2024-01-01 00:42:15,2535,DDoS Attack,85.69,87.13,341.21,861,4513,100.0,0.8175,-0.2175,-326.2425,-621.5225,24.222,-62.1523,100,4413,0.9778
2024-01-01 00:42:16,2536,DDoS Attack,93.4,80.13,445.81,931,5053,100.0,0.8898,-0.2898,-434.67,-624.4203,-21.6855,-62.442,100,4953,0.9802
2024-01-01 00:42:17,2537,DDoS Attack,81.66,85.68,415.06,985,4313,100.0,0.8553,-0.2553,-382.935,-626.9732,10.347,-62.6973,100,4213,0.9768
2024-01-01 00:42:18,2538,DDoS Attack,88.1,81.49,374.88,853,4396,100.0,0.8275,-0.2275,-341.1975,-629.2479,8.3475,-62.9248,100,4296,0.9773
2024-01-01 00:42:19,2539,DDoS Attack,88.52,78.22,408.5,816,4470,100.0,0.832,-0.232,-348.03,-631.5681,-1.3665,-63.1568,100,4370,0.9776
2024-01-01 00:42:20,2540,DDoS Attack,92.09,85.53,420.65,944,4310,100.0,0.8881,-0.2881,-432.0975,-634.4487,-16.8135,-63.4449,100,4210,0.9768
2024-01-01 00:42:21,2541,DDoS Attack,94.5,92.34,433.24,1085,4361,100.0,0.9282,-0.3282,-492.33,-637.7309,-12.0465,-63.7731,100,4261,0.9771
2024-01-01 00:42:22,2542,DDoS Attack,83.0,78.45,414.03,1068,4501,100.0,0.8436,-0.2436,-365.46,-640.1673,25.374,-64.0167,100,4401,0.9778
2024-01-01 00:42:23,2543,DDoS Attack,84.56,77.51,482.0,989,4430,100.0,0.8791,-0.2791,-418.6275,-642.9582,-10.6335,-64.2958,100,4330,0.9774
2024-01-01 00:42:24,2544,DDoS Attack,80.5,76.36,511.06,971,4622,100.0,0.8683,-0.2683,-402.45,-645.6412,3.2355,-64.5641,100,4522,0.9784
2024-01-01 00:42:25,2545,DDoS Attack,95.48,91.79,423.2,928,4396,100.0,0.9145,-0.3145,-471.6825,-648.7857,-13.8465,-64.8786,100,4296,0.9773
2024-01-01 00:42:26,2546,DDoS Attack,86.86,74.57,350.48,826,4979,102.42,0.7896,-0.1896,-284.3625,-650.6815,37.464,-65.0681,102,4876,0.9793
2024-01-01 00:42:27,2547,DDoS Attack,81.75,91.75,388.48,1034,4472,100.0,0.8597,-0.2597,-389.61,-653.2789,-21.0495,-65.3279,100,4372,0.9776
2024-01-01 00:42:28,2548,DDoS Attack,81.74,88.42,495.09,875,4483,100.0,0.8859,-0.2859,-428.9025,-656.1382,-7.8585,-65.6138,100,4383,0.9777
2024-01-01 00:42:29,2549,DDoS Attack,84.38,81.4,430.39,908,3963,100.0,0.8502,-0.2502,-375.3375,-658.6405,10.713,-65.864,100,3863,0.9748
2024-01-01 00:42:30,2550,DDoS Attack,85.68,85.52,414.56,910,4274,100.0,0.8575,-0.2575,-386.19,-661.2151,-2.1705,-66.1215,100,4174,0.9766
2024-01-01 00:42:31,2551,DDoS Attack,85.56,89.04,368.01,973,4616,100.0,0.852,-0.252,-378.0225,-663.7352,1.6335,-66.3735,100,4516,0.9783
2024-01-01 00:42:32,2552,DDoS Attack,88.98,78.34,407.41,929,4417,100.0,0.8503,-0.2503,-375.5025,-666.2386,0.504,-66.6239,100,4317,0.9774
2024-01-01 00:42:33,2553,DDoS Attack,89.33,84.29,533.64,946,3930,100.0,0.9153,-0.3153,-472.92,-669.3914,-19.4835,-66.9391,100,3830,0.9746
2024-01-01 00:42:34,2554,DDoS Attack,92.65,80.98,525.6,1018,4423,100.0,0.9267,-0.3267,-490.0875,-672.6586,-3.4335,-67.2659,100,4323,0.9774
2024-01-01 00:42:35,2555,DDoS Attack,90.89,79.03,425.13,970,4989,100.0,0.8738,-0.2738,-410.6325,-675.3962,15.891,-67.5396,100,4889,0.98
2024-01-01 00:42:36,2556,DDoS Attack,91.58,82.37,549.17,908,4037,100.0,0.9127,-0.3127,-468.9825,-678.5227,-11.67,-67.8523,100,3937,0.9752
2024-01-01 00:42:37,2557,DDoS Attack,82.34,89.37,421.17,939,4410,100.0,0.8631,-0.2631,-394.575,-681.1532,14.8815,-68.1153,100,4310,0.9773
2024-01-01 00:42:38,2558,DDoS Attack,86.19,78.06,448.56,924,4752,100.0,0.8597,-0.2597,-389.5425,-683.7502,1.0065,-68.375,100,4652,0.979
2024-01-01 00:42:39,2559,DDoS Attack,89.36,79.87,352.06,837,5659,100.0,0.814,-0.214,-321.0225,-685.8903,13.704,-68.589,100,5559,0.9823
2024-01-01 00:42:40,2560,DDoS Attack,93.91,88.7,391.27,930,4314,100.0,0.8856,-0.2856,-428.355,-688.746,-21.4665,-68.8746,100,4214,0.9768
2024-01-01 00:42:41,2561,DDoS Attack,82.75,79.06,491.31,980,4260,100.0,0.8799,-0.2799,-419.895,-691.5453,1.692,-69.1545,100,4160,0.9765
2024-01-01 00:42:42,2562,DDoS Attack,86.74,85.75,396.45,934,4740,100.0,0.8563,-0.2563,-384.435,-694.1082,7.092,-69.4108,100,4640,0.9789
2024-01-01 00:42:43,2563,DDoS Attack,89.56,83.27,392.32,896,4203,100.0,0.8522,-0.2522,-378.2925,-696.6302,1.2285,-69.663,100,4103,0.9762
2024-01-01 00:42:44,2564,DDoS Attack,81.75,81.43,465.81,847,4695,100.0,0.8497,-0.2497,-374.4825,-699.1267,0.762,-69.9127,100,4595,0.9787
2024-01-01 00:42:45,2565,DDoS Attack,91.14,72.82,411.47,1028,4793,100.0,0.8568,-0.2568,-385.1625,-701.6945,-2.136,-70.1694,100,4693,0.9791
2024-01-01 00:42:46,2566,DDoS Attack,80.52,85.29,387.61,971,4358,100.0,0.8345,-0.2345,-351.75,-704.0395,6.6825,-70.4039,100,4258,0.9771
2024-01-01 00:42:47,2567,DDoS Attack,87.79,79.31,425.16,895,4521,100.0,0.8524,-0.2524,-378.555,-706.5632,-5.361,-70.6563,100,4421,0.9779
2024-01-01 00:42:48,2568,DDoS Attack,83.3,84.45,433.76,833,4947,100.0,0.8445,-0.2445,-366.7575,-709.0082,2.3595,-70.9008,100,4847,0.9798
2024-01-01 00:42:49,2569,DDoS Attack,87.29,82.81,463.23,949,5007,100.0,0.8865,-0.2865,-429.7575,-711.8733,-12.6,-71.1873,100,4907,0.98
2024-01-01 00:42:50,2570,DDoS Attack,86.83,87.17,431.15,960,4741,100.0,0.8814,-0.2814,-422.1075,-714.6873,1.53,-71.4687,100,4641,0.9789
2024-01-01 00:42:51,2571,DDoS Attack,92.96,85.61,402.85,891,4582,100.0,0.8745,-0.2745,-411.69,-717.4319,2.0835,-71.7432,100,4482,0.9782
2024-01-01 00:42:52,2572,DDoS Attack,84.96,76.74,318.6,837,5294,100.0,0.7741,-0.1741,-261.09,-719.1725,30.12,-71.9173,100,5194,0.9811
2024-01-01 00:42:53,2573,DDoS Attack,85.37,91.52,445.16,927,4074,100.0,0.8892,-0.2892,-433.8375,-722.0648,-34.5495,-72.2065,100,3974,0.9755
2024-01-01 00:42:54,2574,DDoS Attack,88.02,91.46,502.88,946,4197,100.0,0.9286,-0.3286,-492.93,-725.351,-11.8185,-72.5351,100,4097,0.9762
2024-01-01 00:42:55,2575,DDoS Attack,84.17,77.74,488.91,1027,4668,100.0,0.8834,-0.2834,-425.1,-728.185,13.566,-72.8185,100,4568,0.9786
2024-01-01 00:42:56,2576,DDoS Attack,86.79,89.74,376.07,933,4762,100.0,0.8561,-0.2561,-384.15,-730.746,8.19,-73.0746,100,4662,0.979
2024-01-01 00:42:57,2577,DDoS Attack,84.55,78.82,389.31,1015,5270,100.0,0.8376,-0.2376,-356.445,-733.1223,5.541,-73.3122,100,5170,0.981
2024-01-01 00:42:58,2578,DDoS Attack,88.46,80.66,395.01,930,4407,100.0,0.8483,-0.2483,-372.3975,-735.6049,-3.1905,-73.5605,100,4307,0.9773
2024-01-01 00:42:59,2579,DDoS Attack,87.61,84.07,404.73,918,4535,100.0,0.8569,-0.2569,-385.3125,-738.1737,-2.583,-73.8174,100,4435,0.9779
2024-01-01 00:43:00,2580,DDoS Attack,86.73,79.79,463.11,823,5150,100.0,0.858,-0.258,-387.0525,-740.754,-0.348,-74.0754,100,5050,0.9806
2024-01-01 00:43:01,2581,DDoS Attack,88.54,85.05,461.25,887,4279,100.0,0.8862,-0.2862,-429.285,-743.6159,-8.4465,-74.3616,100,4179,0.9766
2024-01-01 00:43:02,2582,DDoS Attack,83.87,80.76,459.96,894,4812,100.0,0.8595,-0.2595,-389.2875,-746.2112,7.9995,-74.6211,100,4712,0.9792
2024-01-01 00:43:03,2583,DDoS Attack,78.53,80.07,483.36,919,4309,100.0,0.8546,-0.2546,-381.84,-748.7568,1.4895,-74.8757,100,4209,0.9768
2024-01-01 00:43:04,2584,DDoS Attack,85.37,66.86,374.41,993,4396,100.0,0.8021,-0.2021,-303.15,-750.7778,15.738,-75.0778,100,4296,0.9773
2024-01-01 00:43:05,2585,DDoS Attack,86.14,70.34,343.46,1001,4816,100.0,0.7991,-0.1991,-298.605,-752.7685,0.909,-75.2768,100,4716,0.9792
2024-01-01 00:43:06,2586,DDoS Attack,82.81,78.85,423.54,858,3898,100.0,0.8274,-0.2274,-341.145,-755.0428,-8.508,-75.5043,100,3798,0.9743
2024-01-01 00:43:07,2587,DDoS Attack,87.36,84.86,454.59,982,4056,100.0,0.8925,-0.2925,-438.7575,-757.9678,-19.5225,-75.7968,100,3956,0.9753
2024-01-01 00:43:08,2588,DDoS Attack,88.23,80.66,420.64,917,4368,100.0,0.8583,-0.2583,-387.4875,-760.5511,10.254,-76.0551,100,4268,0.9771
2024-01-01 00:43:09,2589,DDoS Attack,75.93,87.81,441.5,840,4765,100.0,0.832,-0.232,-348.045,-762.8714,7.8885,-76.2871,100,4665,0.979
2024-01-01 00:43:10,2590,DDoS Attack,86.21,79.91,386.58,962,4320,100.0,0.8391,-0.2391,-358.65,-765.2624,-2.121,-76.5262,100,4220,0.9769
2024-01-01 00:43:11,2591,DDoS Attack,83.61,87.66,416.06,921,4842,100.0,0.858,-0.258,-386.9475,-767.842,-5.6595,-76.7842,100,4742,0.9793
2024-01-01 00:43:12,2592,DDoS Attack,85.33,79.66,440.29,837,4677,100.0,0.8435,-0.2435,-365.25,-770.277,4.3395,-77.0277,100,4577,0.9786
2024-01-01 00:43:13,2593,DDoS Attack,84.98,86.28,452.33,954,4037,100.0,0.8824,-0.2824,-423.5925,-773.101,-11.6685,-77.3101,100,3937,0.9752
2024-01-01 00:43:14,2594,DDoS Attack,87.59,76.11,423.16,791,4060,100.0,0.8271,-0.2271,-340.605,-775.3717,16.5975,-77.5372,100,3960,0.9754
2024-01-01 00:43:15,2595,DDoS Attack,92.76,83.85,407.31,875,4220,100.0,0.8692,-0.2692,-403.785,-778.0636,-12.636,-77.8064,100,4120,0.9763
2024-01-01 00:43:16,2596,DDoS Attack,88.8,80.28,502.33,918,4620,100.0,0.8992,-0.2992,-448.8,-781.0556,-9.003,-78.1056,100,4520,0.9784
2024-01-01 00:43:17,2597,DDoS Attack,82.45,80.2,433.85,907,4430,100.0,0.842,-0.242,-363.075,-783.4761,17.145,-78.3476,100,4330,0.9774
2024-01-01 00:43:18,2598,DDoS Attack,89.31,89.57,432.25,998,4817,100.0,0.9023,-0.3023,-453.5025,-786.4994,-18.0855,-78.6499,100,4717,0.9792
2024-01-01 00:43:19,2599,DDoS Attack,92.34,78.95,414.65,917,4791,100.0,0.8654,-0.2654,-398.16,-789.1538,11.0685,-78.9154,100,4691,0.9791
2024-01-01 00:43:20,2600,DDoS Attack,91.17,82.63,468.84,896,4909,100.0,0.8945,-0.2945,-441.735,-792.0987,-8.715,-79.2099,100,4809,0.9796
2024-01-01 00:43:21,2601,DDoS Attack,92.06,85.39,431.71,972,4287,100.0,0.8973,-0.2973,-446.01,-795.0721,-0.855,-79.5072,100,4187,0.9767
2024-01-01 00:43:22,2602,DDoS Attack,88.79,83.5,358.52,958,4162,100.0,0.8425,-0.2425,-363.7125,-797.4969,16.4595,-79.7497,100,4062,0.976
2024-01-01 00:43:23,2603,DDoS Attack,86.29,82.2,388.46,934,4623,100.0,0.8418,-0.2418,-362.7675,-799.9153,0.189,-79.9915,100,4523,0.9784
2024-01-01 00:43:24,2604,DDoS Attack,84.72,84.84,386.79,1067,4561,100.0,0.852,-0.252,-378.0225,-802.4355,-3.051,-80.2435,100,4461,0.9781
2024-01-01 00:43:25,2605,DDoS Attack,83.31,77.08,482.38,905,4122,100.0,0.8612,-0.2612,-391.8375,-805.0477,-2.763,-80.5048,100,4022,0.9757
2024-01-01 00:43:26,2606,DDoS Attack,91.41,79.92,457.67,986,4696,100.0,0.8965,-0.2965,-444.705,-808.0124,-10.5735,-80.8012,100,4596,0.9787
2024-01-01 00:43:27,2607,DDoS Attack,97.58,73.38,384.1,914,5391,100.0,0.8541,-0.2541,-381.195,-810.5537,12.702,-81.0554,100,5291,0.9815
2024-01-01 00:43:28,2608,DDoS Attack,95.19,88.44,385.29,889,4310,100.0,0.8803,-0.2803,-420.39,-813.3563,-7.839,-81.3356,100,4210,0.9768
2024-01-01 00:43:29,2609,DDoS Attack,84.87,89.46,412.81,923,4871,100.0,0.8656,-0.2656,-398.325,-816.0118,4.413,-81.6012,100,4771,0.9795
2024-01-01 00:43:30,2610,DDoS Attack,81.35,82.26,370.16,912,4394,100.0,0.8123,-0.2123,-318.3825,-818.1344,15.9885,-81.8134,100,4294,0.9772
2024-01-01 00:43:31,2611,DDoS Attack,85.45,83.13,436.06,916,4729,100.0,0.8623,-0.2623,-393.495,-820.7577,-15.0225,-82.0758,100,4629,0.9789
2024-01-01 00:43:32,2612,DDoS Attack,84.53,85.41,414.69,900,4321,100.0,0.8517,-0.2517,-377.5875,-823.2749,3.1815,-82.3275,100,4221,0.9769
2024-01-01 00:43:33,2613,DDoS Attack,87.03,91.35,421.83,861,4921,100.0,0.873,-0.273,-409.5675,-826.0054,-6.396,-82.6005,100,4821,0.9797
2024-01-01 00:43:34,2614,DDoS Attack,86.11,83.42,394.72,1006,4393,100.0,0.8573,-0.2573,-385.9425,-828.5783,4.725,-82.8578,100,4293,0.9772
2024-01-01 00:43:35,2615,DDoS Attack,93.59,76.75,410.35,1013,4658,100.0,0.8746,-0.2746,-411.9225,-831.3245,-5.196,-83.1324,100,4558,0.9785
2024-01-01 00:43:36,2616,DDoS Attack,97.09,80.65,437.85,1044,4070,100.0,0.9104,-0.3104,-465.5475,-834.4281,-10.725,-83.4428,100,3970,0.9754
2024-01-01 00:43:37,2617,DDoS Attack,81.45,78.02,465.67,833,4808,100.0,0.8379,-0.2379,-356.865,-836.8072,21.7365,-83.6807,100,4708,0.9792
2024-01-01 00:43:38,2618,DDoS Attack,90.11,92.07,477.27,951,5075,100.0,0.9268,-0.3268,-490.2675,-840.0757,-26.6805,-84.0076,100,4975,0.9803
2024-01-01 00:43:39,2619,DDoS Attack,90.16,79.7,367.77,895,4585,100.0,0.8329,-0.2329,-349.4175,-842.4051,28.17,-84.2405,100,4485,0.9782
2024-01-01 00:43:40,2620,DDoS Attack,88.7,71.32,414.02,931,4791,100.0,0.8354,-0.2354,-353.115,-844.7592,-0.7395,-84.4759,100,4691,0.9791
2024-01-01 00:43:41,2621,DDoS Attack,94.51,82.93,379.52,820,4840,100.0,0.8509,-0.2509,-376.305,-847.2679,-4.638,-84.7268,100,4740,0.9793
2024-01-01 00:43:42,2622,DDoS Attack,84.52,86.33,494.87,837,4793,100.0,0.8846,-0.2846,-426.945,-850.1142,-10.128,-85.0114,100,4693,0.9791
2024-01-01 00:43:43,2623,DDoS Attack,93.17,87.1,320.18,878,4151,100.0,0.8356,-0.2356,-353.4525,-852.4706,14.6985,-85.2471,100,4051,0.9759
2024-01-01 00:43:44,2624,DDoS Attack,90.09,84.07,290.11,911,4880,100.0,0.8072,-0.2072,-310.7925,-854.5425,8.532,-85.4543,100,4780,0.9795
2024-01-01 00:43:45,2625,DDoS Attack,88.59,82.73,406.75,866,4594,100.0,0.8502,-0.2502,-375.2475,-857.0442,-12.891,-85.7044,100,4494,0.9782
2024-01-01 00:43:46,2626,DDoS Attack,88.21,85.08,459.82,935,4983,100.0,0.8916,-0.2916,-437.3925,-859.9601,-12.429,-85.996,100,4883,0.9799
2024-01-01 00:43:47,2627,DDoS Attack,86.5,74.78,448.85,937,4773,100.0,0.8547,-0.2547,-382.0125,-862.5069,11.076,-86.2507,100,4673,0.979
2024-01-01 00:43:48,2628,DDoS Attack,82.94,90.95,460.53,912,4272,100.0,0.8847,-0.2847,-427.095,-865.3542,-9.0165,-86.5354,100,4172,0.9766
2024-01-01 00:43:49,2629,DDoS Attack,92.31,76.49,538.07,893,5202,100.0,0.8983,-0.2983,-447.39,-868.3368,-4.059,-86.8337,100,5102,0.9808
2024-01-01 00:43:50,2630,DDoS Attack,87.26,89.9,388.26,931,4881,100.0,0.8639,-0.2639,-395.91,-870.9762,10.296,-87.0976,100,4781,0.9795
2024-01-01 00:43:51,2631,DDoS Attack,90.65,87.5,400.63,935,5036,100.0,0.8766,-0.2766,-414.885,-873.7421,-3.795,-87.3742,100,4936,0.9801
2024-01-01 00:43:52,2632,DDoS Attack,85.18,84.86,414.04,942,4629,100.0,0.8586,-0.2586,-387.9,-876.3281,5.397,-87.6328,100,4529,0.9784
2024-01-01 00:43:53,2633,DDoS Attack,84.85,80.7,432.25,923,5150,100.0,0.8533,-0.2533,-379.95,-878.8611,1.59,-87.8861,100,5050,0.9806
2024-01-01 00:43:54,2634,DDoS Attack,92.04,83.45,386.84,880,5290,100.0,0.8562,-0.2562,-384.2775,-881.4229,-0.8655,-88.1423,100,5190,0.9811
2024-01-01 00:43:55,2635,DDoS Attack,83.96,82.57,443.05,911,4249,100.0,0.8585,-0.2585,-387.69,-884.0075,-0.6825,-88.4008,100,4149,0.9765
2024-01-01 00:43:56,2636,DDoS Attack,84.86,79.27,389.53,1009,4596,100.0,0.8399,-0.2399,-359.925,-886.407,5.553,-88.6407,100,4496,0.9782
2024-01-01 00:43:57,2637,DDoS Attack,85.9,82.53,458.4,909,4915,100.0,0.8725,-0.2725,-408.7875,-889.1323,-9.7725,-88.9132,100,4815,0.9797
2024-01-01 00:43:58,2638,DDoS Attack,82.92,87.86,424.55,927,4357,100.0,0.8612,-0.2612,-391.7925,-891.7442,3.399,-89.1744,100,4257,0.977
2024-01-01 00:43:59,2639,DDoS Attack,83.09,73.67,386.86,965,4263,100.0,0.8132,-0.2132,-319.755,-893.8759,14.4075,-89.3876,100,4163,0.9765
2024-01-01 00:44:00,2640,DDoS Attack,81.81,77.45,405.76,909,4554,100.0,0.8192,-0.2192,-328.785,-896.0678,-1.806,-89.6068,100,4454,0.978
2024-01-01 00:44:01,2641,DDoS Attack,92.13,88.25,525.27,832,4300,100.0,0.9179,-0.3179,-476.82,-899.2466,-29.607,-89.9247,100,4200,0.9767
2024-01-01 00:44:02,2642,DDoS Attack,90.79,79.73,468.04,942,5152,100.0,0.8924,-0.2924,-438.615,-902.1707,7.641,-90.2171,100,5052,0.9806
2024-01-01 00:44:03,2643,DDoS Attack,92.17,87.31,404.41,924,4493,100.0,0.8817,-0.2817,-422.5125,-904.9875,3.2205,-90.4987,100,4393,0.9777
2024-01-01 00:44:04,2644,DDoS Attack,81.98,89.36,462.27,909,5056,100.0,0.8778,-0.2778,-416.7225,-907.7656,1.158,-90.7766,100,4956,0.9802
2024-01-01 00:44:05,2645,DDoS Attack,85.48,72.81,475.37,853,4531,100.0,0.8468,-0.2468,-370.26,-910.234,9.2925,-91.0234,100,4431,0.9779
2024-01-01 00:44:06,2646,DDoS Attack,88.82,83.93,467.42,964,4792,100.0,0.899,-0.299,-448.5075,-913.2241,-15.6495,-91.3224,100,4692,0.9791
2024-01-01 00:44:07,2647,DDoS Attack,84.84,83.47,349.72,1023,4109,100.0,0.8305,-0.2305,-345.7125,-915.5288,20.559,-91.5529,100,4009,0.9757
2024-01-01 00:44:08,2648,DDoS Attack,86.61,75.41,388.49,930,4414,100.0,0.8254,-0.2254,-338.1075,-917.7829,1.521,-91.7783,100,4314,0.9773
2024-01-01 00:44:09,2649,DDoS Attack,92.58,83.13,401.85,921,5026,100.0,0.8709,-0.2709,-406.395,-920.4922,-13.6575,-92.0492,100,4926,0.9801
2024-01-01 00:44:10,2650,DDoS Attack,91.64,76.31,390.97,958,4723,100.0,0.8507,-0.2507,-376.05,-922.9992,6.069,-92.2999,100,4623,0.9788
2024-01-01 00:44:11,2651,DDoS Attack,83.8,85.75,380.46,1008,4785,100.0,0.8479,-0.2479,-371.8575,-925.4782,0.8385,-92.5478,100,4685,0.9791
2024-01-01 00:44:12,2652,DDoS Attack,83.47,79.35,397.68,939,4528,100.0,0.8302,-0.2302,-345.315,-927.7803,5.3085,-92.778,100,4428,0.9779
2024-01-01 00:44:13,2653,DDoS Attack,83.42,75.03,452.45,947,4636,100.0,0.8478,-0.2478,-371.73,-930.2585,-5.283,-93.0259,100,4536,0.9784
2024-01-01 00:44:14,2654,DDoS Attack,89.08,78.91,434.2,1082,5011,100.0,0.8762,-0.2762,-414.2325,-933.0201,-8.5005,-93.302,100,4911,0.98
2024-01-01 00:44:15,2655,DDoS Attack,86.85,79.38,281.98,994,4875,100.0,0.7925,-0.1925,-288.7725,-934.9452,25.092,-93.4945,100,4775,0.9795
2024-01-01 00:44:16,2656,DDoS Attack,85.82,74.84,367.24,956,4568,100.0,0.8145,-0.2145,-321.735,-937.0901,-6.5925,-93.709,100,4468,0.9781
2024-01-01 00:44:17,2657,DDoS Attack,90.77,82.43,473.34,952,4890,100.0,0.9032,-0.3032,-454.86,-940.1225,-26.625,-94.0123,100,4790,0.9796
2024-01-01 00:44:18,2658,DDoS Attack,79.64,75.83,406.78,994,5258,100.0,0.8208,-0.2208,-331.2075,-942.3306,24.7305,-94.2331,100,5158,0.981
2024-01-01 00:44:19,2659,DDoS Attack,87.34,78.94,327.25,981,4407,100.0,0.8138,-0.2138,-320.7225,-944.4687,2.097,-94.4469,100,4307,0.9773
2024-01-01 00:44:20,2660,DDoS Attack,99.0,78.3,530.26,974,4240,100.0,0.9383,-0.3383,-507.525,-947.8522,-37.3605,-94.7852,100,4140,0.9764
2024-01-01 00:44:21,2661,DDoS Attack,88.93,85.86,413.74,980,4885,100.0,0.8798,-0.2798,-419.6625,-950.65,17.5725,-95.065,100,4785,0.9795
2024-01-01 00:44:22,2662,DDoS Attack,90.39,81.92,366.25,925,4661,100.0,0.843,-0.243,-364.56,-953.0804,11.0205,-95.308,100,4561,0.9785
2024-01-01 00:44:23,2663,DDoS Attack,80.5,82.85,420.16,852,4483,100.0,0.8268,-0.2268,-340.1325,-955.3479,4.8855,-95.5348,100,4383,0.9777
2024-01-01 00:44:24,2664,DDoS Attack,86.75,91.65,436.01,992,4558,100.0,0.8996,-0.2996,-449.3325,-958.3435,-21.84,-95.8343,100,4458,0.9781
2024-01-01 00:44:25,2665,DDoS Attack,80.5,85.36,392.09,909,4231,100.0,0.8275,-0.2275,-341.3175,-960.6189,21.603,-96.0619,100,4131,0.9764
2024-01-01 00:44:26,2666,DDoS Attack,88.29,87.33,471.64,1025,5204,100.0,0.9132,-0.3132,-469.74,-963.7505,-25.6845,-96.3751,100,5104,0.9808
2024-01-01 00:44:27,2667,DDoS Attack,79.82,76.03,334.59,967,4357,100.0,0.7818,-0.1818,-272.685,-965.5684,39.411,-96.5568,100,4257,0.977
2024-01-01 00:44:28,2668,DDoS Attack,86.04,80.92,444.13,840,4159,100.0,0.8515,-0.2515,-377.2575,-968.0835,-20.9145,-96.8083,100,4059,0.976
2024-01-01 00:44:29,2669,DDoS Attack,88.01,87.99,423.73,882,3848,100.0,0.8722,-0.2722,-408.2625,-970.8052,-6.201,-97.0805,100,3748,0.974
2024-01-01 00:44:30,2670,DDoS Attack,91.81,78.32,367.63,827,4096,100.0,0.825,-0.225,-337.5,-973.0552,14.1525,-97.3055,100,3996,0.9756
2024-01-01 00:44:31,2671,DDoS Attack,84.16,80.81,364.56,941,4513,100.0,0.82,-0.22,-330.0225,-975.2554,1.4955,-97.5255,100,4413,0.9778
2024-01-01 00:44:32,2672,DDoS Attack,96.89,73.48,433.07,940,4239,100.0,0.8804,-0.2804,-420.525,-978.0589,-18.1005,-97.8059,100,4139,0.9764
2024-01-01 00:44:33,2673,DDoS Attack,88.38,85.85,429.82,1013,3837,100.0,0.8889,-0.2889,-433.2975,-980.9475,-2.5545,-98.0948,100,3737,0.9739
2024-01-01 00:44:34,2674,DDoS Attack,84.63,89.38,470.6,962,5031,100.0,0.8993,-0.2993,-448.8825,-983.9401,-3.117,-98.394,100,4931,0.9801
2024-01-01 00:44:35,2675,DDoS Attack,80.33,85.98,478.22,890,5520,100.0,0.8687,-0.2687,-403.0725,-986.6272,9.162,-98.6627,100,5420,0.9819
2024-01-01 00:44:36,2676,DDoS Attack,88.79,71.04,444.06,886,5007,100.0,0.8433,-0.2433,-364.9425,-989.0602,7.626,-98.906,100,4907,0.98
2024-01-01 00:44:37,2677,DDoS Attack,90.19,79.01,500.12,986,4310,100.0,0.9111,-0.3111,-466.635,-992.1711,-20.3385,-99.2171,100,4210,0.9768
2024-01-01 00:44:38,2678,DDoS Attack,87.39,84.58,406.79,909,4612,100.0,0.8571,-0.2571,-385.59,-994.7417,16.209,-99.4742,100,4512,0.9783
2024-01-01 00:44:39,2679,DDoS Attack,83.74,70.84,436.96,810,4252,100.0,0.8102,-0.2102,-315.255,-996.8434,14.067,-99.6843,100,4152,0.9765
2024-01-01 00:44:40,2680,DDoS Attack,80.91,73.76,446.32,916,4509,100.0,0.8281,-0.2281,-342.2175,-999.1248,-5.3925,-99.9125,100,4409,0.9778
2024-01-01 00:44:41,2681,DDoS Attack,82.74,78.72,443.82,926,4887,100.0,0.8472,-0.2472,-370.8,-1000.0,-5.7165,-100.0,100,4787,0.9795
2024-01-01 00:44:42,2682,DDoS Attack,91.86,80.74,332.39,884,4565,100.0,0.8222,-0.2222,-333.2325,-1000.0,7.5135,-100.0,100,4465,0.9781
2024-01-01 00:44:43,2683,DDoS Attack,84.89,76.73,428.49,1075,4429,100.0,0.8532,-0.2532,-379.7775,-1000.0,-9.309,-100.0,100,4329,0.9774
2024-01-01 00:44:44,2684,DDoS Attack,87.99,75.44,487.17,982,4882,100.0,0.8874,-0.2874,-431.175,-1000.0,-10.2795,-100.0,100,4782,0.9795
2024-01-01 00:44:45,2685,DDoS Attack,93.44,79.86,409.88,1032,4821,100.0,0.8816,-0.2816,-422.445,-1000.0,1.746,-100.0,100,4721,0.9793
2024-01-01 00:44:46,2686,DDoS Attack,79.12,84.27,395.92,983,4742,100.0,0.833,-0.233,-349.5075,-1000.0,14.5875,-100.0,100,4642,0.9789
2024-01-01 00:44:47,2687,DDoS Attack,81.04,83.34,435.53,951,4801,100.0,0.8524,-0.2524,-378.6075,-1000.0,-5.82,-100.0,100,4701,0.9792
2024-01-01 00:44:48,2688,DDoS Attack,93.98,84.07,426.14,998,5384,100.0,0.9019,-0.3019,-452.8125,-1000.0,-14.841,-100.0,100,5284,0.9814
2024-01-01 00:44:49,2689,DDoS Attack,91.66,83.03,446.63,945,4606,100.0,0.8935,-0.2935,-440.175,-1000.0,2.5275,-100.0,100,4506,0.9783
2024-01-01 00:44:50,2690,DDoS Attack,96.66,78.25,482.75,922,4081,100.0,0.9136,-0.3136,-470.415,-1000.0,-6.048,-100.0,100,3981,0.9755
2024-01-01 00:44:51,2691,DDoS Attack,87.25,79.27,453.88,935,4242,100.0,0.8707,-0.2707,-406.11,-1000.0,12.861,-100.0,100,4142,0.9764
2024-01-01 00:44:52,2692,DDoS Attack,93.88,87.45,504.3,944,4587,100.0,0.9388,-0.3388,-508.2075,-1000.0,-20.4195,-100.0,100,4487,0.9782
2024-01-01 00:44:53,2693,DDoS Attack,90.81,79.11,431.5,919,4088,100.0,0.8692,-0.2692,-403.815,-1000.0,20.8785,-100.0,100,3988,0.9755
2024-01-01 00:44:54,2694,DDoS Attack,88.51,79.8,412.87,951,5045,100.0,0.8584,-0.2584,-387.555,-1000.0,3.252,-100.0,100,4945,0.9802
2024-01-01 00:44:55,2695,DDoS Attack,84.6,80.32,386.75,880,4391,100.0,0.8223,-0.2223,-333.4125,-1000.0,10.8285,-100.0,100,4291,0.9772
2024-01-01 00:44:56,2696,DDoS Attack,87.21,84.93,441.02,866,5052,100.0,0.868,-0.268,-401.955,-1000.0,-13.7085,-100.0,100,4952,0.9802
2024-01-01 00:44:57,2697,DDoS Attack,91.78,77.49,486.21,949,4545,100.0,0.9004,-0.3004,-450.615,-1000.0,-9.732,-100.0,100,4445,0.978
2024-01-01 00:44:58,2698,DDoS Attack,89.43,81.87,452.25,941,4481,100.0,0.885,-0.285,-427.4325,-1000.0,4.6365,-100.0,100,4381,0.9777
2024-01-01 00:44:59,2699,DDoS Attack,79.9,84.64,406.32,976,4768,100.0,0.8408,-0.2408,-361.215,-1000.0,13.2435,-100.0,100,4668,0.979
2024-01-01 00:45:00,2700,DDoS Attack,86.61,87.11,435.24,939,4551,100.0,0.8794,-0.2794,-419.07,-1000.0,-11.571,-100.0,100,4451,0.978
2024-01-01 00:45:01,2701,DDoS Attack,94.73,78.43,408.87,855,4854,100.0,0.8603,-0.2603,-390.4725,-1000.0,5.7195,-100.0,100,4754,0.9794
2024-01-01 00:45:02,2702,DDoS Attack,85.67,79.65,399.15,933,4162,100.0,0.8385,-0.2385,-357.7425,-1000.0,6.546,-100.0,100,4062,0.976
2024-01-01 00:45:03,2703,DDoS Attack,79.03,84.29,319.32,981,5145,100.0,0.7941,-0.1941,-291.21,-1000.0,13.3065,-100.0,100,5045,0.9806
2024-01-01 00:45:04,2704,DDoS Attack,87.34,88.5,423.79,1025,4440,100.0,0.8888,-0.2888,-433.2525,-1000.0,-28.4085,-100.0,100,4340,0.9775
2024-01-01 00:45:05,2705,DDoS Attack,78.54,81.6,510.4,962,4419,100.0,0.8732,-0.2732,-409.785,-1000.0,4.6935,-100.0,100,4319,0.9774
2024-01-01 00:45:06,2706,DDoS Attack,89.32,86.86,420.72,1087,4418,100.0,0.8901,-0.2901,-435.195,-1000.0,-5.082,-100.0,100,4318,0.9774
2024-01-01 00:45:07,2707,DDoS Attack,92.01,85.81,390.01,904,4956,100.0,0.8672,-0.2672,-400.7475,-1000.0,6.8895,-100.0,100,4856,0.9798
2024-01-01 00:45:08,2708,DDoS Attack,88.58,83.69,343.2,969,4700,100.0,0.8362,-0.2362,-354.3075,-1000.0,9.288,-100.0,100,4600,0.9787
2024-01-01 00:45:09,2709,DDoS Attack,87.74,83.8,404.54,894,4515,100.0,0.853,-0.253,-379.44,-1000.0,-5.0265,-100.0,100,4415,0.9779
2024-01-01 00:45:10,2710,DDoS Attack,86.14,92.9,470.59,871,5312,100.0,0.8997,-0.2997,-449.5275,-1000.0,-14.0175,-100.0,100,5212,0.9812
2024-01-01 00:45:11,2711,DDoS Attack,86.27,82.15,469.87,811,4517,100.0,0.8639,-0.2639,-395.8575,-1000.0,10.734,-100.0,100,4417,0.9779
2024-01-01 00:45:12,2712,DDoS Attack,85.71,83.03,443.5,925,4556,100.0,0.8681,-0.2681,-402.09,-1000.0,-1.2465,-100.0,100,4456,0.9781
2024-01-01 00:45:13,2713,DDoS Attack,92.26,83.51,427.07,938,5242,100.0,0.8859,-0.2859,-428.88,-1000.0,-5.358,-100.0,100,5142,0.9809
2024-01-01 00:45:14,2714,DDoS Attack,88.69,79.43,329.55,843,4436,100.0,0.8002,-0.2002,-300.3225,-1000.0,25.7115,-100.0,100,4336,0.9775
2024-01-01 00:45:15,2715,DDoS Attack,87.57,79.22,442.56,895,4279,100.0,0.8601,-0.2601,-390.1125,-1000.0,-17.958,-100.0,100,4179,0.9766
2024-01-01 00:45:16,2716,DDoS Attack,90.45,88.85,369.64,944,3933,100.0,0.8651,-0.2651,-397.68,-1000.0,-1.5135,-100.0,100,3833,0.9746
2024-01-01 00:45:17,2717,DDoS Attack,82.1,79.06,481.75,883,4314,100.0,0.8583,-0.2583,-387.4875,-1000.0,2.0385,-100.0,100,4214,0.9768
2024-01-01 00:45:18,2718,DDoS Attack,88.14,82.19,385.74,1049,4507,100.0,0.8568,-0.2568,-385.2525,-1000.0,0.447,-100.0,100,4407,0.9778
2024-01-01 00:45:19,2719,DDoS Attack,88.45,79.99,447.0,1004,5182,100.0,0.8831,-0.2831,-424.575,-1000.0,-7.8645,-100.0,100,5082,0.9807
2024-01-01 00:45:20,2720,DDoS Attack,84.95,87.5,452.48,988,4567,100.0,0.8905,-0.2905,-435.7725,-1000.0,-2.2395,-100.0,100,4467,0.9781
2024-01-01 00:45:21,2721,DDoS Attack,87.25,86.68,472.73,1023,4669,100.0,0.9084,-0.3084,-462.66,-1000.0,-5.3775,-100.0,100,4569,0.9786
2024-01-01 00:45:22,2722,DDoS Attack,87.57,69.7,344.44,906,4214,100.0,0.7889,-0.1889,-283.2975,-1000.0,35.8725,-100.0,100,4114,0.9763
2024-01-01 00:45:23,2723,DDoS Attack,91.26,75.45,399.93,902,5021,100.0,0.8433,-0.2433,-364.95,-1000.0,-16.3305,-100.0,100,4921,0.9801
2024-01-01 00:45:24,2724,DDoS Attack,85.57,84.26,434.79,984,4897,100.0,0.8751,-0.2751,-412.71,-1000.0,-9.552,-100.0,100,4797,0.9796
2024-01-01 00:45:25,2725,DDoS Attack,87.87,73.52,413.41,928,4700,100.0,0.8373,-0.2373,-355.875,-1000.0,11.367,-100.0,100,4600,0.9787
2024-01-01 00:45:26,2726,DDoS Attack,85.05,87.7,425.68,874,4439,100.0,0.8609,-0.2609,-391.2975,-1000.0,-7.0845,-100.0,100,4339,0.9775
2024-01-01 00:45:27,2727,DDoS Attack,95.71,85.32,477.42,867,4358,100.0,0.917,-0.317,-475.5675,-1000.0,-16.854,-100.0,100,4258,0.9771
2024-01-01 00:45:28,2728,DDoS Attack,85.27,82.92,416.3,900,4472,100.0,0.8489,-0.2489,-373.3425,-1000.0,20.445,-100.0,100,4372,0.9776
2024-01-01 00:45:29,2729,DDoS Attack,84.82,81.1,480.66,839,4721,100.0,0.8658,-0.2658,-398.7,-1000.0,-5.0715,-100.0,100,4621,0.9788
2024-01-01 00:45:30,2730,DDoS Attack,93.52,81.08,398.56,985,4255,100.0,0.877,-0.277,-415.575,-1000.0,-3.375,-100.0,100,4155,0.9765
2024-01-01 00:45:31,2731,DDoS Attack,87.91,76.8,331.49,920,4157,100.0,0.8034,-0.2034,-305.145,-1000.0,22.086,-100.0,100,4057,0.9759
2024-01-01 00:45:32,2732,DDoS Attack,87.95,87.58,517.71,935,4956,100.0,0.917,-0.317,-475.5375,-1000.0,-34.0785,-100.0,100,4856,0.9798
2024-01-01 00:45:33,2733,DDoS Attack,89.6,80.08,328.76,1027,4232,100.0,0.8282,-0.2282,-342.27,-1000.0,26.6535,-100.0,100,4132,0.9764
2024-01-01 00:45:34,2734,DDoS Attack,93.53,84.68,376.2,948,5346,100.0,0.8694,-0.2694,-404.0325,-1000.0,-12.3525,-100.0,100,5246,0.9813
2024-01-01 00:45:35,2735,DDoS Attack,94.14,79.44,389.4,936,4542,100.0,0.8632,-0.2632,-394.785,-1000.0,1.8495,-100.0,100,4442,0.978
2024-01-01 00:45:36,2736,DDoS Attack,92.8,85.7,340.39,957,4537,100.0,0.8528,-0.2528,-379.1925,-1000.0,3.1185,-100.0,100,4437,0.978
2024-01-01 00:45:37,2737,DDoS Attack,88.15,83.24,484.94,988,4337,100.0,0.9073,-0.3073,-460.9425,-1000.0,-16.35,-100.0,100,4237,0.9769
2024-01-01 00:45:38,2738,DDoS Attack,87.77,79.76,340.91,923,5245,100.0,0.8155,-0.2155,-323.25,-1000.0,27.5385,-100.0,100,5145,0.9809
2024-01-01 00:45:39,2739,DDoS Attack,81.15,81.88,422.19,947,4263,100.0,0.8419,-0.2419,-362.805,-1000.0,-7.911,-100.0,100,4163,0.9765
2024-01-01 00:45:40,2740,DDoS Attack,82.3,75.11,491.55,871,4425,100.0,0.8522,-0.2522,-378.375,-1000.0,-3.114,-100.0,100,4325,0.9774
2024-01-01 00:45:41,2741,DDoS Attack,96.42,78.33,442.12,993,4955,100.0,0.9033,-0.3033,-454.9575,-1000.0,-15.3165,-100.0,100,4855,0.9798
2024-01-01 00:45:42,2742,DDoS Attack,82.67,78.43,440.12,1045,4333,100.0,0.8555,-0.2555,-383.22,-1000.0,14.3475,-100.0,100,4233,0.9769
2024-01-01 00:45:43,2743,DDoS Attack,86.03,84.1,455.98,970,4303,100.0,0.8848,-0.2848,-427.2675,-1000.0,-8.8095,-100.0,100,4203,0.9768
2024-01-01 00:45:44,2744,DDoS Attack,85.87,83.08,488.12,915,4592,100.0,0.8896,-0.2896,-434.3325,-1000.0,-1.413,-100.0,100,4492,0.9782
2024-01-01 00:45:45,2745,DDoS Attack,83.9,91.32,432.71,994,4610,100.0,0.8874,-0.2874,-431.1075,-1000.0,0.645,-100.0,100,4510,0.9783
2024-01-01 00:45:46,2746,DDoS Attack,88.34,74.5,317.46,1005,4627,100.0,0.8042,-0.2042,-306.255,-1000.0,24.9705,-100.0,100,4527,0.9784
2024-01-01 00:45:47,2747,DDoS Attack,88.83,75.75,379.85,993,5209,100.0,0.8392,-0.2392,-358.7325,-1000.0,-10.4955,-100.0,100,5109,0.9808
2024-01-01 00:45:48,2748,DDoS Attack,85.51,85.36,434.5,922,5248,100.0,0.8682,-0.2682,-402.3525,-1000.0,-8.724,-100.0,100,5148,0.9809
2024-01-01 00:45:49,2749,DDoS Attack,86.19,88.2,444.07,928,5080,100.0,0.8834,-0.2834,-425.1,-1000.0,-4.5495,-100.0,100,4980,0.9803
2024-01-01 00:45:50,2750,DDoS Attack,89.16,81.52,493.97,1004,5020,100.0,0.9128,-0.3128,-469.2675,-1000.0,-8.8335,-100.0,100,4920,0.9801
2024-01-01 00:45:51,2751,DDoS Attack,72.45,84.2,435.61,927,4813,100.0,0.8209,-0.2209,-331.395,-1000.0,27.5745,-100.0,100,4713,0.9792
2024-01-01 00:45:52,2752,DDoS Attack,89.04,85.39,411.6,1019,4872,100.0,0.8809,-0.2809,-421.3725,-1000.0,-17.9955,-100.0,100,4772,0.9795
2024-01-01 00:45:53,2753,DDoS Attack,90.17,84.47,482.86,991,4560,100.0,0.9168,-0.3168,-475.275,-1000.0,-10.7805,-100.0,100,4460,0.9781
2024-01-01 00:45:54,2754,DDoS Attack,91.96,82.87,520.85,995,4381,100.0,0.9283,-0.3283,-492.4275,-1000.0,-3.4305,-100.0,100,4281,0.9772
2024-01-01 00:45:55,2755,DDoS Attack,97.32,71.49,456.87,888,5258,100.0,0.881,-0.281,-421.47,-1000.0,14.1915,-100.0,100,5158,0.981
2024-01-01 00:45:56,2756,DDoS Attack,89.01,78.03,411.68,887,4492,100.0,0.8455,-0.2455,-368.25,-1000.0,10.644,-100.0,100,4392,0.9777
2024-01-01 00:45:57,2757,DDoS Attack,86.69,78.24,438.5,953,4251,100.0,0.8612,-0.2612,-391.8225,-1000.0,-4.7145,-100.0,100,4151,0.9765
2024-01-01 00:45:58,2758,DDoS Attack,81.37,83.55,451.6,973,4792,100.0,0.8654,-0.2654,-398.13,-1000.0,-1.2615,-100.0,100,4692,0.9791
2024-01-01 00:45:59,2759,DDoS Attack,94.29,86.99,558.99,1116,3984,100.0,0.9475,-0.3475,-521.235,-1000.0,-24.621,-100.0,100,3884,0.9749
2024-01-01 00:46:00,2760,DDoS Attack,79.21,81.96,450.21,925,4846,100.0,0.846,-0.246,-368.985,-1000.0,30.45,-100.0,100,4746,0.9794
2024-01-01 00:46:01,2761,DDoS Attack,86.92,78.53,397.86,917,4895,100.0,0.837,-0.237,-355.5375,-1000.0,2.6895,-100.0,100,4795,0.9796
2024-01-01 00:46:02,2762,DDoS Attack,86.05,80.56,453.51,918,4990,100.0,0.867,-0.267,-400.545,-1000.0,-9.0015,-100.0,100,4890,0.98
2024-01-01 00:46:03,2763,DDoS Attack,84.32,76.32,440.23,954,4297,100.0,0.8491,-0.2491,-373.7025,-1000.0,5.3685,-100.0,100,4197,0.9767
2024-01-01 00:46:04,2764,DDoS Attack,93.37,91.62,393.61,1019,3766,100.0,0.9027,-0.3027,-453.975,-1000.0,-16.0545,-100.0,100,3666,0.9734
2024-01-01 00:46:05,2765,DDoS Attack,92.3,77.71,473.8,872,4576,100.0,0.885,-0.285,-427.5375,-1000.0,5.2875,-100.0,100,4476,0.9781
2024-01-01 00:46:06,2766,DDoS Attack,84.76,80.93,516.5,923,5338,100.0,0.8874,-0.2874,-431.1525,-1000.0,-0.723,-100.0,100,5238,0.9813
2024-01-01 00:46:07,2767,DDoS Attack,86.46,89.46,343.72,912,4412,100.0,0.8349,-0.2349,-352.38,-1000.0,15.7545,-100.0,100,4312,0.9773
2024-01-01 00:46:08,2768,DDoS Attack,94.15,82.93,320.6,851,4245,100.0,0.8248,-0.2248,-337.2,-1000.0,3.036,-100.0,100,4145,0.9764
2024-01-01 00:46:09,2769,DDoS Attack,91.74,86.03,409.98,897,4850,100.0,0.8757,-0.2757,-413.5575,-1000.0,-15.2715,-100.0,100,4750,0.9794
2024-01-01 00:46:10,2770,DDoS Attack,83.48,84.29,443.63,913,4739,100.0,0.8617,-0.2617,-392.505,-1000.0,4.2105,-100.0,100,4639,0.9789
2024-01-01 00:46:11,2771,DDoS Attack,88.41,84.49,358.29,966,4959,100.0,0.8447,-0.2447,-367.0575,-1000.0,5.0895,-100.0,100,4859,0.9798
2024-01-01 00:46:12,2772,DDoS Attack,89.28,85.01,419.5,983,4622,100.0,0.8822,-0.2822,-423.3075,-1000.0,-11.25,-100.0,100,4522,0.9784
2024-01-01 00:46:13,2773,DDoS Attack,83.41,86.1,343.29,946,4465,100.0,0.8207,-0.2207,-331.095,-1000.0,18.4425,-100.0,100,4365,0.9776
2024-01-01 00:46:14,2774,DDoS Attack,86.21,82.86,389.54,960,4619,100.0,0.8477,-0.2477,-371.4825,-1000.0,-8.0775,-100.0,100,4519,0.9784
2024-01-01 00:46:15,2775,DDoS Attack,85.53,88.69,435.24,967,5095,100.0,0.8838,-0.2838,-425.625,-1000.0,-10.8285,-100.0,100,4995,0.9804
2024-01-01 00:46:16,2776,DDoS Attack,93.6,84.9,409.87,844,4672,100.0,0.8714,-0.2714,-407.0775,-1000.0,3.7095,-100.0,100,4572,0.9786
2024-01-01 00:46:17,2777,DDoS Attack,92.38,83.77,252.77,982,4926,100.0,0.8064,-0.2064,-309.66,-1000.0,19.4835,-100.0,100,4826,0.9797
2024-01-01 00:46:18,2778,DDoS Attack,86.8,86.94,456.4,888,5044,100.0,0.8825,-0.2825,-423.825,-1000.0,-22.833,-100.0,100,4944,0.9802
2024-01-01 00:46:19,2779,DDoS Attack,82.93,81.71,417.15,880,4706,100.0,0.8351,-0.2351,-352.6575,-1000.0,14.2335,-100.0,100,4606,0.9788
2024-01-01 00:46:20,2780,DDoS Attack,93.24,88.24,461.18,828,4132,100.0,0.9017,-0.3017,-452.595,-1000.0,-19.9875,-100.0,100,4032,0.9758
2024-01-01 00:46:21,2781,DDoS Attack,88.66,81.83,400.1,1044,4637,100.0,0.8649,-0.2649,-397.4025,-1000.0,11.0385,-100.0,100,4537,0.9784
2024-01-01 00:46:22,2782,DDoS Attack,90.17,86.94,427.75,1085,4270,100.0,0.8968,-0.2968,-445.23,-1000.0,-9.5655,-100.0,100,4170,0.9766
2024-01-01 00:46:23,2783,DDoS Attack,85.58,77.29,503.13,978,4409,100.0,0.8895,-0.2895,-434.1825,-1000.0,2.2095,-100.0,100,4309,0.9773
2024-01-01 00:46:24,2784,DDoS Attack,84.54,88.92,443.08,1014,4578,100.0,0.8897,-0.2897,-434.595,-1000.0,-0.0825,-100.0,100,4478,0.9782
2024-01-01 00:46:25,2785,DDoS Attack,90.05,83.5,393.79,921,4185,100.0,0.859,-0.259,-388.455,-1000.0,9.228,-100.0,100,4085,0.9761
2024-01-01 00:46:26,2786,DDoS Attack,89.98,85.81,474.51,969,4555,100.0,0.9121,-0.3121,-468.09,-1000.0,-15.927,-100.0,100,4455,0.978
2024-01-01 00:46:27,2787,DDoS Attack,94.21,86.46,494.43,1017,4556,100.0,0.9431,-0.3431,-514.65,-1000.0,-9.312,-100.0,100,4456,0.9781
2024-01-01 00:46:28,2788,DDoS Attack,89.55,85.87,367.54,862,4145,100.0,0.8412,-0.2412,-361.755,-1000.0,30.579,-100.0,100,4045,0.9759
2024-01-01 00:46:29,2789,DDoS Attack,87.57,80.33,353.22,938,4566,100.0,0.8246,-0.2246,-336.945,-1000.0,4.962,-100.0,100,4466,0.9781
2024-01-01 00:46:30,2790,DDoS Attack,92.73,92.06,447.82,888,4826,100.0,0.9118,-0.3118,-467.7225,-1000.0,-26.1555,-100.0,100,4726,0.9793
2024-01-01 00:46:31,2791,DDoS Attack,88.04,80.8,381.92,902,4537,100.0,0.8364,-0.2364,-354.6,-1000.0,22.6245,-100.0,100,4437,0.978
2024-01-01 00:46:32,2792,DDoS Attack,91.22,84.56,516.28,970,4748,100.0,0.9262,-0.3262,-489.255,-1000.0,-26.931,-100.0,100,4648,0.9789
2024-01-01 00:46:33,2793,DDoS Attack,86.78,76.81,396.51,888,3703,100.0,0.8272,-0.2272,-340.815,-1000.0,29.688,-100.0,100,3603,0.973
2024-01-01 00:46:34,2794,DDoS Attack,83.97,90.01,443.43,907,4739,100.0,0.8767,-0.2767,-415.0275,-1000.0,-14.8425,-100.0,100,4639,0.9789
2024-01-01 00:46:35,2795,DDoS Attack,80.19,83.41,488.87,922,3979,100.0,0.8719,-0.2719,-407.8875,-1000.0,1.428,-100.0,100,3879,0.9749
2024-01-01 00:46:36,2796,DDoS Attack,86.34,88.4,437.93,844,5428,100.0,0.8688,-0.2688,-403.1325,-1000.0,0.951,-100.0,100,5328,0.9816
2024-01-01 00:46:37,2797,DDoS Attack,82.98,80.79,373.13,867,4441,100.0,0.809,-0.209,-313.53,-1000.0,17.9205,-100.0,100,4341,0.9775
2024-01-01 00:46:38,2798,DDoS Attack,90.54,88.45,405.69,869,4767,100.0,0.8712,-0.2712,-406.815,-1000.0,-18.657,-100.0,100,4667,0.979
2024-01-01 00:46:39,2799,DDoS Attack,90.03,83.2,438.79,923,4634,100.0,0.8809,-0.2809,-421.425,-1000.0,-2.922,-100.0,100,4534,0.9784
2024-01-01 00:46:40,2800,DDoS Attack,87.27,87.35,536.42,940,4597,100.0,0.9148,-0.3148,-472.23,-1000.0,-10.161,-100.0,100,4497,0.9782
2024-01-01 00:46:41,2801,DDoS Attack,89.02,78.71,463.25,956,4452,100.0,0.8834,-0.2834,-425.055,-1000.0,9.435,-100.0,100,4352,0.9775
2024-01-01 00:46:42,2802,DDoS Attack,91.61,82.09,376.5,951,4682,100.0,0.8568,-0.2568,-385.14,-1000.0,7.983,-100.0,100,4582,0.9786
2024-01-01 00:46:43,2803,DDoS Attack,91.84,86.16,419.54,901,4600,100.0,0.8818,-0.2818,-422.64,-1000.0,-7.5,-100.0,100,4500,0.9783
2024-01-01 00:46:44,2804,DDoS Attack,89.45,84.42,440.07,924,4948,100.0,0.8828,-0.2828,-424.14,-1000.0,-0.3,-100.0,100,4848,0.9798
2024-01-01 00:46:45,2805,DDoS Attack,85.3,94.4,463.15,862,4664,100.0,0.8954,-0.2954,-443.1375,-1000.0,-3.7995,-100.0,100,4564,0.9786
2024-01-01 00:46:46,2806,DDoS Attack,91.09,80.25,350.24,867,4789,100.0,0.8246,-0.2246,-336.915,-1000.0,21.2445,-100.0,100,4689,0.9791
2024-01-01 00:46:47,2807,DDoS Attack,80.98,74.75,451.84,916,4356,100.0,0.8336,-0.2336,-350.4375,-1000.0,-2.7045,-100.0,100,4256,0.977
2024-01-01 00:46:48,2808,DDoS Attack,86.02,74.65,449.22,881,4412,100.0,0.8445,-0.2445,-366.6825,-1000.0,-3.249,-100.0,100,4312,0.9773
2024-01-01 00:46:49,2809,DDoS Attack,89.39,80.72,389.77,810,4728,100.0,0.8311,-0.2311,-346.575,-1000.0,4.0215,-100.0,100,4628,0.9788
2024-01-01 00:46:50,2810,DDoS Attack,88.32,79.41,373.13,930,4768,100.0,0.8337,-0.2337,-350.565,-1000.0,-0.798,-100.0,100,4668,0.979
2024-01-01 00:46:51,2811,DDoS Attack,88.39,90.19,460.24,923,4858,100.0,0.9034,-0.3034,-455.115,-1000.0,-20.91,-100.0,100,4758,0.9794
2024-01-01 00:46:52,2812,DDoS Attack,88.19,82.23,489.82,876,4608,100.0,0.8905,-0.2905,-435.825,-1000.0,3.858,-100.0,100,4508,0.9783
2024-01-01 00:46:53,2813,DDoS Attack,92.76,83.54,406.55,827,3805,100.0,0.8608,-0.2608,-391.2525,-1000.0,8.9145,-100.0,100,3705,0.9737
2024-01-01 00:46:54,2814,DDoS Attack,96.3,83.54,395.8,950,4268,100.0,0.8863,-0.2863,-429.45,-1000.0,-7.6395,-100.0,100,4168,0.9766
2024-01-01 00:46:55,2815,DDoS Attack,86.68,77.3,354.34,803,4040,100.0,0.7942,-0.1942,-291.375,-1000.0,27.615,-100.0,100,3940,0.9752
2024-01-01 00:46:56,2816,DDoS Attack,92.09,77.07,451.74,987,4605,100.0,0.8889,-0.2889,-433.365,-1000.0,-28.398,-100.0,100,4505,0.9783
2024-01-01 00:46:57,2817,DDoS Attack,86.81,82.67,404.17,1002,5256,100.0,0.8626,-0.2626,-393.8925,-1000.0,7.8945,-100.0,100,5156,0.981
2024-01-01 00:46:58,2818,DDoS Attack,93.8,71.24,403.15,930,4762,100.0,0.8475,-0.2475,-371.2125,-1000.0,4.536,-100.0,100,4662,0.979
2024-01-01 00:46:59,2819,DDoS Attack,81.09,73.28,490.34,896,4079,100.0,0.8466,-0.2466,-369.8775,-1000.0,0.267,-100.0,100,3979,0.9755
2024-01-01 00:47:00,2820,DDoS Attack,83.59,83.95,383.87,944,4257,100.0,0.836,-0.236,-353.9625,-1000.0,3.183,-100.0,100,4157,0.9765
2024-01-01 00:47:01,2821,DDoS Attack,81.02,89.12,444.91,909,4417,100.0,0.8652,-0.2652,-397.7625,-1000.0,-8.76,-100.0,100,4317,0.9774
2024-01-01 00:47:02,2822,DDoS Attack,93.86,84.96,482.34,894,4617,100.0,0.9162,-0.3162,-474.27,-1000.0,-15.3015,-100.0,100,4517,0.9783
2024-01-01 00:47:03,2823,DDoS Attack,89.61,79.25,420.22,894,4739,100.0,0.856,-0.256,-383.955,-1000.0,18.063,-100.0,100,4639,0.9789
2024-01-01 00:47:04,2824,DDoS Attack,82.71,84.86,440.54,917,4757,100.0,0.8595,-0.2595,-389.1825,-1000.0,-1.0455,-100.0,100,4657,0.979
2024-01-01 00:47:05,2825,DDoS Attack,86.54,78.65,452.19,965,4422,100.0,0.8704,-0.2704,-405.54,-1000.0,-3.2715,-100.0,100,4322,0.9774
2024-01-01 00:47:06,2826,DDoS Attack,85.63,81.09,397.4,1021,4710,100.0,0.8511,-0.2511,-376.695,-1000.0,5.769,-100.0,100,4610,0.9788
2024-01-01 00:47:07,2827,DDoS Attack,88.06,77.34,461.95,893,4371,100.0,0.8665,-0.2665,-399.7275,-1000.0,-4.6065,-100.0,100,4271,0.9771
2024-01-01 00:47:08,2828,DDoS Attack,91.09,83.94,299.83,920,4643,100.0,0.8166,-0.2166,-324.87,-1000.0,14.9715,-100.0,100,4543,0.9785
2024-01-01 00:47:09,2829,DDoS Attack,86.64,82.8,334.52,760,4258,100.0,0.7915,-0.1915,-287.25,-1000.0,7.524,-100.0,100,4158,0.9765
2024-01-01 00:47:10,2830,DDoS Attack,89.13,65.88,382.82,814,4515,100.0,0.7902,-0.1902,-285.2475,-1000.0,0.4005,-100.0,100,4415,0.9779
2024-01-01 00:47:11,2831,DDoS Attack,95.83,80.91,419.62,980,4607,100.0,0.8945,-0.2945,-441.735,-1000.0,-31.2975,-100.0,100,4507,0.9783
2024-01-01 00:47:12,2832,DDoS Attack,87.14,86.63,448.59,947,4551,100.0,0.8879,-0.2879,-431.865,-1000.0,1.974,-100.0,100,4451,0.978
2024-01-01 00:47:13,2833,DDoS Attack,86.62,86.59,408.18,1003,4233,100.0,0.8737,-0.2737,-410.6025,-1000.0,4.2525,-100.0,100,4133,0.9764
2024-01-01 00:47:14,2834,DDoS Attack,93.74,84.36,376.57,960,4372,100.0,0.8713,-0.2713,-406.9125,-1000.0,0.738,-100.0,100,4272,0.9771
2024-01-01 00:47:15,2835,DDoS Attack,88.13,79.57,418.35,986,4781,100.0,0.8645,-0.2645,-396.6825,-1000.0,2.046,-100.0,100,4681,0.9791
2024-01-01 00:47:16,2836,DDoS Attack,83.5,76.66,438.54,950,4363,100.0,0.8457,-0.2457,-368.505,-1000.0,5.6355,-100.0,100,4263,0.9771
2024-01-01 00:47:17,2837,DDoS Attack,94.37,86.07,393.72,886,4520,100.0,0.8752,-0.2752,-412.845,-1000.0,-8.868,-100.0,100,4420,0.9779
2024-01-01 00:47:18,2838,DDoS Attack,86.67,88.28,474.23,932,4837,100.0,0.901,-0.301,-451.44,-1000.0,-7.719,-100.0,100,4737,0.9793
2024-01-01 00:47:19,2839,DDoS Attack,91.29,82.29,445.13,965,4770,100.0,0.8926,-0.2926,-438.8325,-1000.0,2.5215,-100.0,100,4670,0.979
2024-01-01 00:47:20,2840,DDoS Attack,84.88,78.61,410.57,887,4084,100.0,0.8319,-0.2319,-347.91,-1000.0,18.1845,-100.0,100,3984,0.9755
2024-01-01 00:47:21,2841,DDoS Attack,90.7,83.73,358.03,915,4535,100.0,0.843,-0.243,-364.56,-1000.0,-3.33,-100.0,100,4435,0.9779
2024-01-01 00:47:22,2842,DDoS Attack,88.73,76.59,357.3,961,4063,100.0,0.8248,-0.2248,-337.245,-1000.0,5.463,-100.0,100,3963,0.9754
2024-01-01 00:47:23,2843,DDoS Attack,87.07,80.37,418.84,945,5159,100.0,0.8568,-0.2568,-385.26,-1000.0,-9.603,-100.0,100,5059,0.9806
2024-01-01 00:47:24,2844,DDoS Attack,81.6,86.38,299.39,1013,3884,100.0,0.8012,-0.2012,-301.8675,-1000.0,16.6785,-100.0,100,3784,0.9743
2024-01-01 00:47:25,2845,DDoS Attack,97.75,80.05,489.52,995,4447,100.0,0.9363,-0.3363,-504.39,-1000.0,-40.5045,-100.0,100,4347,0.9775
2024-01-01 00:47:26,2846,DDoS Attack,86.56,77.81,464.37,904,4313,100.0,0.8653,-0.2653,-397.905,-1000.0,21.297,-100.0,100,4213,0.9768
2024-01-01 00:47:27,2847,DDoS Attack,90.15,77.51,408.55,936,4375,100.0,0.854,-0.254,-380.9625,-1000.0,3.3885,-100.0,100,4275,0.9771
2024-01-01 00:47:28,2848,DDoS Attack,86.03,89.67,414.79,908,4538,100.0,0.8689,-0.2689,-403.3125,-1000.0,-4.47,-100.0,100,4438,0.978
2024-01-01 00:47:29,2849,DDoS Attack,89.82,76.83,446.36,945,3973,100.0,0.8714,-0.2714,-407.0625,-1000.0,-0.75,-100.0,100,3873,0.9748
2024-01-01 00:47:30,2850,DDoS Attack,95.18,89.3,384.97,862,4679,100.0,0.8782,-0.2782,-417.2475,-1000.0,-2.037,-100.0,100,4579,0.9786
2024-01-01 00:47:31,2851,DDoS Attack,82.3,88.82,401.58,1027,4311,100.0,0.8609,-0.2609,-391.335,-1000.0,5.1825,-100.0,100,4211,0.9768
2024-01-01 00:47:32,2852,DDoS Attack,87.55,88.34,408.84,946,4982,100.0,0.8736,-0.2736,-410.3925,-1000.0,-3.8115,-100.0,100,4882,0.9799
2024-01-01 00:47:33,2853,DDoS Attack,85.78,75.69,352.06,965,4736,100.0,0.8102,-0.2102,-315.3525,-1000.0,19.008,-100.0,100,4636,0.9789
2024-01-01 00:47:34,2854,DDoS Attack,92.25,80.63,353.46,788,5603,100.0,0.8194,-0.2194,-329.07,-1000.0,-2.7435,-100.0,100,5503,0.9822
2024-01-01 00:47:35,2855,DDoS Attack,90.11,82.68,438.93,844,4321,100.0,0.8681,-0.2681,-402.225,-1000.0,-14.631,-100.0,100,4221,0.9769
2024-01-01 00:47:36,2856,DDoS Attack,94.97,85.29,386.82,856,4419,100.0,0.8674,-0.2674,-401.145,-1000.0,0.216,-100.0,100,4319,0.9774
2024-01-01 00:47:37,2857,DDoS Attack,86.74,92.25,415.59,858,4579,100.0,0.8707,-0.2707,-406.065,-1000.0,-0.984,-100.0,100,4479,0.9782
2024-01-01 00:47:38,2858,DDoS Attack,89.06,75.6,445.11,1002,4648,100.0,0.8733,-0.2733,-409.8975,-1000.0,-0.7665,-100.0,100,4548,0.9785
2024-01-01 00:47:39,2859,DDoS Attack,84.81,79.36,342.06,921,4708,100.0,0.8044,-0.2044,-306.6225,-1000.0,20.655,-100.0,100,4608,0.9788
2024-01-01 00:47:40,2860,DDoS Attack,84.41,91.7,464.61,822,3979,100.0,0.8803,-0.2803,-420.435,-1000.0,-22.7625,-100.0,100,3879,0.9749
2024-01-01 00:47:41,2861,DDoS Attack,84.06,89.87,469.55,1027,4603,100.0,0.9037,-0.3037,-455.49,-1000.0,-7.011,-100.0,100,4503,0.9783
2024-01-01 00:47:42,2862,DDoS Attack,87.16,75.76,442.48,918,4517,100.0,0.8534,-0.2534,-380.1,-1000.0,15.078,-100.0,100,4417,0.9779
2024-01-01 00:47:43,2863,DDoS Attack,94.47,81.37,491.55,834,5540,100.0,0.9049,-0.3049,-457.4175,-1000.0,-15.4635,-100.0,100,5440,0.9819
2024-01-01 00:47:44,2864,DDoS Attack,86.51,85.54,468.31,900,4886,100.0,0.8858,-0.2858,-428.685,-1000.0,5.7465,-100.0,100,4786,0.9795
2024-01-01 00:47:45,2865,DDoS Attack,91.48,78.43,389.93,932,4559,100.0,0.851,-0.251,-376.53,-1000.0,10.431,-100.0,100,4459,0.9781
2024-01-01 00:47:46,2866,DDoS Attack,93.57,85.51,421.48,966,3883,100.0,0.8969,-0.2969,-445.365,-1000.0,-13.767,-100.0,100,3783,0.9742
2024-01-01 00:47:47,2867,DDoS Attack,85.54,83.44,480.77,941,5110,100.0,0.8895,-0.2895,-434.2875,-1000.0,2.2155,-100.0,100,5010,0.9804
2024-01-01 00:47:48,2868,DDoS Attack,91.47,79.56,418.0,954,4442,100.0,0.8711,-0.2711,-406.7175,-1000.0,5.514,-100.0,100,4342,0.9775
2024-01-01 00:47:49,2869,DDoS Attack,94.13,76.46,440.81,974,4490,100.0,0.8871,-0.2871,-430.665,-1000.0,-4.7895,-100.0,100,4390,0.9777
2024-01-01 00:47:50,2870,DDoS Attack,85.84,81.62,465.6,900,4225,100.0,0.8723,-0.2723,-408.435,-1000.0,4.446,-100.0,100,4125,0.9763
2024-01-01 00:47:51,2871,DDoS Attack,92.6,84.0,475.39,975,5362,100.0,0.918,-0.318,-477.0675,-1000.0,-13.7265,-100.0,100,5262,0.9814
2024-01-01 00:47:52,2872,DDoS Attack,92.46,78.38,448.51,896,4441,100.0,0.8782,-0.2782,-417.3225,-1000.0,11.949,-100.0,100,4341,0.9775
2024-01-01 00:47:53,2873,DDoS Attack,82.35,80.57,452.25,926,4215,100.0,0.8547,-0.2547,-382.0125,-1000.0,7.062,-100.0,100,4115,0.9763
2024-01-01 00:47:54,2874,DDoS Attack,81.91,92.56,441.26,880,4761,100.0,0.8707,-0.2707,-406.0725,-1000.0,-4.812,-100.0,100,4661,0.979
2024-01-01 00:47:55,2875,DDoS Attack,96.76,85.1,285.65,1089,3952,100.0,0.8442,-0.2442,-366.3525,-1000.0,7.944,-100.0,100,3852,0.9747
2024-01-01 00:47:56,2876,DDoS Attack,87.18,76.33,388.0,947,3875,100.0,0.832,-0.232,-348.0075,-1000.0,3.669,-100.0,100,3775,0.9742
2024-01-01 00:47:57,2877,DDoS Attack,87.64,87.74,382.84,846,4551,100.0,0.8444,-0.2444,-366.615,-1000.0,-3.7215,-100.0,100,4451,0.978
2024-01-01 00:47:58,2878,DDoS Attack,86.65,79.02,365.58,961,4808,100.0,0.8278,-0.2278,-341.6475,-1000.0,4.9935,-100.0,100,4708,0.9792
2024-01-01 00:47:59,2879,DDoS Attack,83.74,77.36,431.82,872,4662,100.0,0.8332,-0.2332,-349.8,-1000.0,-1.6305,-100.0,100,4562,0.9785
2024-01-01 00:48:00,2880,DDoS Attack,93.87,81.7,364.32,953,4537,100.0,0.8579,-0.2579,-386.8575,-1000.0,-7.4115,-100.0,100,4437,0.978
2024-01-01 00:48:01,2881,DDoS Attack,87.4,84.38,459.55,932,4578,100.0,0.8864,-0.2864,-429.6375,-1000.0,-8.556,-100.0,100,4478,0.9782
2024-01-01 00:48:02,2882,DDoS Attack,96.25,88.0,466.68,937,4247,100.0,0.9308,-0.3308,-496.1475,-1000.0,-13.302,-100.0,100,4147,0.9765
2024-01-01 00:48:03,2883,DDoS Attack,92.51,82.72,396.14,915,4261,100.0,0.8659,-0.2659,-398.8575,-1000.0,19.458,-100.0,100,4161,0.9765
2024-01-01 00:48:04,2884,DDoS Attack,92.23,85.42,434.08,927,4361,100.0,0.8924,-0.2924,-438.6675,-1000.0,-7.962,-100.0,100,4261,0.9771
2024-01-01 00:48:05,2885,DDoS Attack,79.48,74.94,387.87,876,4701,100.0,0.7909,-0.1909,-286.2975,-1000.0,30.474,-100.0,100,4601,0.9787
2024-01-01 00:48:06,2886,DDoS Attack,91.25,81.36,495.45,883,4552,100.0,0.9029,-0.3029,-454.425,-1000.0,-33.6255,-100.0,100,4452,0.978
2024-01-01 00:48:07,2887,DDoS Attack,87.8,87.46,430.29,938,4020,100.0,0.8818,-0.2818,-422.6925,-1000.0,6.3465,-100.0,100,3920,0.9751
2024-01-01 00:48:08,2888,DDoS Attack,84.4,87.48,321.23,1010,4774,100.0,0.8247,-0.2247,-337.0725,-1000.0,17.124,-100.0,100,4674,0.9791
2024-01-01 00:48:09,2889,DDoS Attack,85.01,77.84,519.8,1014,4558,100.0,0.8921,-0.2921,-438.2025,-1000.0,-20.226,-100.0,100,4458,0.9781
2024-01-01 00:48:10,2890,DDoS Attack,88.54,78.77,431.74,889,4572,100.0,0.856,-0.256,-384.0525,-1000.0,10.83,-100.0,100,4472,0.9781
2024-01-01 00:48:11,2891,DDoS Attack,95.24,81.52,372.6,848,4644,100.0,0.8506,-0.2506,-375.96,-1000.0,1.6185,-100.0,100,4544,0.9785
2024-01-01 00:48:12,2892,DDoS Attack,84.96,83.23,344.02,971,4228,100.0,0.8231,-0.2231,-334.6425,-1000.0,8.2635,-100.0,100,4128,0.9763
2024-01-01 00:48:13,2893,DDoS Attack,88.19,80.31,510.92,940,5280,100.0,0.9004,-0.3004,-450.66,-1000.0,-23.2035,-100.0,100,5180,0.9811
2024-01-01 00:48:14,2894,DDoS Attack,90.24,89.13,414.56,950,5026,100.0,0.8884,-0.2884,-432.6675,-1000.0,3.5985,-100.0,100,4926,0.9801
2024-01-01 00:48:15,2895,DDoS Attack,91.62,84.65,408.6,920,4998,100.0,0.8746,-0.2746,-411.8925,-1000.0,4.155,-100.0,100,4898,0.98
2024-01-01 00:48:16,2896,DDoS Attack,93.38,79.04,387.81,875,4890,100.0,0.8496,-0.2496,-374.3775,-1000.0,7.503,-100.0,100,4790,0.9796
2024-01-01 00:48:17,2897,DDoS Attack,84.28,86.09,452.28,897,5147,100.0,0.8709,-0.2709,-406.3425,-1000.0,-6.393,-100.0,100,5047,0.9806
2024-01-01 00:48:18,2898,DDoS Attack,82.15,90.3,440.94,805,5157,100.0,0.8545,-0.2545,-381.7425,-1000.0,4.92,-100.0,100,5057,0.9806
2024-01-01 00:48:19,2899,DDoS Attack,91.89,79.86,376.76,835,5445,100.0,0.8349,-0.2349,-352.3425,-1000.0,5.88,-100.0,100,5345,0.9816
2024-01-01 00:48:20,2900,DDoS Attack,84.31,75.68,438.4,831,4256,100.0,0.8281,-0.2281,-342.2025,-1000.0,2.028,-100.0,100,4156,0.9765
2024-01-01 00:48:21,2901,DDoS Attack,91.98,84.32,405.68,931,4445,100.0,0.8752,-0.2752,-412.83,-1000.0,-14.1255,-100.0,100,4345,0.9775
2024-01-01 00:48:22,2902,DDoS Attack,87.75,78.19,395.99,893,4345,100.0,0.8345,-0.2345,-351.8175,-1000.0,12.2025,-100.0,100,4245,0.977
2024-01-01 00:48:23,2903,DDoS Attack,92.18,85.85,378.38,858,4544,100.0,0.8551,-0.2551,-382.7175,-1000.0,-6.18,-100.0,100,4444,0.978
2024-01-01 00:48:24,2904,DDoS Attack,96.62,76.86,416.94,935,4561,100.0,0.879,-0.279,-418.56,-1000.0,-7.1685,-100.0,100,4461,0.9781
2024-01-01 00:48:25,2905,DDoS Attack,86.17,87.78,447.72,980,4806,100.0,0.8919,-0.2919,-437.8575,-1000.0,-3.8595,-100.0,100,4706,0.9792
2024-01-01 00:48:26,2906,DDoS Attack,91.58,89.92,491.55,1069,5026,100.0,0.9411,-0.3411,-511.6575,-1000.0,-14.76,-100.0,100,4926,0.9801
2024-01-01 00:48:27,2907,DDoS Attack,85.32,86.24,460.52,1045,4261,100.0,0.8945,-0.2945,-441.72,-1000.0,13.9875,-100.0,100,4161,0.9765
2024-01-01 00:48:28,2908,DDoS Attack,90.23,78.59,450.63,917,4767,100.0,0.8751,-0.2751,-412.7175,-1000.0,5.8005,-100.0,100,4667,0.979
2024-01-01 00:48:29,2909,DDoS Attack,82.36,85.97,435.3,939,5282,100.0,0.8617,-0.2617,-392.5275,-1000.0,4.038,-100.0,100,5182,0.9811
2024-01-01 00:48:30,2910,DDoS Attack,86.47,83.71,430.01,941,5377,100.0,0.8681,-0.2681,-402.1125,-1000.0,-1.917,-100.0,100,5277,0.9814
2024-01-01 00:48:31,2911,DDoS Attack,88.26,79.16,518.55,911,4038,100.0,0.8935,-0.2935,-440.19,-1000.0,-7.6155,-100.0,100,3938,0.9752
2024-01-01 00:48:32,2912,DDoS Attack,85.04,75.77,335.0,908,4575,100.0,0.7908,-0.1908,-286.1475,-1000.0,30.8085,-100.0,100,4475,0.9781
2024-01-01 00:48:33,2913,DDoS Attack,92.72,85.15,454.19,876,4909,100.0,0.8959,-0.2959,-443.835,-1000.0,-31.5375,-100.0,100,4809,0.9796
2024-01-01 00:48:34,2914,DDoS Attack,93.56,83.97,446.13,854,4969,100.0,0.8885,-0.2885,-432.825,-1000.0,2.202,-100.0,100,4869,0.9799
2024-01-01 00:48:35,2915,DDoS Attack,95.12,83.61,395.28,920,4452,100.0,0.8776,-0.2776,-416.3775,-1000.0,3.2895,-100.0,100,4352,0.9775
2024-01-01 00:48:36,2916,DDoS Attack,86.56,85.24,438.97,990,4729,100.0,0.884,-0.284,-426.0675,-1000.0,-1.938,-100.0,100,4629,0.9789
2024-01-01 00:48:37,2917,DDoS Attack,84.54,79.5,396.86,918,5228,100.0,0.8308,-0.2308,-346.155,-1000.0,15.9825,-100.0,100,5128,0.9809
2024-01-01 00:48:38,2918,DDoS Attack,95.82,86.18,430.94,848,4677,100.0,0.8935,-0.2935,-440.235,-1000.0,-18.816,-100.0,100,4577,0.9786
2024-01-01 00:48:39,2919,DDoS Attack,84.84,90.15,344.69,953,4294,100.0,0.8376,-0.2376,-356.415,-1000.0,16.764,-100.0,100,4194,0.9767
2024-01-01 00:48:40,2920,DDoS Attack,87.96,85.33,476.1,926,4866,100.0,0.8981,-0.2981,-447.2025,-1000.0,-18.1575,-100.0,100,4766,0.9794
2024-01-01 00:48:41,2921,DDoS Attack,85.35,83.23,475.11,949,4414,100.0,0.8867,-0.2867,-430.0575,-1000.0,3.429,-100.0,100,4314,0.9773
2024-01-01 00:48:42,2922,DDoS Attack,86.88,87.08,370.41,873,4810,100.0,0.8379,-0.2379,-356.9025,-1000.0,14.631,-100.0,100,4710,0.9792
2024-01-01 00:48:43,2923,DDoS Attack,86.24,74.73,492.54,864,4530,100.0,0.8645,-0.2645,-396.8025,-1000.0,-7.98,-100.0,100,4430,0.9779
2024-01-01 00:48:44,2924,DDoS Attack,85.52,80.51,380.77,972,4638,100.0,0.8368,-0.2368,-355.17,-1000.0,8.3265,-100.0,100,4538,0.9784
2024-01-01 00:48:45,2925,DDoS Attack,91.93,78.95,531.65,815,4045,100.0,0.8914,-0.2914,-437.07,-1000.0,-16.38,-100.0,100,3945,0.9753
2024-01-01 00:48:46,2926,DDoS Attack,95.01,84.37,442.07,955,4799,100.0,0.9077,-0.3077,-461.6175,-1000.0,-4.9095,-100.0,100,4699,0.9792
2024-01-01 00:48:47,2927,DDoS Attack,89.2,77.17,465.91,969,5099,100.0,0.8834,-0.2834,-425.145,-1000.0,7.2945,-100.0,100,4999,0.9804
2024-01-01 00:48:48,2928,DDoS Attack,95.06,83.65,363.62,1036,4243,100.0,0.8736,-0.2736,-410.4675,-1000.0,2.9355,-100.0,100,4143,0.9764
2024-01-01 00:48:49,2929,DDoS Attack,89.35,80.72,403.47,975,4685,100.0,0.8625,-0.2625,-393.765,-1000.0,3.3405,-100.0,100,4585,0.9787
2024-01-01 00:48:50,2930,DDoS Attack,90.05,77.92,416.3,883,4530,100.0,0.8506,-0.2506,-375.8625,-1000.0,3.5805,-100.0,100,4430,0.9779
2024-01-01 00:48:51,2931,DDoS Attack,87.52,91.22,412.03,802,5088,100.0,0.8607,-0.2607,-391.0275,-1000.0,-3.033,-100.0,100,4988,0.9803
2024-01-01 00:48:52,2932,DDoS Attack,89.8,81.34,403.14,873,5278,100.0,0.8502,-0.2502,-375.255,-1000.0,3.1545,-100.0,100,5178,0.9811
2024-01-01 00:48:53,2933,DDoS Attack,88.21,73.31,441.39,1002,4654,100.0,0.8627,-0.2627,-394.0575,-1000.0,-3.7605,-100.0,100,4554,0.9785
2024-01-01 00:48:54,2934,DDoS Attack,84.39,77.04,379.13,1021,4574,100.0,0.8275,-0.2275,-341.295,-1000.0,10.5525,-100.0,100,4474,0.9781
2024-01-01 00:48:55,2935,DDoS Attack,81.29,83.92,432.05,903,4242,100.0,0.8458,-0.2458,-368.685,-1000.0,-5.478,-100.0,100,4142,0.9764
2024-01-01 00:48:56,2936,DDoS Attack,83.74,87.43,437.38,958,4685,100.0,0.8741,-0.2741,-411.0825,-1000.0,-8.4795,-100.0,100,4585,0.9787
2024-01-01 00:48:57,2937,DDoS Attack,89.31,79.66,414.71,999,5095,100.0,0.8689,-0.2689,-403.41,-1000.0,1.5345,-100.0,100,4995,0.9804
2024-01-01 00:48:58,2938,DDoS Attack,83.11,80.96,466.96,1042,5223,100.0,0.8768,-0.2768,-415.1475,-1000.0,-2.3475,-100.0,100,5123,0.9809
2024-01-01 00:48:59,2939,DDoS Attack,84.82,88.38,427.93,992,4875,100.0,0.8806,-0.2806,-420.8775,-1000.0,-1.146,-100.0,100,4775,0.9795
2024-01-01 00:49:00,2940,DDoS Attack,82.94,84.75,475.28,928,4513,100.0,0.879,-0.279,-418.5075,-1000.0,0.474,-100.0,100,4413,0.9778
2024-01-01 00:49:01,2941,DDoS Attack,81.71,85.42,435.44,874,4485,100.0,0.8484,-0.2484,-372.5325,-1000.0,9.195,-100.0,100,4385,0.9777
2024-01-01 00:49:02,2942,DDoS Attack,88.62,79.21,425.13,825,5072,100.0,0.8445,-0.2445,-366.765,-1000.0,1.1535,-100.0,100,4972,0.9803
2024-01-01 00:49:03,2943,DDoS Attack,88.06,76.5,302.01,991,4795,100.0,0.7991,-0.1991,-298.6725,-1000.0,13.6185,-100.0,100,4695,0.9791
2024-01-01 00:49:04,2944,DDoS Attack,88.84,86.32,468.04,941,4511,100.0,0.9019,-0.3019,-452.865,-1000.0,-30.8385,-100.0,100,4411,0.9778
2024-01-01 00:49:05,2945,DDoS Attack,86.33,84.1,494.85,923,5116,100.0,0.8983,-0.2983,-447.42,-1000.0,1.089,-100.0,100,5016,0.9805
2024-01-01 00:49:06,2946,DDoS Attack,89.49,83.9,545.26,1029,5187,100.0,0.923,-0.323,-484.4475,-1000.0,-7.4055,-100.0,100,5087,0.9807
2024-01-01 00:49:07,2947,DDoS Attack,84.81,92.96,420.89,916,3844,100.0,0.8771,-0.2771,-415.62,-1000.0,13.7655,-100.0,100,3744,0.974
2024-01-01 00:49:08,2948,DDoS Attack,89.31,76.58,445.41,860,5229,100.0,0.8557,-0.2557,-383.61,-1000.0,6.402,-100.0,100,5129,0.9809
2024-01-01 00:49:09,2949,DDoS Attack,90.21,93.4,373.85,1022,3969,100.0,0.8862,-0.2862,-429.24,-1000.0,-9.126,-100.0,100,3869,0.9748
2024-01-01 00:49:10,2950,DDoS Attack,88.83,78.84,402.6,899,4279,100.0,0.8442,-0.2442,-366.2325,-1000.0,12.6015,-100.0,100,4179,0.9766
2024-01-01 00:49:11,2951,DDoS Attack,82.96,79.79,430.8,999,4703,100.0,0.8551,-0.2551,-382.6275,-1000.0,-3.279,-100.0,100,4603,0.9787
2024-01-01 00:49:12,2952,DDoS Attack,92.67,74.61,403.35,972,4720,100.0,0.8583,-0.2583,-387.5175,-1000.0,-0.978,-100.0,100,4620,0.9788
2024-01-01 00:49:13,2953,DDoS Attack,84.56,86.67,398.44,883,4770,100.0,0.8443,-0.2443,-366.4575,-1000.0,4.212,-100.0,100,4670,0.979
2024-01-01 00:49:14,2954,DDoS Attack,88.02,79.39,397.16,865,4461,100.0,0.8349,-0.2349,-352.3125,-1000.0,2.829,-100.0,100,4361,0.9776
2024-01-01 00:49:15,2955,DDoS Attack,92.4,83.22,472.93,960,4385,100.0,0.9119,-0.3119,-467.8725,-1000.0,-23.112,-100.0,100,4285,0.9772
2024-01-01 00:49:16,2956,DDoS Attack,81.4,77.37,391.44,885,4943,100.0,0.8068,-0.2068,-310.1925,-1000.0,31.536,-100.0,100,4843,0.9798
2024-01-01 00:49:17,2957,DDoS Attack,91.88,93.06,386.81,1025,5156,100.0,0.8976,-0.2976,-446.4525,-1000.0,-27.252,-100.0,100,5056,0.9806
2024-01-01 00:49:18,2958,DDoS Attack,87.07,84.37,487.04,926,4552,100.0,0.8981,-0.2981,-447.135,-1000.0,-0.1365,-100.0,100,4452,0.978
2024-01-01 00:49:19,2959,DDoS Attack,85.49,70.2,428.52,887,4223,100.0,0.822,-0.222,-333.0375,-1000.0,22.8195,-100.0,100,4123,0.9763
2024-01-01 00:49:20,2960,DDoS Attack,89.69,74.74,465.3,959,4459,100.0,0.8773,-0.2773,-415.8975,-1000.0,-16.572,-100.0,100,4359,0.9776
2024-01-01 00:49:21,2961,DDoS Attack,87.75,76.05,462.52,941,4691,100.0,0.8697,-0.2697,-404.49,-1000.0,2.2815,-100.0,100,4591,0.9787
2024-01-01 00:49:22,2962,DDoS Attack,90.01,78.79,349.05,987,4841,100.0,0.8346,-0.2346,-351.8775,-1000.0,10.5225,-100.0,100,4741,0.9793
2024-01-01 00:49:23,2963,DDoS Attack,85.86,84.05,487.9,998,4402,100.0,0.9043,-0.3043,-456.4275,-1000.0,-20.91,-100.0,100,4302,0.9773
2024-01-01 00:49:24,2964,DDoS Attack,82.04,75.41,409.41,1017,4345,100.0,0.8304,-0.2304,-345.555,-1000.0,22.1745,-100.0,100,4245,0.977
2024-01-01 00:49:25,2965,DDoS Attack,85.61,78.92,398.41,929,4151,100.0,0.8355,-0.2355,-353.235,-1000.0,-1.536,-100.0,100,4051,0.9759
2024-01-01 00:49:26,2966,DDoS Attack,92.34,81.28,548.96,859,5156,100.0,0.9052,-0.3052,-457.86,-1000.0,-20.925,-100.0,100,5056,0.9806
2024-01-01 00:49:27,2967,DDoS Attack,93.57,79.94,405.25,874,4281,100.0,0.8611,-0.2611,-391.605,-1000.0,13.251,-100.0,100,4181,0.9766
2024-01-01 00:49:28,2968,DDoS Attack,88.0,82.1,344.88,1067,4509,100.0,0.8357,-0.2357,-353.535,-1000.0,7.614,-100.0,100,4409,0.9778
2024-01-01 00:49:29,2969,DDoS Attack,88.26,78.87,411.65,908,4598,100.0,0.8481,-0.2481,-372.165,-1000.0,-3.726,-100.0,100,4498,0.9783
2024-01-01 00:49:30,2970,DDoS Attack,87.94,86.02,436.36,972,4596,100.0,0.8868,-0.2868,-430.23,-1000.0,-11.613,-100.0,100,4496,0.9782
2024-01-01 00:49:31,2971,DDoS Attack,88.93,80.79,475.16,949,4544,100.0,0.8932,-0.2932,-439.74,-1000.0,-1.902,-100.0,100,4444,0.978
2024-01-01 00:49:32,2972,DDoS Attack,87.25,81.45,426.52,926,4404,100.0,0.8612,-0.2612,-391.74,-1000.0,9.6,-100.0,100,4304,0.9773
2024-01-01 00:49:33,2973,DDoS Attack,91.06,86.14,514.19,893,4833,100.0,0.918,-0.318,-477.015,-1000.0,-17.055,-100.0,100,4733,0.9793
2024-01-01 00:49:34,2974,DDoS Attack,80.36,86.15,352.17,870,4716,100.0,0.8032,-0.2032,-304.83,-1000.0,34.437,-100.0,100,4616,0.9788
2024-01-01 00:49:35,2975,DDoS Attack,85.51,78.21,400.76,973,4273,100.0,0.8411,-0.2411,-361.71,-1000.0,-11.376,-100.0,100,4173,0.9766
2024-01-01 00:49:36,2976,DDoS Attack,87.78,80.11,465.99,980,3957,100.0,0.8875,-0.2875,-431.25,-1000.0,-13.908,-100.0,100,3857,0.9747
2024-01-01 00:49:37,2977,DDoS Attack,92.18,78.95,436.81,873,4729,100.0,0.8694,-0.2694,-404.04,-1000.0,5.442,-100.0,100,4629,0.9789
2024-01-01 00:49:38,2978,DDoS Attack,98.21,82.64,402.01,916,4085,100.0,0.8887,-0.2887,-433.11,-1000.0,-5.814,-100.0,100,3985,0.9755
2024-01-01 00:49:39,2979,DDoS Attack,93.8,83.56,372.56,869,4605,100.0,0.8538,-0.2538,-380.745,-1000.0,10.473,-100.0,100,4505,0.9783
2024-01-01 00:49:40,2980,DDoS Attack,91.73,76.25,480.67,924,4274,100.0,0.8906,-0.2906,-435.9225,-1000.0,-11.0355,-100.0,100,4174,0.9766
2024-01-01 00:49:41,2981,DDoS Attack,86.13,90.74,355.59,886,4933,100.0,0.839,-0.239,-358.5,-1000.0,15.4845,-100.0,100,4833,0.9797
2024-01-01 00:49:42,2982,DDoS Attack,88.87,78.04,473.24,990,4715,100.0,0.8913,-0.2913,-436.8975,-1000.0,-15.6795,-100.0,100,4615,0.9788
2024-01-01 00:49:43,2983,DDoS Attack,85.55,79.71,439.23,851,5064,100.0,0.846,-0.246,-368.9475,-1000.0,13.59,-100.0,100,4964,0.9803
2024-01-01 00:49:44,2984,DDoS Attack,94.8,80.82,442.81,1001,5284,100.0,0.9053,-0.3053,-457.8825,-1000.0,-17.787,-100.0,100,5184,0.9811
2024-01-01 00:49:45,2985,DDoS Attack,94.23,73.32,409.22,960,4427,100.0,0.8617,-0.2617,-392.5725,-1000.0,13.062,-100.0,100,4327,0.9774
2024-01-01 00:49:46,2986,DDoS Attack,95.13,90.15,384.2,920,4337,100.0,0.8884,-0.2884,-432.645,-1000.0,-8.0145,-100.0,100,4237,0.9769
2024-01-01 00:49:47,2987,DDoS Attack,87.22,80.87,472.71,876,3684,100.0,0.8752,-0.2752,-412.8,-1000.0,3.969,-100.0,100,3584,0.9729
2024-01-01 00:49:48,2988,DDoS Attack,81.58,76.86,392.22,941,4222,100.0,0.8149,-0.2149,-322.41,-1000.0,18.078,-100.0,100,4122,0.9763
2024-01-01 00:49:49,2989,DDoS Attack,83.16,77.35,369.22,896,4390,100.0,0.8034,-0.2034,-305.1675,-1000.0,3.4485,-100.0,100,4290,0.9772
2024-01-01 00:49:50,2990,DDoS Attack,90.76,77.05,407.12,897,4883,100.0,0.8484,-0.2484,-372.5925,-1000.0,-13.485,-100.0,100,4783,0.9795
2024-01-01 00:49:51,2991,DDoS Attack,87.38,87.25,367.38,927,4398,100.0,0.8467,-0.2467,-370.0425,-1000.0,0.51,-100.0,100,4298,0.9773
2024-01-01 00:49:52,2992,DDoS Attack,83.1,81.66,511.65,878,4555,100.0,0.8767,-0.2767,-415.05,-1000.0,-9.0015,-100.0,100,4455,0.978
2024-01-01 00:49:53,2993,DDoS Attack,82.75,74.7,385.64,903,4458,100.0,0.8046,-0.2046,-306.9675,-1000.0,21.6165,-100.0,100,4358,0.9776
2024-01-01 00:49:54,2994,DDoS Attack,87.1,73.76,393.7,960,4124,100.0,0.8301,-0.2301,-345.15,-1000.0,-7.6365,-100.0,100,4024,0.9758
2024-01-01 00:49:55,2995,DDoS Attack,86.58,83.46,385.89,950,4067,100.0,0.8471,-0.2471,-370.6875,-1000.0,-5.1075,-100.0,100,3967,0.9754
2024-01-01 00:49:56,2996,DDoS Attack,91.55,83.83,427.78,997,4484,100.0,0.8934,-0.2934,-440.16,-1000.0,-13.8945,-100.0,100,4384,0.9777
2024-01-01 00:49:57,2997,DDoS Attack,85.53,88.86,517.04,888,4560,100.0,0.9047,-0.3047,-457.0575,-1000.0,-3.3795,-100.0,100,4460,0.9781
2024-01-01 00:49:58,2998,DDoS Attack,92.18,81.61,454.73,976,4403,100.0,0.9004,-0.3004,-450.63,-1000.0,1.2855,-100.0,100,4303,0.9773
2024-01-01 00:49:59,2999,DDoS Attack,89.68,81.97,364.16,870,4371,100.0,0.8314,-0.2314,-347.0775,-1000.0,20.7105,-100.0,100,4271,0.9771
2024-01-01 00:50:00,3000,Grid Emergency,81.29,75.69,343.75,764,2203,100.0,0.7602,-0.1602,-240.3225,-1000.0,21.351,-100.0,100,2103,0.9546
2024-01-01 00:50:01,3001,Grid Emergency,74.78,71.26,331.39,579,1902,100.0,0.6924,-0.0924,-138.6375,-1000.0,20.337,-100.0,100,1802,0.9474
2024-01-01 00:50:02,3002,Grid Emergency,61.71,76.86,384.43,503,2491,100.0,0.6758,-0.0758,-113.7,-1000.0,4.9875,-100.0,100,2391,0.9599
2024-01-01 00:50:03,3003,Grid Emergency,72.87,76.1,332.79,864,2152,100.0,0.7413,-0.1413,-211.935,-1000.0,-19.647,-100.0,100,2052,0.9535
2024-01-01 00:50:04,3004,Grid Emergency,58.37,67.15,333.2,698,2264,100.0,0.6435,-0.0435,-65.205,-1000.0,29.346,-100.0,100,2164,0.9558
2024-01-01 00:50:05,3005,Grid Emergency,71.34,63.24,261.13,680,2151,100.0,0.6404,-0.0404,-60.5325,-1000.0,0.9345,-100.0,100,2051,0.9535
2024-01-01 00:50:06,3006,Grid Emergency,52.41,61.76,220.15,658,2399,108.74,0.5466,0.0534,80.085,-999.4661,28.1235,-99.9466,108,2290,0.9546
2024-01-01 00:50:07,3007,Grid Emergency,60.14,73.63,438.2,865,2133,100.0,0.7434,-0.1434,-215.1225,-1000.0,-59.0415,-100.0,100,2033,0.9531
2024-01-01 00:50:08,3008,Grid Emergency,80.58,57.04,239.2,722,2199,100.0,0.6525,-0.0525,-78.795,-1000.0,27.2655,-100.0,100,2099,0.9545
2024-01-01 00:50:09,3009,Grid Emergency,82.94,63.45,318.7,735,2067,100.0,0.7185,-0.1185,-177.7725,-1000.0,-19.7955,-100.0,100,1967,0.9516
2024-01-01 00:50:10,3010,Grid Emergency,71.28,61.16,322.59,739,1989,100.0,0.6745,-0.0745,-111.7875,-1000.0,13.197,-100.0,100,1889,0.9497
2024-01-01 00:50:11,3011,Grid Emergency,78.66,76.22,340.48,615,2124,100.0,0.7283,-0.1283,-192.525,-1000.0,-16.1475,-100.0,100,2024,0.9529
2024-01-01 00:50:12,3012,Grid Emergency,62.89,68.77,269.16,847,2295,100.0,0.6537,-0.0537,-80.505,-1000.0,22.404,-100.0,100,2195,0.9564
2024-01-01 00:50:13,3013,Grid Emergency,83.53,76.41,297.82,677,2535,100.0,0.7338,-0.1338,-200.76,-1000.0,-24.051,-100.0,100,2435,0.9606
2024-01-01 00:50:14,3014,Grid Emergency,70.35,57.16,355.34,734,2476,100.0,0.6769,-0.0769,-115.3425,-1000.0,17.0835,-100.0,100,2376,0.9596
2024-01-01 00:50:15,3015,Grid Emergency,74.43,67.84,378.68,566,1953,100.0,0.7043,-0.1043,-156.5175,-1000.0,-8.235,-100.0,100,1853,0.9488
2024-01-01 00:50:16,3016,Grid Emergency,63.13,50.44,349.29,664,2326,100.0,0.6213,-0.0213,-31.95,-1000.0,24.9135,-100.0,100,2226,0.957
2024-01-01 00:50:17,3017,Grid Emergency,75.89,72.86,289.51,643,2122,100.0,0.689,-0.089,-133.455,-1000.0,-20.301,-100.0,100,2022,0.9529
2024-01-01 00:50:18,3018,Grid Emergency,81.19,67.6,278.41,600,2151,100.0,0.6824,-0.0824,-123.555,-1000.0,1.98,-100.0,100,2051,0.9535
2024-01-01 00:50:19,3019,Grid Emergency,66.46,67.43,299.25,675,2173,100.0,0.6521,-0.0521,-78.09,-1000.0,9.093,-100.0,100,2073,0.954
2024-01-01 00:50:20,3020,Grid Emergency,77.55,83.72,344.11,879,1895,100.0,0.7846,-0.1846,-276.945,-1000.0,-39.771,-100.0,100,1795,0.9472
2024-01-01 00:50:21,3021,Grid Emergency,55.99,67.88,348.61,790,2402,100.0,0.6585,-0.0585,-87.705,-1000.0,37.848,-100.0,100,2302,0.9584
2024-01-01 00:50:22,3022,Grid Emergency,46.63,78.02,325.1,565,2280,100.0,0.6056,-0.0056,-8.3325,-1000.0,15.8745,-100.0,100,2180,0.9561
2024-01-01 00:50:23,3023,Grid Emergency,73.69,71.05,354.96,763,1731,100.0,0.7275,-0.1275,-191.205,-1000.0,-36.5745,-100.0,100,1631,0.9422
2024-01-01 00:50:24,3024,Grid Emergency,70.57,55.06,339.21,859,1789,100.0,0.6831,-0.0831,-124.65,-1000.0,13.311,-100.0,100,1689,0.9441
2024-01-01 00:50:25,3025,Grid Emergency,65.29,60.94,289.57,761,1989,100.0,0.6398,-0.0398,-59.7,-1000.0,12.99,-100.0,100,1889,0.9497
2024-01-01 00:50:26,3026,Grid Emergency,78.53,76.52,359.58,608,2446,100.0,0.7371,-0.1371,-205.7175,-1000.0,-29.2035,-100.0,100,2346,0.9591
2024-01-01 00:50:27,3027,Grid Emergency,86.66,80.42,302.9,644,1853,100.0,0.7524,-0.1524,-228.615,-1000.0,-4.5795,-100.0,100,1753,0.946
2024-01-01 00:50:28,3028,Grid Emergency,60.98,68.09,348.15,850,1978,100.0,0.6852,-0.0852,-127.845,-1000.0,20.154,-100.0,100,1878,0.9494
2024-01-01 00:50:29,3029,Grid Emergency,71.61,67.17,281.41,793,2190,100.0,0.6782,-0.0782,-117.3225,-1000.0,2.1045,-100.0,100,2090,0.9543
2024-01-01 00:50:30,3030,Grid Emergency,73.42,70.87,337.7,780,1890,100.0,0.72,-0.12,-179.9925,-1000.0,-12.534,-100.0,100,1790,0.9471
2024-01-01 00:50:31,3031,Grid Emergency,80.96,70.04,290.44,743,2186,100.0,0.7151,-0.1151,-172.695,-1000.0,1.4595,-100.0,100,2086,0.9543
2024-01-01 00:50:32,3032,Grid Emergency,82.82,59.63,369.62,722,1973,100.0,0.7321,-0.1321,-198.0825,-1000.0,-5.0775,-100.0,100,1873,0.9493
2024-01-01 00:50:33,3033,Grid Emergency,66.63,59.99,231.66,787,2595,100.0,0.6171,-0.0171,-25.59,-1000.0,34.4985,-100.0,100,2495,0.9615
2024-01-01 00:50:34,3034,Grid Emergency,55.82,60.4,343.82,715,2308,100.0,0.6255,-0.0255,-38.295,-1000.0,-2.541,-100.0,100,2208,0.9567
2024-01-01 00:50:35,3035,Grid Emergency,70.98,63.35,299.84,481,1814,100.0,0.6289,-0.0289,-43.3125,-1000.0,-1.0035,-100.0,100,1714,0.9449
2024-01-01 00:50:36,3036,Grid Emergency,81.48,77.54,373.28,764,1535,100.0,0.7803,-0.1803,-270.405,-1000.0,-45.4185,-100.0,100,1435,0.9349
2024-01-01 00:50:37,3037,Grid Emergency,65.65,78.6,383.04,856,2040,100.0,0.7462,-0.1462,-219.2925,-1000.0,10.2225,-100.0,100,1940,0.951
2024-01-01 00:50:38,3038,Grid Emergency,58.93,67.67,310.67,876,2156,100.0,0.6622,-0.0622,-93.2475,-1000.0,25.209,-100.0,100,2056,0.9536
2024-01-01 00:50:39,3039,Grid Emergency,72.17,68.59,327.99,782,1918,100.0,0.7054,-0.1054,-158.0475,-1000.0,-12.96,-100.0,100,1818,0.9479
2024-01-01 00:50:40,3040,Grid Emergency,61.42,78.96,236.15,883,1622,100.0,0.6629,-0.0629,-94.3425,-1000.0,12.741,-100.0,100,1522,0.9383
2024-01-01 00:50:41,3041,Grid Emergency,66.15,75.77,310.02,588,2206,100.0,0.6642,-0.0642,-96.24,-1000.0,-0.3795,-100.0,100,2106,0.9547
2024-01-01 00:50:42,3042,Grid Emergency,72.67,66.27,281.92,716,1954,100.0,0.6684,-0.0684,-102.57,-1000.0,-1.266,-100.0,100,1854,0.9488
2024-01-01 00:50:43,3043,Grid Emergency,96.35,66.08,293.18,665,2544,100.0,0.7488,-0.1488,-223.1475,-1000.0,-24.1155,-100.0,100,2444,0.9607
2024-01-01 00:50:44,3044,Grid Emergency,55.61,70.88,299.23,577,1895,100.0,0.608,-0.008,-12.0,-1000.0,42.2295,-100.0,100,1795,0.9472
2024-01-01 00:50:45,3045,Grid Emergency,75.17,61.08,321.68,892,2142,100.0,0.7104,-0.1104,-165.6525,-1000.0,-30.7305,-100.0,100,2042,0.9533
2024-01-01 00:50:46,3046,Grid Emergency,57.46,61.23,297.16,684,2138,100.0,0.6054,-0.0054,-8.0475,-1000.0,31.521,-100.0,100,2038,0.9532
2024-01-01 00:50:47,3047,Grid Emergency,75.12,81.84,309.83,604,2388,100.0,0.713,-0.113,-169.5525,-1000.0,-32.301,-100.0,100,2288,0.9581
2024-01-01 00:50:48,3048,Grid Emergency,84.63,69.86,298.91,782,2047,100.0,0.7376,-0.1376,-206.415,-1000.0,-7.3725,-100.0,100,1947,0.9511
2024-01-01 00:50:49,3049,Grid Emergency,51.44,72.51,350.15,864,1917,100.0,0.666,-0.066,-98.985,-1000.0,21.486,-100.0,100,1817,0.9478
2024-01-01 00:50:50,3050,Grid Emergency,74.26,69.98,313.84,731,2109,100.0,0.7014,-0.1014,-152.145,-1000.0,-10.632,-100.0,100,2009,0.9526
2024-01-01 00:50:51,3051,Grid Emergency,74.12,73.93,364.91,644,2056,100.0,0.7233,-0.1233,-184.95,-1000.0,-6.561,-100.0,100,1956,0.9514
2024-01-01 00:50:52,3052,Grid Emergency,67.77,63.47,237.28,722,2219,100.0,0.6228,-0.0228,-34.215,-1000.0,30.147,-100.0,100,2119,0.9549
2024-01-01 00:50:53,3053,Grid Emergency,70.45,67.93,328.83,861,1995,100.0,0.71,-0.11,-164.9475,-1000.0,-26.1465,-100.0,100,1895,0.9499
2024-01-01 00:50:54,3054,Grid Emergency,60.28,67.28,394.76,603,2262,100.0,0.667,-0.067,-100.515,-1000.0,12.8865,-100.0,100,2162,0.9558
2024-01-01 00:50:55,3055,Grid Emergency,83.58,49.08,328.46,780,2033,100.0,0.6965,-0.0965,-144.69,-1000.0,-8.835,-100.0,100,1933,0.9508
2024-01-01 00:50:56,3056,Grid Emergency,65.54,63.27,295.21,689,1977,100.0,0.6385,-0.0385,-57.78,-1000.0,17.382,-100.0,100,1877,0.9494
2024-01-01 00:50:57,3057,Grid Emergency,68.56,77.53,255.35,545,2401,100.0,0.6432,-0.0432,-64.815,-1000.0,-1.407,-100.0,100,2301,0.9584
2024-01-01 00:50:58,3058,Grid Emergency,70.08,64.89,305.0,740,1968,100.0,0.671,-0.071,-106.5075,-1000.0,-8.3385,-100.0,100,1868,0.9492
2024-01-01 00:50:59,3059,Grid Emergency,77.06,60.3,296.42,498,2393,100.0,0.6434,-0.0434,-65.055,-1000.0,8.2905,-100.0,100,2293,0.9582
2024-01-01 00:51:00,3060,Grid Emergency,70.24,73.36,331.45,774,2098,100.0,0.7111,-0.1111,-166.5975,-1000.0,-20.3085,-100.0,100,1998,0.9523
2024-01-01 00:51:01,3061,Grid Emergency,75.88,60.31,257.3,709,1930,100.0,0.6514,-0.0514,-77.0325,-1000.0,17.913,-100.0,100,1830,0.9482
2024-01-01 00:51:02,3062,Grid Emergency,86.25,71.0,277.76,692,2133,100.0,0.7221,-0.1221,-183.0825,-1000.0,-21.21,-100.0,100,2033,0.9531
2024-01-01 00:51:03,3063,Grid Emergency,71.32,70.17,313.09,580,1562,100.0,0.6686,-0.0686,-102.885,-1000.0,16.0395,-100.0,100,1462,0.936
2024-01-01 00:51:04,3064,Grid Emergency,68.26,72.48,293.69,843,2088,100.0,0.6934,-0.0934,-140.1075,-1000.0,-7.4445,-100.0,100,1988,0.9521
2024-01-01 00:51:05,3065,Grid Emergency,85.57,77.22,357.31,599,2104,100.0,0.7611,-0.1611,-241.575,-1000.0,-20.2935,-100.0,100,2004,0.9525
2024-01-01 00:51:06,3066,Grid Emergency,84.23,70.18,334.95,581,2579,100.0,0.7249,-0.1249,-187.32,-1000.0,10.851,-100.0,100,2479,0.9612
2024-01-01 00:51:07,3067,Grid Emergency,64.09,52.04,294.2,475,1828,100.0,0.5728,0.0272,40.8525,-999.7276,45.6345,-99.9728,100,1728,0.9453
2024-01-01 00:51:08,3068,Grid Emergency,97.59,64.96,245.75,722,1875,100.0,0.7351,-0.1351,-202.71,-1000.0,-48.7125,-100.0,100,1775,0.9467
2024-01-01 00:51:09,3069,Grid Emergency,80.65,60.88,322.18,605,2749,100.0,0.6863,-0.0863,-129.4725,-1000.0,14.6475,-100.0,100,2649,0.9636
2024-01-01 00:51:10,3070,Grid Emergency,77.04,66.84,296.82,664,1909,100.0,0.6848,-0.0848,-127.125,-1000.0,0.4695,-100.0,100,1809,0.9476
2024-01-01 00:51:11,3071,Grid Emergency,64.12,81.43,285.13,507,1808,100.0,0.6466,-0.0466,-69.915,-1000.0,11.442,-100.0,100,1708,0.9447
2024-01-01 00:51:12,3072,Grid Emergency,81.28,65.98,303.97,836,1905,100.0,0.7268,-0.1268,-190.2225,-1000.0,-24.0615,-100.0,100,1805,0.9475
2024-01-01 00:51:13,3073,Grid Emergency,78.32,62.66,335.91,680,2039,100.0,0.7007,-0.1007,-151.0875,-1000.0,7.827,-100.0,100,1939,0.951
2024-01-01 00:51:14,3074,Grid Emergency,80.2,73.98,302.56,672,2499,100.0,0.7177,-0.1177,-176.595,-1000.0,-5.1015,-100.0,100,2399,0.96
2024-01-01 00:51:15,3075,Grid Emergency,77.89,64.87,280.61,822,2128,100.0,0.6984,-0.0984,-147.5925,-1000.0,5.8005,-100.0,100,2028,0.953
2024-01-01 00:51:16,3076,Grid Emergency,70.36,68.92,325.2,714,2400,100.0,0.6883,-0.0883,-132.39,-1000.0,3.0405,-100.0,100,2300,0.9583
2024-01-01 00:51:17,3077,Grid Emergency,84.59,72.26,371.86,720,2272,100.0,0.7706,-0.1706,-255.9675,-1000.0,-24.7155,-100.0,100,2172,0.956
2024-01-01 00:51:18,3078,Grid Emergency,82.04,76.15,351.22,783,2589,100.0,0.7706,-0.1706,-255.8625,-1000.0,0.021,-100.0,100,2489,0.9614
2024-01-01 00:51:19,3079,Grid Emergency,66.6,66.76,300.35,683,1602,100.0,0.6526,-0.0526,-78.9375,-1000.0,35.385,-100.0,100,1502,0.9376
2024-01-01 00:51:20,3080,Grid Emergency,85.75,59.79,317.64,577,2255,100.0,0.695,-0.095,-142.455,-1000.0,-12.7035,-100.0,100,2155,0.9557
2024-01-01 00:51:21,3081,Grid Emergency,64.15,58.91,318.75,649,1956,100.0,0.6285,-0.0285,-42.7875,-1000.0,19.9335,-100.0,100,1856,0.9489
2024-01-01 00:51:22,3082,Grid Emergency,73.72,74.4,273.17,620,2105,100.0,0.6736,-0.0736,-110.4075,-1000.0,-13.524,-100.0,100,2005,0.9525
2024-01-01 00:51:23,3083,Grid Emergency,77.39,79.7,261.79,688,2393,100.0,0.7042,-0.1042,-156.315,-1000.0,-9.1815,-100.0,100,2293,0.9582
2024-01-01 00:51:24,3084,Grid Emergency,91.73,60.06,276.75,758,1955,100.0,0.7233,-0.1233,-184.92,-1000.0,-5.721,-100.0,100,1855,0.9488
2024-01-01 00:51:25,3085,Grid Emergency,64.41,69.96,379.72,589,2474,100.0,0.6785,-0.0785,-117.8175,-1000.0,13.4205,-100.0,100,2374,0.9596
2024-01-01 00:51:26,3086,Grid Emergency,66.25,70.77,381.59,752,2025,100.0,0.7124,-0.1124,-168.5925,-1000.0,-10.155,-100.0,100,1925,0.9506
2024-01-01 00:51:27,3087,Grid Emergency,79.18,66.61,333.46,699,2315,100.0,0.7152,-0.1152,-172.8525,-1000.0,-0.852,-100.0,100,2215,0.9568
2024-01-01 00:51:28,3088,Grid Emergency,58.06,59.89,246.6,714,1717,100.0,0.5833,0.0167,24.9975,-999.8333,39.57,-99.9833,100,1617,0.9418
2024-01-01 00:51:29,3089,Grid Emergency,65.08,59.14,376.59,620,1778,100.0,0.6569,-0.0569,-85.3875,-1000.0,-22.077,-100.0,100,1678,0.9438
2024-01-01 00:51:30,3090,Grid Emergency,74.48,81.49,304.78,716,2422,100.0,0.7242,-0.1242,-186.2925,-1000.0,-20.181,-100.0,100,2322,0.9587
2024-01-01 00:51:31,3091,Grid Emergency,80.78,71.4,283.79,765,1759,100.0,0.7179,-0.1179,-176.8125,-1000.0,1.896,-100.0,100,1659,0.9431
2024-01-01 00:51:32,3092,Grid Emergency,65.76,79.45,368.59,763,1617,100.0,0.7275,-0.1275,-191.295,-1000.0,-2.8965,-100.0,100,1517,0.9382
2024-01-01 00:51:33,3093,Grid Emergency,59.92,62.56,302.27,594,2038,100.0,0.6064,-0.0064,-9.5325,-1000.0,36.3525,-100.0,100,1938,0.9509
2024-01-01 00:51:34,3094,Grid Emergency,89.67,71.21,319.85,618,1690,100.0,0.7445,-0.1445,-216.7425,-1000.0,-41.442,-100.0,100,1590,0.9408
2024-01-01 00:51:35,3095,Grid Emergency,59.72,54.56,313.38,758,1858,100.0,0.6158,-0.0158,-23.715,-1000.0,38.6055,-100.0,100,1758,0.9462
2024-01-01 00:51:36,3096,Grid Emergency,73.48,79.75,398.1,797,2056,100.0,0.7752,-0.1752,-262.7325,-1000.0,-47.8035,-100.0,100,1956,0.9514
2024-01-01 00:51:37,3097,Grid Emergency,79.38,78.81,219.67,868,1963,100.0,0.7149,-0.1149,-172.335,-1000.0,18.0795,-100.0,100,1863,0.9491
2024-01-01 00:51:38,3098,Grid Emergency,66.65,65.16,324.4,608,2028,100.0,0.6496,-0.0496,-74.3625,-1000.0,19.5945,-100.0,100,1928,0.9507
2024-01-01 00:51:39,3099,Grid Emergency,77.25,69.75,327.14,687,2273,100.0,0.7114,-0.1114,-167.055,-1000.0,-18.5385,-100.0,100,2173,0.956
2024-01-01 00:51:40,3100,Grid Emergency,82.56,75.97,329.24,813,2317,100.0,0.7655,-0.1655,-248.1825,-1000.0,-16.2255,-100.0,100,2217,0.9568
2024-01-01 00:51:41,3101,Grid Emergency,98.77,77.74,306.01,628,2034,100.0,0.7872,-0.1872,-280.875,-1000.0,-6.5385,-100.0,100,1934,0.9508
2024-01-01 00:51:42,3102,Grid Emergency,68.68,72.09,278.49,839,1752,100.0,0.6857,-0.0857,-128.55,-1000.0,30.465,-100.0,100,1652,0.9429
2024-01-01 00:51:43,3103,Grid Emergency,55.67,66.92,272.08,594,1940,100.0,0.5873,0.0127,19.0725,-999.8728,29.5245,-99.9873,100,1840,0.9485
2024-01-01 00:51:44,3104,Grid Emergency,64.39,68.08,282.08,666,2098,100.0,0.6365,-0.0365,-54.7575,-1000.0,-14.766,-100.0,100,1998,0.9523
2024-01-01 00:51:45,3105,Grid Emergency,82.14,79.77,316.65,742,2054,100.0,0.7565,-0.1565,-234.81,-1000.0,-36.0105,-100.0,100,1954,0.9513
2024-01-01 00:51:46,3106,Grid Emergency,76.81,71.12,369.66,531,2041,100.0,0.7111,-0.1111,-166.6725,-1000.0,13.6275,-100.0,100,1941,0.951
2024-01-01 00:51:47,3107,Grid Emergency,75.39,67.79,267.74,590,2301,100.0,0.6557,-0.0557,-83.565,-1000.0,16.6215,-100.0,100,2201,0.9565
2024-01-01 00:51:48,3108,Grid Emergency,64.43,53.96,348.55,765,2071,100.0,0.6494,-0.0494,-74.145,-1000.0,1.884,-100.0,100,1971,0.9517
2024-01-01 00:51:49,3109,Grid Emergency,62.85,67.09,364.7,558,1709,100.0,0.6538,-0.0538,-80.625,-1000.0,-1.296,-100.0,100,1609,0.9415
2024-01-01 00:51:50,3110,Grid Emergency,65.72,67.79,287.67,784,2372,100.0,0.6609,-0.0609,-91.395,-1000.0,-2.154,-100.0,100,2272,0.9578
2024-01-01 00:51:51,3111,Grid Emergency,74.79,72.48,322.24,720,1776,100.0,0.7121,-0.1121,-168.1275,-1000.0,-15.3465,-100.0,100,1676,0.9437
2024-01-01 00:51:52,3112,Grid Emergency,61.72,57.19,303.32,743,1737,100.0,0.6221,-0.0221,-33.1575,-1000.0,26.994,-100.0,100,1637,0.9424
2024-01-01 00:51:53,3113,Grid Emergency,72.73,61.0,261.89,657,1819,100.0,0.6366,-0.0366,-54.825,-1000.0,-4.3335,-100.0,100,1719,0.945
2024-01-01 00:51:54,3114,Grid Emergency,78.07,66.66,346.68,675,1998,100.0,0.7145,-0.1145,-171.7275,-1000.0,-23.3805,-100.0,100,1898,0.9499
2024-01-01 00:51:55,3115,Grid Emergency,90.73,55.02,367.8,885,2291,100.0,0.7718,-0.1718,-257.6325,-1000.0,-17.181,-100.0,100,2191,0.9564
2024-01-01 00:51:56,3116,Grid Emergency,68.7,79.42,295.52,649,2002,100.0,0.6841,-0.0841,-126.165,-1000.0,26.2935,-100.0,100,1902,0.95
2024-01-01 00:51:57,3117,Grid Emergency,66.3,60.43,359.95,642,2092,100.0,0.6594,-0.0594,-89.1,-1000.0,7.413,-100.0,100,1992,0.9522
2024-01-01 00:51:58,3118,Grid Emergency,57.56,68.25,257.98,601,2072,100.0,0.5912,0.0088,13.1625,-999.9122,20.4525,-99.9912,100,1972,0.9517
2024-01-01 00:51:59,3119,Grid Emergency,82.57,71.52,332.91,707,2016,100.0,0.7403,-0.1403,-210.45,-1000.0,-44.7225,-100.0,100,1916,0.9504
2024-01-01 00:52:00,3120,Grid Emergency,79.91,63.49,347.55,843,1889,100.0,0.7386,-0.1386,-207.9525,-1000.0,0.4995,-100.0,100,1789,0.9471
2024-01-01 00:52:01,3121,Grid Emergency,65.06,63.63,243.99,673,2425,100.0,0.6097,-0.0097,-14.595,-1000.0,38.6715,-100.0,100,2325,0.9588
2024-01-01 00:52:02,3122,Grid Emergency,61.54,78.6,290.49,931,1929,100.0,0.6968,-0.0968,-145.1775,-1000.0,-26.1165,-100.0,100,1829,0.9482
2024-01-01 00:52:03,3123,Grid Emergency,70.56,60.72,279.05,853,2218,100.0,0.6662,-0.0662,-99.3525,-1000.0,9.165,-100.0,100,2118,0.9549
2024-01-01 00:52:04,3124,Grid Emergency,82.29,57.48,339.47,622,1765,100.0,0.6947,-0.0948,-142.125,-1000.0,-8.5545,-100.0,100,1665,0.9433
2024-01-01 00:52:05,3125,Grid Emergency,74.39,69.83,312.4,791,2318,100.0,0.7098,-0.1098,-164.685,-1000.0,-4.512,-100.0,100,2218,0.9569
2024-01-01 00:52:06,3126,Grid Emergency,86.7,58.48,377.59,908,2008,100.0,0.7746,-0.1746,-261.9675,-1000.0,-19.4565,-100.0,100,1908,0.9502
2024-01-01 00:52:07,3127,Grid Emergency,55.32,56.93,289.22,921,2104,100.0,0.6187,-0.0187,-28.0575,-1000.0,46.782,-100.0,100,2004,0.9525
2024-01-01 00:52:08,3128,Grid Emergency,65.83,62.52,250.48,807,2076,100.0,0.633,-0.033,-49.4925,-1000.0,-4.287,-100.0,100,1976,0.9518
2024-01-01 00:52:09,3129,Grid Emergency,93.0,73.03,347.35,695,1827,100.0,0.786,-0.186,-279.0,-1000.0,-45.9015,-100.0,100,1727,0.9453
2024-01-01 00:52:10,3130,Grid Emergency,63.26,57.05,350.97,681,2338,100.0,0.6417,-0.0417,-62.505,-1000.0,43.299,-100.0,100,2238,0.9572
2024-01-01 00:52:11,3131,Grid Emergency,73.36,65.66,257.37,750,2045,100.0,0.6621,-0.0621,-93.1425,-1000.0,-6.1275,-100.0,100,1945,0.9511
2024-01-01 00:52:12,3132,Grid Emergency,81.02,62.28,337.72,884,2168,100.0,0.7407,-0.1407,-211.095,-1000.0,-23.5905,-100.0,100,2068,0.9539
2024-01-01 00:52:13,3133,Grid Emergency,79.85,72.58,395.41,757,2274,100.0,0.7722,-0.1722,-258.27,-1000.0,-9.435,-100.0,100,2174,0.956
2024-01-01 00:52:14,3134,Grid Emergency,71.64,61.8,255.63,846,1847,100.0,0.66,-0.06,-89.9325,-1000.0,33.6675,-100.0,100,1747,0.9459
2024-01-01 00:52:15,3135,Grid Emergency,79.46,71.33,351.3,668,1902,100.0,0.7323,-0.1323,-198.4275,-1000.0,-21.699,-100.0,100,1802,0.9474
2024-01-01 00:52:16,3136,Grid Emergency,75.78,65.66,254.6,913,1902,100.0,0.6936,-0.0936,-140.445,-1000.0,11.5965,-100.0,100,1802,0.9474
2024-01-01 00:52:17,3137,Grid Emergency,62.06,66.06,366.38,503,2392,100.0,0.641,-0.041,-61.5,-1000.0,15.789,-100.0,100,2292,0.9582
2024-01-01 00:52:18,3138,Grid Emergency,62.89,70.12,279.58,919,2131,100.0,0.6731,-0.0731,-109.5825,-1000.0,-9.6165,-100.0,100,2031,0.9531
2024-01-01 00:52:19,3139,Grid Emergency,64.92,65.59,314.03,737,2209,100.0,0.6588,-0.0588,-88.14,-1000.0,4.2885,-100.0,100,2109,0.9547
2024-01-01 00:52:20,3140,Grid Emergency,71.99,56.98,294.69,780,1932,100.0,0.6588,-0.0588,-88.14,-1000.0,0.0,-100.0,100,1832,0.9482
2024-01-01 00:52:21,3141,Grid Emergency,78.73,68.25,300.2,839,1665,100.0,0.7221,-0.1221,-183.195,-1000.0,-19.011,-100.0,100,1565,0.9399
2024-01-01 00:52:22,3142,Grid Emergency,65.25,77.86,392.35,948,2112,100.0,0.7614,-0.1614,-242.1,-1000.0,-11.781,-100.0,100,2012,0.9527
2024-01-01 00:52:23,3143,Grid Emergency,76.58,74.54,367.38,751,2331,100.0,0.7507,-0.1507,-226.08,-1000.0,3.204,-100.0,100,2231,0.9571
2024-01-01 00:52:24,3144,Grid Emergency,76.6,72.18,268.67,687,1969,100.0,0.6859,-0.0859,-128.9025,-1000.0,19.4355,-100.0,100,1869,0.9492
2024-01-01 00:52:25,3145,Grid Emergency,60.11,54.79,290.94,693,2126,100.0,0.5968,0.0032,4.83,-999.9678,26.7465,-99.9968,100,2026,0.953
2024-01-01 00:52:26,3146,Grid Emergency,77.56,69.5,298.44,628,2319,100.0,0.6886,-0.0886,-132.945,-1000.0,-27.555,-100.0,100,2219,0.9569
2024-01-01 00:52:27,3147,Grid Emergency,70.98,64.53,301.61,646,1967,100.0,0.6575,-0.0575,-86.19,-1000.0,9.351,-100.0,100,1867,0.9492
2024-01-01 00:52:28,3148,Grid Emergency,66.38,65.7,339.51,760,2486,100.0,0.6803,-0.0803,-120.5025,-1000.0,-6.8625,-100.0,100,2386,0.9598
2024-01-01 00:52:29,3149,Grid Emergency,84.12,83.65,335.16,774,1978,100.0,0.7872,-0.1872,-280.8375,-1000.0,-32.067,-100.0,100,1878,0.9494
2024-01-01 00:52:30,3150,Grid Emergency,80.26,62.75,243.83,872,1787,100.0,0.6905,-0.0905,-135.75,-1000.0,29.0175,-100.0,100,1687,0.944
2024-01-01 00:52:31,3151,Grid Emergency,76.39,60.96,360.7,846,2232,100.0,0.727,-0.127,-190.5225,-1000.0,-10.9545,-100.0,100,2132,0.9552
2024-01-01 00:52:32,3152,Grid Emergency,84.46,68.06,410.54,794,1874,100.0,0.7901,-0.1901,-285.195,-1000.0,-18.9345,-100.0,100,1774,0.9466
2024-01-01 00:52:33,3153,Grid Emergency,72.7,66.78,298.73,554,2196,100.0,0.6539,-0.0539,-80.7975,-1000.0,40.8795,-100.0,100,2096,0.9545
2024-01-01 00:52:34,3154,Grid Emergency,58.14,47.8,294.52,644,1884,100.0,0.5668,0.0332,49.725,-999.6685,26.1045,-99.9668,100,1784,0.9469
2024-01-01 00:52:35,3155,Grid Emergency,40.97,61.19,302.19,656,2196,100.0,0.5459,0.0541,81.2025,-999.1271,6.2955,-99.9127,100,2096,0.9545
2024-01-01 00:52:36,3156,Grid Emergency,85.93,72.13,356.19,830,1845,100.0,0.7837,-0.1837,-275.5125,-1000.0,-71.343,-100.0,100,1745,0.9458
2024-01-01 00:52:37,3157,Grid Emergency,76.39,75.96,290.38,640,2232,100.0,0.6985,-0.0985,-147.6825,-1000.0,25.566,-100.0,100,2132,0.9552
2024-01-01 00:52:38,3158,Grid Emergency,57.18,59.3,280.0,765,2154,100.0,0.6031,-0.0031,-4.695,-1000.0,28.5975,-100.0,100,2054,0.9536
2024-01-01 00:52:39,3159,Grid Emergency,82.32,60.63,266.1,772,1900,100.0,0.6885,-0.0885,-132.8175,-1000.0,-25.6245,-100.0,100,1800,0.9474
2024-01-01 00:52:40,3160,Grid Emergency,65.96,53.15,323.09,874,1842,100.0,0.6564,-0.0564,-84.57,-1000.0,9.6495,-100.0,100,1742,0.9457
2024-01-01 00:52:41,3161,Grid Emergency,82.22,67.52,230.56,630,1860,100.0,0.6663,-0.0664,-99.525,-1000.0,-2.991,-100.0,100,1760,0.9462
2024-01-01 00:52:42,3162,Grid Emergency,68.83,71.36,393.2,576,1978,100.0,0.7023,-0.1023,-153.4575,-1000.0,-10.7865,-100.0,100,1878,0.9494
2024-01-01 00:52:43,3163,Grid Emergency,63.04,57.86,314.3,720,1646,100.0,0.6304,-0.0304,-45.66,-1000.0,21.5595,-100.0,100,1546,0.9392
2024-01-01 00:52:44,3164,Grid Emergency,72.18,58.36,310.53,846,2215,100.0,0.6807,-0.0807,-121.0425,-1000.0,-15.0765,-100.0,100,2115,0.9549
2024-01-01 00:52:45,3165,Grid Emergency,73.78,63.77,313.01,776,2216,100.0,0.6906,-0.0906,-135.84,-1000.0,-2.9595,-100.0,100,2116,0.9549
2024-01-01 00:52:46,3166,Grid Emergency,71.01,69.74,250.75,646,2276,100.0,0.6452,-0.0452,-67.74,-1000.0,13.62,-100.0,100,2176,0.9561
2024-01-01 00:52:47,3167,Grid Emergency,80.42,68.75,376.55,770,2041,100.0,0.7571,-0.1571,-235.68,-1000.0,-33.588,-100.0,100,1941,0.951
2024-01-01 00:52:48,3168,Grid Emergency,59.8,79.51,344.66,899,2641,100.0,0.7153,-0.1153,-172.8825,-1000.0,12.5595,-100.0,100,2541,0.9621
2024-01-01 00:52:49,3169,Grid Emergency,59.13,57.73,181.16,811,2264,100.62,0.5635,0.0365,54.735,-999.6351,45.5235,-99.9635,100,2163,0.9554
2024-01-01 00:52:50,3170,Grid Emergency,72.98,58.19,305.99,738,2295,100.0,0.6646,-0.0646,-96.9,-1000.0,-30.327,-100.0,100,2195,0.9564
2024-01-01 00:52:51,3171,Grid Emergency,74.73,73.31,304.41,838,2257,100.0,0.7227,-0.1227,-184.1025,-1000.0,-17.4405,-100.0,100,2157,0.9557
2024-01-01 00:52:52,3172,Grid Emergency,60.13,79.11,365.15,766,2170,100.0,0.7057,-0.1057,-158.5575,-1000.0,5.109,-100.0,100,2070,0.9539
2024-01-01 00:52:53,3173,Grid Emergency,88.59,54.93,365.86,672,2373,100.0,0.7311,-0.1311,-196.68,-1000.0,-7.6245,-100.0,100,2273,0.9579
2024-01-01 00:52:54,3174,Grid Emergency,73.2,58.06,287.66,822,2047,100.0,0.6685,-0.0685,-102.72,-1000.0,18.792,-100.0,100,1947,0.9511
2024-01-01 00:52:55,3175,Grid Emergency,65.79,62.97,338.9,895,1564,100.0,0.6914,-0.0914,-137.085,-1000.0,-6.873,-100.0,100,1464,0.9361
2024-01-01 00:52:56,3176,Grid Emergency,99.0,69.63,336.11,676,2099,100.0,0.79,-0.19,-285.045,-1000.0,-29.592,-100.0,100,1999,0.9524
2024-01-01 00:52:57,3177,Grid Emergency,73.93,59.61,273.74,838,1711,100.0,0.6704,-0.0704,-105.525,-1000.0,35.904,-100.0,100,1611,0.9416
2024-01-01 00:52:58,3178,Grid Emergency,76.41,65.04,266.77,917,1861,100.0,0.701,-0.101,-151.455,-1000.0,-9.186,-100.0,100,1761,0.9463
2024-01-01 00:52:59,3179,Grid Emergency,60.7,66.5,275.41,720,2138,100.0,0.6244,-0.0244,-36.6075,-1000.0,22.9695,-100.0,100,2038,0.9532
2024-01-01 00:53:00,3180,Grid Emergency,74.35,67.01,278.4,784,2072,100.0,0.6845,-0.0846,-126.825,-1000.0,-18.0435,-100.0,100,1972,0.9517
2024-01-01 00:53:01,3181,Grid Emergency,67.04,79.84,304.54,829,2406,100.0,0.7109,-0.1109,-166.29,-1000.0,-7.893,-100.0,100,2306,0.9584
2024-01-01 00:53:02,3182,Grid Emergency,84.88,73.53,309.97,713,2038,100.0,0.7428,-0.1428,-214.26,-1000.0,-9.594,-100.0,100,1938,0.9509
2024-01-01 00:53:03,3183,Grid Emergency,50.33,73.75,321.0,802,2070,100.0,0.6413,-0.0413,-61.995,-1000.0,30.453,-100.0,100,1970,0.9517
2024-01-01 00:53:04,3184,Grid Emergency,78.65,56.98,257.38,472,2066,100.0,0.6172,-0.0172,-25.8225,-1000.0,7.2345,-100.0,100,1966,0.9516
2024-01-01 00:53:05,3185,Grid Emergency,64.27,60.77,325.06,677,1741,100.0,0.6409,-0.0409,-61.425,-1000.0,-7.1205,-100.0,100,1641,0.9426
2024-01-01 00:53:06,3186,Grid Emergency,97.45,67.7,261.26,653,2056,100.0,0.7389,-0.1389,-208.3575,-1000.0,-29.3865,-100.0,100,1956,0.9514
2024-01-01 00:53:07,3187,Grid Emergency,70.25,78.42,306.43,905,1991,100.0,0.7309,-0.1309,-196.335,-1000.0,2.4045,-100.0,100,1891,0.9498
2024-01-01 00:53:08,3188,Grid Emergency,76.26,76.18,363.78,851,2031,100.0,0.7669,-0.1669,-250.35,-1000.0,-10.803,-100.0,100,1931,0.9508
2024-01-01 00:53:09,3189,Grid Emergency,71.95,48.16,301.18,829,2324,100.0,0.6472,-0.0472,-70.7475,-1000.0,35.9205,-100.0,100,2224,0.957
2024-01-01 00:53:10,3190,Grid Emergency,71.14,81.59,292.72,648,1982,100.0,0.6965,-0.0965,-144.7875,-1000.0,-14.808,-100.0,100,1882,0.9495
2024-01-01 00:53:11,3191,Grid Emergency,60.78,72.98,322.98,780,1996,100.0,0.6737,-0.0737,-110.505,-1000.0,6.8565,-100.0,100,1896,0.9499
2024-01-01 00:53:12,3192,Grid Emergency,71.42,50.57,326.93,729,1824,100.0,0.6492,-0.0492,-73.815,-1000.0,7.338,-100.0,100,1724,0.9452
2024-01-01 00:53:13,3193,Grid Emergency,70.95,65.94,389.39,613,2182,100.0,0.6998,-0.0998,-149.73,-1000.0,-15.183,-100.0,100,2082,0.9542
2024-01-01 00:53:14,3194,Grid Emergency,61.09,63.54,322.46,698,2098,100.0,0.6386,-0.0386,-57.8925,-1000.0,18.3675,-100.0,100,1998,0.9523
2024-01-01 00:53:15,3195,Grid Emergency,75.33,64.05,349.79,689,2075,100.0,0.702,-0.102,-153.0375,-1000.0,-19.029,-100.0,100,1975,0.9518
2024-01-01 00:53:16,3196,Grid Emergency,75.61,69.82,338.99,751,2217,100.0,0.7213,-0.1213,-181.995,-1000.0,-5.7915,-100.0,100,2117,0.9549
2024-01-01 00:53:17,3197,Grid Emergency,68.75,59.45,245.76,552,2540,100.0,0.5949,0.0051,7.605,-999.9493,37.92,-99.9949,100,2440,0.9606
2024-01-01 00:53:18,3198,Grid Emergency,49.87,77.55,273.06,838,1549,100.0,0.6306,-0.0306,-45.975,-1000.0,-10.716,-100.0,100,1449,0.9354
2024-01-01 00:53:19,3199,Grid Emergency,69.65,79.63,342.09,686,1614,100.0,0.7168,-0.1168,-175.1925,-1000.0,-25.8435,-100.0,100,1514,0.938
2024-01-01 00:53:20,3200,Grid Emergency,58.78,79.11,294.33,712,2170,100.0,0.6575,-0.0575,-86.205,-1000.0,17.7975,-100.0,100,2070,0.9539
2024-01-01 00:53:21,3201,Grid Emergency,58.97,71.26,291.12,749,1955,100.0,0.6425,-0.0425,-63.6825,-1000.0,4.5045,-100.0,100,1855,0.9488
2024-01-01 00:53:22,3202,Grid Emergency,56.27,64.58,338.83,759,2107,100.0,0.6417,-0.0417,-62.49,-1000.0,0.2385,-100.0,100,2007,0.9525
2024-01-01 00:53:23,3203,Grid Emergency,80.98,66.37,312.53,672,2339,100.0,0.7064,-0.1064,-159.63,-1000.0,-19.428,-100.0,100,2239,0.9572
2024-01-01 00:53:24,3204,Grid Emergency,74.92,63.54,242.99,830,1913,100.0,0.6671,-0.0671,-100.5975,-1000.0,11.8065,-100.0,100,1813,0.9477
2024-01-01 00:53:25,3205,Grid Emergency,72.72,86.82,346.07,881,1965,100.0,0.7768,-0.1768,-265.1325,-1000.0,-32.907,-100.0,100,1865,0.9491
2024-01-01 00:53:26,3206,Grid Emergency,82.71,68.21,326.47,922,2030,100.0,0.7615,-0.1615,-242.3175,-1000.0,4.563,-100.0,100,1930,0.9507
2024-01-01 00:53:27,3207,Grid Emergency,72.19,60.77,349.98,663,2355,100.0,0.679,-0.079,-118.545,-1000.0,24.7545,-100.0,100,2255,0.9575
2024-01-01 00:53:28,3208,Grid Emergency,55.5,72.39,281.03,793,2096,100.0,0.6347,-0.0347,-52.035,-1000.0,13.302,-100.0,100,1996,0.9523
2024-01-01 00:53:29,3209,Grid Emergency,66.65,64.91,271.73,803,1837,100.0,0.6519,-0.0519,-77.7975,-1000.0,-5.1525,-100.0,100,1737,0.9456
2024-01-01 00:53:30,3210,Grid Emergency,69.33,70.76,382.61,719,2039,100.0,0.7187,-0.1187,-178.065,-1000.0,-20.0535,-100.0,100,1939,0.951
2024-01-01 00:53:31,3211,Grid Emergency,74.74,51.41,256.06,682,1921,100.0,0.6204,-0.0204,-30.6675,-1000.0,29.4795,-100.0,100,1821,0.9479
2024-01-01 00:53:32,3212,Grid Emergency,55.99,74.86,321.69,734,1926,100.0,0.6541,-0.0541,-81.09,-1000.0,-10.0845,-100.0,100,1826,0.9481
2024-01-01 00:53:33,3213,Grid Emergency,72.79,72.12,298.08,764,1900,100.0,0.6987,-0.0987,-148.0575,-1000.0,-13.3935,-100.0,100,1800,0.9474
2024-01-01 00:53:34,3214,Grid Emergency,72.97,77.14,365.44,852,2171,100.0,0.7588,-0.1588,-238.1475,-1000.0,-18.018,-100.0,100,2071,0.9539
2024-01-01 00:53:35,3215,Grid Emergency,72.32,64.41,228.66,585,2057,100.0,0.6162,-0.0162,-24.3375,-1000.0,42.762,-100.0,100,1957,0.9514
2024-01-01 00:53:36,3216,Grid Emergency,70.92,79.3,369.17,651,2304,100.0,0.7287,-0.1287,-193.0575,-1000.0,-33.744,-100.0,100,2204,0.9566
2024-01-01 00:53:37,3217,Grid Emergency,67.23,73.46,346.27,844,1976,100.0,0.7187,-0.1187,-178.035,-1000.0,3.0045,-100.0,100,1876,0.9494
2024-01-01 00:53:38,3218,Grid Emergency,82.14,53.02,368.33,717,2099,100.0,0.7118,-0.1118,-167.6325,-1000.0,2.0805,-100.0,100,1999,0.9524
2024-01-01 00:53:39,3219,Grid Emergency,51.63,64.89,371.0,677,2278,100.0,0.63,-0.03,-44.97,-1000.0,24.5325,-100.0,100,2178,0.9561
2024-01-01 00:53:40,3220,Grid Emergency,72.35,76.5,318.62,626,2114,100.0,0.6977,-0.0977,-146.5275,-1000.0,-20.3115,-100.0,100,2014,0.9527
2024-01-01 00:53:41,3221,Grid Emergency,88.01,71.98,304.76,945,2389,100.0,0.7821,-0.1821,-273.1725,-1000.0,-25.329,-100.0,100,2289,0.9581
2024-01-01 00:53:42,3222,Grid Emergency,80.17,70.54,342.86,796,1554,100.0,0.7478,-0.1478,-221.6625,-1000.0,10.302,-100.0,100,1454,0.9356
2024-01-01 00:53:43,3223,Grid Emergency,75.95,66.71,287.51,700,1711,100.0,0.6814,-0.0814,-122.0325,-1000.0,19.926,-100.0,100,1611,0.9416
2024-01-01 00:53:44,3224,Grid Emergency,53.95,77.97,330.8,478,1955,100.0,0.6209,-0.0209,-31.275,-1000.0,18.1515,-100.0,100,1855,0.9488
2024-01-01 00:53:45,3225,Grid Emergency,80.81,65.76,366.03,824,1760,100.0,0.7538,-0.1538,-230.775,-1000.0,-39.9,-100.0,100,1660,0.9432
2024-01-01 00:53:46,3226,Grid Emergency,70.57,64.42,247.48,574,1898,100.0,0.6179,-0.0179,-26.8275,-1000.0,40.7895,-100.0,100,1798,0.9473
2024-01-01 00:53:47,3227,Grid Emergency,65.59,70.27,356.99,771,2287,100.0,0.6994,-0.0994,-149.0775,-1000.0,-24.45,-100.0,100,2187,0.9563
2024-01-01 00:53:48,3228,Grid Emergency,69.33,72.82,303.32,675,2574,100.0,0.6776,-0.0776,-116.4225,-1000.0,6.531,-100.0,100,2474,0.9611
2024-01-01 00:53:49,3229,Grid Emergency,48.7,53.01,327.22,693,1740,100.0,0.5705,0.0295,44.1975,-999.7053,32.124,-99.9705,100,1640,0.9425
2024-01-01 00:53:50,3230,Grid Emergency,61.45,60.6,350.16,841,2509,100.0,0.6678,-0.0678,-101.7075,-1000.0,-29.181,-100.0,100,2409,0.9601
2024-01-01 00:53:51,3231,Grid Emergency,56.11,57.06,245.4,848,2204,100.0,0.5889,0.0111,16.5975,-999.8893,23.661,-99.9889,100,2104,0.9546
2024-01-01 00:53:52,3232,Grid Emergency,72.8,69.84,307.44,607,2228,100.0,0.6742,-0.0742,-111.255,-1000.0,-25.5705,-100.0,100,2128,0.9551
2024-01-01 00:53:53,3233,Grid Emergency,70.14,58.4,335.84,677,2156,100.0,0.661,-0.061,-91.44,-1000.0,3.963,-100.0,100,2056,0.9536
2024-01-01 00:53:54,3234,Grid Emergency,70.75,75.13,319.91,631,2180,100.0,0.6901,-0.0901,-135.0825,-1000.0,-8.7285,-100.0,100,2080,0.9541
2024-01-01 00:53:55,3235,Grid Emergency,75.55,72.09,356.61,658,2266,100.0,0.7217,-0.1217,-182.4825,-1000.0,-9.48,-100.0,100,2166,0.9559
2024-01-01 00:53:56,3236,Grid Emergency,54.75,67.04,297.64,864,2060,100.0,0.6376,-0.0376,-56.4675,-1000.0,25.203,-100.0,100,1960,0.9515
2024-01-01 00:53:57,3237,Grid Emergency,78.08,53.91,294.17,635,2718,100.0,0.6504,-0.0504,-75.585,-1000.0,-3.8235,-100.0,100,2618,0.9632
2024-01-01 00:53:58,3238,Grid Emergency,65.33,68.59,315.7,561,1968,100.0,0.6421,-0.0421,-63.195,-1000.0,2.478,-100.0,100,1868,0.9492
2024-01-01 00:53:59,3239,Grid Emergency,76.05,68.69,206.48,663,2355,100.0,0.6406,-0.0406,-60.885,-1000.0,0.462,-100.0,100,2255,0.9575
2024-01-01 00:54:00,3240,Grid Emergency,77.88,77.74,265.65,848,2088,100.0,0.727,-0.127,-190.4325,-1000.0,-25.9095,-100.0,100,1988,0.9521
2024-01-01 00:54:01,3241,Grid Emergency,87.92,68.03,217.86,804,1989,100.0,0.7073,-0.1073,-160.9875,-1000.0,5.889,-100.0,100,1889,0.9497
2024-01-01 00:54:02,3242,Grid Emergency,68.24,56.38,383.0,667,2493,100.0,0.6713,-0.0713,-107.01,-1000.0,10.7955,-100.0,100,2393,0.9599
2024-01-01 00:54:03,3243,Grid Emergency,67.69,60.58,369.38,712,2084,100.0,0.6799,-0.0799,-119.7825,-1000.0,-2.5545,-100.0,100,1984,0.952
2024-01-01 00:54:04,3244,Grid Emergency,59.18,64.34,329.29,590,1965,100.0,0.6211,-0.0211,-31.6875,-1000.0,17.619,-100.0,100,1865,0.9491
2024-01-01 00:54:05,3245,Grid Emergency,67.8,68.53,376.58,690,1927,100.0,0.7004,-0.1004,-150.6225,-1000.0,-23.787,-100.0,100,1827,0.9481
2024-01-01 00:54:06,3246,Grid Emergency,99.0,64.53,301.42,684,2030,100.0,0.7611,-0.1611,-241.7025,-1000.0,-18.216,-100.0,100,1930,0.9507
2024-01-01 00:54:07,3247,Grid Emergency,72.78,75.37,328.18,827,2361,100.0,0.7313,-0.1313,-196.9425,-1000.0,8.952,-100.0,100,2261,0.9576
2024-01-01 00:54:08,3248,Grid Emergency,74.09,71.01,359.89,608,2724,100.0,0.708,-0.108,-161.9775,-1000.0,6.993,-100.0,100,2624,0.9633
2024-01-01 00:54:09,3249,Grid Emergency,66.87,65.19,255.46,601,2343,100.0,0.6149,-0.0149,-22.35,-1000.0,27.9255,-100.0,100,2243,0.9573
2024-01-01 00:54:10,3250,Grid Emergency,94.7,63.46,325.63,742,2350,100.0,0.7642,-0.1642,-246.3225,-1000.0,-44.7945,-100.0,100,2250,0.9574
2024-01-01 00:54:11,3251,Grid Emergency,94.19,80.17,299.26,772,2257,100.0,0.7955,-0.1955,-293.28,-1000.0,-9.3915,-100.0,100,2157,0.9557
2024-01-01 00:54:12,3252,Grid Emergency,71.8,59.23,274.06,834,2412,100.0,0.6615,-0.0615,-92.2575,-1000.0,40.2045,-100.0,100,2312,0.9585
2024-01-01 00:54:13,3253,Grid Emergency,69.92,70.09,363.88,549,1988,100.0,0.6842,-0.0842,-126.3525,-1000.0,-6.819,-100.0,100,1888,0.9497
2024-01-01 00:54:14,3254,Grid Emergency,92.18,70.39,259.19,731,2355,100.0,0.7379,-0.1379,-206.775,-1000.0,-16.0845,-100.0,100,2255,0.9575
2024-01-01 00:54:15,3255,Grid Emergency,46.53,69.41,293.24,555,2120,102.44,0.5663,0.0337,50.625,-999.6625,51.48,-99.9663,102,2017,0.9514
2024-01-01 00:54:16,3256,Grid Emergency,70.64,67.81,294.33,617,1736,100.0,0.6565,-0.0565,-84.72,-1000.0,-27.069,-100.0,100,1636,0.9424
2024-01-01 00:54:17,3257,Grid Emergency,65.09,74.87,320.49,713,1840,100.0,0.6822,-0.0822,-123.2775,-1000.0,-7.7115,-100.0,100,1740,0.9457
2024-01-01 00:54:18,3258,Grid Emergency,68.26,73.9,332.72,672,1447,100.0,0.6908,-0.0908,-136.23,-1000.0,-2.5905,-100.0,100,1347,0.9309
2024-01-01 00:54:19,3259,Grid Emergency,65.25,64.14,269.18,678,2304,100.0,0.625,-0.025,-37.5225,-1000.0,19.7415,-100.0,100,2204,0.9566
2024-01-01 00:54:20,3260,Grid Emergency,71.63,75.92,242.12,689,1615,100.0,0.6649,-0.0649,-97.3725,-1000.0,-11.97,-100.0,100,1515,0.9381
2024-01-01 00:54:21,3261,Grid Emergency,67.73,59.63,367.66,760,2353,100.0,0.684,-0.084,-125.94,-1000.0,-5.7135,-100.0,100,2253,0.9575
2024-01-01 00:54:22,3262,Grid Emergency,67.71,59.84,262.68,746,2552,100.0,0.6298,-0.0298,-44.7375,-1000.0,16.2405,-100.0,100,2452,0.9608
2024-01-01 00:54:23,3263,Grid Emergency,76.12,65.0,301.51,716,2606,100.0,0.6871,-0.0871,-130.6125,-1000.0,-17.175,-100.0,100,2506,0.9616
2024-01-01 00:54:24,3264,Grid Emergency,84.34,70.08,314.94,749,2223,100.0,0.7402,-0.1402,-210.315,-1000.0,-15.9405,-100.0,100,2123,0.955
2024-01-01 00:54:25,3265,Grid Emergency,67.87,61.25,356.45,722,2337,100.0,0.6772,-0.0772,-115.7925,-1000.0,18.9045,-100.0,100,2237,0.9572
2024-01-01 00:54:26,3266,Grid Emergency,88.46,72.16,326.13,1040,2151,100.0,0.8031,-0.2031,-304.6125,-1000.0,-37.764,-100.0,100,2051,0.9535
2024-01-01 00:54:27,3267,Grid Emergency,61.09,65.75,379.83,590,1911,100.0,0.6566,-0.0566,-84.9075,-1000.0,43.941,-100.0,100,1811,0.9477
2024-01-01 00:54:28,3268,Grid Emergency,83.06,65.83,305.04,827,1920,100.0,0.7319,-0.1319,-197.7825,-1000.0,-22.575,-100.0,100,1820,0.9479
2024-01-01 00:54:29,3269,Grid Emergency,57.31,56.89,336.18,745,1926,100.0,0.6227,-0.0227,-33.975,-1000.0,32.7615,-100.0,100,1826,0.9481
2024-01-01 00:54:30,3270,Grid Emergency,60.41,65.84,360.24,636,1934,100.0,0.6516,-0.0516,-77.3325,-1000.0,-8.6715,-100.0,100,1834,0.9483
2024-01-01 00:54:31,3271,Grid Emergency,60.09,65.06,325.21,931,2154,100.0,0.6752,-0.0752,-112.83,-1000.0,-7.0995,-100.0,100,2054,0.9536
2024-01-01 00:54:32,3272,Grid Emergency,71.46,74.9,341.33,662,2675,100.0,0.7073,-0.1073,-160.9875,-1000.0,-9.6315,-100.0,100,2575,0.9626
2024-01-01 00:54:33,3273,Grid Emergency,71.76,69.89,334.81,754,2481,100.0,0.7064,-0.1064,-159.585,-1000.0,0.2805,-100.0,100,2381,0.9597
2024-01-01 00:54:34,3274,Grid Emergency,66.1,74.27,317.41,818,2046,100.0,0.6984,-0.0984,-147.645,-1000.0,2.388,-100.0,100,1946,0.9511
2024-01-01 00:54:35,3275,Grid Emergency,68.5,73.86,326.11,637,2436,100.0,0.683,-0.083,-124.5075,-1000.0,4.6275,-100.0,100,2336,0.9589
2024-01-01 00:54:36,3276,Grid Emergency,79.33,67.41,288.93,756,2265,100.0,0.704,-0.104,-156.0675,-1000.0,-6.312,-100.0,100,2165,0.9558
2024-01-01 00:54:37,3277,Grid Emergency,56.06,71.01,339.36,484,2149,100.0,0.616,-0.016,-24.0225,-1000.0,26.409,-100.0,100,2049,0.9535
2024-01-01 00:54:38,3278,Grid Emergency,78.95,72.65,346.11,687,1840,100.0,0.7341,-0.1341,-201.0825,-1000.0,-35.412,-100.0,100,1740,0.9457
2024-01-01 00:54:39,3279,Grid Emergency,54.0,76.74,341.64,836,1918,100.0,0.6771,-0.0771,-115.605,-1000.0,17.0955,-100.0,100,1818,0.9479
2024-01-01 00:54:40,3280,Grid Emergency,80.04,55.98,270.87,732,2265,100.0,0.6653,-0.0653,-97.9875,-1000.0,3.5235,-100.0,100,2165,0.9558
2024-01-01 00:54:41,3281,Grid Emergency,88.79,66.08,271.04,628,1928,100.0,0.7057,-0.1057,-158.5275,-1000.0,-12.108,-100.0,100,1828,0.9481
2024-01-01 00:54:42,3282,Grid Emergency,94.21,74.05,360.06,696,2099,100.0,0.7993,-0.1993,-298.935,-1000.0,-28.0815,-100.0,100,1999,0.9524
2024-01-01 00:54:43,3283,Grid Emergency,78.99,63.95,296.89,652,1988,100.0,0.6826,-0.0826,-123.8775,-1000.0,35.0115,-100.0,100,1888,0.9497
2024-01-01 00:54:44,3284,Grid Emergency,72.49,61.43,322.87,748,2055,100.0,0.6809,-0.0809,-121.3875,-1000.0,0.498,-100.0,100,1955,0.9513
2024-01-01 00:54:45,3285,Grid Emergency,63.73,68.84,287.28,724,2374,100.0,0.6474,-0.0474,-71.0925,-1000.0,10.059,-100.0,100,2274,0.9579
2024-01-01 00:54:46,3286,Grid Emergency,59.47,85.39,306.74,761,1911,100.0,0.6891,-0.0891,-133.71,-1000.0,-12.5235,-100.0,100,1811,0.9477
2024-01-01 00:54:47,3287,Grid Emergency,83.42,66.99,292.26,662,2032,100.0,0.7049,-0.1049,-157.3125,-1000.0,-4.7205,-100.0,100,1932,0.9508
2024-01-01 00:54:48,3288,Grid Emergency,76.18,69.38,308.21,648,1907,100.0,0.6914,-0.0914,-137.0775,-1000.0,4.047,-100.0,100,1807,0.9476
2024-01-01 00:54:49,3289,Grid Emergency,67.39,71.68,339.8,799,2099,100.0,0.7048,-0.1048,-157.2225,-1000.0,-4.029,-100.0,100,1999,0.9524
2024-01-01 00:54:50,3290,Grid Emergency,75.84,66.65,231.6,698,2006,100.0,0.6526,-0.0526,-78.8475,-1000.0,15.675,-100.0,100,1906,0.9501
2024-01-01 00:54:51,3291,Grid Emergency,61.61,63.46,316.08,606,1922,100.0,0.6232,-0.0232,-34.8375,-1000.0,8.802,-100.0,100,1822,0.948
2024-01-01 00:54:52,3292,Grid Emergency,87.48,55.18,301.76,603,1912,100.0,0.6855,-0.0855,-128.19,-1000.0,-18.6705,-100.0,100,1812,0.9477
2024-01-01 00:54:53,3293,Grid Emergency,70.02,60.1,335.83,855,2310,100.0,0.6915,-0.0915,-137.2275,-1000.0,-1.8075,-100.0,100,2210,0.9567
2024-01-01 00:54:54,3294,Grid Emergency,82.25,56.96,299.06,766,2317,100.0,0.6947,-0.0947,-142.0575,-1000.0,-0.966,-100.0,100,2217,0.9568
2024-01-01 00:54:55,3295,Grid Emergency,89.53,76.55,350.34,983,2124,100.0,0.8273,-0.2273,-341.025,-1000.0,-39.7935,-100.0,100,2024,0.9529
2024-01-01 00:54:56,3296,Grid Emergency,69.11,69.42,268.82,726,1668,100.0,0.6587,-0.0587,-88.1175,-1000.0,50.5815,-100.0,100,1568,0.94
2024-01-01 00:54:57,3297,Grid Emergency,66.7,67.08,352.73,831,1859,100.0,0.7022,-0.1022,-153.2475,-1000.0,-13.026,-100.0,100,1759,0.9462
2024-01-01 00:54:58,3298,Grid Emergency,92.76,69.19,320.8,558,1944,100.0,0.7417,-0.1417,-212.6025,-1000.0,-11.871,-100.0,100,1844,0.9486
2024-01-01 00:54:59,3299,Grid Emergency,82.5,69.36,314.85,742,1739,100.0,0.7309,-0.1309,-196.3125,-1000.0,3.258,-100.0,100,1639,0.9425
2024-01-01 00:55:00,3300,Grid Emergency,71.03,79.27,358.9,707,2490,100.0,0.7323,-0.1323,-198.42,-1000.0,-0.4215,-100.0,100,2390,0.9598
2024-01-01 00:55:01,3301,Grid Emergency,59.41,60.23,393.86,777,2027,100.0,0.672,-0.072,-107.985,-1000.0,18.087,-100.0,100,1927,0.9507
2024-01-01 00:55:02,3302,Grid Emergency,71.45,61.55,322.45,739,2104,100.0,0.676,-0.076,-114.0375,-1000.0,-1.2105,-100.0,100,2004,0.9525
2024-01-01 00:55:03,3303,Grid Emergency,60.4,70.12,286.17,621,2416,100.0,0.6229,-0.0229,-34.4025,-1000.0,15.927,-100.0,100,2316,0.9586
2024-01-01 00:55:04,3304,Grid Emergency,93.7,83.54,339.26,693,2082,100.0,0.8104,-0.2104,-315.57,-1000.0,-56.2335,-100.0,100,1982,0.952
2024-01-01 00:55:05,3305,Grid Emergency,76.06,64.64,369.35,516,2026,100.0,0.6899,-0.0899,-134.8275,-1000.0,36.1485,-100.0,100,1926,0.9506
2024-01-01 00:55:06,3306,Grid Emergency,80.01,61.24,299.19,779,2479,100.0,0.6996,-0.0996,-149.37,-1000.0,-2.9085,-100.0,100,2379,0.9597
2024-01-01 00:55:07,3307,Grid Emergency,59.06,57.06,267.43,566,1733,100.0,0.568,0.032,48.0375,-999.6798,39.4815,-99.968,100,1633,0.9423
2024-01-01 00:55:08,3308,Grid Emergency,62.27,77.87,295.96,723,1861,100.0,0.669,-0.069,-103.575,-1000.0,-30.3225,-100.0,100,1761,0.9463
2024-01-01 00:55:09,3309,Grid Emergency,78.34,83.01,270.06,892,2191,100.0,0.7505,-0.1505,-225.8175,-1000.0,-24.4485,-100.0,100,2091,0.9544
2024-01-01 00:55:10,3310,Grid Emergency,72.17,71.2,327.57,905,2230,100.0,0.7301,-0.1301,-195.195,-1000.0,6.1245,-100.0,100,2130,0.9552
2024-01-01 00:55:11,3311,Grid Emergency,77.41,64.63,347.76,624,2127,100.0,0.7,-0.1,-149.985,-1000.0,9.042,-100.0,100,2027,0.953
2024-01-01 00:55:12,3312,Grid Emergency,99.0,47.97,320.49,747,2042,100.0,0.7387,-0.1387,-208.08,-1000.0,-11.619,-100.0,100,1942,0.951
2024-01-01 00:55:13,3313,Grid Emergency,69.95,68.73,298.66,742,1978,100.0,0.6773,-0.0773,-115.92,-1000.0,18.432,-100.0,100,1878,0.9494
2024-01-01 00:55:14,3314,Grid Emergency,92.22,65.98,335.63,653,2333,100.0,0.7535,-0.1535,-230.2275,-1000.0,-22.8615,-100.0,100,2233,0.9571
2024-01-01 00:55:15,3315,Grid Emergency,79.33,71.35,263.77,644,2521,100.0,0.6845,-0.0845,-126.7725,-1000.0,20.691,-100.0,100,2421,0.9603
2024-01-01 00:55:16,3316,Grid Emergency,64.37,73.13,267.49,820,1928,100.0,0.6649,-0.0649,-97.2975,-1000.0,5.895,-100.0,100,1828,0.9481
2024-01-01 00:55:17,3317,Grid Emergency,62.37,62.3,285.08,760,2117,100.0,0.6306,-0.0306,-45.8775,-1000.0,10.284,-100.0,100,2017,0.9528
2024-01-01 00:55:18,3318,Grid Emergency,61.05,67.78,258.54,784,2306,100.0,0.63,-0.03,-44.9925,-1000.0,0.177,-100.0,100,2206,0.9566
2024-01-01 00:55:19,3319,Grid Emergency,71.76,70.17,388.85,704,1863,100.0,0.7266,-0.1266,-189.915,-1000.0,-28.9845,-100.0,100,1763,0.9463
2024-01-01 00:55:20,3320,Grid Emergency,77.79,58.94,300.52,660,1924,100.0,0.6689,-0.0689,-103.3125,-1000.0,17.3205,-100.0,100,1824,0.948
2024-01-01 00:55:21,3321,Grid Emergency,69.5,75.2,359.76,812,2184,100.0,0.7329,-0.1329,-199.395,-1000.0,-19.2165,-100.0,100,2084,0.9542
2024-01-01 00:55:22,3322,Grid Emergency,69.42,49.14,326.54,492,1619,100.0,0.6029,-0.0029,-4.335,-1000.0,39.012,-100.0,100,1519,0.9382
2024-01-01 00:55:23,3323,Grid Emergency,70.38,70.12,289.7,873,2215,100.0,0.6974,-0.0974,-146.145,-1000.0,-28.362,-100.0,100,2115,0.9549
2024-01-01 00:55:24,3324,Grid Emergency,69.51,79.09,380.43,771,1906,100.0,0.7469,-0.1469,-220.3125,-1000.0,-14.8335,-100.0,100,1806,0.9475
2024-01-01 00:55:25,3325,Grid Emergency,66.5,56.43,308.09,614,2017,100.0,0.62,-0.02,-29.955,-1000.0,38.0715,-100.0,100,1917,0.9504
2024-01-01 00:55:26,3326,Grid Emergency,74.61,52.13,253.13,669,2086,100.0,0.6184,-0.0184,-27.5625,-1000.0,0.4785,-100.0,100,1986,0.9521
2024-01-01 00:55:27,3327,Grid Emergency,67.06,65.84,278.22,575,1966,100.0,0.6247,-0.0247,-37.005,-1000.0,-1.8885,-100.0,100,1866,0.9491
2024-01-01 00:55:28,3328,Grid Emergency,69.87,65.52,315.03,761,2270,100.0,0.68,-0.08,-120.015,-1000.0,-16.602,-100.0,100,2170,0.9559
2024-01-01 00:55:29,3329,Grid Emergency,65.66,55.39,367.22,758,1861,100.0,0.6656,-0.0656,-98.3925,-1000.0,4.3245,-100.0,100,1761,0.9463
2024-01-01 00:55:30,3330,Grid Emergency,74.78,76.54,387.81,745,2364,100.0,0.7587,-0.1587,-238.1025,-1000.0,-27.942,-100.0,100,2264,0.9577
2024-01-01 00:55:31,3331,Grid Emergency,59.9,67.71,294.92,754,2502,100.0,0.6395,-0.0395,-59.2275,-1000.0,35.775,-100.0,100,2402,0.96
2024-01-01 00:55:32,3332,Grid Emergency,74.5,60.5,253.15,884,2228,100.0,0.6712,-0.0712,-106.7625,-1000.0,-9.507,-100.0,100,2128,0.9551
2024-01-01 00:55:33,3333,Grid Emergency,76.48,65.25,322.05,621,2196,100.0,0.685,-0.085,-127.47,-1000.0,-4.1415,-100.0,100,2096,0.9545
2024-01-01 00:55:34,3334,Grid Emergency,60.25,65.13,281.07,394,2013,100.0,0.5733,0.0267,39.9975,-999.7334,33.4935,-99.9733,100,1913,0.9503
2024-01-01 00:55:35,3335,Grid Emergency,63.01,66.32,310.08,896,2176,100.0,0.6758,-0.0758,-113.6625,-1000.0,-30.732,-100.0,100,2076,0.954
2024-01-01 00:55:36,3336,Grid Emergency,75.34,71.96,349.23,765,2170,100.0,0.733,-0.133,-199.4325,-1000.0,-17.154,-100.0,100,2070,0.9539
2024-01-01 00:55:37,3337,Grid Emergency,79.11,48.59,404.01,878,2154,100.0,0.7321,-0.1321,-198.0975,-1000.0,0.267,-100.0,100,2054,0.9536
2024-01-01 00:55:38,3338,Grid Emergency,57.87,77.68,278.78,773,1779,100.0,0.6521,-0.0521,-78.1275,-1000.0,23.994,-100.0,100,1679,0.9438
2024-01-01 00:55:39,3339,Grid Emergency,94.26,56.46,313.1,507,2089,100.0,0.7037,-0.1037,-155.49,-1000.0,-15.4725,-100.0,100,1989,0.9521
2024-01-01 00:55:40,3340,Grid Emergency,67.75,77.1,290.86,833,1843,100.0,0.7003,-0.1003,-150.3825,-1000.0,1.0215,-100.0,100,1743,0.9457
2024-01-01 00:55:41,3341,Grid Emergency,69.18,65.9,332.3,756,2280,100.0,0.6864,-0.0864,-129.645,-1000.0,4.1475,-100.0,100,2180,0.9561
2024-01-01 00:55:42,3342,Grid Emergency,74.67,73.29,269.6,758,2502,100.0,0.6931,-0.0931,-139.605,-1000.0,-1.992,-100.0,100,2402,0.96
2024-01-01 00:55:43,3343,Grid Emergency,55.2,71.91,340.46,866,2281,100.0,0.6731,-0.0731,-109.6575,-1000.0,5.9895,-100.0,100,2181,0.9562
2024-01-01 00:55:44,3344,Grid Emergency,73.0,71.44,276.92,681,1766,100.0,0.6747,-0.0747,-112.065,-1000.0,-0.4815,-100.0,100,1666,0.9434
2024-01-01 00:55:45,3345,Grid Emergency,86.87,71.6,268.77,747,2389,100.0,0.7295,-0.1295,-194.22,-1000.0,-16.431,-100.0,100,2289,0.9581
2024-01-01 00:55:46,3346,Grid Emergency,81.93,60.58,168.98,759,1878,100.0,0.6365,-0.0365,-54.8175,-1000.0,27.8805,-100.0,100,1778,0.9468
2024-01-01 00:55:47,3347,Grid Emergency,78.22,75.6,360.11,894,2409,100.0,0.7769,-0.1769,-265.3875,-1000.0,-42.114,-100.0,100,2309,0.9585
2024-01-01 00:55:48,3348,Grid Emergency,89.5,79.03,375.98,715,1777,100.0,0.8061,-0.2061,-309.0975,-1000.0,-8.742,-100.0,100,1677,0.9437
2024-01-01 00:55:49,3349,Grid Emergency,96.82,68.5,365.29,664,2340,100.0,0.7924,-0.1924,-288.5475,-1000.0,4.11,-100.0,100,2240,0.9573
2024-01-01 00:55:50,3350,Grid Emergency,47.55,64.72,305.57,766,2368,100.0,0.5959,0.0041,6.135,-999.9591,58.9365,-99.9959,100,2268,0.9578
2024-01-01 00:55:51,3351,Grid Emergency,61.06,73.28,365.2,954,2276,100.0,0.7226,-0.1226,-183.915,-1000.0,-38.01,-100.0,100,2176,0.9561
2024-01-01 00:55:52,3352,Grid Emergency,67.4,57.83,392.31,793,2094,100.0,0.6956,-0.0956,-143.37,-1000.0,8.109,-100.0,100,1994,0.9522
2024-01-01 00:55:53,3353,Grid Emergency,55.8,60.55,338.41,755,1613,100.0,0.6291,-0.0291,-43.695,-1000.0,19.935,-100.0,100,1513,0.938
2024-01-01 00:55:54,3354,Grid Emergency,78.33,55.45,370.93,740,1984,100.0,0.7092,-0.1092,-163.8675,-1000.0,-24.0345,-100.0,100,1884,0.9496
2024-01-01 00:55:55,3355,Grid Emergency,81.9,70.83,369.62,728,2134,100.0,0.7577,-0.1577,-236.6025,-1000.0,-14.547,-100.0,100,2034,0.9531
2024-01-01 00:55:56,3356,Grid Emergency,69.15,70.1,386.41,669,2261,100.0,0.7108,-0.1108,-166.245,-1000.0,14.0715,-100.0,100,2161,0.9558
2024-01-01 00:55:57,3357,Grid Emergency,63.2,51.47,319.34,757,2072,100.0,0.6231,-0.0231,-34.6425,-1000.0,26.3205,-100.0,100,1972,0.9517
2024-01-01 00:55:58,3358,Grid Emergency,57.04,70.43,321.98,631,1761,100.0,0.6314,-0.0314,-47.0325,-1000.0,-2.478,-100.0,100,1661,0.9432
2024-01-01 00:55:59,3359,Grid Emergency,69.48,73.22,328.75,631,2134,100.0,0.6853,-0.0853,-127.8825,-1000.0,-16.17,-100.0,100,2034,0.9531
2024-01-01 00:56:00,3360,Grid Emergency,80.87,58.62,312.84,853,1781,100.0,0.714,-0.114,-170.9475,-1000.0,-8.613,-100.0,100,1681,0.9439
2024-01-01 00:56:01,3361,Grid Emergency,83.56,80.95,300.0,685,2358,100.0,0.7476,-0.1476,-221.3775,-1000.0,-10.086,-100.0,100,2258,0.9576
2024-01-01 00:56:02,3362,Grid Emergency,70.14,49.17,305.55,767,2285,100.0,0.6362,-0.0362,-54.36,-1000.0,33.4035,-100.0,100,2185,0.9562
2024-01-01 00:56:03,3363,Grid Emergency,63.19,65.84,353.96,714,1717,100.0,0.6698,-0.0698,-104.7675,-1000.0,-10.0815,-100.0,100,1617,0.9418
2024-01-01 00:56:04,3364,Grid Emergency,84.38,66.29,359.1,580,2069,100.0,0.7276,-0.1276,-191.4075,-1000.0,-17.328,-100.0,100,1969,0.9517
2024-01-01 00:56:05,3365,Grid Emergency,77.1,67.3,256.76,481,2480,100.0,0.6386,-0.0386,-57.945,-1000.0,26.6925,-100.0,100,2380,0.9597
2024-01-01 00:56:06,3366,Grid Emergency,74.48,77.33,351.79,779,2019,100.0,0.7468,-0.1468,-220.125,-1000.0,-32.436,-100.0,100,1919,0.9505
2024-01-01 00:56:07,3367,Grid Emergency,76.9,79.46,313.74,910,1725,100.0,0.7612,-0.1612,-241.755,-1000.0,-4.326,-100.0,100,1625,0.942
2024-01-01 00:56:08,3368,Grid Emergency,55.93,75.9,273.16,924,2434,100.0,0.6607,-0.0607,-91.0275,-1000.0,30.1455,-100.0,100,2334,0.9589
2024-01-01 00:56:09,3369,Grid Emergency,87.88,75.08,268.53,554,2473,100.0,0.7126,-0.1126,-168.9675,-1000.0,-15.588,-100.0,100,2373,0.9596
2024-01-01 00:56:10,3370,Grid Emergency,57.0,80.68,340.13,712,2210,100.0,0.6781,-0.0781,-117.0975,-1000.0,10.374,-100.0,100,2110,0.9548
2024-01-01 00:56:11,3371,Grid Emergency,76.65,66.38,374.16,859,2138,100.0,0.7502,-0.1502,-225.2325,-1000.0,-21.627,-100.0,100,2038,0.9532
2024-01-01 00:56:12,3372,Grid Emergency,66.0,78.45,218.98,764,2284,100.0,0.6512,-0.0512,-76.8225,-1000.0,29.682,-100.0,100,2184,0.9562
2024-01-01 00:56:13,3373,Grid Emergency,63.72,75.79,308.81,665,2340,100.0,0.6666,-0.0666,-99.975,-1000.0,-4.6305,-100.0,100,2240,0.9573
2024-01-01 00:56:14,3374,Grid Emergency,61.14,74.95,220.79,748,2110,100.0,0.624,-0.024,-35.94,-1000.0,12.807,-100.0,100,2010,0.9526
2024-01-01 00:56:15,3375,Grid Emergency,66.6,71.12,306.42,825,2240,100.0,0.6879,-0.0879,-131.79,-1000.0,-19.17,-100.0,100,2140,0.9554
2024-01-01 00:56:16,3376,Grid Emergency,76.53,70.33,288.75,689,2162,100.0,0.6914,-0.0914,-137.1075,-1000.0,-1.0635,-100.0,100,2062,0.9537
2024-01-01 00:56:17,3377,Grid Emergency,70.27,76.89,314.21,757,1749,100.0,0.7088,-0.1088,-163.2375,-1000.0,-5.226,-100.0,100,1649,0.9428
2024-01-01 00:56:18,3378,Grid Emergency,81.43,63.35,263.08,884,2274,100.0,0.7075,-0.1075,-161.28,-1000.0,0.3915,-100.0,100,2174,0.956
2024-01-01 00:56:19,3379,Grid Emergency,81.77,71.64,305.81,692,2294,100.0,0.722,-0.122,-183.0,-1000.0,-4.344,-100.0,100,2194,0.9564
2024-01-01 00:56:20,3380,Grid Emergency,83.33,67.45,403.26,700,1751,100.0,0.7669,-0.1669,-250.365,-1000.0,-13.473,-100.0,100,1651,0.9429
2024-01-01 00:56:21,3381,Grid Emergency,54.78,54.5,291.38,696,2270,100.0,0.5781,0.0219,32.895,-999.7807,56.652,-99.9781,100,2170,0.9559
2024-01-01 00:56:22,3382,Grid Emergency,71.71,74.75,312.02,721,1955,100.0,0.702,-0.102,-153.03,-1000.0,-37.185,-100.0,100,1855,0.9488
2024-01-01 00:56:23,3383,Grid Emergency,86.23,55.75,323.56,701,2295,100.0,0.7081,-0.1081,-162.165,-1000.0,-1.827,-100.0,100,2195,0.9564
2024-01-01 00:56:24,3384,Grid Emergency,71.79,68.07,298.0,859,2100,100.0,0.6993,-0.0993,-148.935,-1000.0,2.646,-100.0,100,2000,0.9524
2024-01-01 00:56:25,3385,Grid Emergency,91.7,70.18,310.98,705,2241,100.0,0.7576,-0.1576,-236.46,-1000.0,-17.505,-100.0,100,2141,0.9554
2024-01-01 00:56:26,3386,Grid Emergency,66.12,69.17,310.37,752,2187,100.0,0.6723,-0.0723,-108.495,-1000.0,25.593,-100.0,100,2087,0.9543
2024-01-01 00:56:27,3387,Grid Emergency,76.02,68.76,380.6,762,2751,100.0,0.7426,-0.1426,-213.855,-1000.0,-21.072,-100.0,100,2651,0.9636
2024-01-01 00:56:28,3388,Grid Emergency,72.5,75.67,277.33,860,1923,100.0,0.7106,-0.1106,-165.885,-1000.0,9.594,-100.0,100,1823,0.948
2024-01-01 00:56:29,3389,Grid Emergency,76.56,65.88,330.34,696,1902,100.0,0.7022,-0.1022,-153.345,-1000.0,2.508,-100.0,100,1802,0.9474
2024-01-01 00:56:30,3390,Grid Emergency,69.28,80.33,331.03,591,2373,100.0,0.6975,-0.0975,-146.205,-1000.0,1.428,-100.0,100,2273,0.9579
2024-01-01 00:56:31,3391,Grid Emergency,63.08,73.95,334.89,781,2563,100.0,0.6902,-0.0902,-135.375,-1000.0,2.166,-100.0,100,2463,0.961
2024-01-01 00:56:32,3392,Grid Emergency,63.71,72.89,366.68,655,1913,100.0,0.6868,-0.0868,-130.2,-1000.0,1.035,-100.0,100,1813,0.9477
2024-01-01 00:56:33,3393,Grid Emergency,69.13,70.6,246.53,775,1747,100.0,0.658,-0.058,-86.955,-1000.0,8.649,-100.0,100,1647,0.9428
2024-01-01 00:56:34,3394,Grid Emergency,84.93,72.11,396.09,786,2023,100.0,0.7935,-0.1935,-290.2125,-1000.0,-40.6515,-100.0,100,1923,0.9506
2024-01-01 00:56:35,3395,Grid Emergency,64.01,69.91,308.64,838,1867,100.0,0.6788,-0.0788,-118.245,-1000.0,34.3935,-100.0,100,1767,0.9464
2024-01-01 00:56:36,3396,Grid Emergency,92.21,78.2,300.84,899,1904,100.0,0.8035,-0.2035,-305.2575,-1000.0,-37.4025,-100.0,100,1804,0.9475
2024-01-01 00:56:37,3397,Grid Emergency,74.06,57.79,393.1,555,1739,100.0,0.6835,-0.0835,-125.2275,-1000.0,36.006,-100.0,100,1639,0.9425
2024-01-01 00:56:38,3398,Grid Emergency,65.65,78.58,352.97,732,2354,100.0,0.7125,-0.1125,-168.765,-1000.0,-8.7075,-100.0,100,2254,0.9575
2024-01-01 00:56:39,3399,Grid Emergency,70.85,71.38,384.33,695,1908,100.0,0.7228,-0.1228,-184.26,-1000.0,-3.099,-100.0,100,1808,0.9476
2024-01-01 00:56:40,3400,Grid Emergency,76.7,73.92,314.97,820,2049,100.0,0.7337,-0.1337,-200.6025,-1000.0,-3.2685,-100.0,100,1949,0.9512
2024-01-01 00:56:41,3401,Grid Emergency,73.28,71.0,322.93,881,2192,100.0,0.7276,-0.1276,-191.3925,-1000.0,1.842,-100.0,100,2092,0.9544
2024-01-01 00:56:42,3402,Grid Emergency,68.96,72.22,355.4,797,2279,100.0,0.7192,-0.1192,-178.74,-1000.0,2.5305,-100.0,100,2179,0.9561
2024-01-01 00:56:43,3403,Grid Emergency,57.02,48.06,367.39,763,2094,100.0,0.6179,-0.0179,-26.7975,-1000.0,30.3885,-100.0,100,1994,0.9522
2024-01-01 00:56:44,3404,Grid Emergency,78.94,83.42,373.61,816,1878,100.0,0.794,-0.194,-291.0675,-1000.0,-52.854,-100.0,100,1778,0.9468
2024-01-01 00:56:45,3405,Grid Emergency,64.43,48.91,338.51,830,2397,100.0,0.6415,-0.0415,-62.3025,-1000.0,45.753,-100.0,100,2297,0.9583
2024-01-01 00:56:46,3406,Grid Emergency,78.75,66.77,284.61,637,2059,100.0,0.6804,-0.0804,-120.6075,-1000.0,-11.661,-100.0,100,1959,0.9514
2024-01-01 00:56:47,3407,Grid Emergency,62.22,82.05,251.39,700,1615,100.0,0.6536,-0.0536,-80.385,-1000.0,8.0445,-100.0,100,1515,0.9381
2024-01-01 00:56:48,3408,Grid Emergency,74.97,67.98,293.94,626,2100,100.0,0.6732,-0.0732,-109.8225,-1000.0,-5.8875,-100.0,100,2000,0.9524
2024-01-01 00:56:49,3409,Grid Emergency,66.56,66.91,398.08,737,2233,100.0,0.7098,-0.1098,-164.7375,-1000.0,-10.983,-100.0,100,2133,0.9552
2024-01-01 00:56:50,3410,Grid Emergency,67.36,61.72,308.97,970,2028,100.0,0.69,-0.09,-135.0675,-1000.0,5.934,-100.0,100,1928,0.9507
2024-01-01 00:56:51,3411,Grid Emergency,75.61,61.37,186.01,641,2695,100.0,0.6072,-0.0072,-10.8225,-1000.0,24.849,-100.0,100,2595,0.9629
2024-01-01 00:56:52,3412,Grid Emergency,77.95,81.13,294.35,484,1822,100.0,0.6954,-0.0954,-143.1375,-1000.0,-26.463,-100.0,100,1722,0.9451
2024-01-01 00:56:53,3413,Grid Emergency,75.97,69.9,309.53,666,2334,100.0,0.6953,-0.0953,-142.965,-1000.0,0.0345,-100.0,100,2234,0.9572
2024-01-01 00:56:54,3414,Grid Emergency,66.99,70.46,318.79,683,1879,100.0,0.6725,-0.0725,-108.69,-1000.0,6.855,-100.0,100,1779,0.9468
2024-01-01 00:56:55,3415,Grid Emergency,67.73,82.99,360.06,822,1903,100.0,0.7479,-0.1479,-221.79,-1000.0,-22.62,-100.0,100,1803,0.9475
2024-01-01 00:56:56,3416,Grid Emergency,57.62,76.77,350.71,733,2007,100.0,0.6789,-0.0789,-118.35,-1000.0,20.688,-100.0,100,1907,0.9502
2024-01-01 00:56:57,3417,Grid Emergency,57.36,74.94,363.38,652,1909,100.0,0.6676,-0.0676,-101.4,-1000.0,3.39,-100.0,100,1809,0.9476
2024-01-01 00:56:58,3418,Grid Emergency,84.41,62.87,390.06,709,2003,100.0,0.754,-0.154,-230.985,-1000.0,-25.917,-100.0,100,1903,0.9501
2024-01-01 00:56:59,3419,Grid Emergency,72.45,64.91,360.68,808,2372,100.0,0.7174,-0.1174,-176.085,-1000.0,10.98,-100.0,100,2272,0.9578
2024-01-01 00:57:00,3420,Grid Emergency,73.85,64.35,309.59,677,2466,100.0,0.6757,-0.0757,-113.5425,-1000.0,12.5085,-100.0,100,2366,0.9594
2024-01-01 00:57:01,3421,Grid Emergency,82.02,67.27,268.31,874,2134,100.0,0.7205,-0.1205,-180.75,-1000.0,-13.4415,-100.0,100,2034,0.9531
2024-01-01 00:57:02,3422,Grid Emergency,70.7,80.4,287.05,688,2042,100.0,0.6952,-0.0952,-142.7625,-1000.0,7.5975,-100.0,100,1942,0.951
2024-01-01 00:57:03,3423,Grid Emergency,58.83,70.53,275.69,662,1923,100.0,0.6194,-0.0194,-29.0625,-1000.0,22.74,-100.0,100,1823,0.948
2024-01-01 00:57:04,3424,Grid Emergency,66.13,61.29,321.12,704,2112,100.0,0.6508,-0.0508,-76.26,-1000.0,-9.4395,-100.0,100,2012,0.9527
2024-01-01 00:57:05,3425,Grid Emergency,95.54,66.76,337.22,791,2084,100.0,0.7886,-0.1886,-282.825,-1000.0,-41.313,-100.0,100,1984,0.952
2024-01-01 00:57:06,3426,Grid Emergency,74.74,68.17,319.12,661,1976,100.0,0.6907,-0.0907,-136.0875,-1000.0,29.3475,-100.0,100,1876,0.9494
2024-01-01 00:57:07,3427,Grid Emergency,72.17,52.22,377.32,936,2142,100.0,0.7122,-0.1122,-168.3075,-1000.0,-6.444,-100.0,100,2042,0.9533
2024-01-01 00:57:08,3428,Grid Emergency,78.65,76.65,250.39,812,1993,100.0,0.7139,-0.1139,-170.8425,-1000.0,-0.507,-100.0,100,1893,0.9498
2024-01-01 00:57:09,3429,Grid Emergency,94.91,66.49,350.87,702,2649,100.0,0.7791,-0.1791,-268.7175,-1000.0,-19.575,-100.0,100,2549,0.9622
2024-01-01 00:57:10,3430,Grid Emergency,66.88,77.32,338.2,760,2157,100.0,0.7105,-0.1105,-165.72,-1000.0,20.5995,-100.0,100,2057,0.9536
2024-01-01 00:57:11,3431,Grid Emergency,65.33,47.31,358.35,671,2392,100.0,0.6268,-0.0268,-40.1325,-1000.0,25.1175,-100.0,100,2292,0.9582
2024-01-01 00:57:12,3432,Grid Emergency,75.52,77.6,346.09,473,2253,100.0,0.7023,-0.1023,-153.4725,-1000.0,-22.668,-100.0,100,2153,0.9556
2024-01-01 00:57:13,3433,Grid Emergency,68.56,77.32,336.6,780,2031,100.0,0.7186,-0.1186,-177.84,-1000.0,-4.8735,-100.0,100,1931,0.9508
2024-01-01 00:57:14,3434,Grid Emergency,62.87,64.54,229.0,660,1733,100.0,0.5949,0.0051,7.6575,-999.9489,37.0995,-99.9949,100,1633,0.9423
2024-01-01 00:57:15,3435,Grid Emergency,57.62,68.93,334.03,716,1975,100.0,0.6484,-0.0484,-72.615,-1000.0,-16.0545,-100.0,100,1875,0.9494
2024-01-01 00:57:16,3436,Grid Emergency,62.53,65.46,273.0,713,1719,100.0,0.626,-0.026,-38.9325,-1000.0,6.7365,-100.0,100,1619,0.9418
2024-01-01 00:57:17,3437,Grid Emergency,79.01,63.46,326.93,808,2181,100.0,0.7198,-0.1199,-179.775,-1000.0,-28.1685,-100.0,100,2081,0.9541
2024-01-01 00:57:18,3438,Grid Emergency,79.99,51.47,287.82,830,2227,100.0,0.677,-0.077,-115.575,-1000.0,12.84,-100.0,100,2127,0.9551
2024-01-01 00:57:19,3439,Grid Emergency,90.48,81.64,323.48,694,1860,100.0,0.7866,-0.1866,-279.93,-1000.0,-32.871,-100.0,100,1760,0.9462
2024-01-01 00:57:20,3440,Grid Emergency,67.24,64.73,283.3,628,2200,100.0,0.633,-0.033,-49.5225,-1000.0,46.0815,-100.0,100,2100,0.9545
2024-01-01 00:57:21,3441,Grid Emergency,88.97,75.47,295.49,821,2186,100.0,0.771,-0.171,-256.4475,-1000.0,-41.385,-100.0,100,2086,0.9543
2024-01-01 00:57:22,3442,Grid Emergency,71.59,67.18,301.0,785,2134,100.0,0.6868,-0.0868,-130.1475,-1000.0,25.26,-100.0,100,2034,0.9531
2024-01-01 00:57:23,3443,Grid Emergency,64.72,61.79,323.77,762,2021,100.0,0.6572,-0.0572,-85.77,-1000.0,8.8755,-100.0,100,1921,0.9505
2024-01-01 00:57:24,3444,Grid Emergency,60.68,78.01,356.74,521,2434,100.0,0.6639,-0.0639,-95.8875,-1000.0,-2.0235,-100.0,100,2334,0.9589
2024-01-01 00:57:25,3445,Grid Emergency,69.91,69.52,361.22,885,2350,100.0,0.7318,-0.1318,-197.7675,-1000.0,-20.376,-100.0,100,2250,0.9574
2024-01-01 00:57:26,3446,Grid Emergency,74.41,56.99,218.82,807,2435,100.0,0.6334,-0.0334,-50.055,-1000.0,29.5425,-100.0,100,2335,0.9589
2024-01-01 00:57:27,3447,Grid Emergency,63.85,65.84,284.92,661,2368,100.0,0.6297,-0.0297,-44.5275,-1000.0,1.1055,-100.0,100,2268,0.9578
2024-01-01 00:57:28,3448,Grid Emergency,74.18,66.17,429.59,576,2236,100.0,0.7262,-0.1262,-189.375,-1000.0,-28.9695,-100.0,100,2136,0.9553
2024-01-01 00:57:29,3449,Grid Emergency,61.51,66.74,316.69,804,2034,100.0,0.6611,-0.0611,-91.62,-1000.0,19.551,-100.0,100,1934,0.9508
2024-01-01 00:57:30,3450,Grid Emergency,68.33,65.77,261.4,783,2170,100.0,0.6517,-0.0517,-77.595,-1000.0,2.805,-100.0,100,2070,0.9539
2024-01-01 00:57:31,3451,Grid Emergency,76.35,67.44,301.32,837,2355,100.0,0.712,-0.112,-168.0525,-1000.0,-18.0915,-100.0,100,2255,0.9575
2024-01-01 00:57:32,3452,Grid Emergency,86.15,70.98,370.87,678,2049,100.0,0.7661,-0.1661,-249.165,-1000.0,-16.2225,-100.0,100,1949,0.9512
2024-01-01 00:57:33,3453,Grid Emergency,83.95,74.75,296.93,615,2049,100.0,0.7214,-0.1214,-182.1225,-1000.0,13.4085,-100.0,100,1949,0.9512
2024-01-01 00:57:34,3454,Grid Emergency,65.15,81.8,344.2,643,1838,100.0,0.7011,-0.1011,-151.6125,-1000.0,6.102,-100.0,100,1738,0.9456
2024-01-01 00:57:35,3455,Grid Emergency,64.22,63.53,302.5,831,1858,100.0,0.6595,-0.0595,-89.2425,-1000.0,12.474,-100.0,100,1758,0.9462
2024-01-01 00:57:36,3456,Grid Emergency,94.9,60.45,246.59,888,2430,100.0,0.7398,-0.1398,-209.655,-1000.0,-24.0825,-100.0,100,2330,0.9588
2024-01-01 00:57:37,3457,Grid Emergency,70.18,71.05,328.3,733,1775,100.0,0.6974,-0.0974,-146.0325,-1000.0,12.7245,-100.0,100,1675,0.9437
2024-01-01 00:57:38,3458,Grid Emergency,47.18,61.24,391.73,905,2034,100.0,0.6498,-0.0498,-74.7675,-1000.0,14.253,-100.0,100,1934,0.9508
2024-01-01 00:57:39,3459,Grid Emergency,62.42,70.22,329.75,780,1468,100.0,0.6759,-0.0759,-113.8425,-1000.0,-7.815,-100.0,100,1368,0.9319
2024-01-01 00:57:40,3460,Grid Emergency,99.0,77.06,301.1,648,2346,100.0,0.7869,-0.1869,-280.35,-1000.0,-33.3015,-100.0,100,2246,0.9574
2024-01-01 00:57:41,3461,Grid Emergency,76.95,68.74,330.63,708,2200,100.0,0.7127,-0.1127,-169.035,-1000.0,22.263,-100.0,100,2100,0.9545
2024-01-01 00:57:42,3462,Grid Emergency,79.26,70.75,323.09,859,1700,100.0,0.7447,-0.1447,-217.02,-1000.0,-9.597,-100.0,100,1600,0.9412
2024-01-01 00:57:43,3463,Grid Emergency,64.02,68.21,277.16,680,2421,100.0,0.6352,-0.0352,-52.7625,-1000.0,32.8515,-100.0,100,2321,0.9587
2024-01-01 00:57:44,3464,Grid Emergency,70.51,53.37,290.95,725,2109,100.0,0.6344,-0.0344,-51.6525,-1000.0,0.222,-100.0,100,2009,0.9526
2024-01-01 00:57:45,3465,Grid Emergency,77.56,71.8,303.75,600,1989,100.0,0.6928,-0.0928,-139.2525,-1000.0,-17.52,-100.0,100,1889,0.9497
2024-01-01 00:57:46,3466,Grid Emergency,65.77,65.72,341.1,760,2306,100.0,0.679,-0.079,-118.5675,-1000.0,4.137,-100.0,100,2206,0.9566
2024-01-01 00:57:47,3467,Grid Emergency,68.16,80.07,340.28,731,2250,100.0,0.7185,-0.1185,-177.7875,-1000.0,-11.844,-100.0,100,2150,0.9556
2024-01-01 00:57:48,3468,Grid Emergency,65.24,51.13,282.7,794,2120,100.0,0.6166,-0.0166,-24.9225,-1000.0,30.573,-100.0,100,2020,0.9528
2024-01-01 00:57:49,3469,Grid Emergency,70.63,61.22,221.99,862,2048,100.0,0.6405,-0.0405,-60.825,-1000.0,-7.1805,-100.0,100,1948,0.9512
2024-01-01 00:57:50,3470,Grid Emergency,67.7,62.63,366.45,808,1858,100.0,0.6979,-0.0979,-146.925,-1000.0,-17.22,-100.0,100,1758,0.9462
2024-01-01 00:57:51,3471,Grid Emergency,83.65,66.84,282.53,690,1904,100.0,0.7046,-0.1046,-156.96,-1000.0,-2.007,-100.0,100,1804,0.9475
2024-01-01 00:57:52,3472,Grid Emergency,58.79,74.21,300.07,781,2171,100.0,0.6585,-0.0585,-87.7125,-1000.0,13.8495,-100.0,100,2071,0.9539
2024-01-01 00:57:53,3473,Grid Emergency,77.49,51.63,271.0,776,1781,100.0,0.6522,-0.0522,-78.285,-1000.0,1.8855,-100.0,100,1681,0.9439
2024-01-01 00:57:54,3474,Grid Emergency,75.73,56.87,310.74,880,2293,100.0,0.6946,-0.0946,-141.9,-1000.0,-12.723,-100.0,100,2193,0.9564
2024-01-01 00:57:55,3475,Grid Emergency,53.49,74.79,392.0,999,2218,100.0,0.72,-0.12,-180.06,-1000.0,-7.632,-100.0,100,2118,0.9549
2024-01-01 00:57:56,3476,Grid Emergency,58.36,71.48,381.82,701,2360,100.0,0.679,-0.079,-118.53,-1000.0,12.306,-100.0,100,2260,0.9576
2024-01-01 00:57:57,3477,Grid Emergency,63.6,70.98,197.97,624,2098,100.0,0.5926,0.0074,11.0475,-999.9264,25.9155,-99.9926,100,1998,0.9523
2024-01-01 00:57:58,3478,Grid Emergency,68.37,57.6,287.52,752,2078,100.0,0.6399,-0.0399,-59.7825,-1000.0,-14.166,-100.0,100,1978,0.9519
2024-01-01 00:57:59,3479,Grid Emergency,72.61,73.86,294.56,855,1852,100.0,0.7143,-0.1143,-171.4725,-1000.0,-22.338,-100.0,100,1752,0.946
2024-01-01 00:58:00,3480,Grid Emergency,91.28,76.9,293.98,691,2151,100.0,0.7624,-0.1624,-243.555,-1000.0,-14.4165,-100.0,100,2051,0.9535
2024-01-01 00:58:01,3481,Grid Emergency,77.99,76.76,249.67,763,1570,100.0,0.7042,-0.1042,-156.225,-1000.0,17.466,-100.0,100,1470,0.9363
2024-01-01 00:58:02,3482,Grid Emergency,70.23,79.63,246.21,560,2155,100.0,0.652,-0.052,-77.9775,-1000.0,15.6495,-100.0,100,2055,0.9536
2024-01-01 00:58:03,3483,Grid Emergency,85.87,70.6,224.29,551,2124,100.0,0.6718,-0.0718,-107.76,-1000.0,-5.9565,-100.0,100,2024,0.9529
2024-01-01 00:58:04,3484,Grid Emergency,60.21,69.09,318.82,671,2553,100.0,0.6435,-0.0435,-65.28,-1000.0,8.496,-100.0,100,2453,0.9608
2024-01-01 00:58:05,3485,Grid Emergency,77.9,77.69,351.43,704,2051,100.0,0.7482,-0.1482,-222.285,-1000.0,-31.401,-100.0,100,1951,0.9512
2024-01-01 00:58:06,3486,Grid Emergency,69.02,73.45,280.73,892,1913,100.0,0.6994,-0.0994,-149.04,-1000.0,14.649,-100.0,100,1813,0.9477
2024-01-01 00:58:07,3487,Grid Emergency,74.14,66.17,289.71,937,1990,100.0,0.7103,-0.1103,-165.48,-1000.0,-3.288,-100.0,100,1890,0.9497
2024-01-01 00:58:08,3488,Grid Emergency,68.95,62.69,311.85,709,1820,100.0,0.6603,-0.0603,-90.4875,-1000.0,14.9985,-100.0,100,1720,0.9451
2024-01-01 00:58:09,3489,Grid Emergency,67.76,72.88,356.21,722,2114,100.0,0.7058,-0.1058,-158.6475,-1000.0,-13.632,-100.0,100,2014,0.9527
2024-01-01 00:58:10,3490,Grid Emergency,68.39,63.98,268.62,564,1924,100.0,0.6182,-0.0182,-27.3375,-1000.0,26.262,-100.0,100,1824,0.948
2024-01-01 00:58:11,3491,Grid Emergency,81.04,64.6,294.43,683,2411,100.0,0.6948,-0.0948,-142.2075,-1000.0,-22.974,-100.0,100,2311,0.9585
2024-01-01 00:58:12,3492,Grid Emergency,62.72,70.22,306.92,726,2161,100.0,0.6574,-0.0574,-86.145,-1000.0,11.2125,-100.0,100,2061,0.9537
2024-01-01 00:58:13,3493,Grid Emergency,72.57,74.34,308.68,894,2111,100.0,0.7283,-0.1283,-192.4275,-1000.0,-21.2565,-100.0,100,2011,0.9526
2024-01-01 00:58:14,3494,Grid Emergency,54.97,73.11,327.64,723,2035,100.0,0.6474,-0.0474,-71.16,-1000.0,24.2535,-100.0,100,1935,0.9509
2024-01-01 00:58:15,3495,Grid Emergency,50.85,52.43,384.14,661,2341,100.0,0.6003,-0.0003,-0.405,-1000.0,14.151,-100.0,100,2241,0.9573
2024-01-01 00:58:16,3496,Grid Emergency,55.97,59.63,340.54,709,2234,100.0,0.6216,-0.0216,-32.385,-1000.0,-6.396,-100.0,100,2134,0.9552
2024-01-01 00:58:17,3497,Grid Emergency,71.86,66.34,279.4,600,2450,100.0,0.6471,-0.0471,-70.59,-1000.0,-7.641,-100.0,100,2350,0.9592
2024-01-01 00:58:18,3498,Grid Emergency,87.67,59.69,260.32,685,2185,100.0,0.689,-0.089,-133.47,-1000.0,-12.576,-100.0,100,2085,0.9542
2024-01-01 00:58:19,3499,Grid Emergency,70.18,72.0,307.78,708,2703,100.0,0.6857,-0.0857,-128.58,-1000.0,0.978,-100.0,100,2603,0.963
2024-01-01 00:58:20,3500,Grid Emergency,66.75,81.12,375.11,770,1618,100.0,0.7395,-0.1395,-209.22,-1000.0,-16.128,-100.0,100,1518,0.9382
2024-01-01 00:58:21,3501,Grid Emergency,72.31,63.88,310.9,613,2289,100.0,0.6602,-0.0602,-90.2775,-1000.0,23.7885,-100.0,100,2189,0.9563
2024-01-01 00:58:22,3502,Grid Emergency,81.85,77.36,292.8,614,2187,100.0,0.7184,-0.1184,-177.5625,-1000.0,-17.457,-100.0,100,2087,0.9543
2024-01-01 00:58:23,3503,Grid Emergency,89.56,68.56,330.35,696,1974,100.0,0.7544,-0.1544,-231.6525,-1000.0,-10.818,-100.0,100,1874,0.9493
2024-01-01 00:58:24,3504,Grid Emergency,78.58,67.15,328.16,770,2186,100.0,0.7225,-0.1225,-183.7275,-1000.0,9.585,-100.0,100,2086,0.9543
2024-01-01 00:58:25,3505,Grid Emergency,77.58,61.18,268.87,715,2095,100.0,0.6662,-0.0662,-99.2475,-1000.0,16.896,-100.0,100,1995,0.9523
2024-01-01 00:58:26,3506,Grid Emergency,66.78,69.93,350.87,838,2453,100.0,0.7097,-0.1097,-164.535,-1000.0,-13.0575,-100.0,100,2353,0.9592
2024-01-01 00:58:27,3507,Grid Emergency,58.85,58.7,296.97,728,2040,100.0,0.6104,-0.0104,-15.615,-1000.0,29.784,-100.0,100,1940,0.951
2024-01-01 00:58:28,3508,Grid Emergency,66.47,65.56,331.75,587,2685,100.0,0.6505,-0.0505,-75.705,-1000.0,-12.018,-100.0,100,2585,0.9628
2024-01-01 00:58:29,3509,Grid Emergency,72.21,76.41,283.9,777,2125,100.0,0.7023,-0.1023,-153.39,-1000.0,-15.537,-100.0,100,2025,0.9529
2024-01-01 00:58:30,3510,Grid Emergency,80.57,66.41,379.82,570,2337,100.0,0.7234,-0.1234,-185.145,-1000.0,-6.351,-100.0,100,2237,0.9572
2024-01-01 00:58:31,3511,Grid Emergency,73.19,59.85,397.84,904,1581,100.0,0.7403,-0.1403,-210.465,-1000.0,-5.064,-100.0,100,1481,0.9367
2024-01-01 00:58:32,3512,Grid Emergency,73.77,73.65,329.88,871,2426,100.0,0.7379,-0.1379,-206.865,-1000.0,0.72,-100.0,100,2326,0.9588
2024-01-01 00:58:33,3513,Grid Emergency,74.65,86.22,352.16,684,1961,100.0,0.7555,-0.1555,-233.2575,-1000.0,-5.2785,-100.0,100,1861,0.949
2024-01-01 00:58:34,3514,Grid Emergency,84.43,61.66,291.56,696,2188,100.0,0.6998,-0.0998,-149.7525,-1000.0,16.701,-100.0,100,2088,0.9543
2024-01-01 00:58:35,3515,Grid Emergency,70.07,57.46,362.29,679,2604,100.0,0.6719,-0.0719,-107.835,-1000.0,8.3835,-100.0,100,2504,0.9616
2024-01-01 00:58:36,3516,Grid Emergency,75.04,78.14,338.39,851,2242,100.0,0.7548,-0.1548,-232.2525,-1000.0,-24.8835,-100.0,100,2142,0.9554
2024-01-01 00:58:37,3517,Grid Emergency,74.35,76.75,421.87,693,2298,100.0,0.767,-0.167,-250.4775,-1000.0,-3.645,-100.0,100,2198,0.9565
2024-01-01 00:58:38,3518,Grid Emergency,71.95,72.05,311.9,504,2049,100.0,0.6635,-0.0635,-95.25,-1000.0,31.0455,-100.0,100,1949,0.9512
2024-01-01 00:58:39,3519,Grid Emergency,82.0,61.88,351.44,738,2052,100.0,0.7281,-0.1281,-192.18,-1000.0,-19.386,-100.0,100,1952,0.9513
2024-01-01 00:58:40,3520,Grid Emergency,81.06,73.45,328.92,821,2150,100.0,0.7549,-0.1549,-232.4175,-1000.0,-8.0475,-100.0,100,2050,0.9535
2024-01-01 00:58:41,3521,Grid Emergency,55.55,64.98,228.8,785,2324,100.0,0.589,0.011,16.4625,-999.8902,49.776,-99.989,100,2224,0.957
2024-01-01 00:58:42,3522,Grid Emergency,81.42,71.91,353.56,562,2073,100.0,0.7258,-0.1258,-188.7375,-1000.0,-41.04,-100.0,100,1973,0.9518
2024-01-01 00:58:43,3523,Grid Emergency,57.85,65.13,382.73,829,2265,100.0,0.681,-0.081,-121.5225,-1000.0,13.443,-100.0,100,2165,0.9558
2024-01-01 00:58:44,3524,Grid Emergency,70.18,60.05,318.42,831,2202,100.0,0.6796,-0.0796,-119.4225,-1000.0,0.42,-100.0,100,2102,0.9546
2024-01-01 00:58:45,3525,Grid Emergency,56.14,68.84,223.9,800,1926,100.0,0.6005,-0.0005,-0.81,-1000.0,23.7225,-100.0,100,1826,0.9481
2024-01-01 00:58:46,3526,Grid Emergency,59.77,74.54,335.17,743,2647,100.0,0.6746,-0.0746,-111.87,-1000.0,-22.212,-100.0,100,2547,0.9622
2024-01-01 00:58:47,3527,Grid Emergency,78.35,62.84,333.36,691,2416,100.0,0.7017,-0.1017,-152.4825,-1000.0,-8.1225,-100.0,100,2316,0.9586
2024-01-01 00:58:48,3528,Grid Emergency,74.81,71.04,245.09,726,2085,100.0,0.6709,-0.0709,-106.32,-1000.0,9.2325,-100.0,100,1985,0.952
2024-01-01 00:58:49,3529,Grid Emergency,61.76,66.23,329.61,719,1746,100.0,0.6544,-0.0544,-81.585,-1000.0,4.947,-100.0,100,1646,0.9427
2024-01-01 00:58:50,3530,Grid Emergency,69.27,64.26,318.71,728,1997,100.0,0.6716,-0.0716,-107.475,-1000.0,-5.178,-100.0,100,1897,0.9499
2024-01-01 00:58:51,3531,Grid Emergency,67.49,68.54,353.33,747,2455,100.0,0.6963,-0.0963,-144.42,-1000.0,-7.389,-100.0,100,2355,0.9593
2024-01-01 00:58:52,3532,Grid Emergency,83.33,79.97,371.59,876,1811,100.0,0.8088,-0.2088,-313.1625,-1000.0,-33.7485,-100.0,100,1711,0.9448
2024-01-01 00:58:53,3533,Grid Emergency,78.47,77.75,372.96,642,2264,100.0,0.7518,-0.1518,-227.7,-1000.0,17.0925,-100.0,100,2164,0.9558
2024-01-01 00:58:54,3534,Grid Emergency,72.75,82.78,247.57,643,1647,100.0,0.6818,-0.0818,-122.715,-1000.0,20.997,-100.0,100,1547,0.9393
2024-01-01 00:58:55,3535,Grid Emergency,73.45,86.11,308.0,730,2237,100.0,0.7359,-0.1359,-203.775,-1000.0,-16.212,-100.0,100,2137,0.9553
2024-01-01 00:58:56,3536,Grid Emergency,70.84,70.93,327.65,635,2076,100.0,0.6843,-0.0843,-126.51,-1000.0,15.453,-100.0,100,1976,0.9518
2024-01-01 00:58:57,3537,Grid Emergency,79.42,75.43,368.43,753,2188,100.0,0.7637,-0.1637,-245.565,-1000.0,-23.811,-100.0,100,2088,0.9543
2024-01-01 00:58:58,3538,Grid Emergency,79.5,63.24,281.39,707,1781,100.0,0.6831,-0.0831,-124.6425,-1000.0,24.1845,-100.0,100,1681,0.9439
2024-01-01 00:58:59,3539,Grid Emergency,76.07,76.39,278.05,763,1942,100.0,0.7107,-0.1107,-166.0425,-1000.0,-8.28,-100.0,100,1842,0.9485
2024-01-01 00:59:00,3540,Grid Emergency,61.83,84.44,264.9,592,2153,100.0,0.6488,-0.0488,-73.1325,-1000.0,18.582,-100.0,100,2053,0.9536
2024-01-01 00:59:01,3541,Grid Emergency,74.69,73.34,400.06,642,1955,100.0,0.7411,-0.1411,-211.6425,-1000.0,-27.702,-100.0,100,1855,0.9488
2024-01-01 00:59:02,3542,Grid Emergency,88.09,75.51,346.0,661,2381,100.0,0.7692,-0.1692,-253.86,-1000.0,-8.4435,-100.0,100,2281,0.958
2024-01-01 00:59:03,3543,Grid Emergency,80.03,69.52,283.68,730,2512,100.0,0.7052,-0.1052,-157.8675,-1000.0,19.1985,-100.0,100,2412,0.9602
2024-01-01 00:59:04,3544,Grid Emergency,61.06,61.6,281.75,678,2096,100.0,0.6103,-0.0103,-15.4275,-1000.0,28.488,-100.0,100,1996,0.9523
2024-01-01 00:59:05,3545,Grid Emergency,81.59,71.69,312.74,747,2255,100.0,0.7332,-0.1332,-199.815,-1000.0,-36.8775,-100.0,100,2155,0.9557
2024-01-01 00:59:06,3546,Grid Emergency,55.18,76.57,272.81,675,2185,100.0,0.6222,-0.0222,-33.315,-1000.0,33.3,-100.0,100,2085,0.9542
2024-01-01 00:59:07,3547,Grid Emergency,71.25,71.9,316.38,691,2482,100.0,0.691,-0.091,-136.4475,-1000.0,-20.6265,-100.0,100,2382,0.9597
2024-01-01 00:59:08,3548,Grid Emergency,79.08,70.42,341.16,649,2643,100.0,0.7208,-0.1208,-181.14,-1000.0,-8.9385,-100.0,100,2543,0.9622
2024-01-01 00:59:09,3549,Grid Emergency,61.12,68.91,297.11,687,1986,100.0,0.6378,-0.0378,-56.7,-1000.0,24.888,-100.0,100,1886,0.9496
2024-01-01 00:59:10,3550,Grid Emergency,64.28,77.51,255.79,818,2262,100.0,0.6694,-0.0694,-104.025,-1000.0,-9.465,-100.0,100,2162,0.9558
2024-01-01 00:59:11,3551,Grid Emergency,68.19,72.26,302.89,609,1827,100.0,0.6621,-0.0621,-93.165,-1000.0,2.172,-100.0,100,1727,0.9453
2024-01-01 00:59:12,3552,Grid Emergency,78.55,72.83,320.89,680,2052,100.0,0.7194,-0.1194,-179.1675,-1000.0,-17.2005,-100.0,100,1952,0.9513
2024-01-01 00:59:13,3553,Grid Emergency,68.74,54.02,312.76,772,2116,100.0,0.6478,-0.0478,-71.73,-1000.0,21.4875,-100.0,100,2016,0.9527
2024-01-01 00:59:14,3554,Grid Emergency,89.69,59.96,280.25,733,2160,100.0,0.7139,-0.1139,-170.835,-1000.0,-19.821,-100.0,100,2060,0.9537
2024-01-01 00:59:15,3555,Grid Emergency,52.99,72.82,321.17,508,2070,100.0,0.6043,-0.0043,-6.45,-1000.0,32.877,-100.0,100,1970,0.9517
2024-01-01 00:59:16,3556,Grid Emergency,63.91,64.37,249.79,761,2540,100.0,0.6237,-0.0237,-35.4825,-1000.0,-5.8065,-100.0,100,2440,0.9606
2024-01-01 00:59:17,3557,Grid Emergency,74.65,50.72,322.85,700,1824,100.0,0.6545,-0.0545,-81.75,-1000.0,-9.2535,-100.0,100,1724,0.9452
2024-01-01 00:59:18,3558,Grid Emergency,75.54,75.04,279.92,555,1597,100.0,0.6752,-0.0752,-112.8,-1000.0,-6.21,-100.0,100,1497,0.9374
2024-01-01 00:59:19,3559,Grid Emergency,65.34,66.76,286.78,651,2241,100.0,0.6366,-0.0366,-54.945,-1000.0,11.571,-100.0,100,2141,0.9554
2024-01-01 00:59:20,3560,Grid Emergency,76.63,69.6,346.74,654,1826,100.0,0.7137,-0.1137,-170.5125,-1000.0,-23.1135,-100.0,100,1726,0.9452
2024-01-01 00:59:21,3561,Grid Emergency,66.78,63.27,217.69,665,2376,100.0,0.6005,-0.0005,-0.75,-1000.0,33.9525,-100.0,100,2276,0.9579
2024-01-01 00:59:22,3562,Grid Emergency,80.01,72.2,315.92,864,1834,100.0,0.7481,-0.1481,-222.1425,-1000.0,-44.2785,-100.0,100,1734,0.9455
2024-01-01 00:59:23,3563,Grid Emergency,62.35,76.99,311.24,652,2237,100.0,0.6641,-0.0641,-96.18,-1000.0,25.1925,-100.0,100,2137,0.9553
2024-01-01 00:59:24,3564,Grid Emergency,67.62,61.3,271.06,752,2151,100.0,0.6382,-0.0383,-57.375,-1000.0,7.761,-100.0,100,2051,0.9535
2024-01-01 00:59:25,3565,Grid Emergency,87.17,65.68,296.18,863,2346,100.0,0.7468,-0.1468,-220.2525,-1000.0,-32.5755,-100.0,100,2246,0.9574
2024-01-01 00:59:26,3566,Grid Emergency,73.45,55.51,273.47,614,2109,100.0,0.6247,-0.0247,-37.0275,-1000.0,36.645,-100.0,100,2009,0.9526
2024-01-01 00:59:27,3567,Grid Emergency,66.92,80.82,239.29,603,2161,100.0,0.6464,-0.0464,-69.5475,-1000.0,-6.504,-100.0,100,2061,0.9537
2024-01-01 00:59:28,3568,Grid Emergency,77.21,47.3,231.91,693,2439,100.0,0.6084,-0.0084,-12.585,-1000.0,11.3925,-100.0,100,2339,0.959
2024-01-01 00:59:29,3569,Grid Emergency,90.88,64.68,302.32,636,2258,100.0,0.7263,-0.1263,-189.51,-1000.0,-35.385,-100.0,100,2158,0.9557
2024-01-01 00:59:30,3570,Grid Emergency,87.29,78.05,308.69,636,2102,100.0,0.7504,-0.1504,-225.5775,-1000.0,-7.2135,-100.0,100,2002,0.9524
2024-01-01 00:59:31,3571,Grid Emergency,85.81,64.8,228.31,683,2030,100.0,0.6789,-0.0789,-118.41,-1000.0,21.4335,-100.0,100,1930,0.9507
2024-01-01 00:59:32,3572,Grid Emergency,53.79,69.86,332.77,905,1766,100.0,0.6651,-0.0651,-97.575,-1000.0,4.167,-100.0,100,1666,0.9434
2024-01-01 00:59:33,3573,Grid Emergency,79.31,75.73,333.38,619,1833,100.0,0.7264,-0.1264,-189.675,-1000.0,-18.42,-100.0,100,1733,0.9454
2024-01-01 00:59:34,3574,Grid Emergency,72.97,68.72,284.83,849,1999,100.0,0.697,-0.097,-145.44,-1000.0,8.847,-100.0,100,1899,0.95
2024-01-01 00:59:35,3575,Grid Emergency,53.06,66.21,331.61,754,2183,100.0,0.6301,-0.0301,-45.21,-1000.0,20.046,-100.0,100,2083,0.9542
2024-01-01 00:59:36,3576,Grid Emergency,86.94,59.08,290.93,874,1608,100.0,0.7286,-0.1286,-192.8325,-1000.0,-29.5245,-100.0,100,1508,0.9378
2024-01-01 00:59:37,3577,Grid Emergency,71.46,77.83,364.63,786,2271,100.0,0.7449,-0.1449,-217.35,-1000.0,-4.9035,-100.0,100,2171,0.956
2024-01-01 00:59:38,3578,Grid Emergency,61.59,78.99,256.0,605,2196,100.0,0.6318,-0.0318,-47.685,-1000.0,33.933,-100.0,100,2096,0.9545
2024-01-01 00:59:39,3579,Grid Emergency,67.07,69.65,329.38,897,2208,100.0,0.7081,-0.1081,-162.165,-1000.0,-22.896,-100.0,100,2108,0.9547
2024-01-01 00:59:40,3580,Grid Emergency,65.81,73.41,272.57,811,2116,100.0,0.6718,-0.0718,-107.6925,-1000.0,10.8945,-100.0,100,2016,0.9527
2024-01-01 00:59:41,3581,Grid Emergency,76.01,53.75,208.72,569,2536,100.0,0.5901,0.0099,14.82,-999.9012,24.5025,-99.9901,100,2436,0.9606
2024-01-01 00:59:42,3582,Grid Emergency,60.52,73.86,281.11,695,2088,100.0,0.6413,-0.0413,-61.9125,-1000.0,-15.3465,-100.0,100,1988,0.9521
2024-01-01 00:59:43,3583,Grid Emergency,88.44,72.68,327.33,849,1941,100.0,0.7823,-0.1823,-273.3825,-1000.0,-42.294,-100.0,100,1841,0.9485
2024-01-01 00:59:44,3584,Grid Emergency,82.68,75.21,350.05,704,1990,100.0,0.758,-0.158,-237.045,-1000.0,7.2675,-100.0,100,1890,0.9497
2024-01-01 00:59:45,3585,Grid Emergency,63.3,61.54,268.73,756,2042,100.0,0.6232,-0.0232,-34.7475,-1000.0,40.4595,-100.0,100,1942,0.951
2024-01-01 00:59:46,3586,Grid Emergency,76.31,71.9,262.31,611,2042,100.0,0.6696,-0.0696,-104.46,-1000.0,-13.9425,-100.0,100,1942,0.951
2024-01-01 00:59:47,3587,Grid Emergency,64.25,60.96,386.31,566,2605,100.0,0.6553,-0.0553,-82.995,-1000.0,4.293,-100.0,100,2505,0.9616
2024-01-01 00:59:48,3588,Grid Emergency,74.89,75.89,349.07,781,2515,100.0,0.7435,-0.1435,-215.2875,-1000.0,-26.4585,-100.0,100,2415,0.9602
2024-01-01 00:59:49,3589,Grid Emergency,61.18,66.75,271.62,550,1934,100.0,0.5993,0.0007,1.0275,-999.9932,43.263,-99.9993,100,1834,0.9483
2024-01-01 00:59:50,3590,Grid Emergency,90.73,66.61,399.26,928,2848,100.0,0.8229,-0.2229,-334.365,-1000.0,-67.0785,-100.0,100,2748,0.9649
2024-01-01 00:59:51,3591,Grid Emergency,91.05,86.87,324.63,742,2173,100.0,0.8095,-0.2095,-314.1975,-1000.0,4.0335,-100.0,100,2073,0.954
2024-01-01 00:59:52,3592,Grid Emergency,72.0,69.2,343.85,673,1755,100.0,0.6979,-0.0979,-146.8125,-1000.0,33.477,-100.0,100,1655,0.943
2024-01-01 00:59:53,3593,Grid Emergency,75.64,62.46,283.48,705,2006,100.0,0.6684,-0.0684,-102.57,-1000.0,8.8485,-100.0,100,1906,0.9501
2024-01-01 00:59:54,3594,Grid Emergency,83.1,66.67,362.22,740,2077,100.0,0.7496,-0.1496,-224.4525,-1000.0,-24.3765,-100.0,100,1977,0.9519
2024-01-01 00:59:55,3595,Grid Emergency,73.58,57.67,325.21,804,2347,100.0,0.6849,-0.0849,-127.365,-1000.0,19.4175,-100.0,100,2247,0.9574
2024-01-01 00:59:56,3596,Grid Emergency,58.48,55.85,285.84,858,2155,100.0,0.6159,-0.0159,-23.8875,-1000.0,20.6955,-100.0,100,2055,0.9536
2024-01-01 00:59:57,3597,Grid Emergency,64.25,56.38,279.22,644,2333,100.0,0.602,-0.002,-3.0525,-1000.0,4.167,-100.0,100,2233,0.9571
2024-01-01 00:59:58,3598,Grid Emergency,82.13,59.6,343.89,785,1805,100.0,0.7261,-0.1261,-189.225,-1000.0,-37.2345,-100.0,100,1705,0.9446
2024-01-01 00:59:59,3599,Grid Emergency,71.16,70.73,317.35,548,2132,100.0,0.6668,-0.0668,-100.14,-1000.0,17.817,-100.0,100,2032,0.9531
2024-01-01 01:00:00,3600,Grid Emergency,78.36,80.64,279.9,665,2047,100.0,0.7156,-0.1156,-173.34,-1000.0,-14.64,-100.0,100,1947,0.9511
2024-01-01 01:00:01,3601,Grid Emergency,74.91,68.78,337.19,607,2199,100.0,0.6938,-0.0938,-140.67,-1000.0,6.534,-100.0,100,2099,0.9545
2024-01-01 01:00:02,3602,Grid Emergency,64.58,66.85,386.86,580,2030,100.0,0.6736,-0.0736,-110.3775,-1000.0,6.0585,-100.0,100,1930,0.9507
2024-01-01 01:00:03,3603,Grid Emergency,59.25,69.22,357.17,736,2070,100.0,0.6694,-0.0694,-104.115,-1000.0,1.2525,-100.0,100,1970,0.9517
2024-01-01 01:00:04,3604,Grid Emergency,85.28,70.64,346.88,791,1380,100.0,0.7672,-0.1672,-250.755,-1000.0,-29.328,-100.0,100,1280,0.9275
2024-01-01 01:00:05,3605,Grid Emergency,71.23,59.38,272.68,867,2006,100.0,0.6641,-0.0641,-96.2175,-1000.0,30.9075,-100.0,100,1906,0.9501
2024-01-01 01:00:06,3606,Grid Emergency,90.93,56.74,261.23,796,2014,100.0,0.7101,-0.1101,-165.18,-1000.0,-13.7925,-100.0,100,1914,0.9503
2024-01-01 01:00:07,3607,Grid Emergency,75.07,67.1,303.58,689,2144,100.0,0.6856,-0.0856,-128.4525,-1000.0,7.3455,-100.0,100,2044,0.9534
2024-01-01 01:00:08,3608,Grid Emergency,78.42,80.92,300.89,680,1969,100.0,0.7292,-0.1292,-193.8225,-1000.0,-13.074,-100.0,100,1869,0.9492
2024-01-01 01:00:09,3609,Grid Emergency,86.7,73.52,224.54,525,1892,100.0,0.6783,-0.0783,-117.405,-1000.0,15.2835,-100.0,100,1792,0.9471
2024-01-01 01:00:10,3610,Grid Emergency,74.3,67.73,333.17,702,2449,100.0,0.7013,-0.1013,-151.89,-1000.0,-6.897,-100.0,100,2349,0.9592
2024-01-01 01:00:11,3611,Grid Emergency,79.72,68.62,361.54,555,2078,100.0,0.7146,-0.1146,-171.885,-1000.0,-3.999,-100.0,100,1978,0.9519
2024-01-01 01:00:12,3612,Grid Emergency,73.38,72.82,232.82,693,2200,100.0,0.6592,-0.0592,-88.86,-1000.0,16.605,-100.0,100,2100,0.9545
2024-01-01 01:00:13,3613,Grid Emergency,76.77,77.49,344.27,713,2268,100.0,0.7415,-0.1415,-212.2575,-1000.0,-24.6795,-100.0,100,2168,0.9559
2024-01-01 01:00:14,3614,Grid Emergency,69.99,69.17,345.77,715,2190,100.0,0.698,-0.098,-147.0375,-1000.0,13.044,-100.0,100,2090,0.9543
2024-01-01 01:00:15,3615,Grid Emergency,81.61,73.7,365.51,952,2275,100.0,0.7954,-0.1954,-293.16,-1000.0,-29.2245,-100.0,100,2175,0.956
2024-01-01 01:00:16,3616,Grid Emergency,67.39,72.09,331.1,781,2473,100.0,0.6988,-0.0988,-148.185,-1000.0,28.995,-100.0,100,2373,0.9596
2024-01-01 01:00:17,3617,Grid Emergency,55.16,80.11,393.27,776,2248,100.0,0.7064,-0.1064,-159.555,-1000.0,-2.274,-100.0,100,2148,0.9555
2024-01-01 01:00:18,3618,Grid Emergency,69.58,68.05,341.41,783,2280,100.0,0.7018,-0.1018,-152.715,-1000.0,1.368,-100.0,100,2180,0.9561
2024-01-01 01:00:19,3619,Grid Emergency,78.27,75.19,345.4,617,2308,100.0,0.7272,-0.1272,-190.755,-1000.0,-7.608,-100.0,100,2208,0.9567
2024-01-01 01:00:20,3620,Grid Emergency,90.59,67.79,377.48,628,2092,100.0,0.7695,-0.1695,-254.22,-1000.0,-12.693,-100.0,100,1992,0.9522
2024-01-01 01:00:21,3621,Grid Emergency,65.59,79.03,383.82,710,2392,100.0,0.7256,-0.1256,-188.325,-1000.0,13.179,-100.0,100,2292,0.9582
2024-01-01 01:00:22,3622,Grid Emergency,88.51,67.74,315.84,793,1889,100.0,0.756,-0.156,-234.0075,-1000.0,-9.1365,-100.0,100,1789,0.9471
2024-01-01 01:00:23,3623,Grid Emergency,73.1,85.14,287.5,805,2230,100.0,0.7332,-0.1332,-199.8,-1000.0,6.8415,-100.0,100,2130,0.9552
2024-01-01 01:00:24,3624,Grid Emergency,70.36,69.77,388.87,775,2277,100.0,0.7314,-0.1314,-197.055,-1000.0,0.549,-100.0,100,2177,0.9561
2024-01-01 01:00:25,3625,Grid Emergency,88.01,65.68,262.89,896,2134,100.0,0.7381,-0.1381,-207.12,-1000.0,-2.013,-100.0,100,2034,0.9531
2024-01-01 01:00:26,3626,Grid Emergency,80.94,61.9,327.48,610,2115,100.0,0.6933,-0.0933,-139.92,-1000.0,13.44,-100.0,100,2015,0.9527
2024-01-01 01:00:27,3627,Grid Emergency,65.52,60.98,296.36,490,1810,100.0,0.6035,-0.0035,-5.175,-1000.0,26.949,-100.0,100,1710,0.9448
2024-01-01 01:00:28,3628,Grid Emergency,79.82,70.78,261.66,774,1880,100.0,0.7032,-0.1032,-154.875,-1000.0,-29.94,-100.0,100,1780,0.9468
2024-01-01 01:00:29,3629,Grid Emergency,79.22,67.07,295.37,710,2739,100.0,0.6991,-0.0991,-148.695,-1000.0,1.236,-100.0,100,2639,0.9635
2024-01-01 01:00:30,3630,Grid Emergency,64.41,69.81,345.16,623,1701,100.0,0.666,-0.066,-98.985,-1000.0,9.942,-100.0,100,1601,0.9412
2024-01-01 01:00:31,3631,Grid Emergency,65.99,74.08,294.61,696,2327,100.0,0.6679,-0.0679,-101.805,-1000.0,-0.564,-100.0,100,2227,0.957
2024-01-01 01:00:32,3632,Grid Emergency,63.94,67.29,241.88,752,2157,100.0,0.6258,-0.0258,-38.6325,-1000.0,12.6345,-100.0,100,2057,0.9536
2024-01-01 01:00:33,3633,Grid Emergency,79.96,58.84,301.37,592,2038,100.0,0.6664,-0.0664,-99.6675,-1000.0,-12.207,-100.0,100,1938,0.9509
2024-01-01 01:00:34,3634,Grid Emergency,86.82,65.43,248.53,652,1697,100.0,0.6895,-0.0895,-134.265,-1000.0,-6.9195,-100.0,100,1597,0.9411
2024-01-01 01:00:35,3635,Grid Emergency,59.04,73.37,244.92,751,2106,100.0,0.6252,-0.0252,-37.7625,-1000.0,19.3005,-100.0,100,2006,0.9525
2024-01-01 01:00:36,3636,Grid Emergency,66.68,69.82,267.81,804,1925,100.0,0.6624,-0.0624,-93.6525,-1000.0,-11.178,-100.0,100,1825,0.9481
2024-01-01 01:00:37,3637,Grid Emergency,68.14,63.96,341.03,774,1444,100.0,0.685,-0.085,-127.5075,-1000.0,-6.771,-100.0,100,1344,0.9307
2024-01-01 01:00:38,3638,Grid Emergency,74.54,54.04,294.64,709,2011,100.0,0.6497,-0.0497,-74.49,-1000.0,10.6035,-100.0,100,1911,0.9503
2024-01-01 01:00:39,3639,Grid Emergency,77.01,73.76,275.19,639,2091,100.0,0.6874,-0.0874,-131.07,-1000.0,-11.316,-100.0,100,1991,0.9522
2024-01-01 01:00:40,3640,Grid Emergency,56.56,64.18,370.66,569,2014,100.0,0.6291,-0.0291,-43.635,-1000.0,17.487,-100.0,100,1914,0.9503
2024-01-01 01:00:41,3641,Grid Emergency,66.08,84.04,285.8,672,1842,100.0,0.6851,-0.0851,-127.62,-1000.0,-16.797,-100.0,100,1742,0.9457
2024-01-01 01:00:42,3642,Grid Emergency,72.09,70.16,270.14,818,2167,100.0,0.6855,-0.0855,-128.2275,-1000.0,-0.1215,-100.0,100,2067,0.9539
2024-01-01 01:00:43,3643,Grid Emergency,80.52,65.37,320.94,698,2464,100.0,0.7104,-0.1104,-165.6225,-1000.0,-7.479,-100.0,100,2364,0.9594
2024-01-01 01:00:44,3644,Grid Emergency,73.16,68.07,289.38,668,2159,100.0,0.6711,-0.0711,-106.6875,-1000.0,11.787,-100.0,100,2059,0.9537
2024-01-01 01:00:45,3645,Grid Emergency,80.2,62.52,315.7,738,2189,100.0,0.7056,-0.1056,-158.325,-1000.0,-10.3275,-100.0,100,2089,0.9543
2024-01-01 01:00:46,3646,Grid Emergency,54.93,60.6,248.54,723,1874,100.0,0.5765,0.0235,35.2875,-999.7647,38.7225,-99.9765,100,1774,0.9466
2024-01-01 01:00:47,3647,Grid Emergency,67.04,58.45,291.85,607,2289,100.0,0.6177,-0.0177,-26.61,-999.9421,-12.3795,-99.9942,100,2189,0.9563
2024-01-01 01:00:48,3648,Grid Emergency,76.79,69.2,296.41,516,1985,100.0,0.6674,-0.0674,-101.055,-1000.0,-14.889,-100.0,100,1885,0.9496
2024-01-01 01:00:49,3649,Grid Emergency,64.39,69.98,337.89,752,2415,100.0,0.6821,-0.0821,-123.09,-1000.0,-4.407,-100.0,100,2315,0.9586
2024-01-01 01:00:50,3650,Grid Emergency,66.32,63.12,356.7,736,2038,100.0,0.6787,-0.0787,-118.005,-1000.0,1.017,-100.0,100,1938,0.9509
2024-01-01 01:00:51,3651,Grid Emergency,90.47,72.62,301.43,651,2431,100.0,0.7466,-0.1466,-219.84,-1000.0,-20.367,-100.0,100,2331,0.9589
2024-01-01 01:00:52,3652,Grid Emergency,74.07,68.2,340.43,808,2237,100.0,0.7212,-0.1212,-181.74,-1000.0,7.62,-100.0,100,2137,0.9553
2024-01-01 01:00:53,3653,Grid Emergency,80.84,71.61,334.97,646,2552,100.0,0.7263,-0.1263,-189.525,-1000.0,-1.557,-100.0,100,2452,0.9608
2024-01-01 01:00:54,3654,Grid Emergency,59.66,70.48,249.85,710,1957,100.0,0.6164,-0.0164,-24.6525,-1000.0,32.9745,-100.0,100,1857,0.9489
2024-01-01 01:00:55,3655,Grid Emergency,73.36,70.73,266.96,717,2448,100.0,0.6746,-0.0746,-111.9225,-1000.0,-17.454,-100.0,100,2348,0.9592
2024-01-01 01:00:56,3656,Grid Emergency,58.88,61.17,348.73,727,2137,100.0,0.6424,-0.0424,-63.63,-1000.0,9.6585,-100.0,100,2037,0.9532
2024-01-01 01:00:57,3657,Grid Emergency,82.22,61.65,286.63,655,2012,100.0,0.6835,-0.0835,-125.19,-1000.0,-12.312,-100.0,100,1912,0.9503
2024-01-01 01:00:58,3658,Grid Emergency,85.4,54.39,256.26,583,2450,100.0,0.6505,-0.0505,-75.6825,-1000.0,9.9015,-100.0,100,2350,0.9592
2024-01-01 01:00:59,3659,Grid Emergency,65.86,65.39,237.34,693,2316,100.0,0.6166,-0.0166,-24.9075,-1000.0,10.155,-100.0,100,2216,0.9568
2024-01-01 01:01:00,3660,Grid Emergency,74.53,67.14,239.58,687,2136,100.0,0.6515,-0.0515,-77.3175,-1000.0,-10.482,-100.0,100,2036,0.9532
2024-01-01 01:01:01,3661,Grid Emergency,62.08,73.24,349.83,667,2281,100.0,0.6753,-0.0753,-113.0175,-1000.0,-7.14,-100.0,100,2181,0.9562
2024-01-01 01:01:02,3662,Grid Emergency,70.9,77.18,401.54,610,2292,100.0,0.7334,-0.1334,-200.055,-1000.0,-17.4075,-100.0,100,2192,0.9564
2024-01-01 01:01:03,3663,Grid Emergency,85.05,60.23,284.12,661,2066,100.0,0.6895,-0.0895,-134.19,-1000.0,13.173,-100.0,100,1966,0.9516
2024-01-01 01:01:04,3664,Grid Emergency,68.44,66.41,347.71,530,1856,100.0,0.6589,-0.0589,-88.38,-1000.0,9.162,-100.0,100,1756,0.9461
2024-01-01 01:01:05,3665,Grid Emergency,78.7,72.42,262.37,775,2431,100.0,0.7039,-0.1039,-155.9025,-1000.0,-13.5045,-100.0,100,2331,0.9589
2024-01-01 01:01:06,3666,Grid Emergency,71.51,59.94,349.37,892,1878,100.0,0.7086,-0.1086,-162.93,-1000.0,-1.4055,-100.0,100,1778,0.9468
2024-01-01 01:01:07,3667,Grid Emergency,72.39,76.72,315.19,545,2210,100.0,0.6845,-0.0845,-126.765,-1000.0,7.233,-100.0,100,2110,0.9548
2024-01-01 01:01:08,3668,Grid Emergency,62.21,57.83,232.25,839,1891,100.0,0.6043,-0.0043,-6.4275,-1000.0,24.0675,-100.0,100,1791,0.9471
2024-01-01 01:01:09,3669,Grid Emergency,75.33,72.63,317.28,749,2195,100.0,0.7162,-0.1162,-174.33,-1000.0,-33.5805,-100.0,100,2095,0.9544
2024-01-01 01:01:10,3670,Grid Emergency,73.38,61.92,271.78,709,2068,100.0,0.6539,-0.0539,-80.805,-1000.0,18.705,-100.0,100,1968,0.9516
2024-01-01 01:01:11,3671,Grid Emergency,76.29,76.81,325.48,638,1554,100.0,0.7175,-0.1175,-176.22,-1000.0,-19.083,-100.0,100,1454,0.9356
2024-01-01 01:01:12,3672,Grid Emergency,64.31,57.24,277.13,744,2121,100.0,0.6184,-0.0184,-27.525,-1000.0,29.739,-100.0,100,2021,0.9529
2024-01-01 01:01:13,3673,Grid Emergency,90.58,71.86,395.91,791,2371,100.0,0.8133,-0.2133,-319.9275,-1000.0,-58.4805,-100.0,100,2271,0.9578
2024-01-01 01:01:14,3674,Grid Emergency,68.41,59.4,289.8,718,1942,100.0,0.6405,-0.0405,-60.8025,-1000.0,51.825,-100.0,100,1842,0.9485
2024-01-01 01:01:15,3675,Grid Emergency,61.99,71.33,264.76,566,1819,100.0,0.6126,-0.0126,-18.855,-1000.0,8.3895,-100.0,100,1719,0.945
2024-01-01 01:01:16,3676,Grid Emergency,69.66,60.07,299.74,780,2243,100.0,0.6609,-0.0609,-91.2825,-1000.0,-14.4855,-100.0,100,2143,0.9554
2024-01-01 01:01:17,3677,Grid Emergency,65.39,57.57,284.1,785,2322,100.0,0.6326,-0.0326,-48.885,-1000.0,8.4795,-100.0,100,2222,0.9569
2024-01-01 01:01:18,3678,Grid Emergency,75.53,77.61,387.81,671,2471,100.0,0.7529,-0.1529,-229.4025,-1000.0,-36.1035,-100.0,100,2371,0.9595
2024-01-01 01:01:19,3679,Grid Emergency,69.39,76.16,341.89,522,1858,100.0,0.6825,-0.0825,-123.765,-1000.0,21.1275,-100.0,100,1758,0.9462
2024-01-01 01:01:20,3680,Grid Emergency,59.79,53.74,349.57,926,2035,100.0,0.6573,-0.0573,-85.95,-1000.0,7.563,-100.0,100,1935,0.9509
2024-01-01 01:01:21,3681,Grid Emergency,80.54,79.88,319.37,717,2038,100.0,0.7488,-0.1488,-223.2375,-1000.0,-27.4575,-100.0,100,1938,0.9509
2024-01-01 01:01:22,3682,Grid Emergency,77.38,75.0,330.78,762,2087,100.0,0.738,-0.138,-207.03,-1000.0,3.2415,-100.0,100,1987,0.9521
2024-01-01 01:01:23,3683,Grid Emergency,56.07,75.18,252.19,781,2288,100.0,0.6274,-0.0274,-41.16,-1000.0,33.174,-100.0,100,2188,0.9563
2024-01-01 01:01:24,3684,Grid Emergency,60.6,63.14,405.47,712,1794,100.0,0.6795,-0.0795,-119.2275,-1000.0,-15.6135,-100.0,100,1694,0.9443
2024-01-01 01:01:25,3685,Grid Emergency,80.01,61.82,223.58,771,1870,100.0,0.662,-0.062,-93.0375,-1000.0,5.238,-100.0,100,1770,0.9465
2024-01-01 01:01:26,3686,Grid Emergency,75.21,61.5,341.82,738,1452,100.0,0.6986,-0.0986,-147.8925,-1000.0,-10.971,-100.0,100,1352,0.9311
2024-01-01 01:01:27,3687,Grid Emergency,75.82,65.68,373.75,759,2289,100.0,0.7303,-0.1303,-195.4425,-1000.0,-9.51,-100.0,100,2189,0.9563
2024-01-01 01:01:28,3688,Grid Emergency,64.89,61.68,308.85,683,2434,100.0,0.6382,-0.0382,-57.285,-1000.0,27.6315,-100.0,100,2334,0.9589
2024-01-01 01:01:29,3689,Grid Emergency,70.47,58.2,272.76,816,2058,100.0,0.6509,-0.0509,-76.3875,-1000.0,-3.8205,-100.0,100,1958,0.9514
2024-01-01 01:01:30,3690,Grid Emergency,69.79,76.48,268.84,496,1886,100.0,0.6443,-0.0443,-66.4275,-1000.0,1.992,-100.0,100,1786,0.947
2024-01-01 01:01:31,3691,Grid Emergency,74.42,66.0,239.78,821,2140,100.0,0.6685,-0.0685,-102.765,-1000.0,-7.2675,-100.0,100,2040,0.9533
2024-01-01 01:01:32,3692,Grid Emergency,75.89,71.36,251.57,750,2326,100.0,0.6823,-0.0823,-123.45,-1000.0,-4.137,-100.0,100,2226,0.957
2024-01-01 01:01:33,3693,Grid Emergency,83.4,73.77,333.09,546,2096,100.0,0.7248,-0.1248,-187.155,-1000.0,-12.741,-100.0,100,1996,0.9523
2024-01-01 01:01:34,3694,Grid Emergency,62.43,78.26,360.87,624,2088,100.0,0.6882,-0.0882,-132.285,-1000.0,10.974,-100.0,100,1988,0.9521
2024-01-01 01:01:35,3695,Grid Emergency,74.49,75.21,234.6,499,2109,100.0,0.6409,-0.0409,-61.335,-1000.0,14.19,-100.0,100,2009,0.9526
2024-01-01 01:01:36,3696,Grid Emergency,46.69,69.27,336.65,843,1944,100.0,0.6314,-0.0314,-47.0475,-1000.0,2.8575,-100.0,100,1844,0.9486
2024-01-01 01:01:37,3697,Grid Emergency,73.61,73.21,257.09,811,2168,100.0,0.6909,-0.0909,-136.2825,-1000.0,-17.847,-100.0,100,2068,0.9539
2024-01-01 01:01:38,3698,Grid Emergency,65.95,69.13,303.73,798,2009,100.0,0.6752,-0.0752,-112.8225,-1000.0,4.692,-100.0,100,1909,0.9502
2024-01-01 01:01:39,3699,Grid Emergency,74.27,63.03,267.8,737,1875,100.0,0.662,-0.062,-92.955,-1000.0,3.9735,-100.0,100,1775,0.9467
2024-01-01 01:01:40,3700,Grid Emergency,80.01,72.74,275.57,741,1907,100.0,0.7108,-0.1108,-166.23,-1000.0,-14.655,-100.0,100,1807,0.9476
2024-01-01 01:01:41,3701,Grid Emergency,55.96,63.22,307.74,772,2137,100.0,0.6236,-0.0236,-35.37,-1000.0,26.172,-100.0,100,2037,0.9532
2024-01-01 01:01:42,3702,Grid Emergency,81.08,60.15,293.05,884,1617,100.0,0.7133,-0.1133,-169.92,-1000.0,-26.91,-100.0,100,1517,0.9382
2024-01-01 01:01:43,3703,Grid Emergency,67.48,59.43,301.21,676,2250,100.0,0.6368,-0.0368,-55.14,-1000.0,22.956,-100.0,100,2150,0.9556
2024-01-01 01:01:44,3704,Grid Emergency,74.56,57.56,283.53,719,2284,100.0,0.6545,-0.0545,-81.7125,-1000.0,-5.3145,-100.0,100,2184,0.9562
2024-01-01 01:01:45,3705,Grid Emergency,96.33,73.62,264.44,710,2145,100.0,0.7599,-0.1599,-239.8875,-1000.0,-31.635,-100.0,100,2045,0.9534
2024-01-01 01:01:46,3706,Grid Emergency,66.81,71.76,207.79,775,1980,100.0,0.6334,-0.0334,-50.07,-1000.0,37.9635,-100.0,100,1880,0.9495
2024-01-01 01:01:47,3707,Grid Emergency,70.9,79.73,253.23,747,2298,100.0,0.6861,-0.0861,-129.21,-1000.0,-15.828,-100.0,100,2198,0.9565
2024-01-01 01:01:48,3708,Grid Emergency,73.7,55.09,370.77,698,1968,100.0,0.6858,-0.0858,-128.64,-1000.0,0.114,-100.0,100,1868,0.9492
2024-01-01 01:01:49,3709,Grid Emergency,68.9,64.94,256.44,736,1950,100.0,0.6421,-0.0421,-63.18,-1000.0,13.092,-100.0,100,1850,0.9487
2024-01-01 01:01:50,3710,Grid Emergency,78.71,72.14,383.16,698,1899,100.0,0.7521,-0.1521,-228.1725,-1000.0,-32.9985,-100.0,100,1799,0.9473
2024-01-01 01:01:51,3711,Grid Emergency,57.3,85.55,339.79,650,2523,100.0,0.6818,-0.0818,-122.73,-1000.0,21.0885,-100.0,100,2423,0.9604
2024-01-01 01:01:52,3712,Grid Emergency,85.56,57.19,276.09,706,1832,100.0,0.6864,-0.0864,-129.57,-1000.0,-1.368,-100.0,100,1732,0.9454
2024-01-01 01:01:53,3713,Grid Emergency,71.03,73.7,248.2,749,2392,100.0,0.6693,-0.0693,-103.9575,-1000.0,5.1225,-100.0,100,2292,0.9582
2024-01-01 01:01:54,3714,Grid Emergency,76.0,67.4,279.94,803,1805,100.0,0.6949,-0.0949,-142.38,-1000.0,-7.6845,-100.0,100,1705,0.9446
2024-01-01 01:01:55,3715,Grid Emergency,74.43,68.2,360.65,661,1975,100.0,0.7105,-0.1105,-165.72,-1000.0,-4.668,-100.0,100,1875,0.9494
2024-01-01 01:01:56,3716,Grid Emergency,59.58,71.5,290.93,633,1908,100.0,0.6277,-0.0277,-41.5425,-1000.0,24.8355,-100.0,100,1808,0.9476
2024-01-01 01:01:57,3717,Grid Emergency,77.37,59.18,264.36,809,2058,100.0,0.6723,-0.0723,-108.4125,-1000.0,-13.374,-100.0,100,1958,0.9514
2024-01-01 01:01:58,3718,Grid Emergency,81.55,65.13,309.95,735,2446,100.0,0.7135,-0.1135,-170.2125,-1000.0,-12.36,-100.0,100,2346,0.9591
2024-01-01 01:01:59,3719,Grid Emergency,85.06,77.23,281.7,621,2290,100.0,0.7248,-0.1248,-187.1775,-1000.0,-3.393,-100.0,100,2190,0.9563
2024-01-01 01:02:00,3720,Grid Emergency,85.77,77.3,310.59,792,2286,100.0,0.7675,-0.1675,-251.31,-1000.0,-12.8265,-100.0,100,2186,0.9563
2024-01-01 01:02:01,3721,Grid Emergency,73.49,69.54,314.42,641,1928,100.0,0.6844,-0.0844,-126.6375,-1000.0,24.9345,-100.0,100,1828,0.9481
2024-01-01 01:02:02,3722,Grid Emergency,64.99,55.21,316.43,715,2290,100.0,0.631,-0.031,-46.4325,-1000.0,16.041,-100.0,100,2190,0.9563
2024-01-01 01:02:03,3723,Grid Emergency,84.61,78.59,373.83,644,1742,100.0,0.7761,-0.1761,-264.1875,-1000.0,-43.551,-100.0,100,1642,0.9426
2024-01-01 01:02:04,3724,Grid Emergency,81.31,79.06,380.02,768,1600,100.0,0.7874,-0.1874,-281.1675,-1000.0,-3.396,-100.0,100,1500,0.9375
2024-01-01 01:02:05,3725,Grid Emergency,75.66,72.44,366.34,862,2327,100.0,0.7584,-0.1584,-237.57,-1000.0,8.7195,-100.0,100,2227,0.957
2024-01-01 01:02:06,3726,Grid Emergency,66.13,59.77,334.03,640,2468,100.0,0.6439,-0.0439,-65.8425,-1000.0,34.3455,-100.0,100,2368,0.9595
2024-01-01 01:02:07,3727,Grid Emergency,54.95,72.54,324.38,699,1868,100.0,0.6407,-0.0407,-61.0725,-1000.0,0.954,-100.0,100,1768,0.9465
2024-01-01 01:02:08,3728,Grid Emergency,51.38,63.75,286.88,831,1904,100.0,0.6073,-0.0073,-10.9425,-1000.0,10.026,-100.0,100,1804,0.9475
2024-01-01 01:02:09,3729,Grid Emergency,76.53,57.66,331.61,496,2623,100.0,0.6522,-0.0522,-78.315,-1000.0,-13.4745,-100.0,100,2523,0.9619
2024-01-01 01:02:10,3730,Grid Emergency,70.59,45.64,277.7,632,1936,100.0,0.5948,0.0052,7.7775,-999.9482,17.2185,-99.9948,100,1836,0.9483
2024-01-01 01:02:11,3731,Grid Emergency,68.35,62.7,273.26,604,2305,100.0,0.6232,-0.0232,-34.8075,-1000.0,-8.517,-100.0,100,2205,0.9566
2024-01-01 01:02:12,3732,Grid Emergency,84.01,65.96,309.21,607,2117,100.0,0.7046,-0.1046,-156.885,-1000.0,-24.4155,-100.0,100,2017,0.9528
2024-01-01 01:02:13,3733,Grid Emergency,74.3,66.24,327.82,750,1836,100.0,0.7021,-0.1021,-153.09,-1000.0,0.759,-100.0,100,1736,0.9455
2024-01-01 01:02:14,3734,Grid Emergency,83.93,66.34,385.4,762,2592,100.0,0.7666,-0.1666,-249.9075,-1000.0,-19.3635,-100.0,100,2492,0.9614
2024-01-01 01:02:15,3735,Grid Emergency,83.75,69.82,277.46,649,2233,100.0,0.7038,-0.1038,-155.6325,-1000.0,18.855,-100.0,100,2133,0.9552
2024-01-01 01:02:16,3736,Grid Emergency,73.43,63.29,347.49,723,2309,100.0,0.6974,-0.0974,-146.1375,-1000.0,1.899,-100.0,100,2209,0.9567
2024-01-01 01:02:17,3737,Grid Emergency,62.25,76.0,332.54,839,2344,100.0,0.7,-0.1,-149.9925,-1000.0,-0.771,-100.0,100,2244,0.9573
2024-01-01 01:02:18,3738,Grid Emergency,71.15,66.68,390.24,690,2287,100.0,0.7143,-0.1143,-171.5175,-1000.0,-4.305,-100.0,100,2187,0.9563
2024-01-01 01:02:19,3739,Grid Emergency,68.19,53.1,254.77,760,2275,100.0,0.6128,-0.0128,-19.2,-1000.0,30.4635,-100.0,100,2175,0.956
2024-01-01 01:02:20,3740,Grid Emergency,76.09,77.17,327.61,642,2248,100.0,0.7193,-0.1193,-179.0175,-1000.0,-31.9635,-100.0,100,2148,0.9555
2024-01-01 01:02:21,3741,Grid Emergency,73.7,63.4,331.26,727,1948,100.0,0.6911,-0.0911,-136.695,-1000.0,8.4645,-100.0,100,1848,0.9487
2024-01-01 01:02:22,3742,Grid Emergency,70.22,79.31,372.14,738,2114,100.0,0.7408,-0.1408,-211.2225,-1000.0,-14.9055,-100.0,100,2014,0.9527
2024-01-01 01:02:23,3743,Grid Emergency,57.67,81.75,356.64,795,1531,100.0,0.7038,-0.1038,-155.685,-1000.0,11.1075,-100.0,100,1431,0.9347
2024-01-01 01:02:24,3744,Grid Emergency,72.41,66.98,340.73,674,2042,100.0,0.6923,-0.0923,-138.525,-1000.0,3.432,-100.0,100,1942,0.951
2024-01-01 01:02:25,3745,Grid Emergency,78.19,61.81,284.17,739,2434,100.0,0.6811,-0.0811,-121.6875,-1000.0,3.3675,-100.0,100,2334,0.9589
2024-01-01 01:02:26,3746,Grid Emergency,80.08,76.6,312.85,869,1664,100.0,0.7586,-0.1586,-237.8325,-1000.0,-23.229,-100.0,100,1564,0.9399
2024-01-01 01:02:27,3747,Grid Emergency,92.22,85.21,330.55,803,2090,100.0,0.8215,-0.2215,-332.28,-1000.0,-18.8895,-100.0,100,1990,0.9522
2024-01-01 01:02:28,3748,Grid Emergency,69.9,63.11,307.79,775,2204,100.0,0.6726,-0.0726,-108.855,-1000.0,44.685,-100.0,100,2104,0.9546
2024-01-01 01:02:29,3749,Grid Emergency,91.87,68.8,243.0,884,1794,100.0,0.7476,-0.1476,-221.4675,-1000.0,-22.5225,-100.0,100,1694,0.9443
2024-01-01 01:02:30,3750,Grid Emergency,66.41,70.17,328.77,575,1913,100.0,0.6585,-0.0585,-87.7425,-1000.0,26.745,-100.0,100,1813,0.9477
2024-01-01 01:02:31,3751,Grid Emergency,57.19,72.97,363.25,597,2348,100.0,0.6538,-0.0538,-80.6475,-1000.0,1.419,-100.0,100,2248,0.9574
2024-01-01 01:02:32,3752,Grid Emergency,81.31,62.73,220.78,612,1951,100.0,0.6436,-0.0436,-65.4,-1000.0,3.0495,-100.0,100,1851,0.9487
2024-01-01 01:02:33,3753,Grid Emergency,87.42,67.05,264.69,734,1776,100.0,0.716,-0.116,-174.06,-1000.0,-21.732,-100.0,100,1676,0.9437
2024-01-01 01:02:34,3754,Grid Emergency,77.14,60.18,272.54,757,2537,100.0,0.6703,-0.0703,-105.39,-1000.0,13.734,-100.0,100,2437,0.9606
2024-01-01 01:02:35,3755,Grid Emergency,93.98,59.68,283.15,771,2392,100.0,0.7354,-0.1354,-203.0325,-1000.0,-19.5285,-100.0,100,2292,0.9582
2024-01-01 01:02:36,3756,Grid Emergency,50.36,68.7,288.08,527,1765,100.0,0.5711,0.0289,43.35,-999.711,49.2765,-99.9711,100,1665,0.9433
2024-01-01 01:02:37,3757,Grid Emergency,66.32,68.47,355.36,755,2336,100.0,0.6942,-0.0942,-141.3375,-1000.0,-36.9375,-100.0,100,2236,0.9572
2024-01-01 01:02:38,3758,Grid Emergency,72.27,62.36,301.73,789,2358,100.0,0.6781,-0.0781,-117.09,-1000.0,4.8495,-100.0,100,2258,0.9576
2024-01-01 01:02:39,3759,Grid Emergency,70.52,60.57,325.1,767,2408,100.0,0.6758,-0.0758,-113.7675,-1000.0,0.6645,-100.0,100,2308,0.9585
2024-01-01 01:02:40,3760,Grid Emergency,65.21,62.66,344.03,679,1987,100.0,0.6587,-0.0587,-88.125,-1000.0,5.1285,-100.0,100,1887,0.9497
2024-01-01 01:02:41,3761,Grid Emergency,84.54,57.03,402.53,658,2316,100.0,0.7384,-0.1384,-207.645,-1000.0,-23.904,-100.0,100,2216,0.9568
2024-01-01 01:02:42,3762,Grid Emergency,70.91,70.17,298.17,805,2013,100.0,0.6934,-0.0934,-140.1675,-1000.0,13.4955,-100.0,100,1913,0.9503
2024-01-01 01:02:43,3763,Grid Emergency,66.27,82.51,311.32,652,1727,100.0,0.6917,-0.0917,-137.52,-1000.0,0.5295,-100.0,100,1627,0.9421
2024-01-01 01:02:44,3764,Grid Emergency,90.66,63.58,402.78,759,2135,100.0,0.7915,-0.1915,-287.25,-1000.0,-29.946,-100.0,100,2035,0.9532
2024-01-01 01:02:45,3765,Grid Emergency,73.7,85.73,211.35,741,2033,100.0,0.6891,-0.0891,-133.65,-1000.0,30.72,-100.0,100,1933,0.9508
2024-01-01 01:02:46,3766,Grid Emergency,69.87,69.19,298.02,738,2094,100.0,0.6772,-0.0772,-115.845,-1000.0,3.561,-100.0,100,1994,0.9522
2024-01-01 01:02:47,3767,Grid Emergency,58.86,71.05,342.22,665,2566,100.0,0.6545,-0.0545,-81.7425,-1000.0,6.8205,-100.0,100,2466,0.961
2024-01-01 01:02:48,3768,Grid Emergency,85.36,74.75,347.43,723,2385,100.0,0.7678,-0.1678,-251.7,-1000.0,-33.9915,-100.0,100,2285,0.9581
2024-01-01 01:02:49,3769,Grid Emergency,87.71,74.46,284.34,716,2243,100.0,0.7427,-0.1427,-214.0575,-1000.0,7.5285,-100.0,100,2143,0.9554
2024-01-01 01:02:50,3770,Grid Emergency,80.38,67.38,284.49,878,1831,100.0,0.7237,-0.1237,-185.5875,-1000.0,5.694,-100.0,100,1731,0.9454
2024-01-01 01:02:51,3771,Grid Emergency,62.59,57.38,267.54,844,2420,100.0,0.6229,-0.0229,-34.3275,-1000.0,30.252,-100.0,100,2320,0.9587
2024-01-01 01:02:52,3772,Grid Emergency,71.26,71.97,309.53,600,2654,100.0,0.6741,-0.0741,-111.15,-1000.0,-15.3645,-100.0,100,2554,0.9623
2024-01-01 01:02:53,3773,Grid Emergency,85.75,70.84,271.48,697,1926,100.0,0.7175,-0.1175,-176.2725,-1000.0,-13.0245,-100.0,100,1826,0.9481
2024-01-01 01:02:54,3774,Grid Emergency,72.98,70.48,294.65,574,2633,100.0,0.6651,-0.0651,-97.5825,-1000.0,15.738,-100.0,100,2533,0.962
2024-01-01 01:02:55,3775,Grid Emergency,74.38,71.65,290.99,563,2079,100.0,0.6694,-0.0694,-104.1,-1000.0,-1.3035,-100.0,100,1979,0.9519
2024-01-01 01:02:56,3776,Grid Emergency,68.77,73.68,350.77,796,2347,100.0,0.7197,-0.1197,-179.52,-1000.0,-15.084,-100.0,100,2247,0.9574
2024-01-01 01:02:57,3777,Grid Emergency,90.04,71.12,359.46,769,1624,100.0,0.788,-0.188,-282.03,-1000.0,-20.502,-100.0,100,1524,0.9384
2024-01-01 01:02:58,3778,Grid Emergency,70.45,61.06,320.41,640,2251,100.0,0.6554,-0.0554,-83.145,-1000.0,39.777,-100.0,100,2151,0.9556
2024-01-01 01:02:59,3779,Grid Emergency,81.81,77.63,382.87,552,1800,100.0,0.7546,-0.1546,-231.9675,-1000.0,-29.7645,-100.0,100,1700,0.9444
2024-01-01 01:03:00,3780,Grid Emergency,99.0,76.08,320.1,723,2085,100.0,0.8052,-0.2052,-307.8,-1000.0,-15.1665,-100.0,100,1985,0.952
2024-01-01 01:03:01,3781,Grid Emergency,52.66,61.82,304.97,648,1953,100.0,0.5885,0.0115,17.1825,-999.8854,64.9965,-99.9885,100,1853,0.9488
2024-01-01 01:03:02,3782,Grid Emergency,97.59,65.99,322.52,744,2247,100.0,0.7794,-0.1794,-269.1,-1000.0,-57.2565,-100.0,100,2147,0.9555
2024-01-01 01:03:03,3783,Grid Emergency,67.23,77.98,329.96,591,2073,100.0,0.6839,-0.0839,-125.8275,-1000.0,28.6545,-100.0,100,1973,0.9518
2024-01-01 01:03:04,3784,Grid Emergency,70.28,66.25,332.92,783,2229,100.0,0.6955,-0.0955,-143.2725,-1000.0,-3.489,-100.0,100,2129,0.9551
2024-01-01 01:03:05,3785,Grid Emergency,75.39,68.69,213.2,797,2222,100.0,0.6617,-0.0617,-92.61,-1000.0,10.1325,-100.0,100,2122,0.955
2024-01-01 01:03:06,3786,Grid Emergency,62.15,70.24,339.16,837,2227,100.0,0.6883,-0.0883,-132.3825,-1000.0,-7.9545,-100.0,100,2127,0.9551
2024-01-01 01:03:07,3787,Grid Emergency,75.22,75.57,296.21,761,1944,100.0,0.7144,-0.1144,-171.675,-1000.0,-7.8585,-100.0,100,1844,0.9486
2024-01-01 01:03:08,3788,Grid Emergency,83.1,55.12,346.75,721,2341,100.0,0.7102,-0.1102,-165.2625,-1000.0,1.2825,-100.0,100,2241,0.9573
2024-01-01 01:03:09,3789,Grid Emergency,64.19,68.72,312.73,763,1838,100.0,0.6673,-0.0673,-100.92,-1000.0,12.8685,-100.0,100,1738,0.9456
2024-01-01 01:03:10,3790,Grid Emergency,78.36,53.23,279.95,563,2307,100.0,0.6318,-0.0318,-47.64,-1000.0,10.656,-100.0,100,2207,0.9567
2024-01-01 01:03:11,3791,Grid Emergency,76.0,71.65,376.29,688,2252,100.0,0.7365,-0.1365,-204.705,-1000.0,-31.413,-100.0,100,2152,0.9556
2024-01-01 01:03:12,3792,Grid Emergency,72.66,67.31,368.8,928,1992,100.0,0.7462,-0.1462,-219.2775,-1000.0,-2.9145,-100.0,100,1892,0.9498
2024-01-01 01:03:13,3793,Grid Emergency,80.34,70.55,324.9,744,2016,100.0,0.7316,-0.1316,-197.4225,-1000.0,4.371,-100.0,100,1916,0.9504
2024-01-01 01:03:14,3794,Grid Emergency,36.15,80.28,278.74,695,2044,100.0,0.5708,0.0292,43.7325,-999.7084,48.231,-99.9708,100,1944,0.9511
2024-01-01 01:03:15,3795,Grid Emergency,64.16,69.92,308.01,648,2137,100.0,0.6506,-0.0506,-75.8475,-1000.0,-23.916,-100.0,100,2037,0.9532
2024-01-01 01:03:16,3796,Grid Emergency,71.67,75.42,249.68,639,2281,100.0,0.6601,-0.0601,-90.1275,-1000.0,-2.856,-100.0,100,2181,0.9562
2024-01-01 01:03:17,3797,Grid Emergency,65.6,60.77,283.44,709,2075,100.0,0.6296,-0.0296,-44.3925,-1000.0,9.147,-100.0,100,1975,0.9518
2024-01-01 01:03:18,3798,Grid Emergency,69.9,59.77,344.79,852,1622,100.0,0.6943,-0.0943,-141.405,-1000.0,-19.4025,-100.0,100,1522,0.9383
2024-01-01 01:03:19,3799,Grid Emergency,56.46,76.02,380.64,507,2303,100.0,0.654,-0.054,-81.045,-1000.0,12.072,-100.0,100,2203,0.9566
2024-01-01 01:03:20,3800,Grid Emergency,88.38,61.1,381.09,702,2178,100.0,0.7579,-0.1579,-236.8875,-1000.0,-31.1685,-100.0,100,2078,0.9541
2024-01-01 01:03:21,3801,Grid Emergency,64.81,76.01,347.55,892,2460,100.0,0.7244,-0.1244,-186.6525,-1000.0,10.047,-100.0,100,2360,0.9593
2024-01-01 01:03:22,3802,Grid Emergency,71.91,92.87,370.79,774,1850,100.0,0.7854,-0.1854,-278.0325,-1000.0,-18.276,-100.0,100,1750,0.9459
2024-01-01 01:03:23,3803,Grid Emergency,56.7,56.44,267.99,857,2221,100.0,0.6021,-0.0021,-3.1425,-1000.0,54.978,-100.0,100,2121,0.955
2024-01-01 01:03:24,3804,Grid Emergency,65.87,66.91,298.4,800,1880,100.0,0.667,-0.067,-100.53,-1000.0,-19.4775,-100.0,100,1780,0.9468
2024-01-01 01:03:25,3805,Grid Emergency,75.5,70.4,271.8,878,2026,100.0,0.7079,-0.1079,-161.775,-1000.0,-12.249,-100.0,100,1926,0.9506
2024-01-01 01:03:26,3806,Grid Emergency,62.07,74.82,312.45,760,1803,100.0,0.6745,-0.0745,-111.78,-1000.0,9.999,-100.0,100,1703,0.9445
2024-01-01 01:03:27,3807,Grid Emergency,80.12,85.38,253.17,755,1903,100.0,0.7337,-0.1337,-200.5575,-1000.0,-17.7555,-100.0,100,1803,0.9475
2024-01-01 01:03:28,3808,Grid Emergency,98.9,77.92,322.69,597,1853,100.0,0.7918,-0.1918,-287.7675,-1000.0,-17.442,-100.0,100,1753,0.946
2024-01-01 01:03:29,3809,Grid Emergency,79.46,57.1,250.1,720,2133,100.0,0.6539,-0.0539,-80.865,-1000.0,41.3805,-100.0,100,2033,0.9531
2024-01-01 01:03:30,3810,Grid Emergency,75.8,64.48,351.41,633,2256,100.0,0.6972,-0.0972,-145.7325,-1000.0,-12.9735,-100.0,100,2156,0.9557
2024-01-01 01:03:31,3811,Grid Emergency,74.14,72.81,363.19,674,1934,100.0,0.7242,-0.1242,-186.315,-1000.0,-8.1165,-100.0,100,1834,0.9483
2024-01-01 01:03:32,3812,Grid Emergency,55.12,51.85,302.08,709,1828,100.0,0.5799,0.0201,30.0975,-999.7994,43.2825,-99.9799,100,1728,0.9453
2024-01-01 01:03:33,3813,Grid Emergency,63.29,80.19,349.41,593,1989,100.0,0.6856,-0.0856,-128.4675,-1000.0,-31.713,-100.0,100,1889,0.9497
2024-01-01 01:03:34,3814,Grid Emergency,76.06,62.99,273.61,686,2372,100.0,0.6634,-0.0634,-95.085,-1000.0,6.6765,-100.0,100,2272,0.9578
2024-01-01 01:03:35,3815,Grid Emergency,83.81,62.12,330.72,719,1847,100.0,0.7218,-0.1218,-182.7675,-1000.0,-17.5365,-100.0,100,1747,0.9459
2024-01-01 01:03:36,3816,Grid Emergency,69.03,57.89,362.34,875,1997,100.0,0.6987,-0.0987,-148.125,-1000.0,6.9285,-100.0,100,1897,0.9499
2024-01-01 01:03:37,3817,Grid Emergency,65.51,76.44,364.73,608,2062,100.0,0.6939,-0.0939,-140.925,-1000.0,1.44,-100.0,100,1962,0.9515
2024-01-01 01:03:38,3818,Grid Emergency,71.41,61.83,327.37,650,1964,100.0,0.6657,-0.0657,-98.5425,-1000.0,8.4765,-100.0,100,1864,0.9491
2024-01-01 01:03:39,3819,Grid Emergency,70.99,56.09,217.46,811,1914,100.0,0.6191,-0.0191,-28.605,-1000.0,13.9875,-100.0,100,1814,0.9478
2024-01-01 01:03:40,3820,Grid Emergency,93.35,83.77,287.21,953,2334,100.0,0.8227,-0.2227,-334.0575,-1000.0,-61.0905,-100.0,100,2234,0.9572
2024-01-01 01:03:41,3821,Grid Emergency,65.55,47.35,340.97,723,2207,100.0,0.6267,-0.0267,-40.1025,-1000.0,58.791,-100.0,100,2107,0.9547
2024-01-01 01:03:42,3822,Grid Emergency,69.71,58.85,290.78,790,2011,100.0,0.655,-0.055,-82.5,-1000.0,-8.4795,-100.0,100,1911,0.9503
2024-01-01 01:03:43,3823,Grid Emergency,68.4,55.84,314.1,608,2329,100.0,0.6272,-0.0272,-40.875,-1000.0,8.325,-100.0,100,2229,0.9571
2024-01-01 01:03:44,3824,Grid Emergency,64.66,65.63,407.38,689,1989,100.0,0.6974,-0.0974,-146.1375,-1000.0,-21.0525,-100.0,100,1889,0.9497
2024-01-01 01:03:45,3825,Grid Emergency,77.86,53.72,366.29,819,2231,100.0,0.7128,-0.1128,-169.2075,-1000.0,-4.614,-100.0,100,2131,0.9552
2024-01-01 01:03:46,3826,Grid Emergency,38.23,65.92,252.72,832,2363,124.77,0.5498,0.0502,75.3525,-999.4977,48.912,-99.9498,124,2238,0.9471
2024-01-01 01:03:47,3827,Grid Emergency,75.88,58.38,377.24,693,2551,100.0,0.7041,-0.1041,-156.15,-1000.0,-46.3005,-100.0,100,2451,0.9608
2024-01-01 01:03:48,3828,Grid Emergency,74.65,72.05,289.29,860,2252,100.0,0.715,-0.115,-172.5675,-1000.0,-3.2835,-100.0,100,2152,0.9556
2024-01-01 01:03:49,3829,Grid Emergency,86.43,69.42,307.88,779,2460,100.0,0.7468,-0.1468,-220.2675,-1000.0,-9.54,-100.0,100,2360,0.9593
2024-01-01 01:03:50,3830,Grid Emergency,82.17,69.11,226.43,801,1740,100.0,0.6937,-0.0937,-140.6025,-1000.0,15.933,-100.0,100,1640,0.9425
2024-01-01 01:03:51,3831,Grid Emergency,72.35,67.07,246.2,757,2638,100.0,0.6575,-0.0575,-86.325,-1000.0,10.8555,-100.0,100,2538,0.9621
2024-01-01 01:03:52,3832,Grid Emergency,68.87,74.13,416.01,806,1938,100.0,0.7553,-0.1553,-232.9125,-1000.0,-29.3175,-100.0,100,1838,0.9484
2024-01-01 01:03:53,3833,Grid Emergency,74.37,71.85,374.52,841,1407,100.0,0.7533,-0.1533,-229.995,-1000.0,0.5835,-100.0,100,1307,0.9289
2024-01-01 01:03:54,3834,Grid Emergency,63.44,67.44,264.31,349,1918,100.0,0.5751,0.0249,37.2825,-999.7514,53.4555,-99.9751,100,1818,0.9479
2024-01-01 01:03:55,3835,Grid Emergency,71.96,63.8,265.14,724,2185,100.0,0.6525,-0.0525,-78.795,-1000.0,-23.2155,-100.0,100,2085,0.9542
2024-01-01 01:03:56,3836,Grid Emergency,67.31,78.97,312.6,632,1818,100.0,0.6841,-0.0841,-126.165,-1000.0,-9.474,-100.0,100,1718,0.945
2024-01-01 01:03:57,3837,Grid Emergency,69.87,76.91,272.93,779,2123,100.0,0.6901,-0.0901,-135.2025,-1000.0,-1.8075,-100.0,100,2023,0.9529
2024-01-01 01:03:58,3838,Grid Emergency,91.93,71.12,278.58,793,2292,100.0,0.7578,-0.1578,-236.6925,-1000.0,-20.298,-100.0,100,2192,0.9564
2024-01-01 01:03:59,3839,Grid Emergency,68.03,58.69,334.12,726,1720,100.0,0.6608,-0.0608,-91.185,-1000.0,29.1015,-100.0,100,1620,0.9419
2024-01-01 01:04:00,3840,Grid Emergency,74.55,62.9,241.8,684,2420,100.0,0.6417,-0.0417,-62.5125,-1000.0,5.7345,-100.0,100,2320,0.9587
2024-01-01 01:04:01,3841,Grid Emergency,84.08,75.57,322.12,779,2124,100.0,0.7611,-0.1611,-241.6725,-1000.0,-35.832,-100.0,100,2024,0.9529
2024-01-01 01:04:02,3842,Grid Emergency,60.95,60.76,282.68,860,2369,100.0,0.6356,-0.0356,-53.3475,-1000.0,37.665,-100.0,100,2269,0.9578
2024-01-01 01:04:03,3843,Grid Emergency,61.2,68.43,291.88,704,1965,100.0,0.6368,-0.0368,-55.2225,-1000.0,-0.375,-100.0,100,1865,0.9491
2024-01-01 01:04:04,3844,Grid Emergency,86.06,67.85,319.73,742,1843,100.0,0.742,-0.142,-213.0,-1000.0,-31.5555,-100.0,100,1743,0.9457
2024-01-01 01:04:05,3845,Grid Emergency,73.09,76.5,376.27,605,1720,100.0,0.7259,-0.126,-188.925,-1000.0,4.815,-100.0,100,1620,0.9419
2024-01-01 01:04:06,3846,Grid Emergency,72.62,76.87,326.18,788,1759,100.0,0.7276,-0.1276,-191.4525,-1000.0,-0.5055,-100.0,100,1659,0.9431
2024-01-01 01:04:07,3847,Grid Emergency,66.28,50.43,303.59,503,2433,100.0,0.5853,0.0147,22.05,-999.853,42.7005,-99.9853,100,2333,0.9589
2024-01-01 01:04:08,3848,Grid Emergency,87.55,69.13,241.93,757,2564,100.0,0.7138,-0.1138,-170.6475,-1000.0,-38.5395,-100.0,100,2464,0.961
2024-01-01 01:04:09,3849,Grid Emergency,76.76,77.48,288.17,632,2082,100.0,0.7012,-0.1012,-151.8675,-1000.0,3.756,-100.0,100,1982,0.952
2024-01-01 01:04:10,3850,Grid Emergency,52.73,86.11,316.28,806,1984,100.0,0.6789,-0.0789,-118.305,-1000.0,6.7125,-100.0,100,1884,0.9496
2024-01-01 01:04:11,3851,Grid Emergency,56.57,79.41,259.42,754,2210,100.0,0.6393,-0.0393,-58.995,-1000.0,11.862,-100.0,100,2110,0.9548
2024-01-01 01:04:12,3852,Grid Emergency,72.74,61.72,303.27,624,2302,100.0,0.6541,-0.0541,-81.1875,-1000.0,-4.4385,-100.0,100,2202,0.9566
2024-01-01 01:04:13,3853,Grid Emergency,77.72,67.83,284.42,930,1774,100.0,0.7233,-0.1233,-184.9575,-1000.0,-20.754,-100.0,100,1674,0.9436
2024-01-01 01:04:14,3854,Grid Emergency,56.55,67.34,298.39,829,2261,100.0,0.6398,-0.0398,-59.73,-1000.0,25.0455,-100.0,100,2161,0.9558
2024-01-01 01:04:15,3855,Grid Emergency,72.3,72.0,331.7,930,2163,100.0,0.7384,-0.1384,-207.6,-1000.0,-29.574,-100.0,100,2063,0.9538
2024-01-01 01:04:16,3856,Grid Emergency,65.19,69.59,192.16,716,2373,100.0,0.6056,-0.0056,-8.43,-1000.0,39.834,-100.0,100,2273,0.9579
2024-01-01 01:04:17,3857,Grid Emergency,78.02,70.39,339.22,830,2456,100.0,0.7432,-0.1432,-214.7325,-1000.0,-41.2605,-100.0,100,2356,0.9593
2024-01-01 01:04:18,3858,Grid Emergency,76.47,65.47,205.89,817,2228,100.0,0.6568,-0.0568,-85.2225,-1000.0,25.902,-100.0,100,2128,0.9551
2024-01-01 01:04:19,3859,Grid Emergency,73.53,62.5,353.43,694,2091,100.0,0.6944,-0.0944,-141.63,-1000.0,-11.2815,-100.0,100,1991,0.9522
2024-01-01 01:04:20,3860,Grid Emergency,71.44,71.6,258.31,776,1919,100.0,0.6746,-0.0746,-111.8925,-1000.0,5.9475,-100.0,100,1819,0.9479
2024-01-01 01:04:21,3861,Grid Emergency,65.14,75.08,265.22,808,2125,100.0,0.6695,-0.0695,-104.25,-1000.0,1.5285,-100.0,100,2025,0.9529
2024-01-01 01:04:22,3862,Grid Emergency,55.52,78.92,323.96,759,2351,100.0,0.6674,-0.0675,-101.175,-1000.0,0.615,-100.0,100,2251,0.9575
2024-01-01 01:04:23,3863,Grid Emergency,86.99,69.61,337.78,757,2014,100.0,0.7609,-0.1609,-241.395,-1000.0,-28.044,-100.0,100,1914,0.9503
2024-01-01 01:04:24,3864,Grid Emergency,56.17,69.72,372.05,778,1833,100.0,0.6736,-0.0736,-110.43,-1000.0,26.193,-100.0,100,1733,0.9454
2024-01-01 01:04:25,3865,Grid Emergency,82.98,65.52,215.86,821,1863,100.0,0.6853,-0.0853,-127.965,-1000.0,-3.507,-100.0,100,1763,0.9463
2024-01-01 01:04:26,3866,Grid Emergency,89.81,77.18,299.75,765,2705,100.0,0.7719,-0.1719,-257.865,-1000.0,-25.98,-100.0,100,2605,0.963
2024-01-01 01:04:27,3867,Grid Emergency,82.0,69.91,440.01,731,2245,100.0,0.7914,-0.1914,-287.145,-1000.0,-5.856,-100.0,100,2145,0.9555
2024-01-01 01:04:28,3868,Grid Emergency,62.64,54.6,297.05,723,2182,100.0,0.6127,-0.0127,-19.0725,-1000.0,53.6145,-100.0,100,2082,0.9542
2024-01-01 01:04:29,3869,Grid Emergency,57.8,73.29,272.63,780,2333,100.0,0.6388,-0.0388,-58.26,-1000.0,-7.8375,-100.0,100,2233,0.9571
2024-01-01 01:04:30,3870,Grid Emergency,68.04,60.29,379.46,807,2137,100.0,0.6996,-0.0996,-149.4675,-1000.0,-18.2415,-100.0,100,2037,0.9532
2024-01-01 01:04:31,3871,Grid Emergency,86.68,68.67,282.08,619,2073,100.0,0.7089,-0.1089,-163.4175,-1000.0,-2.79,-100.0,100,1973,0.9518
2024-01-01 01:04:32,3872,Grid Emergency,79.72,79.12,311.06,841,2046,100.0,0.7585,-0.1585,-237.75,-1000.0,-14.8665,-100.0,100,1946,0.9511
2024-01-01 01:04:33,3873,Grid Emergency,64.18,57.55,287.22,593,2602,100.0,0.6011,-0.0011,-1.5975,-1000.0,47.2305,-100.0,100,2502,0.9616
2024-01-01 01:04:34,3874,Grid Emergency,76.39,67.24,387.49,589,2065,100.0,0.7176,-0.1176,-176.34,-1000.0,-34.9485,-100.0,100,1965,0.9516
2024-01-01 01:04:35,3875,Grid Emergency,92.0,66.85,420.11,798,2426,100.0,0.8189,-0.2189,-328.32,-1000.0,-30.396,-100.0,100,2326,0.9588
2024-01-01 01:04:36,3876,Grid Emergency,85.35,68.01,288.03,708,1853,100.0,0.719,-0.119,-178.4475,-1000.0,29.9745,-100.0,100,1753,0.946
2024-01-01 01:04:37,3877,Grid Emergency,71.34,67.96,386.02,779,2690,100.0,0.7295,-0.1295,-194.175,-1000.0,-3.1455,-100.0,100,2590,0.9628
2024-01-01 01:04:38,3878,Grid Emergency,50.4,58.26,294.01,869,2072,100.0,0.5994,0.0006,0.8925,-999.9941,39.0135,-99.9994,100,1972,0.9517
2024-01-01 01:04:39,3879,Grid Emergency,57.32,66.04,256.11,580,2599,100.0,0.5808,0.0192,28.8375,-999.8018,5.589,-99.9802,100,2499,0.9615
2024-01-01 01:04:40,3880,Grid Emergency,68.48,69.39,305.82,694,1889,100.0,0.6702,-0.0702,-105.2475,-1000.0,-26.817,-100.0,100,1789,0.9471
2024-01-01 01:04:41,3881,Grid Emergency,68.89,70.7,373.84,814,1795,100.0,0.7269,-0.1269,-190.3275,-1000.0,-17.016,-100.0,100,1695,0.9443
2024-01-01 01:04:42,3882,Grid Emergency,81.89,71.8,281.89,738,2243,100.0,0.7178,-0.1178,-176.64,-1000.0,2.7375,-100.0,100,2143,0.9554
2024-01-01 01:04:43,3883,Grid Emergency,72.47,71.84,271.17,919,1617,100.0,0.7067,-0.1067,-160.02,-1000.0,3.324,-100.0,100,1517,0.9382
2024-01-01 01:04:44,3884,Grid Emergency,77.78,70.93,338.93,649,2392,100.0,0.7164,-0.1164,-174.555,-1000.0,-2.907,-100.0,100,2292,0.9582
2024-01-01 01:04:45,3885,Grid Emergency,70.92,58.51,260.73,732,1700,100.0,0.6347,-0.0347,-51.99,-1000.0,24.513,-100.0,100,1600,0.9412
2024-01-01 01:04:46,3886,Grid Emergency,90.01,76.39,392.21,892,2012,100.0,0.8359,-0.2359,-353.8725,-1000.0,-60.3765,-100.0,100,1912,0.9503
2024-01-01 01:04:47,3887,Grid Emergency,63.31,46.58,291.72,896,1893,100.0,0.6183,-0.0183,-27.4425,-1000.0,65.286,-100.0,100,1793,0.9472
2024-01-01 01:04:48,3888,Grid Emergency,69.9,63.56,326.87,848,1715,100.0,0.6942,-0.0942,-141.2775,-1000.0,-22.767,-100.0,100,1615,0.9417
2024-01-01 01:04:49,3889,Grid Emergency,58.52,79.89,342.99,694,2526,100.0,0.6801,-0.0801,-120.21,-1000.0,4.2135,-100.0,100,2426,0.9604
2024-01-01 01:04:50,3890,Grid Emergency,58.35,75.45,306.93,780,1503,100.0,0.6633,-0.0633,-94.9725,-1000.0,5.0475,-100.0,100,1403,0.9335
2024-01-01 01:04:51,3891,Grid Emergency,69.39,73.89,307.15,845,2405,100.0,0.7079,-0.1079,-161.8725,-1000.0,-13.38,-100.0,100,2305,0.9584
2024-01-01 01:04:52,3892,Grid Emergency,62.41,74.59,265.33,725,2264,100.0,0.6463,-0.0463,-69.4875,-1000.0,18.477,-100.0,100,2164,0.9558
2024-01-01 01:04:53,3893,Grid Emergency,63.65,74.3,287.26,661,2276,100.0,0.6513,-0.0513,-76.9575,-1000.0,-1.494,-100.0,100,2176,0.9561
2024-01-01 01:04:54,3894,Grid Emergency,63.64,60.91,356.85,730,1736,100.0,0.6629,-0.0629,-94.41,-1000.0,-3.4905,-100.0,100,1636,0.9424
2024-01-01 01:04:55,3895,Grid Emergency,80.56,64.75,246.86,469,2325,100.0,0.6376,-0.0376,-56.4225,-1000.0,7.5975,-100.0,100,2225,0.957
2024-01-01 01:04:56,3896,Grid Emergency,63.4,58.05,338.77,800,1903,100.0,0.6564,-0.0564,-84.615,-1000.0,-5.6385,-100.0,100,1803,0.9475
2024-01-01 01:04:57,3897,Grid Emergency,81.13,84.44,370.6,839,2178,100.0,0.8062,-0.2062,-309.3075,-1000.0,-44.9385,-100.0,100,2078,0.9541
2024-01-01 01:04:58,3898,Grid Emergency,67.56,67.55,329.83,594,1907,100.0,0.6593,-0.0593,-89.025,-1000.0,44.0565,-100.0,100,1807,0.9476
2024-01-01 01:04:59,3899,Grid Emergency,57.72,69.88,313.74,654,2305,100.0,0.6317,-0.0317,-47.535,-1000.0,8.298,-100.0,100,2205,0.9566
2024-01-01 01:05:00,3900,Grid Emergency,61.55,62.48,345.12,812,1901,100.0,0.666,-0.066,-98.9775,-1000.0,-10.2885,-100.0,100,1801,0.9474
2024-01-01 01:05:01,3901,Grid Emergency,74.32,61.77,301.12,734,2240,100.0,0.6752,-0.0752,-112.8075,-1000.0,-2.766,-100.0,100,2140,0.9554
2024-01-01 01:05:02,3902,Grid Emergency,75.18,70.19,261.47,758,2237,100.0,0.683,-0.083,-124.56,-1000.0,-2.3505,-100.0,100,2137,0.9553
2024-01-01 01:05:03,3903,Grid Emergency,78.89,62.24,351.2,588,1992,100.0,0.6955,-0.0955,-143.2725,-1000.0,-3.7425,-100.0,100,1892,0.9498
2024-01-01 01:05:04,3904,Grid Emergency,69.24,57.9,296.92,742,1643,100.0,0.6468,-0.0468,-70.275,-1000.0,14.5995,-100.0,100,1543,0.9391
2024-01-01 01:05:05,3905,Grid Emergency,68.05,54.01,401.87,741,2131,100.0,0.6853,-0.0853,-127.9275,-1000.0,-11.5305,-100.0,100,2031,0.9531
2024-01-01 01:05:06,3906,Grid Emergency,74.32,72.84,354.02,563,2427,100.0,0.7037,-0.1037,-155.52,-1000.0,-5.5185,-100.0,100,2327,0.9588
2024-01-01 01:05:07,3907,Grid Emergency,84.46,67.47,304.66,409,1789,100.0,0.678,-0.078,-116.9475,-1000.0,7.7145,-100.0,100,1689,0.9441
2024-01-01 01:05:08,3908,Grid Emergency,77.19,77.6,342.8,712,2581,100.0,0.7424,-0.1424,-213.5475,-1000.0,-19.32,-100.0,100,2481,0.9613
2024-01-01 01:05:09,3909,Grid Emergency,82.05,64.85,408.19,610,1732,100.0,0.7449,-0.1449,-217.3425,-1000.0,-0.759,-100.0,100,1632,0.9423
2024-01-01 01:05:10,3910,Grid Emergency,67.79,61.93,293.58,799,2091,100.0,0.6587,-0.0587,-88.095,-1000.0,25.8495,-100.0,100,1991,0.9522
2024-01-01 01:05:11,3911,Grid Emergency,71.92,68.47,205.95,568,2003,100.0,0.6111,-0.0111,-16.605,-1000.0,14.298,-100.0,100,1903,0.9501
2024-01-01 01:05:12,3912,Grid Emergency,63.57,66.15,373.19,712,1769,100.0,0.6813,-0.0813,-121.8975,-1000.0,-21.0585,-100.0,100,1669,0.9435
2024-01-01 01:05:13,3913,Grid Emergency,64.07,81.68,378.96,779,1709,100.0,0.7348,-0.1348,-202.1625,-1000.0,-16.053,-100.0,100,1609,0.9415
2024-01-01 01:05:14,3914,Grid Emergency,75.07,71.07,311.15,662,2009,100.0,0.6953,-0.0953,-142.9425,-1000.0,11.844,-100.0,100,1909,0.9502
2024-01-01 01:05:15,3915,Grid Emergency,65.6,58.84,371.47,808,2028,100.0,0.6836,-0.0836,-125.4525,-1000.0,3.498,-100.0,100,1928,0.9507
2024-01-01 01:05:16,3916,Grid Emergency,75.52,71.12,415.43,807,2308,100.0,0.7709,-0.1709,-256.3275,-1000.0,-26.175,-100.0,100,2208,0.9567
2024-01-01 01:05:17,3917,Grid Emergency,72.38,64.52,372.22,785,1892,100.0,0.7185,-0.1185,-177.735,-1000.0,15.7185,-100.0,100,1792,0.9471
2024-01-01 01:05:18,3918,Grid Emergency,76.54,74.7,215.69,627,2190,100.0,0.6565,-0.0565,-84.8025,-1000.0,18.5865,-100.0,100,2090,0.9543
2024-01-01 01:05:19,3919,Grid Emergency,52.76,53.87,297.83,769,2234,100.0,0.5836,0.0164,24.6,-999.836,21.8805,-99.9836,100,2134,0.9552
2024-01-01 01:05:20,3920,Grid Emergency,87.82,68.66,293.23,589,2003,100.0,0.714,-0.114,-170.9775,-1000.0,-39.1155,-100.0,100,1903,0.9501
2024-01-01 01:05:21,3921,Grid Emergency,79.08,74.02,321.91,774,2419,100.0,0.7389,-0.1389,-208.3275,-1000.0,-7.47,-100.0,100,2319,0.9587
2024-01-01 01:05:22,3922,Grid Emergency,72.75,78.94,277.3,712,1979,100.0,0.6974,-0.0974,-146.1375,-1000.0,12.438,-100.0,100,1879,0.9495
2024-01-01 01:05:23,3923,Grid Emergency,79.93,59.88,295.52,534,2248,100.0,0.6573,-0.0573,-85.9725,-1000.0,12.033,-100.0,100,2148,0.9555
2024-01-01 01:05:24,3924,Grid Emergency,84.47,75.29,346.57,803,2274,100.0,0.7776,-0.1776,-266.4075,-1000.0,-36.087,-100.0,100,2174,0.956
2024-01-01 01:05:25,3925,Grid Emergency,78.14,73.43,280.49,699,2117,100.0,0.7022,-0.1022,-153.24,-1000.0,22.6335,-100.0,100,2017,0.9528
2024-01-01 01:05:26,3926,Grid Emergency,68.64,55.47,254.42,742,2326,100.0,0.6174,-0.0174,-26.1375,-1000.0,25.4205,-100.0,100,2226,0.957
2024-01-01 01:05:27,3927,Grid Emergency,72.09,90.12,268.61,764,2422,100.0,0.7265,-0.1265,-189.78,-1000.0,-32.7285,-100.0,100,2322,0.9587
2024-01-01 01:05:28,3928,Grid Emergency,82.66,73.24,358.16,725,2515,100.0,0.7602,-0.1602,-240.36,-1000.0,-10.116,-100.0,100,2415,0.9602
2024-01-01 01:05:29,3929,Grid Emergency,84.83,61.18,324.47,565,2480,100.0,0.6968,-0.0968,-145.26,-1000.0,19.02,-100.0,100,2380,0.9597
2024-01-01 01:05:30,3930,Grid Emergency,74.24,78.79,305.08,534,2759,100.0,0.6895,-0.0895,-134.1825,-1000.0,2.2155,-100.0,100,2659,0.9638
2024-01-01 01:05:31,3931,Grid Emergency,73.31,60.0,361.56,923,2049,100.0,0.7258,-0.1258,-188.7225,-1000.0,-10.908,-100.0,100,1949,0.9512
2024-01-01 01:05:32,3932,Grid Emergency,71.01,69.9,260.01,650,2545,100.0,0.6508,-0.0508,-76.185,-1000.0,22.5075,-100.0,100,2445,0.9607
2024-01-01 01:05:33,3933,Grid Emergency,70.68,61.3,289.66,827,1606,100.0,0.6695,-0.0695,-104.265,-1000.0,-5.616,-100.0,100,1506,0.9377
2024-01-01 01:05:34,3934,Grid Emergency,74.55,87.7,401.4,777,2429,100.0,0.7974,-0.1974,-296.1375,-1000.0,-38.3745,-100.0,100,2329,0.9588
2024-01-01 01:05:35,3935,Grid Emergency,85.07,66.99,351.62,898,1784,100.0,0.7757,-0.1757,-263.595,-1000.0,6.5085,-100.0,100,1684,0.9439
2024-01-01 01:05:36,3936,Grid Emergency,77.77,70.89,314.64,721,2157,100.0,0.7149,-0.1149,-172.335,-1000.0,18.252,-100.0,100,2057,0.9536
2024-01-01 01:05:37,3937,Grid Emergency,75.16,76.95,331.44,702,1890,100.0,0.7265,-0.1265,-189.6825,-1000.0,-3.4695,-100.0,100,1790,0.9471
2024-01-01 01:05:38,3938,Grid Emergency,67.28,70.09,278.23,814,2207,100.0,0.6719,-0.0719,-107.88,-1000.0,16.3605,-100.0,100,2107,0.9547
2024-01-01 01:05:39,3939,Grid Emergency,83.44,62.89,272.6,833,2132,100.0,0.7105,-0.1105,-165.7725,-1000.0,-11.5785,-100.0,100,2032,0.9531
2024-01-01 01:05:40,3940,Grid Emergency,69.97,73.59,339.77,594,2446,100.0,0.6879,-0.0879,-131.7825,-1000.0,6.798,-100.0,100,2346,0.9591
2024-01-01 01:05:41,3941,Grid Emergency,67.9,81.6,249.99,751,2053,100.0,0.6793,-0.0793,-118.9425,-1000.0,2.568,-100.0,100,1953,0.9513
2024-01-01 01:05:42,3942,Grid Emergency,52.25,73.27,223.42,690,2376,100.0,0.5813,0.0187,28.11,-999.8126,29.4105,-99.9813,100,2276,0.9579
2024-01-01 01:05:43,3943,Grid Emergency,66.7,60.77,346.02,695,1998,100.0,0.6626,-0.0626,-93.9525,-1000.0,-24.4125,-100.0,100,1898,0.9499
2024-01-01 01:05:44,3944,Grid Emergency,84.75,58.66,289.32,806,1792,100.0,0.7088,-0.1088,-163.2525,-1000.0,-13.86,-100.0,100,1692,0.9442
2024-01-01 01:05:45,3945,Grid Emergency,89.75,66.27,349.35,807,2061,100.0,0.7755,-0.1755,-263.2875,-1000.0,-20.007,-100.0,100,1961,0.9515
2024-01-01 01:05:46,3946,Grid Emergency,67.21,67.66,342.07,621,1799,100.0,0.6686,-0.0686,-102.855,-1000.0,32.0865,-100.0,100,1699,0.9444
2024-01-01 01:05:47,3947,Grid Emergency,86.84,62.12,325.93,699,2060,100.0,0.7271,-0.1271,-190.5825,-1000.0,-17.5455,-100.0,100,1960,0.9515
2024-01-01 01:05:48,3948,Grid Emergency,86.3,67.32,293.94,693,1974,100.0,0.7213,-0.1213,-181.905,-1000.0,1.7355,-100.0,100,1874,0.9493
2024-01-01 01:05:49,3949,Grid Emergency,65.3,64.0,384.84,791,2013,100.0,0.6996,-0.0996,-149.43,-1000.0,6.495,-100.0,100,1913,0.9503
2024-01-01 01:05:50,3950,Grid Emergency,81.82,55.3,371.91,849,2659,100.0,0.7379,-0.1379,-206.8875,-1000.0,-11.4915,-100.0,100,2559,0.9624
2024-01-01 01:05:51,3951,Grid Emergency,82.12,71.5,368.1,657,2001,100.0,0.7488,-0.1488,-223.155,-1000.0,-3.2535,-100.0,100,1901,0.95
2024-01-01 01:05:52,3952,Grid Emergency,71.36,78.95,271.49,623,2159,100.0,0.6763,-0.0763,-114.495,-1000.0,21.732,-100.0,100,2059,0.9537
2024-01-01 01:05:53,3953,Grid Emergency,79.18,62.38,340.17,856,2400,100.0,0.7316,-0.1316,-197.3475,-1000.0,-16.5705,-100.0,100,2300,0.9583
2024-01-01 01:05:54,3954,Grid Emergency,75.53,67.28,388.1,721,2335,100.0,0.7348,-0.1348,-202.1325,-1000.0,-0.957,-100.0,100,2235,0.9572
2024-01-01 01:05:55,3955,Grid Emergency,91.58,74.68,265.13,596,2025,100.0,0.7292,-0.1292,-193.7925,-1000.0,1.668,-100.0,100,1925,0.9506
2024-01-01 01:05:56,3956,Grid Emergency,79.09,71.56,409.32,763,2018,100.0,0.7748,-0.1748,-262.2375,-1000.0,-13.689,-100.0,100,1918,0.9504
2024-01-01 01:05:57,3957,Grid Emergency,60.67,77.44,309.73,569,2105,100.0,0.6462,-0.0462,-69.24,-1000.0,38.5995,-100.0,100,2005,0.9525
2024-01-01 01:05:58,3958,Grid Emergency,62.04,64.59,310.28,629,1978,100.0,0.6281,-0.0281,-42.1575,-1000.0,5.4165,-100.0,100,1878,0.9494
2024-01-01 01:05:59,3959,Grid Emergency,64.56,62.26,264.64,671,1876,100.0,0.6146,-0.0146,-21.87,-1000.0,4.0575,-100.0,100,1776,0.9467
2024-01-01 01:06:00,3960,Grid Emergency,77.87,69.61,363.76,908,2269,100.0,0.7646,-0.1646,-246.975,-1000.0,-45.021,-100.0,100,2169,0.9559
2024-01-01 01:06:01,3961,Grid Emergency,76.5,73.92,331.0,725,2092,100.0,0.7268,-0.1268,-190.2,-1000.0,11.355,-100.0,100,1992,0.9522
2024-01-01 01:06:02,3962,Grid Emergency,61.78,74.71,308.59,864,2328,100.0,0.6869,-0.0869,-130.35,-1000.0,11.97,-100.0,100,2228,0.957
2024-01-01 01:06:03,3963,Grid Emergency,65.74,77.97,194.77,913,1765,100.0,0.6593,-0.0594,-89.025,-1000.0,8.265,-100.0,100,1665,0.9433
2024-01-01 01:06:04,3964,Grid Emergency,76.95,71.42,360.57,687,1563,100.0,0.7312,-0.1312,-196.815,-1000.0,-21.558,-100.0,100,1463,0.936
2024-01-01 01:06:05,3965,Grid Emergency,68.73,66.25,217.79,724,1831,100.0,0.6237,-0.0237,-35.5125,-1000.0,32.2605,-100.0,100,1731,0.9454
2024-01-01 01:06:06,3966,Grid Emergency,78.49,66.03,398.25,694,2207,100.0,0.743,-0.143,-214.5225,-1000.0,-35.802,-100.0,100,2107,0.9547
2024-01-01 01:06:07,3967,Grid Emergency,69.87,55.01,300.79,795,2250,100.0,0.6517,-0.0517,-77.5725,-1000.0,27.39,-100.0,100,2150,0.9556
2024-01-01 01:06:08,3968,Grid Emergency,69.07,56.35,339.0,761,2310,100.0,0.6663,-0.0663,-99.405,-1000.0,-4.3665,-100.0,100,2210,0.9567
2024-01-01 01:06:09,3969,Grid Emergency,69.26,54.53,334.02,719,2447,100.0,0.6536,-0.0536,-80.3925,-1000.0,3.8025,-100.0,100,2347,0.9591
2024-01-01 01:06:10,3970,Grid Emergency,72.29,67.64,328.78,660,1938,100.0,0.6855,-0.0855,-128.2575,-1000.0,-9.573,-100.0,100,1838,0.9484
2024-01-01 01:06:11,3971,Grid Emergency,71.02,60.64,299.69,913,2360,100.0,0.687,-0.087,-130.4475,-1000.0,-0.438,-100.0,100,2260,0.9576
2024-01-01 01:06:12,3972,Grid Emergency,75.08,80.41,272.88,969,1984,100.0,0.7456,-0.1456,-218.3925,-1000.0,-17.589,-100.0,100,1884,0.9496
2024-01-01 01:06:13,3973,Grid Emergency,92.04,84.0,231.1,866,2029,100.0,0.7776,-0.1776,-266.385,-1000.0,-9.5985,-100.0,100,1929,0.9507
2024-01-01 01:06:14,3974,Grid Emergency,66.32,72.2,264.64,770,1864,100.0,0.6604,-0.0604,-90.66,-1000.0,35.145,-100.0,100,1764,0.9464
2024-01-01 01:06:15,3975,Grid Emergency,73.77,78.68,327.39,684,2235,100.0,0.7212,-0.1212,-181.785,-1000.0,-18.225,-100.0,100,2135,0.9553
2024-01-01 01:06:16,3976,Grid Emergency,57.94,61.29,290.64,798,2201,100.0,0.621,-0.021,-31.5525,-1000.0,30.0465,-100.0,100,2101,0.9546
2024-01-01 01:06:17,3977,Grid Emergency,77.35,67.78,274.54,868,1925,100.0,0.7076,-0.1076,-161.4675,-1000.0,-25.983,-100.0,100,1825,0.9481
2024-01-01 01:06:18,3978,Grid Emergency,76.19,67.1,335.33,659,2363,100.0,0.7009,-0.1009,-151.395,-1000.0,2.0145,-100.0,100,2263,0.9577
2024-01-01 01:06:19,3979,Grid Emergency,85.78,75.93,317.09,676,2805,100.0,0.75,-0.15,-225.0,-1000.0,-14.721,-100.0,100,2705,0.9643
2024-01-01 01:06:20,3980,Grid Emergency,62.08,75.05,324.98,713,2146,100.0,0.6743,-0.0743,-111.5175,-1000.0,22.6965,-100.0,100,2046,0.9534
2024-01-01 01:06:21,3981,Grid Emergency,66.9,71.42,324.26,987,2367,100.0,0.7229,-0.1229,-184.32,-1000.0,-14.5605,-100.0,100,2267,0.9578
2024-01-01 01:06:22,3982,Grid Emergency,77.16,72.6,392.78,622,2054,100.0,0.7412,-0.1412,-211.875,-1000.0,-5.511,-100.0,100,1954,0.9513
2024-01-01 01:06:23,3983,Grid Emergency,52.93,72.47,348.17,620,2458,100.0,0.6335,-0.0335,-50.2725,-1000.0,32.3205,-100.0,100,2358,0.9593
2024-01-01 01:06:24,3984,Grid Emergency,64.81,65.26,315.38,879,1885,100.0,0.6795,-0.0795,-119.2875,-1000.0,-13.803,-100.0,100,1785,0.9469
2024-01-01 01:06:25,3985,Grid Emergency,74.91,74.2,335.58,780,2290,100.0,0.7325,-0.1325,-198.7125,-1000.0,-15.885,-100.0,100,2190,0.9563
2024-01-01 01:06:26,3986,Grid Emergency,66.45,81.5,305.0,695,2436,100.0,0.6931,-0.0931,-139.6125,-1000.0,11.82,-100.0,100,2336,0.9589
2024-01-01 01:06:27,3987,Grid Emergency,65.69,70.56,277.47,971,2677,100.0,0.6907,-0.0907,-136.05,-1000.0,0.7125,-100.0,100,2577,0.9626
2024-01-01 01:06:28,3988,Grid Emergency,70.9,72.16,310.23,685,2129,100.0,0.6864,-0.0864,-129.6225,-1000.0,1.2855,-100.0,100,2029,0.953
2024-01-01 01:06:29,3989,Grid Emergency,71.59,55.83,321.84,715,2178,100.0,0.6583,-0.0583,-87.465,-1000.0,8.4315,-100.0,100,2078,0.9541
2024-01-01 01:06:30,3990,Grid Emergency,71.22,65.12,349.37,773,2449,100.0,0.7027,-0.1027,-154.0575,-1000.0,-13.3185,-100.0,100,2349,0.9592
2024-01-01 01:06:31,3991,Grid Emergency,76.95,66.42,337.75,521,2625,100.0,0.6824,-0.0824,-123.6,-1000.0,6.0915,-100.0,100,2525,0.9619
2024-01-01 01:06:32,3992,Grid Emergency,74.74,85.48,270.88,608,2191,100.0,0.7019,-0.1019,-152.895,-1000.0,-5.859,-100.0,100,2091,0.9544
2024-01-01 01:06:33,3993,Grid Emergency,75.63,70.71,318.36,657,1728,100.0,0.6992,-0.0992,-148.815,-1000.0,0.816,-100.0,100,1628,0.9421
2024-01-01 01:06:34,3994,Grid Emergency,74.83,57.74,248.03,681,2207,100.0,0.6324,-0.0324,-48.63,-1000.0,20.037,-100.0,100,2107,0.9547
2024-01-01 01:06:35,3995,Grid Emergency,91.88,75.83,374.49,785,2191,100.0,0.8162,-0.2162,-324.225,-1000.0,-55.119,-100.0,100,2091,0.9544
2024-01-01 01:06:36,3996,Grid Emergency,97.06,57.42,291.4,686,2323,100.0,0.7319,-0.1319,-197.79,-1000.0,25.287,-100.0,100,2223,0.957
2024-01-01 01:06:37,3997,Grid Emergency,62.21,74.11,336.08,801,2298,100.0,0.6912,-0.0912,-136.8,-1000.0,12.198,-100.0,100,2198,0.9565
2024-01-01 01:06:38,3998,Grid Emergency,87.38,67.61,333.86,646,1858,100.0,0.7387,-0.1387,-208.0275,-1000.0,-14.2455,-100.0,100,1758,0.9462
2024-01-01 01:06:39,3999,Grid Emergency,89.65,61.5,338.86,773,2393,100.0,0.7529,-0.1529,-229.3575,-1000.0,-4.266,-100.0,100,2293,0.9582
2024-01-01 01:06:40,4000,Recovery,78.05,87.35,423.26,900,4549,100.0,0.8382,-0.2382,-357.27,-1000.0,-25.5825,-100.0,100,4449,0.978
2024-01-01 01:06:41,4001,Recovery,94.17,86.35,420.82,872,4382,100.0,0.8867,-0.2867,-430.02,-1000.0,-14.55,-100.0,100,4282,0.9772
2024-01-01 01:06:42,4002,Recovery,92.41,74.25,420.76,1062,4684,100.0,0.8694,-0.2694,-404.16,-1000.0,5.172,-100.0,100,4584,0.9787
2024-01-01 01:06:43,4003,Recovery,92.29,75.51,387.14,967,4532,100.0,0.8504,-0.2504,-375.615,-1000.0,5.709,-100.0,100,4432,0.9779
2024-01-01 01:06:44,4004,Recovery,94.83,82.69,530.31,902,4662,100.0,0.9239,-0.3239,-485.895,-1000.0,-22.056,-100.0,100,4562,0.9785
2024-01-01 01:06:45,4005,Recovery,82.97,88.58,439.49,882,4537,100.0,0.8639,-0.2639,-395.835,-1000.0,18.012,-100.0,100,4437,0.978
2024-01-01 01:06:46,4006,Recovery,96.51,89.86,383.5,906,4961,100.0,0.8901,-0.2901,-435.1275,-1000.0,-7.8585,-100.0,100,4861,0.9798
2024-01-01 01:06:47,4007,Recovery,87.23,83.41,456.39,862,4405,100.0,0.8713,-0.2713,-406.9875,-1000.0,5.628,-100.0,100,4305,0.9773
2024-01-01 01:06:48,4008,Recovery,86.23,89.49,455.83,963,4561,100.0,0.8979,-0.2979,-446.8425,-1000.0,-7.971,-100.0,100,4461,0.9781
2024-01-01 01:06:49,4009,Recovery,94.9,81.31,442.23,972,4925,100.0,0.9023,-0.3023,-453.51,-1000.0,-1.3335,-100.0,100,4825,0.9797
2024-01-01 01:06:50,4010,Recovery,87.73,80.0,463.4,994,4473,100.0,0.8879,-0.2879,-431.7825,-1000.0,4.3455,-100.0,100,4373,0.9776
2024-01-01 01:06:51,4011,Recovery,81.39,89.45,374.95,840,4524,100.0,0.822,-0.222,-332.9475,-1000.0,19.767,-100.0,100,4424,0.9779
2024-01-01 01:06:52,4012,Recovery,87.98,75.14,427.51,932,4458,100.0,0.8493,-0.2493,-374.0025,-1000.0,-8.211,-100.0,100,4358,0.9776
2024-01-01 01:06:53,4013,Recovery,99.0,84.03,454.37,845,4257,100.0,0.9105,-0.3105,-465.765,-1000.0,-18.3525,-100.0,100,4157,0.9765
2024-01-01 01:06:54,4014,Recovery,90.02,92.54,389.87,924,4299,100.0,0.88,-0.28,-419.9325,-1000.0,9.1665,-100.0,100,4199,0.9767
2024-01-01 01:06:55,4015,Recovery,82.89,82.53,405.04,851,4277,100.0,0.8266,-0.2266,-339.915,-1000.0,16.0035,-100.0,100,4177,0.9766
2024-01-01 01:06:56,4016,Recovery,75.84,84.19,437.4,945,4357,100.0,0.8364,-0.2364,-354.5475,-1000.0,-2.9265,-100.0,100,4257,0.977
2024-01-01 01:06:57,4017,Recovery,93.13,85.53,419.35,907,4405,100.0,0.8855,-0.2855,-428.2575,-1000.0,-14.742,-100.0,100,4305,0.9773
2024-01-01 01:06:58,4018,Recovery,88.2,90.95,452.92,901,4639,100.0,0.8977,-0.2977,-446.5275,-1000.0,-3.654,-100.0,100,4539,0.9784
2024-01-01 01:06:59,4019,Recovery,80.38,85.58,393.51,947,5121,100.0,0.8341,-0.2341,-351.1275,-1000.0,19.08,-100.0,100,5021,0.9805
2024-01-01 01:07:00,4020,Recovery,83.52,98.0,432.81,874,4364,100.0,0.8848,-0.2848,-427.2375,-1000.0,-15.222,-100.0,100,4264,0.9771
2024-01-01 01:07:01,4021,Recovery,99.0,84.08,400.76,901,4606,100.0,0.8922,-0.2922,-438.345,-1000.0,-2.2215,-100.0,100,4506,0.9783
2024-01-01 01:07:02,4022,Recovery,86.78,83.15,470.61,854,4645,100.0,0.875,-0.275,-412.515,-1000.0,5.166,-100.0,100,4545,0.9785
2024-01-01 01:07:03,4023,Recovery,86.34,78.04,449.22,836,4039,100.0,0.8473,-0.2473,-370.95,-1000.0,8.313,-100.0,100,3939,0.9752
2024-01-01 01:07:04,4024,Recovery,88.07,80.16,376.13,823,4894,100.0,0.8202,-0.2202,-330.24,-1000.0,8.142,-100.0,100,4794,0.9796
2024-01-01 01:07:05,4025,Recovery,89.45,81.07,482.22,959,4858,100.0,0.9007,-0.3007,-451.065,-1000.0,-24.165,-100.0,100,4758,0.9794
2024-01-01 01:07:06,4026,Recovery,79.54,73.6,434.53,927,4751,100.0,0.8187,-0.2187,-328.0575,-1000.0,24.6015,-100.0,100,4651,0.979
2024-01-01 01:07:07,4027,Recovery,76.78,85.09,445.35,953,4415,100.0,0.8471,-0.2471,-370.62,-1000.0,-8.5125,-100.0,100,4315,0.9773
2024-01-01 01:07:08,4028,Recovery,89.63,76.17,406.54,853,4341,100.0,0.8354,-0.2354,-353.025,-1000.0,3.519,-100.0,100,4241,0.977
2024-01-01 01:07:09,4029,Recovery,85.02,77.84,392.22,839,4881,100.0,0.8141,-0.2141,-321.195,-1000.0,6.366,-100.0,100,4781,0.9795
2024-01-01 01:07:10,4030,Recovery,83.41,82.72,361.87,971,4519,100.0,0.8253,-0.2253,-337.98,-1000.0,-3.357,-100.0,100,4419,0.9779
2024-01-01 01:07:11,4031,Recovery,83.69,78.09,440.38,755,4317,100.0,0.8216,-0.2216,-332.37,-1000.0,1.122,-100.0,100,4217,0.9768
2024-01-01 01:07:12,4032,Recovery,85.59,79.87,489.11,884,4676,100.0,0.8764,-0.2764,-414.5925,-1000.0,-16.4445,-100.0,100,4576,0.9786
2024-01-01 01:07:13,4033,Recovery,97.12,84.64,393.39,836,4623,100.0,0.8736,-0.2736,-410.4225,-1000.0,0.834,-100.0,100,4523,0.9784
2024-01-01 01:07:14,4034,Recovery,96.07,83.85,450.26,1029,4638,100.0,0.921,-0.321,-481.5,-1000.0,-14.2155,-100.0,100,4538,0.9784
2024-01-01 01:07:15,4035,Recovery,79.54,80.83,454.02,886,4768,100.0,0.8404,-0.2404,-360.5625,-1000.0,24.1875,-100.0,100,4668,0.979
2024-01-01 01:07:16,4036,Recovery,85.69,82.49,402.05,906,4505,100.0,0.8431,-0.2431,-364.5975,-1000.0,-0.807,-100.0,100,4405,0.9778
2024-01-01 01:07:17,4037,Recovery,76.39,77.79,375.23,877,4300,100.0,0.781,-0.181,-271.5075,-1000.0,18.618,-100.0,100,4200,0.9767
2024-01-01 01:07:18,4038,Recovery,92.05,86.54,428.69,833,4435,100.0,0.8778,-0.2778,-416.73,-1000.0,-29.0445,-100.0,100,4335,0.9775
2024-01-01 01:07:19,4039,Recovery,77.85,79.48,430.95,945,4546,100.0,0.8284,-0.2284,-342.6,-1000.0,14.826,-100.0,100,4446,0.978
2024-01-01 01:07:20,4040,Recovery,93.43,81.88,404.18,938,4629,100.0,0.8745,-0.2745,-411.7425,-1000.0,-13.8285,-100.0,100,4529,0.9784
2024-01-01 01:07:21,4041,Recovery,82.68,82.55,402.01,793,4532,100.0,0.8157,-0.2157,-323.565,-1000.0,17.6355,-100.0,100,4432,0.9779
2024-01-01 01:07:22,4042,Recovery,78.0,82.2,364.44,857,4353,100.0,0.7893,-0.1893,-283.905,-1000.0,7.932,-100.0,100,4253,0.977
2024-01-01 01:07:23,4043,Recovery,92.93,76.99,377.9,910,4393,100.0,0.8432,-0.2432,-364.77,-1000.0,-16.173,-100.0,100,4293,0.9772
2024-01-01 01:07:24,4044,Recovery,90.41,74.08,416.13,1014,4384,100.0,0.8597,-0.2597,-389.55,-1000.0,-4.956,-100.0,100,4284,0.9772
2024-01-01 01:07:25,4045,Recovery,86.73,70.14,383.87,913,4362,100.0,0.8078,-0.2078,-311.685,-1000.0,15.573,-100.0,100,4262,0.9771
2024-01-01 01:07:26,4046,Recovery,89.25,82.62,369.57,940,4176,100.0,0.8447,-0.2447,-367.065,-1000.0,-11.076,-100.0,100,4076,0.9761
2024-01-01 01:07:27,4047,Recovery,80.92,81.4,455.78,838,4450,100.0,0.8403,-0.2403,-360.465,-1000.0,1.32,-100.0,100,4350,0.9775
2024-01-01 01:07:28,4048,Recovery,86.39,83.93,443.94,867,4619,100.0,0.8642,-0.2642,-396.315,-1000.0,-7.17,-100.0,100,4519,0.9784
2024-01-01 01:07:29,4049,Recovery,93.38,90.64,423.14,894,4318,100.0,0.8991,-0.2991,-448.65,-1000.0,-10.467,-100.0,100,4218,0.9768
2024-01-01 01:07:30,4050,Recovery,76.59,78.23,411.1,880,4529,100.0,0.8012,-0.2012,-301.785,-1000.0,29.373,-100.0,100,4429,0.9779
2024-01-01 01:07:31,4051,Recovery,76.57,78.76,467.23,934,4529,100.0,0.8386,-0.2386,-357.915,-1000.0,-11.226,-100.0,100,4429,0.9779
2024-01-01 01:07:32,4052,Recovery,87.59,77.62,354.42,907,3912,100.0,0.8139,-0.2139,-320.8125,-1000.0,7.4205,-100.0,100,3812,0.9744
2024-01-01 01:07:33,4053,Recovery,83.23,79.75,393.28,991,4763,100.0,0.836,-0.236,-353.955,-1000.0,-6.6285,-100.0,100,4663,0.979
2024-01-01 01:07:34,4054,Recovery,91.33,74.18,463.99,913,4206,100.0,0.874,-0.274,-411.075,-1000.0,-11.424,-100.0,100,4106,0.9762
2024-01-01 01:07:35,4055,Recovery,85.28,85.44,388.04,888,4454,100.0,0.8393,-0.2393,-358.95,-1000.0,10.425,-100.0,100,4354,0.9775
2024-01-01 01:07:36,4056,Recovery,78.42,78.03,374.9,924,4205,100.0,0.7956,-0.1956,-293.3925,-1000.0,13.1115,-100.0,100,4105,0.9762
2024-01-01 01:07:37,4057,Recovery,86.73,71.26,371.31,820,4325,100.0,0.7904,-0.1904,-285.54,-1000.0,1.5705,-100.0,100,4225,0.9769
2024-01-01 01:07:38,4058,Recovery,86.01,81.75,351.8,870,4229,100.0,0.8118,-0.2118,-317.715,-1000.0,-6.435,-100.0,100,4129,0.9764
2024-01-01 01:07:39,4059,Recovery,88.07,77.91,402.2,840,4720,100.0,0.8301,-0.2301,-345.18,-1000.0,-5.493,-100.0,100,4620,0.9788
2024-01-01 01:07:40,4060,Recovery,77.12,77.08,407.51,864,4218,100.0,0.796,-0.196,-293.9625,-1000.0,10.2435,-100.0,100,4118,0.9763
2024-01-01 01:07:41,4061,Recovery,73.89,75.29,375.15,960,4820,100.0,0.7784,-0.1784,-267.6225,-1000.0,5.268,-100.0,100,4720,0.9793
2024-01-01 01:07:42,4062,Recovery,84.41,70.96,425.73,826,4254,100.0,0.8096,-0.2096,-314.4,-1000.0,-9.3555,-100.0,100,4154,0.9765
2024-01-01 01:07:43,4063,Recovery,80.88,76.35,392.6,808,4219,100.0,0.7915,-0.1915,-287.1825,-1000.0,5.4435,-100.0,100,4119,0.9763
2024-01-01 01:07:44,4064,Recovery,90.72,79.11,406.66,762,4546,100.0,0.8329,-0.2329,-349.3875,-1000.0,-12.441,-100.0,100,4446,0.978
2024-01-01 01:07:45,4065,Recovery,80.44,86.01,407.18,844,4017,100.0,0.8268,-0.2268,-340.1325,-1000.0,1.851,-100.0,100,3917,0.9751
2024-01-01 01:07:46,4066,Recovery,97.55,84.04,428.1,962,4393,100.0,0.9099,-0.3099,-464.8125,-1000.0,-24.936,-100.0,100,4293,0.9772
2024-01-01 01:07:47,4067,Recovery,92.56,76.31,423.99,839,4244,100.0,0.8526,-0.2526,-378.87,-1000.0,17.1885,-100.0,100,4144,0.9764
2024-01-01 01:07:48,4068,Recovery,84.97,71.54,411.4,854,3943,100.0,0.81,-0.21,-315.0675,-1000.0,12.7605,-100.0,100,3843,0.9746
2024-01-01 01:07:49,4069,Recovery,81.59,77.03,426.76,883,4627,100.0,0.824,-0.224,-335.955,-1000.0,-4.1775,-100.0,100,4527,0.9784
2024-01-01 01:07:50,4070,Recovery,87.41,75.73,399.08,850,4431,100.0,0.8223,-0.2223,-333.45,-1000.0,0.501,-100.0,100,4331,0.9774
2024-01-01 01:07:51,4071,Recovery,84.59,75.24,400.74,890,4128,100.0,0.818,-0.218,-327.0525,-1000.0,1.2795,-100.0,100,4028,0.9758
2024-01-01 01:07:52,4072,Recovery,86.08,69.5,433.3,892,4651,100.0,0.8255,-0.2255,-338.22,-1000.0,-2.2335,-100.0,100,4551,0.9785
2024-01-01 01:07:53,4073,Recovery,77.43,85.73,427.86,856,4246,100.0,0.8277,-0.2277,-341.49,-1000.0,-0.654,-100.0,100,4146,0.9764
2024-01-01 01:07:54,4074,Recovery,77.56,70.81,376.91,802,4637,100.0,0.7572,-0.1572,-235.86,-1000.0,21.126,-100.0,100,4537,0.9784
2024-01-01 01:07:55,4075,Recovery,75.01,79.74,412.17,881,4403,100.0,0.8001,-0.2001,-300.18,-1000.0,-12.864,-100.0,100,4303,0.9773
2024-01-01 01:07:56,4076,Recovery,89.65,76.13,401.38,848,4571,100.0,0.832,-0.232,-347.985,-1000.0,-9.561,-100.0,100,4471,0.9781
2024-01-01 01:07:57,4077,Recovery,96.51,71.6,337.48,890,4521,100.0,0.819,-0.219,-328.5375,-1000.0,3.8895,-100.0,100,4421,0.9779
2024-01-01 01:07:58,4078,Recovery,95.6,83.15,439.94,944,4596,100.0,0.904,-0.304,-456.0675,-1000.0,-25.506,-100.0,100,4496,0.9782
2024-01-01 01:07:59,4079,Recovery,89.1,70.99,397.47,875,4279,100.0,0.8193,-0.2193,-328.965,-1000.0,25.4205,-100.0,100,4179,0.9766
2024-01-01 01:08:00,4080,Recovery,83.53,88.04,374.67,899,4358,100.0,0.8346,-0.2346,-351.96,-1000.0,-4.599,-100.0,100,4258,0.9771
2024-01-01 01:08:01,4081,Recovery,78.56,72.13,345.99,882,4279,100.0,0.7606,-0.1606,-240.87,-1000.0,22.218,-100.0,100,4179,0.9766
2024-01-01 01:08:02,4082,Recovery,78.69,67.3,409.66,849,4145,100.0,0.7758,-0.1758,-263.7675,-1000.0,-4.5795,-100.0,100,4045,0.9759
2024-01-01 01:08:03,4083,Recovery,77.81,77.08,410.44,840,4046,100.0,0.7963,-0.1963,-294.3825,-1000.0,-6.123,-100.0,100,3946,0.9753
2024-01-01 01:08:04,4084,Recovery,83.19,84.74,397.2,859,4215,100.0,0.8305,-0.2305,-345.6975,-1000.0,-10.263,-100.0,100,4115,0.9763
2024-01-01 01:08:05,4085,Recovery,78.15,72.89,345.79,914,4369,100.0,0.7657,-0.1657,-248.6175,-1000.0,19.416,-100.0,100,4269,0.9771
2024-01-01 01:08:06,4086,Recovery,83.93,80.16,405.49,817,4207,100.0,0.8195,-0.2195,-329.175,-1000.0,-16.1115,-100.0,100,4107,0.9762
2024-01-01 01:08:07,4087,Recovery,80.54,93.41,425.56,861,4542,100.0,0.8573,-0.2573,-386.0175,-1000.0,-11.3685,-100.0,100,4442,0.978
2024-01-01 01:08:08,4088,Recovery,90.77,70.02,387.92,851,4387,100.0,0.8144,-0.2144,-321.5325,-1000.0,12.897,-100.0,100,4287,0.9772
2024-01-01 01:08:09,4089,Recovery,81.93,77.67,380.42,904,3972,100.0,0.8067,-0.2067,-310.11,-1000.0,2.2845,-100.0,100,3872,0.9748
2024-01-01 01:08:10,4090,Recovery,80.66,67.15,363.03,866,4324,100.0,0.7616,-0.1616,-242.4,-1000.0,13.542,-100.0,100,4224,0.9769
2024-01-01 01:08:11,4091,Recovery,81.29,84.92,434.19,846,4303,100.0,0.8408,-0.2408,-361.215,-1000.0,-23.763,-100.0,100,4203,0.9768
2024-01-01 01:08:12,4092,Recovery,80.4,81.89,357.41,938,4478,100.0,0.8055,-0.2055,-308.295,-1000.0,10.584,-100.0,100,4378,0.9777
2024-01-01 01:08:13,4093,Recovery,75.87,73.36,405.52,831,4355,100.0,0.7764,-0.1764,-264.5325,-1000.0,8.7525,-100.0,100,4255,0.977
2024-01-01 01:08:14,4094,Recovery,80.86,87.2,392.79,968,4362,100.0,0.8426,-0.2426,-363.9075,-1000.0,-19.875,-100.0,100,4262,0.9771
2024-01-01 01:08:15,4095,Recovery,74.86,90.52,425.15,865,4367,100.0,0.8306,-0.2306,-345.9525,-1000.0,3.591,-100.0,100,4267,0.9771
2024-01-01 01:08:16,4096,Recovery,75.77,67.14,390.59,914,4313,100.0,0.7654,-0.1654,-248.16,-1000.0,19.5585,-100.0,100,4213,0.9768
2024-01-01 01:08:17,4097,Recovery,93.11,85.85,392.12,903,4535,100.0,0.872,-0.272,-408.03,-1000.0,-31.974,-100.0,100,4435,0.9779
2024-01-01 01:08:18,4098,Recovery,82.32,76.6,395.37,723,4283,100.0,0.7858,-0.1858,-278.6325,-1000.0,25.8795,-100.0,100,4183,0.9767
2024-01-01 01:08:19,4099,Recovery,87.07,78.7,401.15,840,3824,100.0,0.8281,-0.2281,-342.105,-1000.0,-12.6945,-100.0,100,3724,0.9738
2024-01-01 01:08:20,4100,Recovery,92.67,75.59,371.93,909,4415,100.0,0.8356,-0.2356,-353.4525,-1000.0,-2.2695,-100.0,100,4315,0.9773
2024-01-01 01:08:21,4101,Recovery,84.28,82.37,355.47,836,4474,100.0,0.804,-0.204,-306.06,-1000.0,9.4785,-100.0,100,4374,0.9776
2024-01-01 01:08:22,4102,Recovery,78.53,71.72,392.13,845,4341,100.0,0.777,-0.177,-265.455,-1000.0,8.121,-100.0,100,4241,0.977
2024-01-01 01:08:23,4103,Recovery,74.27,62.37,417.07,785,4086,100.0,0.7422,-0.1422,-213.2325,-1000.0,10.4445,-100.0,100,3986,0.9755
2024-01-01 01:08:24,4104,Recovery,69.38,83.77,399.59,853,4265,100.0,0.78,-0.18,-270.0,-1000.0,-11.3535,-100.0,100,4165,0.9766
2024-01-01 01:08:25,4105,Recovery,70.07,71.67,375.19,800,4146,100.0,0.732,-0.132,-198.0225,-1000.0,14.3955,-100.0,100,4046,0.9759
2024-01-01 01:08:26,4106,Recovery,83.85,83.58,343.99,836,4339,100.0,0.7998,-0.1998,-299.73,-1000.0,-20.3415,-100.0,100,4239,0.977
2024-01-01 01:08:27,4107,Recovery,76.78,76.34,402.04,836,4327,100.0,0.786,-0.186,-279.0,-1000.0,4.146,-100.0,100,4227,0.9769
2024-01-01 01:08:28,4108,Recovery,82.84,75.59,352.52,847,4209,100.0,0.7822,-0.1822,-273.3375,-1000.0,1.1325,-100.0,100,4109,0.9762
2024-01-01 01:08:29,4109,Recovery,76.26,80.91,425.4,800,4039,100.0,0.8019,-0.2019,-302.8275,-1000.0,-5.898,-100.0,100,3939,0.9752
2024-01-01 01:08:30,4110,Recovery,77.58,67.3,447.15,810,4009,100.0,0.7849,-0.1849,-277.2825,-1000.0,5.109,-100.0,100,3909,0.9751
2024-01-01 01:08:31,4111,Recovery,75.35,75.01,365.81,904,3928,100.0,0.7698,-0.1698,-254.6325,-1000.0,4.53,-100.0,100,3828,0.9745
2024-01-01 01:08:32,4112,Recovery,72.83,80.6,383.11,820,4285,100.0,0.771,-0.171,-256.44,-1000.0,-0.3615,-100.0,100,4185,0.9767
2024-01-01 01:08:33,4113,Recovery,82.83,76.97,343.81,747,4030,100.0,0.7663,-0.1663,-249.4275,-1000.0,1.4025,-100.0,100,3930,0.9752
2024-01-01 01:08:34,4114,Recovery,75.45,78.82,331.67,807,4131,100.0,0.748,-0.148,-222.015,-1000.0,5.4825,-100.0,100,4031,0.9758
2024-01-01 01:08:35,4115,Recovery,81.66,79.56,375.49,795,4411,100.0,0.7917,-0.1917,-287.5575,-1000.0,-13.1085,-100.0,100,4311,0.9773
2024-01-01 01:08:36,4116,Recovery,79.93,85.64,375.19,827,4131,100.0,0.8055,-0.2055,-308.25,-1000.0,-4.1385,-100.0,100,4031,0.9758
2024-01-01 01:08:37,4117,Recovery,83.18,74.56,387.48,903,4364,100.0,0.8067,-0.2067,-310.08,-1000.0,-0.366,-100.0,100,4264,0.9771
2024-01-01 01:08:38,4118,Recovery,88.07,68.99,348.85,836,4305,100.0,0.7805,-0.1805,-270.8175,-1000.0,7.8525,-100.0,100,4205,0.9768
2024-01-01 01:08:39,4119,Recovery,78.57,72.81,425.72,859,4358,100.0,0.7987,-0.1987,-298.095,-1000.0,-5.4555,-100.0,100,4258,0.9771
2024-01-01 01:08:40,4120,Recovery,78.98,73.83,412.03,811,4021,100.0,0.7887,-0.1887,-283.005,-1000.0,3.018,-100.0,100,3921,0.9751
2024-01-01 01:08:41,4121,Recovery,76.1,73.85,409.47,747,4265,100.0,0.7678,-0.1678,-251.64,-1000.0,6.273,-100.0,100,4165,0.9766
2024-01-01 01:08:42,4122,Recovery,77.28,75.61,378.48,811,4078,100.0,0.7704,-0.1704,-255.5925,-1000.0,-0.7905,-100.0,100,3978,0.9755
2024-01-01 01:08:43,4123,Recovery,78.81,73.4,422.12,822,4106,100.0,0.7937,-0.1937,-290.5425,-1000.0,-6.99,-100.0,100,4006,0.9756
2024-01-01 01:08:44,4124,Recovery,77.55,74.34,362.94,859,3977,100.0,0.7676,-0.1676,-251.3925,-1000.0,7.83,-100.0,100,3877,0.9749
2024-01-01 01:08:45,4125,Recovery,67.89,77.09,373.45,790,4306,100.0,0.7356,-0.1356,-203.3475,-1000.0,9.609,-100.0,100,4206,0.9768
2024-01-01 01:08:46,4126,Recovery,64.91,86.16,413.13,787,4030,100.0,0.7672,-0.1672,-250.8,-1000.0,-9.4905,-100.0,100,3930,0.9752
2024-01-01 01:08:47,4127,Recovery,84.29,79.85,362.12,737,4539,100.0,0.7863,-0.1863,-279.375,-1000.0,-5.715,-100.0,100,4439,0.978
2024-01-01 01:08:48,4128,Recovery,86.95,77.56,386.07,848,4261,100.0,0.8185,-0.2185,-327.69,-1000.0,-9.663,-100.0,100,4161,0.9765
2024-01-01 01:08:49,4129,Recovery,68.64,74.47,366.81,808,4263,100.0,0.731,-0.131,-196.53,-1000.0,26.232,-100.0,100,4163,0.9765
2024-01-01 01:08:50,4130,Recovery,70.36,68.44,359.65,823,4271,100.0,0.7206,-0.1206,-180.9525,-1000.0,3.1155,-100.0,100,4171,0.9766
2024-01-01 01:08:51,4131,Recovery,90.84,74.77,404.67,850,4210,100.0,0.8347,-0.2347,-352.05,-1000.0,-34.2195,-100.0,100,4110,0.9762
2024-01-01 01:08:52,4132,Recovery,80.85,74.05,347.45,757,4167,100.0,0.7554,-0.1554,-233.0625,-1000.0,23.7975,-100.0,100,4067,0.976
2024-01-01 01:08:53,4133,Recovery,80.62,73.92,399.01,802,3911,100.0,0.7868,-0.1868,-280.1625,-1000.0,-9.42,-100.0,100,3811,0.9744
2024-01-01 01:08:54,4134,Recovery,79.29,81.29,348.02,822,4079,100.0,0.7781,-0.1781,-267.075,-1000.0,2.6175,-100.0,100,3979,0.9755
2024-01-01 01:08:55,4135,Recovery,76.27,74.56,331.23,816,3813,100.0,0.7414,-0.1414,-212.04,-1000.0,11.007,-100.0,100,3713,0.9738
2024-01-01 01:08:56,4136,Recovery,87.22,75.73,360.88,868,3876,100.0,0.8052,-0.2052,-307.8525,-1000.0,-19.1625,-100.0,100,3776,0.9742
2024-01-01 01:08:57,4137,Recovery,76.25,65.26,416.97,902,3744,100.0,0.7738,-0.1738,-260.715,-1000.0,9.4275,-100.0,100,3644,0.9733
2024-01-01 01:08:58,4138,Recovery,75.78,76.62,361.87,806,4051,100.0,0.7586,-0.1586,-237.9225,-1000.0,4.5585,-100.0,100,3951,0.9753
2024-01-01 01:08:59,4139,Recovery,83.07,70.39,382.78,751,3988,100.0,0.7708,-0.1708,-256.14,-1000.0,-3.6435,-100.0,100,3888,0.9749
2024-01-01 01:09:00,4140,Recovery,70.15,73.69,359.47,853,4055,100.0,0.7374,-0.1374,-206.1525,-1000.0,9.9975,-100.0,100,3955,0.9753
2024-01-01 01:09:01,4141,Recovery,81.25,75.94,312.43,705,3999,100.0,0.7362,-0.1362,-204.285,-1000.0,0.3735,-100.0,100,3899,0.975
2024-01-01 01:09:02,4142,Recovery,82.14,74.62,350.04,792,3994,100.0,0.7679,-0.1679,-251.79,-1000.0,-9.501,-100.0,100,3894,0.975
2024-01-01 01:09:03,4143,Recovery,85.09,80.33,359.01,801,4111,100.0,0.7983,-0.1983,-297.4425,-1000.0,-9.1305,-100.0,100,4011,0.9757
2024-01-01 01:09:04,4144,Recovery,82.91,85.86,374.43,861,3820,100.0,0.8212,-0.2212,-331.8,-1000.0,-6.8715,-100.0,100,3720,0.9738
2024-01-01 01:09:05,4145,Recovery,76.48,63.09,379.46,834,3537,100.0,0.7402,-0.1402,-210.3525,-1000.0,24.2895,-100.0,100,3437,0.9717
2024-01-01 01:09:06,4146,Recovery,81.38,79.49,391.0,741,4199,100.0,0.7902,-0.1902,-285.3075,-1000.0,-14.991,-100.0,100,4099,0.9762
2024-01-01 01:09:07,4147,Recovery,80.26,79.37,370.46,819,4262,100.0,0.7874,-0.1874,-281.1225,-1000.0,0.837,-100.0,100,4162,0.9765
2024-01-01 01:09:08,4148,Recovery,78.92,77.48,411.38,792,3811,100.0,0.7944,-0.1944,-291.615,-1000.0,-2.0985,-100.0,100,3711,0.9738
2024-01-01 01:09:09,4149,Recovery,84.15,84.35,412.21,834,3564,100.0,0.8366,-0.2366,-354.9075,-1000.0,-12.6585,-100.0,100,3464,0.9719
2024-01-01 01:09:10,4150,Recovery,76.23,72.19,374.54,882,3813,100.0,0.7669,-0.1669,-250.275,-1000.0,20.9265,-100.0,100,3713,0.9738
2024-01-01 01:09:11,4151,Recovery,93.44,73.36,349.85,839,4210,100.0,0.8112,-0.2112,-316.8225,-1000.0,-13.3095,-100.0,100,4110,0.9762
2024-01-01 01:09:12,4152,Recovery,83.84,70.99,387.57,744,3862,100.0,0.7763,-0.1763,-264.45,-1000.0,10.4745,-100.0,100,3762,0.9741
2024-01-01 01:09:13,4153,Recovery,79.31,70.65,403.74,766,3973,100.0,0.771,-0.171,-256.47,-1000.0,1.596,-100.0,100,3873,0.9748
2024-01-01 01:09:14,4154,Recovery,74.55,81.75,351.83,851,4227,100.0,0.7689,-0.1689,-253.2975,-1000.0,0.6345,-100.0,100,4127,0.9763
2024-01-01 01:09:15,4155,Recovery,77.1,75.66,357.26,820,3971,100.0,0.7606,-0.1606,-240.945,-1000.0,2.4705,-100.0,100,3871,0.9748
2024-01-01 01:09:16,4156,Recovery,77.22,75.72,323.66,788,4136,100.0,0.7396,-0.1396,-209.4,-1000.0,6.309,-100.0,100,4036,0.9758
2024-01-01 01:09:17,4157,Recovery,80.5,81.11,359.46,768,3779,100.0,0.7795,-0.1795,-269.1825,-1000.0,-11.9565,-100.0,100,3679,0.9735
2024-01-01 01:09:18,4158,Recovery,77.18,87.15,378.7,761,3797,100.0,0.7915,-0.1915,-287.2575,-1000.0,-3.615,-100.0,100,3697,0.9737
2024-01-01 01:09:19,4159,Recovery,69.97,70.33,392.87,768,3803,100.0,0.7324,-0.1324,-198.5325,-1000.0,17.745,-100.0,100,3703,0.9737
2024-01-01 01:09:20,4160,Recovery,74.42,79.17,367.31,757,3929,100.0,0.7556,-0.1556,-233.4,-1000.0,-6.9735,-100.0,100,3829,0.9745
2024-01-01 01:09:21,4161,Recovery,92.69,82.55,413.46,700,3957,100.0,0.8425,-0.2425,-363.78,-1000.0,-26.076,-100.0,100,3857,0.9747
2024-01-01 01:09:22,4162,Recovery,75.54,78.45,400.85,803,3809,100.0,0.7814,-0.1814,-272.085,-1000.0,18.339,-100.0,100,3709,0.9737
2024-01-01 01:09:23,4163,Recovery,75.39,78.87,390.31,793,4005,100.0,0.7751,-0.1751,-262.7175,-1000.0,1.8735,-100.0,100,3905,0.975
2024-01-01 01:09:24,4164,Recovery,79.6,76.72,389.84,817,3980,100.0,0.7879,-0.1879,-281.805,-1000.0,-3.8175,-100.0,100,3880,0.9749
2024-01-01 01:09:25,4165,Recovery,78.95,74.54,344.61,745,4081,100.0,0.7467,-0.1467,-220.095,-1000.0,12.342,-100.0,100,3981,0.9755
2024-01-01 01:09:26,4166,Recovery,74.92,79.9,366.13,824,4095,100.0,0.7686,-0.1686,-252.9525,-1000.0,-6.5715,-100.0,100,3995,0.9756
2024-01-01 01:09:27,4167,Recovery,84.2,72.12,379.59,819,3654,100.0,0.7876,-0.1876,-281.4675,-1000.0,-5.703,-100.0,100,3554,0.9726
2024-01-01 01:09:28,4168,Recovery,89.3,88.53,395.4,822,4078,100.0,0.8549,-0.2549,-382.3125,-1000.0,-20.169,-100.0,100,3978,0.9755
2024-01-01 01:09:29,4169,Recovery,77.09,74.23,395.57,732,3745,100.0,0.763,-0.163,-244.4625,-1000.0,27.57,-100.0,100,3645,0.9733
2024-01-01 01:09:30,4170,Recovery,76.6,78.79,340.31,768,3932,100.0,0.7504,-0.1504,-225.645,-1000.0,3.7635,-100.0,100,3832,0.9746
2024-01-01 01:09:31,4171,Recovery,72.86,60.17,335.15,792,4046,100.0,0.6918,-0.0918,-137.715,-1000.0,17.586,-100.0,100,3946,0.9753
2024-01-01 01:09:32,4172,Recovery,81.84,78.43,346.81,736,4020,100.0,0.7663,-0.1663,-249.48,-1000.0,-22.353,-100.0,100,3920,0.9751
2024-01-01 01:09:33,4173,Recovery,77.55,80.17,376.7,841,3848,100.0,0.7863,-0.1864,-279.525,-1000.0,-6.009,-100.0,100,3748,0.974
2024-01-01 01:09:34,4174,Recovery,85.17,86.89,366.52,801,3752,100.0,0.8187,-0.2187,-328.095,-1000.0,-9.714,-100.0,100,3652,0.9733
2024-01-01 01:09:35,4175,Recovery,84.08,81.42,349.73,805,3990,100.0,0.7934,-0.1934,-290.1675,-1000.0,7.5855,-100.0,100,3890,0.9749
2024-01-01 01:09:36,4176,Recovery,81.01,79.47,379.79,768,4097,100.0,0.7873,-0.1873,-280.9575,-1000.0,1.842,-100.0,100,3997,0.9756
2024-01-01 01:09:37,4177,Recovery,85.28,71.23,363.82,685,4043,100.0,0.7612,-0.1612,-241.8225,-1000.0,7.827,-100.0,100,3943,0.9753
2024-01-01 01:09:38,4178,Recovery,85.9,72.97,367.53,762,3846,100.0,0.7811,-0.1811,-271.71,-1000.0,-5.9775,-100.0,100,3746,0.974
2024-01-01 01:09:39,4179,Recovery,79.9,69.77,356.12,727,4036,100.0,0.7412,-0.1412,-211.7775,-1000.0,11.9865,-100.0,100,3936,0.9752
2024-01-01 01:09:40,4180,Recovery,79.89,71.85,363.95,760,4144,100.0,0.7552,-0.1552,-232.8225,-1000.0,-4.209,-100.0,100,4044,0.9759
2024-01-01 01:09:41,4181,Recovery,75.75,78.2,341.34,811,4118,100.0,0.7529,-0.1529,-229.4175,-1000.0,0.681,-100.0,100,4018,0.9757
2024-01-01 01:09:42,4182,Recovery,84.85,83.17,370.92,831,4232,100.0,0.815,-0.215,-322.515,-1000.0,-18.6195,-100.0,100,4132,0.9764
2024-01-01 01:09:43,4183,Recovery,71.56,70.69,316.93,821,3602,100.0,0.7088,-0.1088,-163.2,-1000.0,31.863,-100.0,100,3502,0.9722
2024-01-01 01:09:44,4184,Recovery,67.56,67.68,309.31,781,3683,100.0,0.6775,-0.0775,-116.1975,-1000.0,9.4005,-100.0,100,3583,0.9728
2024-01-01 01:09:45,4185,Recovery,68.04,73.97,361.62,673,3753,100.0,0.7048,-0.1048,-157.2375,-1000.0,-8.208,-100.0,100,3653,0.9734
2024-01-01 01:09:46,4186,Recovery,77.68,72.04,350.88,825,4321,100.0,0.7512,-0.1512,-226.755,-1000.0,-13.9035,-100.0,100,4221,0.9769
2024-01-01 01:09:47,4187,Recovery,76.2,66.21,353.38,774,3878,100.0,0.725,-0.125,-187.5225,-1000.0,7.8465,-100.0,100,3778,0.9742
2024-01-01 01:09:48,4188,Recovery,81.69,87.37,308.68,739,4193,100.0,0.7695,-0.1695,-254.295,-1000.0,-13.3545,-100.0,100,4093,0.9762
2024-01-01 01:09:49,4189,Recovery,74.84,78.79,378.66,825,4263,100.0,0.772,-0.172,-257.9925,-1000.0,-0.7395,-100.0,100,4163,0.9765
2024-01-01 01:09:50,4190,Recovery,79.92,63.54,338.37,871,3594,100.0,0.7384,-0.1384,-207.6075,-1000.0,10.077,-100.0,100,3494,0.9722
2024-01-01 01:09:51,4191,Recovery,80.85,58.88,318.5,806,3880,100.0,0.7103,-0.1103,-165.4875,-1000.0,8.424,-100.0,100,3780,0.9742
2024-01-01 01:09:52,4192,Recovery,75.56,69.04,298.8,795,3813,100.0,0.7057,-0.1057,-158.565,-1000.0,1.3845,-100.0,100,3713,0.9738
2024-01-01 01:09:53,4193,Recovery,68.63,74.07,375.79,749,3889,100.0,0.7256,-0.1256,-188.4375,-1000.0,-5.9745,-100.0,100,3789,0.9743
2024-01-01 01:09:54,4194,Recovery,77.94,69.6,359.63,795,4068,100.0,0.7459,-0.1459,-218.7825,-1000.0,-6.069,-100.0,100,3968,0.9754
2024-01-01 01:09:55,4195,Recovery,82.4,69.75,376.74,781,3716,100.0,0.7683,-0.1683,-252.4425,-1000.0,-6.732,-100.0,100,3616,0.9731
2024-01-01 01:09:56,4196,Recovery,74.82,77.84,398.62,666,4182,100.0,0.7557,-0.1557,-233.52,-1000.0,3.7845,-100.0,100,4082,0.9761
2024-01-01 01:09:57,4197,Recovery,84.53,74.91,349.75,775,3722,100.0,0.7743,-0.1743,-261.3825,-1000.0,-5.5725,-100.0,100,3622,0.9731
2024-01-01 01:09:58,4198,Recovery,76.43,64.83,304.38,872,3859,100.0,0.7126,-0.1126,-168.855,-1000.0,18.5055,-100.0,100,3759,0.9741
2024-01-01 01:09:59,4199,Recovery,78.66,73.45,331.44,739,3861,100.0,0.7355,-0.1355,-203.2575,-1000.0,-6.8805,-100.0,100,3761,0.9741
2024-01-01 01:10:00,4200,Recovery,76.21,69.08,370.32,763,3917,100.0,0.739,-0.139,-208.5675,-1000.0,-1.062,-100.0,100,3817,0.9745
2024-01-01 01:10:01,4201,Recovery,81.57,72.53,350.52,827,3646,100.0,0.7661,-0.1661,-249.195,-1000.0,-8.1255,-100.0,100,3546,0.9726
2024-01-01 01:10:02,4202,Recovery,66.04,76.84,336.36,698,4008,100.0,0.6961,-0.0961,-144.18,-1000.0,21.003,-100.0,100,3908,0.975
2024-01-01 01:10:03,4203,Recovery,76.36,65.88,412.94,670,3810,100.0,0.7389,-0.1389,-208.395,-1000.0,-12.843,-100.0,100,3710,0.9738
2024-01-01 01:10:04,4204,Recovery,65.84,75.05,335.32,791,3820,100.0,0.7044,-0.1044,-156.5625,-1000.0,10.3665,-100.0,100,3720,0.9738
2024-01-01 01:10:05,4205,Recovery,85.23,70.8,306.07,761,3769,100.0,0.7425,-0.1425,-213.735,-1000.0,-11.4345,-100.0,100,3669,0.9735
2024-01-01 01:10:06,4206,Recovery,66.16,67.01,331.74,826,3957,100.0,0.6889,-0.0889,-133.2825,-1000.0,16.0905,-100.0,100,3857,0.9747
2024-01-01 01:10:07,4207,Recovery,74.93,76.12,292.33,719,3892,100.0,0.7066,-0.1066,-159.855,-1000.0,-5.3145,-100.0,100,3792,0.9743
2024-01-01 01:10:08,4208,Recovery,77.96,70.02,352.02,763,3806,100.0,0.7384,-0.1384,-207.555,-1000.0,-9.54,-100.0,100,3706,0.9737
2024-01-01 01:10:09,4209,Recovery,82.08,75.13,368.16,831,3970,100.0,0.7838,-0.1838,-275.7525,-1000.0,-13.6395,-100.0,100,3870,0.9748
2024-01-01 01:10:10,4210,Recovery,87.3,69.14,304.71,738,3756,100.0,0.7415,-0.1415,-212.1825,-1000.0,12.714,-100.0,100,3656,0.9734
2024-01-01 01:10:11,4211,Recovery,85.56,66.35,349.77,764,3817,100.0,0.7548,-0.1548,-232.23,-1000.0,-4.0095,-100.0,100,3717,0.9738
2024-01-01 01:10:12,4212,Recovery,75.72,75.24,384.16,820,3800,100.0,0.7682,-0.1682,-252.3,-1000.0,-4.014,-100.0,100,3700,0.9737
2024-01-01 01:10:13,4213,Recovery,71.8,82.25,319.11,831,4058,100.0,0.7411,-0.1411,-211.695,-1000.0,8.121,-100.0,100,3958,0.9754
2024-01-01 01:10:14,4214,Recovery,85.58,77.12,287.72,689,3847,100.0,0.7395,-0.1395,-209.31,-1000.0,0.477,-100.0,100,3747,0.974
2024-01-01 01:10:15,4215,Recovery,72.54,71.07,369.13,732,3538,100.0,0.7259,-0.1259,-188.895,-1000.0,4.083,-100.0,100,3438,0.9717
2024-01-01 01:10:16,4216,Recovery,81.85,76.01,342.94,775,3797,100.0,0.7642,-0.1642,-246.33,-1000.0,-11.487,-100.0,100,3697,0.9737
2024-01-01 01:10:17,4217,Recovery,84.48,73.78,389.78,645,3866,100.0,0.7718,-0.1718,-257.655,-1000.0,-2.265,-100.0,100,3766,0.9741
2024-01-01 01:10:18,4218,Recovery,74.05,67.68,384.47,782,3369,100.0,0.7379,-0.1379,-206.865,-1000.0,10.158,-100.0,100,3269,0.9703
2024-01-01 01:10:19,4219,Recovery,80.67,76.36,327.68,695,3448,100.0,0.7413,-0.1413,-212.0025,-1000.0,-1.0275,-100.0,100,3348,0.971
2024-01-01 01:10:20,4220,Recovery,74.3,71.69,372.93,749,3551,100.0,0.7381,-0.1381,-207.135,-1000.0,0.9735,-100.0,100,3451,0.9718
2024-01-01 01:10:21,4221,Recovery,77.71,71.18,320.63,655,3884,100.0,0.7085,-0.1085,-162.75,-1000.0,8.877,-100.0,100,3784,0.9743
2024-01-01 01:10:22,4222,Recovery,78.9,76.01,326.49,742,3480,100.0,0.7407,-0.1407,-211.08,-1000.0,-9.666,-100.0,100,3380,0.9713
2024-01-01 01:10:23,4223,Recovery,70.25,72.83,355.86,652,3540,100.0,0.7037,-0.1037,-155.52,-1000.0,11.112,-100.0,100,3440,0.9718
2024-01-01 01:10:24,4224,Recovery,73.92,78.33,323.25,739,3797,100.0,0.727,-0.127,-190.53,-1000.0,-7.002,-100.0,100,3697,0.9737
2024-01-01 01:10:25,4225,Recovery,74.56,74.15,306.95,699,4031,100.0,0.7047,-0.1047,-156.99,-1000.0,6.708,-100.0,100,3931,0.9752
2024-01-01 01:10:26,4226,Recovery,85.04,77.56,379.96,639,3550,100.0,0.7774,-0.1774,-266.055,-1000.0,-21.813,-100.0,100,3450,0.9718
2024-01-01 01:10:27,4227,Recovery,74.09,86.95,337.21,767,3812,100.0,0.7603,-0.1603,-240.5175,-1000.0,5.1075,-100.0,100,3712,0.9738
2024-01-01 01:10:28,4228,Recovery,78.04,72.27,310.26,594,3989,100.0,0.698,-0.098,-147.0675,-1000.0,18.69,-100.0,100,3889,0.9749
2024-01-01 01:10:29,4229,Recovery,72.15,61.17,359.05,749,3882,100.0,0.6973,-0.0973,-145.9875,-1000.0,0.216,-100.0,100,3782,0.9742
2024-01-01 01:10:30,4230,Recovery,82.49,66.82,319.32,711,3889,100.0,0.7221,-0.1221,-183.1125,-1000.0,-7.425,-100.0,100,3789,0.9743
2024-01-01 01:10:31,4231,Recovery,63.13,73.06,373.19,771,3863,100.0,0.7059,-0.1059,-158.775,-1000.0,4.8675,-100.0,100,3763,0.9741
2024-01-01 01:10:32,4232,Recovery,82.07,55.76,393.28,742,3984,100.0,0.7346,-0.1346,-201.8775,-1000.0,-8.6205,-100.0,100,3884,0.9749
2024-01-01 01:10:33,4233,Recovery,68.59,61.68,398.13,678,3651,100.0,0.695,-0.095,-142.545,-1000.0,11.8665,-100.0,100,3551,0.9726
2024-01-01 01:10:34,4234,Recovery,78.75,76.8,376.54,735,3499,100.0,0.7661,-0.1661,-249.2175,-1000.0,-21.3345,-100.0,100,3399,0.9714
2024-01-01 01:10:35,4235,Recovery,79.77,76.46,289.39,793,3208,100.0,0.734,-0.134,-200.985,-1000.0,9.6465,-100.0,100,3108,0.9688
2024-01-01 01:10:36,4236,Recovery,81.69,68.27,364.66,747,3694,100.0,0.751,-0.151,-226.455,-1000.0,-5.094,-100.0,100,3594,0.9729
2024-01-01 01:10:37,4237,Recovery,78.13,71.52,364.57,830,3430,100.0,0.759,-0.159,-238.56,-1000.0,-2.421,-100.0,100,3330,0.9708
2024-01-01 01:10:38,4238,Recovery,56.24,69.5,328.29,701,3509,100.0,0.6399,-0.0399,-59.8275,-1000.0,35.7465,-100.0,100,3409,0.9715
2024-01-01 01:10:39,4239,Recovery,80.55,63.66,355.99,751,3754,100.0,0.7317,-0.1317,-197.58,-1000.0,-27.5505,-100.0,100,3654,0.9734
2024-01-01 01:10:40,4240,Recovery,78.19,77.61,343.72,701,3784,100.0,0.7447,-0.1447,-217.05,-1000.0,-3.894,-100.0,100,3684,0.9736
2024-01-01 01:10:41,4241,Recovery,78.82,77.21,290.4,708,3470,100.0,0.7203,-0.1203,-180.4425,-1000.0,7.3215,-100.0,100,3370,0.9712
2024-01-01 01:10:42,4242,Recovery,78.53,76.19,333.19,680,3798,100.0,0.7339,-0.1339,-200.8875,-1000.0,-4.089,-100.0,100,3698,0.9737
2024-01-01 01:10:43,4243,Recovery,74.31,80.34,394.27,765,3722,100.0,0.7728,-0.1728,-259.23,-1000.0,-11.6685,-100.0,100,3622,0.9731
2024-01-01 01:10:44,4244,Recovery,86.01,73.19,326.36,681,3531,100.0,0.7493,-0.1493,-224.01,-1000.0,7.044,-100.0,100,3431,0.9717
2024-01-01 01:10:45,4245,Recovery,74.96,74.48,297.94,691,3710,100.0,0.7012,-0.1012,-151.77,-1000.0,14.448,-100.0,100,3610,0.973
2024-01-01 01:10:46,4246,Recovery,78.81,71.5,347.38,651,3481,100.0,0.7259,-0.1259,-188.8875,-1000.0,-7.4235,-100.0,100,3381,0.9713
2024-01-01 01:10:47,4247,Recovery,74.53,74.68,346.64,669,3613,100.0,0.7212,-0.1212,-181.8375,-1000.0,1.41,-100.0,100,3513,0.9723
2024-01-01 01:10:48,4248,Recovery,83.91,74.84,334.48,660,3513,100.0,0.747,-0.147,-220.5375,-1000.0,-7.74,-100.0,100,3413,0.9715
2024-01-01 01:10:49,4249,Recovery,74.83,73.19,355.98,730,3578,100.0,0.7324,-0.1324,-198.555,-1000.0,4.3965,-100.0,100,3478,0.9721
2024-01-01 01:10:50,4250,Recovery,71.67,83.77,321.97,645,3321,100.0,0.718,-0.118,-177.0075,-1000.0,4.3095,-100.0,100,3221,0.9699
2024-01-01 01:10:51,4251,Recovery,72.56,77.09,321.04,782,3643,100.0,0.7245,-0.1245,-186.7575,-1000.0,-1.95,-100.0,100,3543,0.9726
2024-01-01 01:10:52,4252,Recovery,81.29,66.86,315.71,712,3737,100.0,0.7163,-0.1163,-174.48,-1000.0,2.4555,-100.0,100,3637,0.9732
2024-01-01 01:10:53,4253,Recovery,73.5,73.12,355.28,636,3569,100.0,0.7131,-0.1131,-169.635,-1000.0,0.969,-100.0,100,3469,0.972
2024-01-01 01:10:54,4254,Recovery,71.41,68.5,349.49,681,3232,100.0,0.6981,-0.0981,-147.12,-1000.0,4.503,-100.0,100,3132,0.9691
2024-01-01 01:10:55,4255,Recovery,73.05,64.89,351.83,745,3195,100.0,0.7056,-0.1056,-158.3475,-1000.0,-2.2455,-100.0,100,3095,0.9687
2024-01-01 01:10:56,4256,Recovery,69.77,73.36,294.33,743,3836,100.0,0.6862,-0.0862,-129.315,-1000.0,5.8065,-100.0,100,3736,0.9739
2024-01-01 01:10:57,4257,Recovery,73.39,66.55,266.93,744,4022,100.0,0.6683,-0.0683,-102.4575,-1000.0,5.3715,-100.0,100,3922,0.9751
2024-01-01 01:10:58,4258,Recovery,85.09,69.98,303.12,744,3593,100.0,0.7359,-0.1359,-203.8875,-1000.0,-20.286,-100.0,100,3493,0.9722
2024-01-01 01:10:59,4259,Recovery,77.13,72.93,338.35,753,3827,100.0,0.7344,-0.1344,-201.6075,-1000.0,0.456,-100.0,100,3727,0.9739
2024-01-01 01:11:00,4260,Recovery,71.07,65.53,260.24,683,3392,100.0,0.6451,-0.0451,-67.71,-1000.0,26.7795,-100.0,100,3292,0.9705
2024-01-01 01:11:01,4261,Recovery,76.67,69.01,328.04,740,3686,100.0,0.7159,-0.1159,-173.835,-1000.0,-21.225,-100.0,100,3586,0.9729
2024-01-01 01:11:02,4262,Recovery,73.4,81.1,356.66,678,3529,100.0,0.7397,-0.1397,-209.52,-1000.0,-7.137,-100.0,100,3429,0.9717
2024-01-01 01:11:03,4263,Recovery,78.78,72.16,300.54,743,3851,100.0,0.7179,-0.1179,-176.775,-1000.0,6.549,-100.0,100,3751,0.974
2024-01-01 01:11:04,4264,Recovery,81.08,80.16,395.9,783,3663,100.0,0.7996,-0.1996,-299.37,-1000.0,-24.519,-100.0,100,3563,0.9727
2024-01-01 01:11:05,4265,Recovery,72.69,59.88,333.81,722,3600,100.0,0.6793,-0.0793,-118.98,-1000.0,36.078,-100.0,100,3500,0.9722
2024-01-01 01:11:06,4266,Recovery,62.56,69.1,352.5,644,3621,100.0,0.6646,-0.0646,-96.84,-1000.0,4.428,-100.0,100,3521,0.9724
2024-01-01 01:11:07,4267,Recovery,76.42,77.48,384.17,675,3621,100.0,0.7545,-0.1545,-231.7575,-1000.0,-26.9835,-100.0,100,3521,0.9724
2024-01-01 01:11:08,4268,Recovery,75.07,74.63,348.57,765,3114,100.0,0.7384,-0.1384,-207.5325,-1000.0,4.845,-100.0,100,3014,0.9679
2024-01-01 01:11:09,4269,Recovery,76.24,73.62,325.05,579,3564,100.0,0.7003,-0.1003,-150.3975,-1000.0,11.427,-100.0,100,3464,0.9719
2024-01-01 01:11:10,4270,Recovery,69.41,80.72,343.02,652,3162,100.0,0.714,-0.114,-171.0675,-1000.0,-4.134,-100.0,100,3062,0.9684
2024-01-01 01:11:11,4271,Recovery,77.17,74.78,324.94,721,3499,100.0,0.7277,-0.1277,-191.4975,-1000.0,-4.086,-100.0,100,3399,0.9714
2024-01-01 01:11:12,4272,Recovery,79.97,76.52,281.9,620,3971,100.0,0.7051,-0.1051,-157.7175,-1000.0,6.756,-100.0,100,3871,0.9748
2024-01-01 01:11:13,4273,Recovery,79.11,62.95,283.61,699,3333,100.0,0.6809,-0.0809,-121.3725,-1000.0,7.269,-100.0,100,3233,0.97
2024-01-01 01:11:14,4274,Recovery,71.56,70.2,327.66,744,3924,100.0,0.7014,-0.1014,-152.085,-1000.0,-6.1425,-100.0,100,3824,0.9745
2024-01-01 01:11:15,4275,Recovery,70.54,63.65,341.7,769,3473,100.0,0.6922,-0.0922,-138.3225,-1000.0,2.7525,-100.0,100,3373,0.9712
2024-01-01 01:11:16,4276,Recovery,78.46,65.37,330.32,628,3552,100.0,0.6974,-0.0974,-146.0925,-1000.0,-1.554,-100.0,100,3452,0.9718
2024-01-01 01:11:17,4277,Recovery,72.61,74.0,382.68,666,3146,100.0,0.7304,-0.1304,-195.5625,-1000.0,-9.894,-100.0,100,3046,0.9682
2024-01-01 01:11:18,4278,Recovery,72.04,72.11,335.05,677,3840,100.0,0.7015,-0.1015,-152.235,-1000.0,8.6655,-100.0,100,3740,0.974
2024-01-01 01:11:19,4279,Recovery,74.02,69.64,305.32,596,3604,100.0,0.6752,-0.0752,-112.845,-1000.0,7.878,-100.0,100,3504,0.9723
2024-01-01 01:11:20,4280,Recovery,74.62,63.87,326.97,676,3410,100.0,0.6857,-0.0857,-128.595,-1000.0,-3.15,-100.0,100,3310,0.9707
2024-01-01 01:11:21,4281,Recovery,68.33,72.62,321.18,652,3358,100.0,0.6791,-0.0791,-118.6425,-1000.0,1.9905,-100.0,100,3258,0.9702
2024-01-01 01:11:22,4282,Recovery,72.26,75.69,333.81,669,3589,100.0,0.7094,-0.1094,-164.085,-1000.0,-9.0885,-100.0,100,3489,0.9721
2024-01-01 01:11:23,4283,Recovery,81.17,73.04,335.07,712,3491,100.0,0.741,-0.141,-211.545,-1000.0,-9.492,-100.0,100,3391,0.9714
2024-01-01 01:11:24,4284,Recovery,74.04,67.13,280.41,696,3589,100.0,0.6716,-0.0716,-107.355,-1000.0,20.838,-100.0,100,3489,0.9721
2024-01-01 01:11:25,4285,Recovery,71.15,76.23,304.93,590,3376,100.0,0.6806,-0.0806,-120.8475,-1000.0,-2.6985,-100.0,100,3276,0.9704
2024-01-01 01:11:26,4286,Recovery,63.58,72.0,303.67,727,3704,100.0,0.6634,-0.0634,-95.1225,-1000.0,5.145,-100.0,100,3604,0.973
2024-01-01 01:11:27,4287,Recovery,67.22,65.09,341.92,726,3105,100.0,0.6779,-0.0779,-116.7825,-1000.0,-4.332,-100.0,100,3005,0.9678
2024-01-01 01:11:28,4288,Recovery,74.41,56.71,309.09,730,4106,100.0,0.6663,-0.0663,-99.3825,-1000.0,3.48,-100.0,100,4006,0.9756
2024-01-01 01:11:29,4289,Recovery,71.23,62.37,309.79,678,3366,100.0,0.6618,-0.0618,-92.7375,-1000.0,1.329,-100.0,100,3266,0.9703
2024-01-01 01:11:30,4290,Recovery,67.07,67.25,336.72,666,3320,100.0,0.6711,-0.0711,-106.695,-1000.0,-2.7915,-100.0,100,3220,0.9699
2024-01-01 01:11:31,4291,Recovery,68.54,67.28,294.52,638,3621,100.0,0.6511,-0.0511,-76.575,-1000.0,6.024,-100.0,100,3521,0.9724
2024-01-01 01:11:32,4292,Recovery,71.13,59.2,354.91,693,3212,100.0,0.6784,-0.0784,-117.54,-1000.0,-8.193,-100.0,100,3112,0.9689
2024-01-01 01:11:33,4293,Recovery,70.26,64.93,344.12,653,3470,100.0,0.6782,-0.0782,-117.3675,-1000.0,0.0345,-100.0,100,3370,0.9712
2024-01-01 01:11:34,4294,Recovery,71.27,60.76,365.63,704,3332,100.0,0.6898,-0.0898,-134.64,-1000.0,-3.4545,-100.0,100,3232,0.97
2024-01-01 01:11:35,4295,Recovery,73.5,75.44,324.8,747,4061,100.0,0.7203,-0.1203,-180.45,-1000.0,-9.162,-100.0,100,3961,0.9754
2024-01-01 01:11:36,4296,Recovery,71.54,66.06,293.1,558,3723,100.0,0.6458,-0.0458,-68.685,-1000.0,22.353,-100.0,100,3623,0.9731
2024-01-01 01:11:37,4297,Recovery,70.12,74.77,354.73,614,3284,100.0,0.7018,-0.1018,-152.715,-1000.0,-16.806,-100.0,100,3184,0.9695
2024-01-01 01:11:38,4298,Recovery,82.66,69.05,302.28,615,3438,100.0,0.7053,-0.1053,-157.9875,-1000.0,-1.0545,-100.0,100,3338,0.9709
2024-01-01 01:11:39,4299,Recovery,81.18,73.54,327.19,746,3741,100.0,0.7435,-0.1435,-215.2125,-1000.0,-11.445,-100.0,100,3641,0.9733
2024-01-01 01:11:40,4300,Recovery,74.09,86.04,313.97,720,3380,100.0,0.7394,-0.1394,-209.1,-1000.0,1.2225,-100.0,100,3280,0.9704
2024-01-01 01:11:41,4301,Recovery,77.45,67.86,334.89,784,3645,100.0,0.7258,-0.1258,-188.655,-1000.0,4.089,-100.0,100,3545,0.9726
2024-01-01 01:11:42,4302,Recovery,74.84,64.66,326.35,613,3628,100.0,0.6787,-0.0787,-118.0725,-1000.0,14.1165,-100.0,100,3528,0.9724
2024-01-01 01:11:43,4303,Recovery,77.1,68.18,370.27,739,3477,100.0,0.7363,-0.1363,-204.4275,-1000.0,-17.271,-100.0,100,3377,0.9712
2024-01-01 01:11:44,4304,Recovery,75.26,65.69,311.85,608,3347,100.0,0.6748,-0.0748,-112.14,-1000.0,18.4575,-100.0,100,3247,0.9701
2024-01-01 01:11:45,4305,Recovery,71.19,59.21,336.97,712,3438,100.0,0.6725,-0.0725,-108.7125,-1000.0,0.6855,-100.0,100,3338,0.9709
2024-01-01 01:11:46,4306,Recovery,55.58,67.62,277.52,629,3726,100.0,0.5967,0.0033,4.965,-999.9669,22.7355,-99.9967,100,3626,0.9732
2024-01-01 01:11:47,4307,Recovery,57.11,64.19,343.87,624,3276,100.0,0.6259,-0.0259,-38.8425,-1000.0,-8.7615,-100.0,100,3176,0.9695
2024-01-01 01:11:48,4308,Recovery,83.85,71.32,346.66,683,3460,100.0,0.7476,-0.1476,-221.3325,-1000.0,-36.498,-100.0,100,3360,0.9711
2024-01-01 01:11:49,4309,Recovery,79.19,80.44,267.78,656,3415,100.0,0.7106,-0.1106,-165.8325,-1000.0,11.1,-100.0,100,3315,0.9707
2024-01-01 01:11:50,4310,Recovery,68.98,74.85,325.65,753,3640,100.0,0.7043,-0.1043,-156.495,-1000.0,1.8675,-100.0,100,3540,0.9725
2024-01-01 01:11:51,4311,Recovery,79.69,61.73,293.42,619,3681,100.0,0.6728,-0.0728,-109.2,-1000.0,9.459,-100.0,100,3581,0.9728
2024-01-01 01:11:52,4312,Recovery,65.64,63.26,283.61,792,3384,100.0,0.6485,-0.0485,-72.7425,-1000.0,7.2915,-100.0,100,3284,0.9704
2024-01-01 01:11:53,4313,Recovery,74.57,62.0,345.68,565,3213,100.0,0.6736,-0.0736,-110.3775,-1000.0,-7.527,-100.0,100,3113,0.9689
2024-01-01 01:11:54,4314,Recovery,66.95,70.11,292.77,729,3506,100.0,0.6653,-0.0653,-98.0025,-1000.0,2.475,-100.0,100,3406,0.9715
2024-01-01 01:11:55,4315,Recovery,67.15,74.74,304.42,623,3580,100.0,0.6675,-0.0675,-101.3025,-1000.0,-0.66,-100.0,100,3480,0.9721
2024-01-01 01:11:56,4316,Recovery,56.52,73.12,294.48,615,3789,100.0,0.6201,-0.0201,-30.165,-1000.0,14.2275,-100.0,100,3689,0.9736
2024-01-01 01:11:57,4317,Recovery,67.99,74.41,323.9,669,3344,100.0,0.6863,-0.0863,-129.435,-1000.0,-19.854,-100.0,100,3244,0.9701
2024-01-01 01:11:58,4318,Recovery,69.31,77.8,343.09,624,3181,100.0,0.7022,-0.1022,-153.345,-1000.0,-4.782,-100.0,100,3081,0.9686
2024-01-01 01:11:59,4319,Recovery,67.57,74.48,350.2,676,3063,100.0,0.6992,-0.0992,-148.7925,-1000.0,0.9105,-100.0,100,2963,0.9674
2024-01-01 01:12:00,4320,Recovery,75.55,76.37,319.7,747,3118,100.0,0.7272,-0.1272,-190.875,-1000.0,-8.4165,-100.0,100,3018,0.9679
2024-01-01 01:12:01,4321,Recovery,75.08,62.38,345.9,677,3739,100.0,0.6932,-0.0932,-139.845,-1000.0,10.206,-100.0,100,3639,0.9733
2024-01-01 01:12:02,4322,Recovery,73.92,66.04,299.07,633,3273,100.0,0.6683,-0.0683,-102.4575,-1000.0,7.4775,-100.0,100,3173,0.9694
2024-01-01 01:12:03,4323,Recovery,78.95,76.07,268.56,647,3383,100.0,0.6978,-0.0978,-146.745,-1000.0,-8.8575,-100.0,100,3283,0.9704
2024-01-01 01:12:04,4324,Recovery,66.12,71.01,356.93,689,3636,100.0,0.6908,-0.0908,-136.14,-1000.0,2.121,-100.0,100,3536,0.9725
2024-01-01 01:12:05,4325,Recovery,66.45,68.56,289.79,655,3429,100.0,0.6471,-0.0471,-70.68,-1000.0,13.092,-100.0,100,3329,0.9708
2024-01-01 01:12:06,4326,Recovery,76.46,76.18,333.09,599,3089,100.0,0.7145,-0.1145,-171.6825,-1000.0,-20.2005,-100.0,100,2989,0.9676
2024-01-01 01:12:07,4327,Recovery,73.77,77.26,311.33,565,3773,100.0,0.6918,-0.0918,-137.64,-1000.0,6.8085,-100.0,100,3673,0.9735
2024-01-01 01:12:08,4328,Recovery,73.54,69.24,276.69,641,3489,100.0,0.665,-0.065,-97.4775,-1000.0,8.0325,-100.0,100,3389,0.9713
2024-01-01 01:12:09,4329,Recovery,73.56,64.09,309.67,609,3681,100.0,0.6639,-0.0639,-95.805,-1000.0,0.3345,-100.0,100,3581,0.9728
2024-01-01 01:12:10,4330,Recovery,75.86,64.98,275.98,653,3246,100.0,0.6639,-0.0639,-95.85,-1000.0,-0.009,-100.0,100,3146,0.9692
2024-01-01 01:12:11,4331,Recovery,67.93,61.27,280.35,646,3287,100.0,0.628,-0.028,-42.0075,-1000.0,10.7685,-100.0,100,3187,0.9696
2024-01-01 01:12:12,4332,Recovery,85.37,71.61,275.79,560,3416,100.0,0.6997,-0.0997,-149.5725,-1000.0,-21.513,-100.0,100,3316,0.9707
2024-01-01 01:12:13,4333,Recovery,67.95,75.99,318.46,537,3129,100.0,0.6676,-0.0676,-101.37,-1000.0,9.6405,-100.0,100,3029,0.968
2024-01-01 01:12:14,4334,Recovery,66.23,70.61,278.07,643,3062,100.0,0.6438,-0.0438,-65.7225,-1000.0,7.1295,-100.0,100,2962,0.9673
2024-01-01 01:12:15,4335,Recovery,70.26,70.14,353.15,647,3162,100.0,0.6949,-0.0949,-142.3275,-1000.0,-15.321,-100.0,100,3062,0.9684
2024-01-01 01:12:16,4336,Recovery,79.13,66.77,332.17,603,3340,100.0,0.7004,-0.1004,-150.6225,-1000.0,-1.659,-100.0,100,3240,0.9701
2024-01-01 01:12:17,4337,Recovery,65.31,69.77,332.73,608,3207,100.0,0.6606,-0.0606,-90.8625,-1000.0,11.952,-100.0,100,3107,0.9688
2024-01-01 01:12:18,4338,Recovery,72.21,62.84,262.73,649,3292,100.0,0.6386,-0.0386,-57.825,-1000.0,6.6075,-100.0,100,3192,0.9696
2024-01-01 01:12:19,4339,Recovery,69.24,70.87,327.75,623,3085,100.0,0.6768,-0.0768,-115.26,-1000.0,-11.487,-100.0,100,2985,0.9676
2024-01-01 01:12:20,4340,Recovery,66.13,71.22,311.67,603,3149,100.0,0.6558,-0.0558,-83.685,-1000.0,6.315,-100.0,100,3049,0.9682
2024-01-01 01:12:21,4341,Recovery,73.62,66.33,329.82,673,3240,100.0,0.6894,-0.0894,-134.0325,-1000.0,-10.0695,-100.0,100,3140,0.9691
2024-01-01 01:12:22,4342,Recovery,75.55,68.45,314.92,519,3104,100.0,0.6709,-0.0709,-106.29,-1000.0,5.5485,-100.0,100,3004,0.9678
2024-01-01 01:12:23,4343,Recovery,64.3,65.67,309.98,635,3352,100.0,0.6395,-0.0395,-59.1975,-1000.0,9.4185,-100.0,100,3252,0.9702
2024-01-01 01:12:24,4344,Recovery,65.64,71.69,360.48,609,3158,100.0,0.6806,-0.0806,-120.8325,-1000.0,-12.327,-100.0,100,3058,0.9683
2024-01-01 01:12:25,4345,Recovery,65.58,68.01,290.08,539,2996,100.0,0.6254,-0.0254,-38.1675,-1000.0,16.533,-100.0,100,2896,0.9666
2024-01-01 01:12:26,4346,Recovery,75.76,75.14,353.51,636,3085,100.0,0.7252,-0.1252,-187.7475,-1000.0,-29.916,-100.0,100,2985,0.9676
2024-01-01 01:12:27,4347,Recovery,66.96,58.46,259.27,637,3387,100.0,0.6057,-0.0057,-8.5425,-1000.0,35.841,-100.0,100,3287,0.9705
2024-01-01 01:12:28,4348,Recovery,81.29,66.87,264.08,617,3219,100.0,0.6763,-0.0763,-114.42,-1000.0,-21.1755,-100.0,100,3119,0.9689
2024-01-01 01:12:29,4349,Recovery,66.54,69.39,268.04,629,3402,100.0,0.6347,-0.0347,-52.1025,-1000.0,12.4635,-100.0,100,3302,0.9706
2024-01-01 01:12:30,4350,Recovery,77.95,69.15,335.42,599,3207,100.0,0.7033,-0.1033,-154.89,-1000.0,-20.5575,-100.0,100,3107,0.9688
2024-01-01 01:12:31,4351,Recovery,77.47,59.01,291.69,677,3222,100.0,0.6661,-0.0661,-99.0975,-1000.0,11.1585,-100.0,100,3122,0.969
2024-01-01 01:12:32,4352,Recovery,67.61,65.61,306.95,674,3445,100.0,0.6552,-0.0552,-82.8525,-1000.0,3.249,-100.0,100,3345,0.971
2024-01-01 01:12:33,4353,Recovery,69.34,73.71,313.35,662,3051,100.0,0.6829,-0.0829,-124.41,-1000.0,-8.3115,-100.0,100,2951,0.9672
2024-01-01 01:12:34,4354,Recovery,79.65,68.44,220.3,701,3254,100.0,0.6652,-0.0652,-97.7625,-1000.0,5.3295,-100.0,100,3154,0.9693
2024-01-01 01:12:35,4355,Recovery,66.79,63.44,315.59,572,3134,100.0,0.636,-0.036,-53.94,-1000.0,8.7645,-100.0,100,3034,0.9681
2024-01-01 01:12:36,4356,Recovery,65.8,65.28,286.6,659,3300,100.0,0.6356,-0.0356,-53.475,-1000.0,0.093,-100.0,100,3200,0.9697
2024-01-01 01:12:37,4357,Recovery,71.42,70.65,298.92,564,3603,100.0,0.6607,-0.0607,-90.9825,-1000.0,-7.5015,-100.0,100,3503,0.9722
2024-01-01 01:12:38,4358,Recovery,74.57,76.63,332.4,591,2768,100.0,0.7074,-0.1074,-161.13,-1000.0,-14.0295,-100.0,100,2668,0.9639
2024-01-01 01:12:39,4359,Recovery,61.58,70.73,297.97,592,2735,100.0,0.6301,-0.0301,-45.21,-1000.0,23.184,-100.0,100,2635,0.9634
2024-01-01 01:12:40,4360,Recovery,68.82,60.37,278.94,655,3024,100.0,0.6295,-0.0295,-44.2725,-1000.0,0.1875,-100.0,100,2924,0.9669
2024-01-01 01:12:41,4361,Recovery,63.25,67.94,326.5,591,3520,100.0,0.6431,-0.0431,-64.6875,-1000.0,-4.083,-100.0,100,3420,0.9716
2024-01-01 01:12:42,4362,Recovery,61.12,58.06,253.81,528,3290,100.0,0.5652,0.0348,52.2375,-999.6517,23.385,-99.9652,100,3190,0.9696
2024-01-01 01:12:43,4363,Recovery,62.88,58.28,311.03,651,3429,100.0,0.6189,-0.0189,-28.4175,-999.8412,-16.131,-99.9841,100,3329,0.9708
2024-01-01 01:12:44,4364,Recovery,73.94,61.19,307.58,634,3120,100.0,0.6607,-0.0607,-90.9825,-1000.0,-12.513,-100.0,100,3020,0.9679
2024-01-01 01:12:45,4365,Recovery,69.62,59.14,280.12,627,3513,100.0,0.6256,-0.0256,-38.445,-1000.0,10.5075,-100.0,100,3413,0.9715
2024-01-01 01:12:46,4366,Recovery,75.49,70.58,300.99,603,2918,100.0,0.6816,-0.0816,-122.415,-1000.0,-16.794,-100.0,100,2818,0.9657
2024-01-01 01:12:47,4367,Recovery,63.52,61.75,315.5,653,3351,100.0,0.6324,-0.0324,-48.5925,-1000.0,14.7645,-100.0,100,3251,0.9702
2024-01-01 01:12:48,4368,Recovery,75.57,66.96,268.43,603,3055,100.0,0.6566,-0.0566,-84.84,-1000.0,-7.2495,-100.0,100,2955,0.9673
2024-01-01 01:12:49,4369,Recovery,72.37,64.33,294.61,639,3048,100.0,0.6573,-0.0573,-85.9125,-1000.0,-0.2145,-100.0,100,2948,0.9672
2024-01-01 01:12:50,4370,Recovery,74.15,58.36,306.42,599,3358,100.0,0.6485,-0.0485,-72.7275,-1000.0,2.637,-100.0,100,3258,0.9702
2024-01-01 01:12:51,4371,Recovery,60.07,57.22,319.38,583,3170,100.0,0.6004,-0.0004,-0.6525,-1000.0,14.415,-100.0,100,3070,0.9685
2024-01-01 01:12:52,4372,Recovery,64.31,71.84,305.51,614,2951,100.0,0.6495,-0.0495,-74.31,-1000.0,-14.7315,-100.0,100,2851,0.9661
2024-01-01 01:12:53,4373,Recovery,71.22,60.37,276.43,533,3149,100.0,0.6184,-0.0184,-27.54,-1000.0,9.354,-100.0,100,3049,0.9682
2024-01-01 01:12:54,4374,Recovery,74.54,67.64,282.59,606,3198,100.0,0.6622,-0.0622,-93.2775,-1000.0,-13.1475,-100.0,100,3098,0.9687
2024-01-01 01:12:55,4375,Recovery,68.5,67.3,264.3,604,2822,100.0,0.6308,-0.0308,-46.125,-1000.0,9.4305,-100.0,100,2722,0.9646
2024-01-01 01:12:56,4376,Recovery,71.51,59.58,330.48,476,3504,100.0,0.6359,-0.0359,-53.8125,-1000.0,-1.5375,-100.0,100,3404,0.9715
2024-01-01 01:12:57,4377,Recovery,58.16,58.95,303.78,628,3109,100.0,0.597,0.003,4.4625,-999.9702,11.655,-99.997,100,3009,0.9678
2024-01-01 01:12:58,4378,Recovery,73.3,61.33,282.47,581,3054,100.0,0.6383,-0.0383,-57.39,-1000.0,-12.3705,-100.0,100,2954,0.9673
2024-01-01 01:12:59,4379,Recovery,56.29,65.92,290.66,650,2901,100.0,0.6046,-0.0046,-6.9675,-1000.0,10.0845,-100.0,100,2801,0.9655
2024-01-01 01:13:00,4380,Recovery,64.0,73.24,302.57,622,3245,100.0,0.6517,-0.0517,-77.5275,-1000.0,-14.112,-100.0,100,3145,0.9692
2024-01-01 01:13:01,4381,Recovery,70.53,76.91,296.17,543,3278,100.0,0.6687,-0.0687,-102.9975,-1000.0,-5.094,-100.0,100,3178,0.9695
2024-01-01 01:13:02,4382,Recovery,64.33,65.28,304.18,552,3044,100.0,0.6232,-0.0232,-34.8675,-1000.0,13.626,-100.0,100,2944,0.9671
2024-01-01 01:13:03,4383,Recovery,70.54,62.61,321.93,543,2945,100.0,0.6458,-0.0458,-68.745,-1000.0,-6.7755,-100.0,100,2845,0.966
2024-01-01 01:13:04,4384,Recovery,79.06,56.67,291.59,684,3133,100.0,0.6668,-0.0668,-100.17,-1000.0,-6.285,-100.0,100,3033,0.9681
2024-01-01 01:13:05,4385,Recovery,75.66,69.73,291.83,584,2711,100.0,0.6726,-0.0726,-108.975,-1000.0,-1.761,-100.0,100,2611,0.9631
2024-01-01 01:13:06,4386,Recovery,65.61,67.17,298.65,713,3187,100.0,0.6538,-0.0538,-80.7525,-1000.0,5.6445,-100.0,100,3087,0.9686
2024-01-01 01:13:07,4387,Recovery,71.25,72.72,307.57,584,3111,100.0,0.6726,-0.0726,-108.84,-1000.0,-5.6175,-100.0,100,3011,0.9679
2024-01-01 01:13:08,4388,Recovery,65.31,68.35,285.9,619,2922,100.0,0.6353,-0.0353,-52.89,-1000.0,11.19,-100.0,100,2822,0.9658
2024-01-01 01:13:09,4389,Recovery,68.24,74.96,283.92,679,3153,100.0,0.67,-0.07,-105.075,-1000.0,-10.437,-100.0,100,3053,0.9683
2024-01-01 01:13:10,4390,Recovery,66.97,66.3,280.97,487,3292,100.0,0.6137,-0.0137,-20.52,-1000.0,16.911,-100.0,100,3192,0.9696
2024-01-01 01:13:11,4391,Recovery,80.41,68.44,306.21,576,3344,100.0,0.692,-0.092,-138.06,-1000.0,-23.508,-100.0,100,3244,0.9701
2024-01-01 01:13:12,4392,Recovery,66.97,67.12,242.67,558,3182,100.0,0.6072,-0.0072,-10.845,-1000.0,25.443,-100.0,100,3082,0.9686
2024-01-01 01:13:13,4393,Recovery,72.59,71.09,241.9,509,3221,100.0,0.6291,-0.0291,-43.635,-1000.0,-6.558,-100.0,100,3121,0.969
2024-01-01 01:13:14,4394,Recovery,62.62,70.8,240.03,578,3094,100.0,0.6029,-0.0029,-4.3275,-1000.0,7.8615,-100.0,100,2994,0.9677
2024-01-01 01:13:15,4395,Recovery,69.93,59.21,229.59,590,3202,100.0,0.5961,0.0039,5.8875,-999.9608,2.043,-99.9961,100,3102,0.9688
2024-01-01 01:13:16,4396,Recovery,73.04,63.2,311.51,605,3358,100.0,0.6601,-0.0601,-90.2175,-1000.0,-19.221,-100.0,100,3258,0.9702
2024-01-01 01:13:17,4397,Recovery,66.61,54.93,285.87,584,3193,100.0,0.601,-0.001,-1.4925,-1000.0,17.745,-100.0,100,3093,0.9687
2024-01-01 01:13:18,4398,Recovery,57.69,63.39,313.6,574,3024,100.0,0.6033,-0.0033,-4.935,-1000.0,-0.6885,-100.0,100,2924,0.9669
2024-01-01 01:13:19,4399,Recovery,78.27,58.81,324.2,629,3037,100.0,0.6774,-0.0774,-116.13,-1000.0,-22.239,-100.0,100,2937,0.9671
2024-01-01 01:13:20,4400,Recovery,66.58,64.96,292.32,547,2992,100.0,0.6236,-0.0236,-35.46,-1000.0,16.134,-100.0,100,2892,0.9666
2024-01-01 01:13:21,4401,Recovery,64.59,63.2,277.19,464,3094,100.0,0.5923,0.0077,11.61,-999.9226,9.414,-99.9923,100,2994,0.9677
2024-01-01 01:13:22,4402,Recovery,63.51,53.9,275.67,556,3325,100.0,0.5783,0.0217,32.595,-999.7053,4.197,-99.9705,100,3225,0.9699
2024-01-01 01:13:23,4403,Recovery,63.38,69.06,327.31,543,3057,100.0,0.6396,-0.0396,-59.3775,-1000.0,-18.3945,-100.0,100,2957,0.9673
2024-01-01 01:13:24,4404,Recovery,76.94,66.39,296.69,553,3200,100.0,0.6666,-0.0666,-99.84,-1000.0,-8.0925,-100.0,100,3100,0.9688
2024-01-01 01:13:25,4405,Recovery,66.28,53.98,274.48,514,3081,100.0,0.5813,0.0187,28.095,-999.8127,25.587,-99.9813,100,2981,0.9675
2024-01-01 01:13:26,4406,Recovery,60.96,67.8,286.13,509,2957,100.0,0.6023,-0.0023,-3.4125,-999.8354,-6.3015,-99.9835,100,2857,0.9662
2024-01-01 01:13:27,4407,Recovery,70.13,71.78,257.37,516,3442,100.0,0.631,-0.031,-46.485,-1000.0,-8.6145,-100.0,100,3342,0.9709
2024-01-01 01:13:28,4408,Recovery,66.3,65.4,261.92,581,3391,100.0,0.6137,-0.0137,-20.49,-1000.0,5.199,-100.0,100,3291,0.9705
2024-01-01 01:13:29,4409,Recovery,67.83,71.19,284.62,518,2907,100.0,0.6354,-0.0354,-53.085,-1000.0,-6.519,-100.0,100,2807,0.9656
2024-01-01 01:13:30,4410,Recovery,59.54,66.07,320.13,576,2978,100.0,0.62,-0.02,-30.045,-1000.0,4.608,-100.0,100,2878,0.9664
2024-01-01 01:13:31,4411,Recovery,61.46,66.85,245.92,511,3216,100.0,0.5818,0.0182,27.2325,-999.8185,11.4555,-99.9818,100,3116,0.9689
2024-01-01 01:13:32,4412,Recovery,64.48,62.89,277.65,603,3065,100.0,0.6122,-0.0122,-18.27,-999.9403,-9.1005,-99.994,100,2965,0.9674
2024-01-01 01:13:33,4413,Recovery,61.63,60.39,276.52,581,3021,100.0,0.5921,0.0079,11.865,-999.8612,6.027,-99.9861,100,2921,0.9669
2024-01-01 01:13:34,4414,Recovery,65.29,64.87,280.94,526,3246,100.0,0.6101,-0.0101,-15.09,-999.9618,-5.391,-99.9962,100,3146,0.9692
2024-01-01 01:13:35,4415,Recovery,63.09,65.33,219.87,553,2801,100.0,0.577,0.023,34.4625,-999.732,9.9105,-99.9732,100,2701,0.9643
2024-01-01 01:13:36,4416,Recovery,60.06,79.04,288.82,624,3188,100.0,0.6458,-0.0458,-68.73,-1000.0,-20.6385,-100.0,100,3088,0.9686
2024-01-01 01:13:37,4417,Recovery,71.78,63.27,329.18,605,3022,100.0,0.6647,-0.0647,-97.1175,-1000.0,-5.6775,-100.0,100,2922,0.9669
2024-01-01 01:13:38,4418,Recovery,67.4,63.61,282.21,559,3086,100.0,0.6199,-0.0199,-29.82,-1000.0,13.4595,-100.0,100,2986,0.9676
2024-01-01 01:13:39,4419,Recovery,76.21,57.15,314.57,542,3260,100.0,0.6482,-0.0482,-72.2925,-1000.0,-8.4945,-100.0,100,3160,0.9693
2024-01-01 01:13:40,4420,Recovery,63.72,66.82,275.19,473,3350,100.0,0.5986,0.0014,2.0775,-999.9861,14.874,-99.9986,100,3250,0.9701
2024-01-01 01:13:41,4421,Recovery,60.01,64.8,248.04,492,2957,100.0,0.5699,0.0301,45.2175,-999.6847,8.628,-99.9685,100,2857,0.9662
2024-01-01 01:13:42,4422,Recovery,62.05,57.25,278.2,484,3019,100.0,0.572,0.028,42.0,-999.4047,-0.6435,-99.9405,100,2919,0.9669
2024-01-01 01:13:43,4423,Recovery,64.79,49.33,263.23,580,2778,100.0,0.5687,0.0313,46.9425,-999.0917,0.9885,-99.9092,100,2678,0.964
2024-01-01 01:13:44,4424,Recovery,68.58,66.77,248.04,555,3152,100.0,0.6142,-0.0142,-21.3375,-999.234,-13.656,-99.9234,100,3052,0.9683
2024-01-01 01:13:45,4425,Recovery,60.19,62.9,312.74,512,3075,100.0,0.6011,-0.0011,-1.6275,-999.2448,3.942,-99.9245,100,2975,0.9675
2024-01-01 01:13:46,4426,Recovery,58.92,63.12,291.28,434,2872,100.0,0.5748,0.0252,37.86,-998.9924,7.8975,-99.8992,100,2772,0.9652
2024-01-01 01:13:47,4427,Recovery,67.92,65.4,261.87,498,3101,100.0,0.6069,-0.0069,-10.2825,-999.061,-9.6285,-99.9061,100,3001,0.9678
2024-01-01 01:13:48,4428,Recovery,63.36,67.28,288.6,530,3186,100.0,0.6138,-0.0138,-20.64,-999.1986,-2.0715,-99.9199,100,3086,0.9686
2024-01-01 01:13:49,4429,Recovery,61.67,71.11,316.49,604,2932,100.0,0.6425,-0.0425,-63.6975,-999.6232,-8.6115,-99.9623,100,2832,0.9659
2024-01-01 01:13:50,4430,Recovery,80.47,64.83,283.73,550,2738,100.0,0.6681,-0.0681,-102.1275,-1000.0,-7.686,-100.0,100,2638,0.9635
2024-01-01 01:13:51,4431,Recovery,72.9,60.45,303.74,608,3081,100.0,0.6493,-0.0493,-74.0175,-1000.0,5.622,-100.0,100,2981,0.9675
2024-01-01 01:13:52,4432,Recovery,60.93,61.79,195.5,543,3117,110.86,0.5469,0.0531,79.605,-999.4693,30.7245,-99.9469,110,3006,0.9644
2024-01-01 01:13:53,4433,Recovery,63.6,60.26,266.53,609,2942,100.0,0.5979,0.0021,3.2025,-999.4479,-15.2805,-99.9448,100,2842,0.966
2024-01-01 01:13:54,4434,Recovery,76.12,60.33,281.64,526,3364,100.0,0.637,-0.037,-55.4475,-999.8176,-11.73,-99.9818,100,3264,0.9703
2024-01-01 01:13:55,4435,Recovery,66.0,76.48,262.17,623,2968,100.0,0.6467,-0.0467,-70.1025,-1000.0,-2.931,-100.0,100,2868,0.9663
2024-01-01 01:13:56,4436,Recovery,69.89,56.35,284.88,492,2992,100.0,0.6017,-0.0017,-2.595,-1000.0,13.5015,-100.0,100,2892,0.9666
2024-01-01 01:13:57,4437,Recovery,55.71,63.06,306.95,572,2690,100.0,0.5919,0.0081,12.135,-999.9191,2.946,-99.9919,100,2590,0.9628
2024-01-01 01:13:58,4438,Recovery,53.37,66.57,321.17,495,3353,100.0,0.5881,0.0119,17.9175,-999.7997,1.1565,-99.98,100,3253,0.9702
2024-01-01 01:13:59,4439,Recovery,64.67,51.79,226.57,581,2956,100.0,0.5563,0.0437,65.6175,-999.3622,9.54,-99.9362,100,2856,0.9662
2024-01-01 01:14:00,4440,Recovery,73.55,56.31,276.6,542,2897,100.0,0.6178,-0.0178,-26.7,-999.5402,-18.4635,-99.954,100,2797,0.9655
2024-01-01 01:14:01,4441,Recovery,62.31,61.28,277.94,556,2973,100.0,0.5937,0.0063,9.5175,-999.4768,7.2435,-99.9477,100,2873,0.9664
2024-01-01 01:14:02,4442,Recovery,71.79,56.21,218.01,591,2730,100.0,0.5894,0.0106,15.8325,-999.3712,1.263,-99.9371,100,2630,0.9634
2024-01-01 01:14:03,4443,Recovery,62.22,59.7,253.01,466,2801,100.0,0.5634,0.0366,54.8625,-999.0055,7.806,-99.9005,100,2701,0.9643
2024-01-01 01:14:04,4444,Recovery,68.34,63.31,286.8,514,3091,100.0,0.618,-0.018,-26.9475,-999.1851,-16.362,-99.9185,100,2991,0.9676
2024-01-01 01:14:05,4445,Recovery,61.34,50.64,280.82,576,2795,100.0,0.5681,0.0319,47.85,-998.8661,14.9595,-99.8866,100,2695,0.9642
2024-01-01 01:14:06,4446,Recovery,71.53,58.15,291.1,624,2910,100.0,0.6349,-0.0349,-52.32,-999.2149,-20.034,-99.9215,100,2810,0.9656
2024-01-01 01:14:07,4447,Recovery,62.93,62.57,319.48,556,3328,100.0,0.6198,-0.0198,-29.73,-999.4131,4.518,-99.9413,100,3228,0.97
2024-01-01 01:14:08,4448,Recovery,65.91,59.24,252.78,538,2487,100.0,0.5859,0.0141,21.1875,-999.2719,10.1835,-99.9272,100,2387,0.9598
2024-01-01 01:14:09,4449,Recovery,61.33,60.41,277.13,631,2903,100.0,0.5989,0.0011,1.6575,-999.2608,-3.906,-99.9261,100,2803,0.9656
2024-01-01 01:14:10,4450,Recovery,52.59,57.6,277.46,538,3213,100.0,0.5475,0.0525,78.7575,-998.7358,15.42,-99.8736,100,3113,0.9689
2024-01-01 01:14:11,4451,Recovery,69.83,68.62,262.74,587,2705,100.0,0.6354,-0.0354,-53.0625,-999.0895,-26.364,-99.909,100,2605,0.963
2024-01-01 01:14:12,4452,Recovery,69.83,61.3,225.46,561,3160,100.0,0.5945,0.0055,8.1975,-999.0349,12.252,-99.9035,100,3060,0.9684
2024-01-01 01:14:13,4453,Recovery,61.53,72.33,218.88,471,2847,100.0,0.5763,0.0237,35.595,-998.7976,5.4795,-99.8798,100,2747,0.9649
2024-01-01 01:14:14,4454,Recovery,61.69,58.91,272.22,503,2801,100.0,0.5747,0.0252,37.875,-998.5451,0.456,-99.8545,100,2701,0.9643
2024-01-01 01:14:15,4455,Recovery,65.53,58.87,264.69,496,2628,100.0,0.5833,0.0167,25.0875,-998.3778,-2.5575,-99.8378,100,2528,0.9619
2024-01-01 01:14:16,4456,Recovery,68.39,73.08,299.46,544,2737,100.0,0.6534,-0.0534,-80.0925,-998.9118,-21.036,-99.8912,100,2637,0.9635
2024-01-01 01:14:17,4457,Recovery,62.03,69.13,198.73,509,3008,100.0,0.5656,0.0344,51.5325,-998.5682,26.325,-99.8568,100,2908,0.9668
2024-01-01 01:14:18,4458,Recovery,56.87,65.29,278.14,453,2875,100.0,0.5693,0.0307,46.065,-998.2611,-1.0935,-99.8261,100,2775,0.9652
2024-01-01 01:14:19,4459,Recovery,59.94,65.2,286.58,545,2868,100.0,0.5978,0.0022,3.255,-998.2394,-8.562,-99.8239,100,2768,0.9651
2024-01-01 01:14:20,4460,Recovery,65.33,55.6,265.22,484,3056,100.0,0.5729,0.0271,40.7025,-997.9681,7.4895,-99.7968,100,2956,0.9673
2024-01-01 01:14:21,4461,Recovery,67.64,66.7,317.2,507,2736,100.0,0.6381,-0.0381,-57.21,-998.3495,-19.5825,-99.8349,100,2636,0.9635
2024-01-01 01:14:22,4462,Recovery,61.37,52.96,219.74,554,2563,121.39,0.5402,0.0598,89.7525,-997.7511,29.3925,-99.7751,121,2441,0.9524
2024-01-01 01:14:23,4463,Recovery,56.99,61.92,252.74,566,2850,100.0,0.5655,0.0345,51.6975,-997.4064,-7.611,-99.7406,100,2750,0.9649
2024-01-01 01:14:24,4464,Recovery,58.59,68.32,286.62,450,2885,100.0,0.5867,0.0133,19.9875,-997.2732,-6.342,-99.7273,100,2785,0.9653
2024-01-01 01:14:25,4465,Recovery,59.04,58.0,320.5,526,2787,100.0,0.5908,0.0092,13.815,-997.1811,-1.2345,-99.7181,100,2687,0.9641
2024-01-01 01:14:26,4466,Recovery,63.79,67.65,243.02,492,2958,100.0,0.5877,0.0123,18.45,-997.0581,0.927,-99.7058,100,2858,0.9662
2024-01-01 01:14:27,4467,Recovery,54.13,68.31,215.57,506,2503,100.77,0.5439,0.0561,84.1275,-996.4973,13.1355,-99.6497,100,2402,0.9596
2024-01-01 01:14:28,4468,Recovery,56.83,70.11,294.71,575,2530,100.0,0.6078,-0.0078,-11.6775,-996.5751,-19.161,-99.6575,100,2430,0.9605
2024-01-01 01:14:29,4469,Recovery,56.81,64.32,284.49,476,2700,100.0,0.5733,0.0267,40.08,-996.3079,10.3515,-99.6308,100,2600,0.963
2024-01-01 01:14:30,4470,Recovery,56.28,72.19,248.44,517,2828,100.0,0.5792,0.0208,31.1625,-996.1002,-1.7835,-99.61,100,2728,0.9646
2024-01-01 01:14:31,4471,Recovery,69.65,56.48,297.39,451,3041,100.0,0.6013,-0.0013,-1.98,-996.1134,-6.6285,-99.6113,100,2941,0.9671
2024-01-01 01:14:32,4472,Recovery,52.67,61.53,310.76,549,2888,100.0,0.5759,0.0241,36.15,-995.8724,7.626,-99.5872,100,2788,0.9654
2024-01-01 01:14:33,4473,Recovery,56.62,57.71,301.98,536,2978,100.0,0.5738,0.0262,39.2475,-995.6107,0.6195,-99.5611,100,2878,0.9664
2024-01-01 01:14:34,4474,Recovery,63.3,60.38,284.31,525,2763,100.0,0.5934,0.0066,9.8925,-995.5448,-5.871,-99.5545,100,2663,0.9638
2024-01-01 01:14:35,4475,Recovery,54.32,67.75,274.16,481,3029,100.0,0.5687,0.0313,46.9125,-995.232,7.404,-99.5232,100,2929,0.967
2024-01-01 01:14:36,4476,Recovery,64.21,63.57,287.13,544,2848,100.0,0.6088,-0.0088,-13.2375,-995.3203,-12.03,-99.532,100,2748,0.9649
2024-01-01 01:14:37,4477,Recovery,61.56,73.85,238.26,547,2768,100.0,0.6013,-0.0013,-1.8975,-995.3329,2.268,-99.5333,100,2668,0.9639
2024-01-01 01:14:38,4478,Recovery,65.37,69.3,250.58,539,2834,100.0,0.6082,-0.0082,-12.2775,-995.4148,-2.076,-99.5415,100,2734,0.9647
2024-01-01 01:14:39,4479,Recovery,58.74,69.41,280.92,486,2998,100.0,0.5925,0.0075,11.2875,-995.3395,4.713,-99.534,100,2898,0.9666
2024-01-01 01:14:40,4480,Recovery,57.55,61.65,246.36,544,2678,100.0,0.5603,0.0397,59.505,-994.9428,9.6435,-99.4943,100,2578,0.9627
2024-01-01 01:14:41,4481,Recovery,67.03,65.34,247.63,597,2621,100.0,0.6113,-0.0113,-16.98,-995.056,-15.297,-99.5056,100,2521,0.9618
2024-01-01 01:14:42,4482,Recovery,53.97,66.87,194.06,580,2786,116.76,0.5401,0.0599,89.85,-994.457,21.366,-99.4457,116,2669,0.958
2024-01-01 01:14:43,4483,Recovery,53.81,56.0,209.18,523,2497,147.98,0.5114,0.0886,132.9375,-993.5708,8.6175,-99.3571,147,2349,0.9407
2024-01-01 01:14:44,4484,Recovery,65.33,59.82,243.59,529,2883,100.0,0.5793,0.0207,30.975,-993.3643,-20.3925,-99.3364,100,2783,0.9653
2024-01-01 01:14:45,4485,Recovery,69.14,57.81,256.61,471,2787,100.0,0.5855,0.0145,21.795,-993.219,-1.836,-99.3219,100,2687,0.9641
2024-01-01 01:14:46,4486,Recovery,57.55,59.02,244.59,516,2751,100.0,0.5487,0.0513,76.995,-992.7057,11.04,-99.2706,100,2651,0.9636
2024-01-01 01:14:47,4487,Recovery,65.2,60.88,239.42,510,2564,100.0,0.5766,0.0234,35.085,-992.4718,-8.382,-99.2472,100,2464,0.961
2024-01-01 01:14:48,4488,Recovery,65.53,59.77,262.61,511,3064,100.0,0.5867,0.0133,19.8975,-992.3391,-3.0375,-99.2339,100,2964,0.9674
2024-01-01 01:14:49,4489,Recovery,64.35,61.88,235.36,539,2685,100.0,0.5785,0.0215,32.3175,-992.1237,2.484,-99.2124,100,2585,0.9628
2024-01-01 01:14:50,4490,Recovery,52.85,60.23,261.53,457,2712,119.31,0.5349,0.0651,97.7025,-991.4723,13.077,-99.1472,119,2592,0.9558
2024-01-01 01:14:51,4491,Recovery,61.52,61.02,292.47,431,3139,100.0,0.5788,0.0212,31.8675,-991.2599,-13.167,-99.126,100,3039,0.9681
2024-01-01 01:14:52,4492,Recovery,61.7,64.8,258.93,410,2517,100.0,0.5689,0.0311,46.6275,-990.949,2.952,-99.0949,100,2417,0.9603
2024-01-01 01:14:53,4493,Recovery,58.7,67.24,213.22,452,2757,100.0,0.548,0.052,78.06,-990.4286,6.2865,-99.0429,100,2657,0.9637
2024-01-01 01:14:54,4494,Recovery,64.63,63.89,224.88,414,2828,100.0,0.5605,0.0395,59.295,-990.0333,-3.753,-99.0033,100,2728,0.9646
2024-01-01 01:14:55,4495,Recovery,70.34,59.12,219.71,472,2795,100.0,0.5746,0.0254,38.0325,-989.7798,-4.2525,-98.978,100,2695,0.9642
2024-01-01 01:14:56,4496,Recovery,60.29,69.59,281.46,502,2322,100.0,0.601,-0.001,-1.53,-989.79,-7.9125,-98.979,100,2222,0.9569
2024-01-01 01:14:57,4497,Recovery,57.48,57.82,230.96,501,2751,125.7,0.5364,0.0636,95.46,-989.1535,19.398,-98.9154,125,2625,0.9542
2024-01-01 01:14:58,4498,Recovery,51.54,65.89,253.5,509,2854,100.0,0.5482,0.0518,77.6775,-988.6357,-3.5565,-98.8636,100,2754,0.965
2024-01-01 01:14:59,4499,Recovery,56.92,68.57,248.42,566,2523,100.0,0.5798,0.0202,30.3675,-988.4333,-9.462,-98.8433,100,2423,0.9604
2024-01-01 01:15:00,4500,Recovery,70.1,55.56,328.79,441,2909,100.0,0.6148,-0.0148,-22.1925,-988.5812,-10.512,-98.8581,100,2809,0.9656
2024-01-01 01:15:01,4501,Recovery,59.25,65.23,250.77,434,2134,100.0,0.5609,0.0391,58.5975,-988.1906,16.158,-98.8191,100,2034,0.9531
2024-01-01 01:15:02,4502,Recovery,76.41,61.33,163.33,502,2828,100.0,0.5777,0.0223,33.4125,-987.9678,-5.037,-98.7968,100,2728,0.9646
2024-01-01 01:15:03,4503,Recovery,57.02,56.6,250.7,547,2706,100.0,0.5485,0.0515,77.295,-987.4525,8.7765,-98.7453,100,2606,0.963
2024-01-01 01:15:04,4504,Recovery,70.04,67.6,244.08,407,2637,100.0,0.5972,0.0028,4.155,-987.4248,-14.628,-98.7425,100,2537,0.9621
2024-01-01 01:15:05,4505,Recovery,64.37,61.13,269.63,528,2785,100.0,0.5921,0.0079,11.7975,-987.3462,1.5285,-98.7346,100,2685,0.9641
2024-01-01 01:15:06,4506,Recovery,59.5,63.85,317.32,409,2772,100.0,0.5879,0.0121,18.1725,-987.225,1.275,-98.7225,100,2672,0.9639
2024-01-01 01:15:07,4507,Recovery,72.09,53.64,279.94,540,2376,100.0,0.6074,-0.0074,-11.0775,-987.2989,-5.85,-98.7299,100,2276,0.9579
2024-01-01 01:15:08,4508,Recovery,65.32,59.01,247.75,466,2930,100.0,0.5699,0.0301,45.12,-986.9981,11.2395,-98.6998,100,2830,0.9659
2024-01-01 01:15:09,4509,Recovery,60.32,57.82,235.83,464,2447,106.81,0.5432,0.0568,85.2225,-986.4299,8.0205,-98.643,106,2340,0.9563
2024-01-01 01:15:10,4510,Recovery,58.11,61.26,261.01,540,2708,100.0,0.568,0.032,47.94,-986.1103,-7.4565,-98.611,100,2608,0.9631
2024-01-01 01:15:11,4511,Recovery,58.04,54.45,257.36,474,2639,114.63,0.539,0.061,91.4325,-985.5008,8.6985,-98.5501,114,2524,0.9564
2024-01-01 01:15:12,4512,Recovery,62.41,63.59,256.28,470,2492,100.0,0.576,0.024,35.925,-985.2613,-11.1015,-98.5261,100,2392,0.9599
2024-01-01 01:15:13,4513,Recovery,57.11,65.52,235.13,410,2880,111.18,0.5427,0.0573,85.875,-984.6888,9.99,-98.4689,111,2768,0.9611
2024-01-01 01:15:14,4514,Recovery,55.08,60.6,262.23,477,2149,100.0,0.5469,0.0531,79.5825,-984.1582,-1.2585,-98.4158,100,2049,0.9535
2024-01-01 01:15:15,4515,Recovery,63.02,68.31,270.74,370,3066,100.0,0.5822,0.0178,26.6775,-983.9804,-10.581,-98.398,100,2966,0.9674
2024-01-01 01:15:16,4516,Recovery,52.67,53.84,270.26,498,2653,139.6,0.5288,0.0712,106.8375,-983.2681,16.032,-98.3268,139,2513,0.9472
2024-01-01 01:15:17,4517,Recovery,57.16,68.25,245.28,396,2879,100.0,0.5527,0.0473,70.9125,-982.7954,-7.185,-98.2795,100,2779,0.9653
2024-01-01 01:15:18,4518,Recovery,61.83,66.91,263.29,593,2567,100.0,0.6043,-0.0043,-6.4125,-982.8381,-15.465,-98.2838,100,2467,0.961
2024-01-01 01:15:19,4519,Recovery,60.56,64.5,236.65,512,2036,100.0,0.5683,0.0317,47.4975,-982.5215,10.782,-98.2521,100,1936,0.9509
2024-01-01 01:15:20,4520,Recovery,59.98,59.52,241.24,428,2803,110.15,0.5435,0.0565,84.675,-981.957,7.4355,-98.1957,110,2692,0.9604
2024-01-01 01:15:21,4521,Recovery,57.33,61.3,243.96,496,2904,100.0,0.5503,0.0497,74.5725,-981.4598,-2.0205,-98.146,100,2804,0.9656
2024-01-01 01:15:22,4522,Recovery,61.48,65.1,249.08,444,2586,100.0,0.5691,0.0309,46.395,-981.1505,-5.6355,-98.1151,100,2486,0.9613
2024-01-01 01:15:23,4523,Recovery,58.55,63.42,247.58,429,2566,100.0,0.5516,0.0484,72.5775,-980.6667,5.2365,-98.0667,100,2466,0.961
2024-01-01 01:15:24,4524,Recovery,51.04,58.86,244.08,558,2876,128.75,0.5315,0.0685,102.705,-979.982,6.0255,-97.9982,128,2747,0.9551
2024-01-01 01:15:25,4525,Recovery,53.94,61.14,250.27,456,2569,116.81,0.5352,0.0648,97.2375,-979.3337,-1.0935,-97.9334,116,2452,0.9545
2024-01-01 01:15:26,4526,Recovery,57.97,71.12,230.86,483,2093,100.0,0.5686,0.0314,47.1375,-979.0195,-10.02,-97.9019,100,1993,0.9522
2024-01-01 01:15:27,4527,Recovery,64.98,66.95,211.44,440,2685,100.0,0.5665,0.0335,50.2125,-978.6847,0.615,-97.8685,100,2585,0.9628
2024-01-01 01:15:28,4528,Recovery,60.1,62.6,234.04,558,2457,100.0,0.5676,0.0324,48.645,-978.3604,-0.3135,-97.836,100,2357,0.9593
2024-01-01 01:15:29,4529,Recovery,76.08,67.21,267.28,411,2769,100.0,0.6296,-0.0296,-44.3925,-978.6564,-18.6075,-97.8656,100,2669,0.9639
2024-01-01 01:15:30,4530,Recovery,63.51,47.0,199.83,481,2557,189.77,0.5118,0.0882,132.225,-977.7749,35.3235,-97.7775,189,2367,0.9257
2024-01-01 01:15:31,4531,Recovery,56.73,66.15,215.11,439,2450,109.2,0.5373,0.0627,93.9975,-977.1482,-7.6455,-97.7148,109,2340,0.9551
2024-01-01 01:15:32,4532,Recovery,62.84,49.32,226.35,375,2513,162.13,0.5127,0.0873,131.0025,-976.2749,7.401,-97.6275,162,2350,0.9351
2024-01-01 01:15:33,4533,Recovery,64.06,64.04,219.1,487,2535,100.0,0.5669,0.0331,49.635,-975.944,-16.2735,-97.5944,100,2435,0.9606
2024-01-01 01:15:34,4534,Recovery,67.84,58.77,151.39,504,2476,130.58,0.5357,0.0643,96.51,-975.3006,9.375,-97.5301,130,2345,0.9471
2024-01-01 01:15:35,4535,Recovery,57.97,61.52,197.5,462,2671,141.61,0.5247,0.0753,112.8825,-974.548,3.2745,-97.4548,141,2529,0.9468
2024-01-01 01:15:36,4536,Recovery,61.75,55.87,269.65,407,2436,100.0,0.5517,0.0483,72.4875,-974.0648,-8.079,-97.4065,100,2336,0.9589
2024-01-01 01:15:37,4537,Recovery,58.69,61.2,229.81,518,2616,100.09,0.551,0.049,73.47,-973.575,0.1965,-97.3575,100,2515,0.9614
2024-01-01 01:15:38,4538,Recovery,59.91,60.94,261.19,468,2191,100.0,0.5628,0.0372,55.755,-973.2033,-3.543,-97.3203,100,2091,0.9544
2024-01-01 01:15:39,4539,Recovery,65.94,60.06,259.4,434,2184,100.0,0.5757,0.0243,36.39,-972.9607,-3.873,-97.2961,100,2084,0.9542
2024-01-01 01:15:40,4540,Recovery,45.68,53.63,254.03,519,2606,202.9,0.4988,0.1012,151.77,-971.9489,23.076,-97.1949,202,2403,0.9221
2024-01-01 01:15:41,4541,Recovery,52.98,54.55,278.99,387,2962,143.67,0.5193,0.0806,120.975,-971.1424,-6.159,-97.1142,143,2818,0.9514
2024-01-01 01:15:42,4542,Recovery,70.5,72.02,249.24,435,2609,100.0,0.6167,-0.0167,-25.005,-971.3091,-29.196,-97.1309,100,2509,0.9617
2024-01-01 01:15:43,4543,Recovery,64.64,55.27,204.44,437,2380,156.44,0.5322,0.0678,101.7225,-970.6309,25.3455,-97.0631,156,2223,0.934
2024-01-01 01:15:44,4544,Recovery,66.58,55.43,240.0,499,2786,100.0,0.5665,0.0335,50.3175,-970.2955,-10.281,-97.0295,100,2686,0.9641
2024-01-01 01:15:45,4545,Recovery,60.34,61.39,206.28,501,2779,122.89,0.543,0.057,85.5675,-969.725,7.05,-96.9725,122,2656,0.9557
2024-01-01 01:15:46,4546,Recovery,47.81,69.62,215.42,478,2538,156.52,0.5208,0.0792,118.8075,-968.933,6.648,-96.8933,156,2381,0.9381
2024-01-01 01:15:47,4547,Recovery,58.62,57.76,206.32,474,2462,145.17,0.5238,0.0762,114.255,-968.1713,-0.9105,-96.8171,145,2316,0.9407
2024-01-01 01:15:48,4548,Recovery,51.07,52.75,196.98,421,2612,240.19,0.4723,0.1277,191.61,-966.8939,15.471,-96.6894,240,2371,0.9077
2024-01-01 01:15:49,4549,Recovery,54.61,64.77,231.83,431,2515,114.92,0.5336,0.0664,99.5625,-966.2301,-18.4095,-96.623,114,2400,0.9543
2024-01-01 01:15:50,4550,Recovery,67.19,50.65,284.75,493,2503,100.0,0.5781,0.0219,32.8275,-966.0113,-13.347,-96.6011,100,2403,0.96
2024-01-01 01:15:51,4551,Recovery,65.87,56.9,243.29,417,2697,105.27,0.557,0.043,64.515,-965.5812,6.3375,-96.5581,105,2591,0.9607
2024-01-01 01:15:52,4552,Recovery,54.47,58.48,254.74,496,2336,132.62,0.5386,0.0614,92.0775,-964.9673,5.5125,-96.4967,132,2203,0.9431
2024-01-01 01:15:53,4553,Recovery,63.18,52.86,169.51,405,2663,199.82,0.4988,0.1012,151.8225,-963.9552,11.949,-96.3955,199,2463,0.9249
2024-01-01 01:15:54,4554,Recovery,58.54,55.5,235.34,443,2617,136.43,0.5278,0.0722,108.36,-963.2328,-8.6925,-96.3233,136,2480,0.9476
2024-01-01 01:15:55,4555,Recovery,48.89,58.05,237.06,372,2213,213.16,0.4906,0.1094,164.145,-962.1385,11.157,-96.2138,213,1999,0.9033
2024-01-01 01:15:56,4556,Recovery,56.31,58.68,233.35,412,2365,145.74,0.5223,0.0777,116.61,-961.3611,-9.507,-96.1361,145,2219,0.9383
2024-01-01 01:15:57,4557,Recovery,56.08,60.37,269.98,328,2605,139.49,0.5314,0.0686,102.9075,-960.675,-2.7405,-96.0675,139,2465,0.9463
2024-01-01 01:15:58,4558,Recovery,57.73,61.69,267.86,400,2666,108.86,0.5502,0.0498,74.685,-960.1771,-5.6445,-96.0177,108,2557,0.9591
2024-01-01 01:15:59,4559,Recovery,50.82,59.26,224.68,439,2275,198.27,0.5042,0.0958,143.685,-959.2192,13.8,-95.9219,198,2076,0.9125
2024-01-01 01:16:00,4560,Recovery,60.91,67.97,202.45,446,2641,100.31,0.5512,0.0488,73.1475,-958.7316,-14.1075,-95.8732,100,2540,0.9618
2024-01-01 01:16:01,4561,Recovery,56.46,66.58,218.37,430,2267,139.32,0.5377,0.0623,93.3825,-958.109,4.047,-95.8109,139,2127,0.9382
2024-01-01 01:16:02,4562,Recovery,58.94,58.39,249.99,403,2325,135.96,0.5377,0.0623,93.435,-957.4861,0.0105,-95.7486,135,2189,0.9415
2024-01-01 01:16:03,4563,Recovery,60.91,66.71,249.44,526,2569,100.0,0.5836,0.0164,24.63,-957.3219,-13.761,-95.7322,100,2469,0.9611
2024-01-01 01:16:04,4564,Recovery,61.19,62.36,274.87,495,2237,100.0,0.5817,0.0182,27.375,-957.1394,0.549,-95.7139,100,2137,0.9553
2024-01-01 01:16:05,4565,Recovery,62.83,59.84,224.06,343,2142,158.68,0.533,0.067,100.5225,-956.4693,14.6295,-95.6469,158,1983,0.9258
2024-01-01 01:16:06,4566,Recovery,55.79,49.42,219.22,467,2330,207.19,0.4985,0.1015,152.2875,-955.454,10.353,-95.5454,207,2122,0.9107
2024-01-01 01:16:07,4567,Recovery,58.42,51.74,238.15,455,2158,156.82,0.5211,0.0789,118.2825,-954.6655,-6.801,-95.4665,156,2001,0.9272
2024-01-01 01:16:08,4568,Recovery,53.35,50.52,244.12,437,2429,201.53,0.5006,0.0994,149.0475,-953.6718,6.153,-95.3672,201,2227,0.9168
2024-01-01 01:16:09,4569,Recovery,57.04,60.02,238.78,403,2308,144.07,0.5295,0.0705,105.705,-952.9671,-8.6685,-95.2967,144,2163,0.9372
2024-01-01 01:16:10,4570,Recovery,57.41,56.9,289.97,408,2489,117.53,0.5494,0.0506,75.945,-952.4608,-5.952,-95.2461,117,2371,0.9526
2024-01-01 01:16:11,4571,Recovery,60.5,66.4,203.47,493,2398,116.63,0.5534,0.0466,69.8475,-951.9952,-1.2195,-95.1995,116,2281,0.9512
2024-01-01 01:16:12,4572,Recovery,72.66,60.13,190.59,416,2691,102.22,0.5623,0.0377,56.505,-951.6185,-2.6685,-95.1618,102,2588,0.9617
2024-01-01 01:16:13,4573,Recovery,58.09,57.55,248.69,408,2378,158.83,0.5327,0.0673,100.8975,-950.9458,8.8785,-95.0946,158,2219,0.9331
2024-01-01 01:16:14,4574,Recovery,51.88,68.24,190.09,432,2512,188.11,0.512,0.088,131.9625,-950.0661,6.213,-95.0066,188,2323,0.9248
2024-01-01 01:16:15,4575,Recovery,57.41,50.3,196.46,449,2256,218.54,0.4923,0.1077,161.6025,-948.9887,5.928,-94.8989,218,2037,0.9029
2024-01-01 01:16:16,4576,Recovery,45.01,60.11,199.91,454,2368,243.38,0.4759,0.1241,186.2025,-947.7474,4.92,-94.7747,243,2124,0.897
2024-01-01 01:16:17,4577,Recovery,55.89,58.06,191.58,380,2353,207.68,0.4936,0.1064,159.6675,-946.6829,-5.307,-94.6683,207,2145,0.9116
2024-01-01 01:16:18,4578,Recovery,50.47,61.98,216.17,348,2289,217.08,0.4919,0.1081,162.18,-945.6017,0.5025,-94.5602,217,2071,0.9048
2024-01-01 01:16:19,4579,Recovery,57.89,54.98,237.04,448,2877,156.29,0.5258,0.0742,111.3225,-944.8596,-10.1715,-94.486,156,2720,0.9454
2024-01-01 01:16:20,4580,Recovery,64.13,47.8,213.89,405,2508,192.79,0.5117,0.0883,132.525,-943.9761,4.2405,-94.3976,192,2315,0.923
2024-01-01 01:16:21,4581,Recovery,51.57,54.39,187.02,388,2276,268.11,0.4682,0.1318,197.73,-942.6579,13.041,-94.2658,268,2007,0.8818
2024-01-01 01:16:22,4582,Recovery,55.25,50.41,253.47,440,2096,176.83,0.5121,0.0879,131.7975,-941.7792,-13.1865,-94.1779,176,1919,0.9156
2024-01-01 01:16:23,4583,Recovery,57.23,48.1,263.93,497,2371,163.86,0.5271,0.0729,109.395,-941.0499,-4.4805,-94.105,163,2207,0.9308
2024-01-01 01:16:24,4584,Recovery,51.9,53.46,209.71,410,2652,251.28,0.4817,0.1183,177.5175,-939.8665,13.6245,-93.9866,251,2400,0.905
2024-01-01 01:16:25,4585,Recovery,62.7,63.23,228.09,357,2220,123.96,0.5451,0.0549,82.32,-939.3177,-19.0395,-93.9318,123,2096,0.9441
2024-01-01 01:16:26,4586,Recovery,57.28,50.16,231.75,454,2480,207.38,0.5099,0.0901,135.2175,-938.4162,10.5795,-93.8416,207,2272,0.9161
2024-01-01 01:16:27,4587,Recovery,59.89,46.12,262.28,334,2336,204.4,0.5062,0.0938,140.7675,-937.4778,1.11,-93.7478,204,2131,0.9122
2024-01-01 01:16:28,4588,Recovery,60.52,59.43,183.6,357,2420,204.97,0.5057,0.0943,141.3825,-936.5352,0.123,-93.6535,204,2215,0.9153
2024-01-01 01:16:29,4589,Recovery,59.82,50.59,233.37,335,2484,211.16,0.5028,0.0972,145.83,-935.563,0.8895,-93.5563,211,2272,0.9147
2024-01-01 01:16:30,4590,Recovery,51.4,57.68,218.62,468,2404,209.74,0.5036,0.0964,144.585,-934.5991,-0.249,-93.4599,209,2194,0.9126
2024-01-01 01:16:31,4591,Recovery,53.05,59.31,285.17,446,2340,138.87,0.5434,0.0566,84.8475,-934.0335,-11.9475,-93.4033,138,2201,0.9406
2024-01-01 01:16:32,4592,Recovery,51.59,53.41,240.96,364,2348,249.6,0.4892,0.1108,166.245,-932.9252,16.2795,-93.2925,249,2098,0.8935
2024-01-01 01:16:33,4593,Recovery,65.17,57.97,187.84,516,2696,134.57,0.5443,0.0557,83.49,-932.3686,-16.551,-93.2369,134,2561,0.9499
2024-01-01 01:16:34,4594,Recovery,59.49,64.68,211.86,442,2255,155.65,0.5421,0.0579,86.7825,-931.79,0.6585,-93.179,155,2099,0.9308
2024-01-01 01:16:35,4595,Recovery,48.3,72.54,177.32,420,2393,228.12,0.5021,0.0979,146.91,-930.8106,12.0255,-93.0811,228,2164,0.9043
2024-01-01 01:16:36,4596,Recovery,59.48,56.4,216.8,411,2428,186.0,0.5192,0.0808,121.155,-930.0029,-5.151,-93.0003,186,2242,0.9234
2024-01-01 01:16:37,4597,Recovery,56.32,56.49,179.2,504,2436,220.35,0.5035,0.0965,144.6825,-929.0384,4.7055,-92.9038,220,2215,0.9093
2024-01-01 01:16:38,4598,Recovery,57.53,53.11,188.38,446,2293,231.68,0.4952,0.1048,157.17,-927.9905,2.4975,-92.7991,231,2061,0.8988
2024-01-01 01:16:39,4599,Recovery,59.95,48.7,264.54,447,2305,165.66,0.5309,0.0691,103.6575,-927.2995,-10.7025,-92.73,165,2139,0.928
2024-01-01 01:16:40,4600,Recovery,58.97,61.22,177.68,485,2414,194.9,0.521,0.079,118.4475,-926.5099,2.958,-92.651,194,2219,0.9192
2024-01-01 01:16:41,4601,Recovery,51.89,50.15,247.06,411,2410,244.97,0.4922,0.1078,161.745,-925.4316,8.6595,-92.5432,244,2165,0.8983
2024-01-01 01:16:42,4602,Recovery,56.22,50.67,232.36,389,2305,226.88,0.498,0.102,153.0375,-924.4113,-1.7415,-92.4411,226,2078,0.9015
2024-01-01 01:16:43,4603,Recovery,70.27,61.86,244.56,534,2383,100.0,0.603,-0.003,-4.4625,-924.4411,-31.5,-92.4441,100,2283,0.958
2024-01-01 01:16:44,4604,Recovery,56.67,52.53,202.83,295,2460,302.1,0.4753,0.1247,186.9975,-923.1944,38.292,-92.3194,302,2157,0.8768
2024-01-01 01:16:45,4605,Recovery,48.3,61.98,214.78,403,2290,235.18,0.4918,0.1082,162.24,-922.1128,-4.9515,-92.2113,235,2054,0.8969
2024-01-01 01:16:46,4606,Recovery,64.17,63.78,214.85,351,2479,146.58,0.5441,0.0559,83.82,-921.554,-15.684,-92.1554,146,2332,0.9407
2024-01-01 01:16:47,4607,Recovery,49.95,47.15,230.33,456,2210,285.64,0.4763,0.1237,185.6025,-920.3167,20.3565,-92.0317,285,1924,0.8706
2024-01-01 01:16:48,4608,Recovery,58.17,53.94,236.69,449,2234,179.87,0.5241,0.0759,113.79,-919.5581,-14.3625,-91.9558,179,2054,0.9194
2024-01-01 01:16:49,4609,Recovery,49.53,47.65,242.46,336,2357,303.64,0.4641,0.1359,203.835,-918.1992,18.009,-91.8199,303,2053,0.871
2024-01-01 01:16:50,4610,Recovery,60.3,53.35,209.35,442,2118,194.16,0.5154,0.0846,126.9,-917.3532,-15.387,-91.7353,194,1923,0.9079
2024-01-01 01:16:51,4611,Recovery,50.13,54.91,252.33,472,2256,220.72,0.5097,0.0903,135.4575,-916.4501,1.7115,-91.645,220,2035,0.902
2024-01-01 01:16:52,4612,Recovery,51.26,62.65,163.57,403,2263,276.79,0.4783,0.1217,182.595,-915.2328,9.4275,-91.5233,276,1986,0.8776
2024-01-01 01:16:53,4613,Recovery,63.24,64.6,185.03,398,2154,165.8,0.5351,0.0649,97.4175,-914.5834,-17.0355,-91.4583,165,1988,0.9229
2024-01-01 01:16:54,4614,Recovery,53.67,59.89,202.91,398,2455,249.24,0.4987,0.1013,151.9125,-913.5706,10.899,-91.3571,249,2205,0.8982
2024-01-01 01:16:55,4615,Recovery,64.46,57.88,216.15,332,2577,186.03,0.5282,0.0718,107.7225,-912.8525,-8.838,-91.2852,186,2390,0.9274
2024-01-01 01:16:56,4616,Recovery,58.29,56.92,214.82,405,2411,220.4,0.5145,0.0855,128.2875,-911.9972,4.113,-91.1997,220,2190,0.9083
2024-01-01 01:16:57,4617,Recovery,60.64,65.72,219.2,474,2464,139.74,0.5572,0.0428,64.14,-911.5696,-12.8295,-91.157,139,2324,0.9432
2024-01-01 01:16:58,4618,Recovery,54.85,46.01,214.14,463,2094,286.43,0.4835,0.1165,174.72,-910.4048,22.116,-91.0405,286,1807,0.8629
2024-01-01 01:16:59,4619,Recovery,55.65,56.97,239.5,365,2071,214.47,0.5117,0.0883,132.45,-909.5218,-8.454,-90.9522,214,1856,0.8962
2024-01-01 01:17:00,4620,Recovery,58.53,51.47,155.82,475,2427,276.32,0.4827,0.1173,175.965,-908.3487,8.703,-90.8349,276,2150,0.8859
2024-01-01 01:17:01,4621,Recovery,66.35,61.14,230.95,401,2200,127.59,0.5607,0.0393,58.95,-907.9557,-23.403,-90.7956,127,2072,0.9418
2024-01-01 01:17:02,4622,Recovery,58.07,52.53,178.12,365,2492,300.39,0.4784,0.1216,182.43,-906.7395,24.696,-90.674,300,2191,0.8792
2024-01-01 01:17:03,4623,Recovery,47.55,48.51,227.59,360,2327,318.33,0.4555,0.1445,216.7575,-905.2945,6.8655,-90.5294,318,2008,0.8629
2024-01-01 01:17:04,4624,Recovery,60.83,58.53,190.54,444,2374,194.16,0.5211,0.0789,118.35,-904.5055,-19.6815,-90.4505,194,2179,0.9179
2024-01-01 01:17:05,4625,Recovery,55.0,55.59,220.38,363,1896,259.86,0.4961,0.1039,155.8275,-903.4666,7.4955,-90.3467,259,1636,0.8629
2024-01-01 01:17:06,4626,Recovery,59.29,59.83,139.78,404,2570,268.85,0.4876,0.1124,168.63,-902.3424,2.5605,-90.2342,268,2301,0.8953
2024-01-01 01:17:07,4627,Recovery,47.97,55.2,203.01,460,2439,287.65,0.4764,0.1236,185.4,-901.1064,3.354,-90.1106,287,2151,0.8819
2024-01-01 01:17:08,4628,Recovery,49.41,57.65,277.2,345,2208,229.4,0.5074,0.0926,138.885,-900.1805,-9.303,-90.0181,229,1978,0.8958
2024-01-01 01:17:09,4629,Recovery,57.71,51.9,260.67,352,1929,226.13,0.5149,0.0851,127.695,-899.3292,-2.238,-89.9329,226,1702,0.8823
2024-01-01 01:17:10,4630,Recovery,51.43,59.43,183.49,390,2316,294.46,0.4788,0.1212,181.7625,-898.1175,10.8135,-89.8117,294,2021,0.8726
2024-01-01 01:17:11,4631,Recovery,47.27,52.09,217.56,409,2092,308.43,0.4658,0.1342,201.3,-896.7755,3.9075,-89.6775,308,1783,0.8523
2024-01-01 01:17:12,4632,Recovery,55.38,53.73,228.58,399,2121,239.81,0.5023,0.0977,146.5575,-895.7984,-10.9485,-89.5798,239,1881,0.8868
2024-01-01 01:17:13,4633,Recovery,57.29,52.91,220.12,395,2666,252.09,0.5021,0.0979,146.85,-894.8194,0.0585,-89.4819,252,2413,0.9051
2024-01-01 01:17:14,4634,Recovery,52.35,54.5,186.63,319,2097,328.05,0.4606,0.1394,209.04,-893.4258,12.438,-89.3426,328,1768,0.8431
2024-01-01 01:17:15,4635,Recovery,58.3,59.73,214.58,355,2085,220.58,0.5139,0.0861,129.1275,-892.565,-15.9825,-89.2565,220,1864,0.894
2024-01-01 01:17:16,4636,Recovery,48.76,51.92,166.51,437,2548,354.44,0.4493,0.1507,226.1025,-891.0576,19.395,-89.1058,354,2193,0.8607
2024-01-01 01:17:17,4637,Recovery,42.59,56.95,213.2,379,2058,326.37,0.4549,0.1451,217.665,-889.6065,-1.6875,-88.9607,326,1731,0.8411
2024-01-01 01:17:18,4638,Recovery,60.29,57.64,235.69,331,1896,206.94,0.5226,0.0774,116.085,-888.8326,-20.316,-88.8833,206,1689,0.8908
2024-01-01 01:17:19,4639,Recovery,56.71,49.36,235.96,260,2075,307.2,0.4789,0.1211,181.7025,-887.6213,13.1235,-88.7621,307,1767,0.8516
2024-01-01 01:17:20,4640,Recovery,50.35,53.1,211.81,386,2293,306.31,0.4728,0.1272,190.83,-886.3491,1.8255,-88.6349,306,1986,0.8661
2024-01-01 01:17:21,4641,Recovery,58.52,54.02,266.89,434,2099,186.95,0.5384,0.0616,92.3775,-885.7332,-19.6905,-88.5733,186,1912,0.9109
2024-01-01 01:17:22,4642,Recovery,53.12,53.01,214.19,315,2000,326.04,0.4728,0.1272,190.815,-884.4611,19.6875,-88.4461,326,1673,0.8365
2024-01-01 01:17:23,4643,Recovery,40.88,52.58,234.89,355,2134,357.52,0.4452,0.1548,232.1625,-882.9134,8.2695,-88.2913,357,1776,0.8322
2024-01-01 01:17:24,4644,Recovery,55.5,48.91,203.36,407,2211,289.2,0.4793,0.1207,181.1175,-881.7059,-10.209,-88.1706,289,1921,0.8688
2024-01-01 01:17:25,4645,Recovery,59.65,62.47,222.13,326,2077,217.97,0.5249,0.0751,112.6275,-880.9551,-13.698,-88.0955,217,1859,0.895
2024-01-01 01:17:26,4646,Recovery,65.32,56.73,207.34,317,2124,238.31,0.5217,0.0783,117.5025,-880.1717,0.975,-88.0172,238,1885,0.8875
2024-01-01 01:17:27,4647,Recovery,57.97,54.89,185.98,345,2377,304.73,0.4849,0.1151,172.71,-879.0203,11.0415,-87.902,304,2072,0.8717
2024-01-01 01:17:28,4648,Recovery,57.63,57.96,214.44,300,2189,269.56,0.4988,0.1012,151.7625,-878.0086,-4.1895,-87.8009,269,1919,0.8767
2024-01-01 01:17:29,4649,Recovery,59.98,53.15,230.19,385,2296,244.31,0.5156,0.0844,126.525,-877.1651,-5.0475,-87.7165,244,2051,0.8933
2024-01-01 01:17:30,4650,Recovery,53.82,59.99,156.59,359,2270,331.94,0.4705,0.1295,194.265,-875.87,13.548,-87.587,331,1938,0.8537
2024-01-01 01:17:31,4651,Recovery,55.24,61.2,195.47,329,1795,278.18,0.4934,0.1066,159.8625,-874.8042,-6.8805,-87.4804,278,1516,0.8446
2024-01-01 01:17:32,4652,Recovery,51.77,57.69,222.67,285,2354,311.32,0.4795,0.1205,180.7425,-873.5993,4.176,-87.3599,311,2042,0.8675
2024-01-01 01:17:33,4653,Recovery,47.51,53.82,182.42,375,2134,364.84,0.4483,0.1517,227.5575,-872.0822,9.363,-87.2082,364,1769,0.829
2024-01-01 01:17:34,4654,Recovery,57.37,65.57,211.08,325,2204,229.0,0.519,0.081,121.485,-871.2723,-21.2145,-87.1272,229,1975,0.8961
2024-01-01 01:17:35,4655,Recovery,64.92,58.4,227.17,273,2185,235.19,0.5278,0.0722,108.3675,-870.5499,-2.6235,-87.055,235,1949,0.892
2024-01-01 01:17:36,4656,Recovery,51.59,50.34,197.78,357,1979,363.25,0.4589,0.1411,211.7175,-869.1384,20.67,-86.9138,363,1615,0.8161
2024-01-01 01:17:37,4657,Recovery,54.27,53.34,219.18,362,2176,292.71,0.4872,0.1128,169.2225,-868.0103,-8.499,-86.801,292,1883,0.8653
2024-01-01 01:17:38,4658,Recovery,58.97,57.67,197.58,246,2199,304.01,0.4863,0.1137,170.61,-866.8729,0.2775,-86.6873,304,1894,0.8613
2024-01-01 01:17:39,4659,Recovery,47.57,53.78,208.55,416,2461,338.61,0.4676,0.1324,198.57,-865.5491,5.592,-86.5549,338,2122,0.8623
2024-01-01 01:17:40,4660,Recovery,47.46,46.36,206.84,360,1849,385.37,0.4394,0.1606,240.855,-863.9434,8.457,-86.3943,385,1463,0.7912
2024-01-01 01:17:41,4661,Recovery,52.83,57.8,159.82,298,1956,352.12,0.454,0.146,218.9775,-862.4835,-4.3755,-86.2484,352,1603,0.8195
2024-01-01 01:17:42,4662,Recovery,51.61,58.33,186.59,349,2531,325.21,0.4721,0.1279,191.8425,-861.2046,-5.427,-86.1205,325,2205,0.8712
2024-01-01 01:17:43,4663,Recovery,47.09,50.21,216.38,395,2161,357.85,0.4578,0.1422,213.33,-859.7824,4.2975,-85.9782,357,1803,0.8343
2024-01-01 01:17:44,4664,Recovery,63.63,55.99,136.41,349,1960,308.9,0.4832,0.1168,175.1475,-858.6147,-7.6365,-85.8615,308,1651,0.8423
2024-01-01 01:17:45,4665,Recovery,61.02,59.83,147.65,411,2258,289.85,0.4986,0.1014,152.07,-857.6009,-4.6155,-85.7601,289,1968,0.8716
2024-01-01 01:17:46,4666,Recovery,50.72,53.53,236.77,244,2155,353.93,0.4663,0.1337,200.505,-856.2642,9.687,-85.6264,353,1801,0.8357
2024-01-01 01:17:47,4667,Recovery,59.17,53.43,214.09,347,1906,285.06,0.4998,0.1002,150.3525,-855.2619,-10.0305,-85.5262,285,1620,0.8499
2024-01-01 01:17:48,4668,Recovery,47.71,58.19,175.24,265,2083,404.58,0.4398,0.1602,240.255,-853.6602,17.9805,-85.366,404,1678,0.8056
2024-01-01 01:17:49,4669,Recovery,49.43,46.68,196.12,379,2059,379.54,0.4446,0.1554,233.0775,-852.1063,-1.4355,-85.2106,379,1679,0.8154
2024-01-01 01:17:50,4670,Recovery,46.06,56.72,224.67,450,2339,313.33,0.4828,0.1172,175.7325,-850.9348,-11.469,-85.0935,313,2025,0.8658
2024-01-01 01:17:51,4671,Recovery,46.37,58.94,200.97,281,2104,381.29,0.4523,0.1477,221.58,-849.4576,9.1695,-84.9458,381,1722,0.8184
2024-01-01 01:17:52,4672,Recovery,63.86,60.92,162.52,338,2142,273.16,0.5078,0.0922,138.345,-848.5353,-16.647,-84.8535,273,1868,0.8721
2024-01-01 01:17:53,4673,Recovery,41.92,43.53,197.22,345,1672,475.11,0.4059,0.1941,291.1425,-846.5943,30.5595,-84.6594,475,1196,0.7153
2024-01-01 01:17:54,4674,Recovery,54.57,60.19,185.69,339,2150,303.03,0.4852,0.1148,172.2525,-845.446,-23.778,-84.5446,303,1846,0.8586
2024-01-01 01:17:55,4675,Recovery,54.82,43.61,164.74,315,1860,426.87,0.4305,0.1695,254.2275,-843.7511,16.395,-84.3751,426,1433,0.7704
2024-01-01 01:17:56,4676,Recovery,60.94,57.39,158.25,323,2254,314.75,0.4843,0.1157,173.49,-842.5945,-16.1475,-84.2595,314,1939,0.8602
2024-01-01 01:17:57,4677,Recovery,48.21,58.65,232.7,394,2060,320.34,0.4908,0.1092,163.785,-841.5026,-1.941,-84.1503,320,1739,0.8442
2024-01-01 01:17:58,4678,Recovery,59.54,50.36,265.43,344,2250,273.07,0.5186,0.0814,122.0925,-840.6887,-8.3385,-84.0689,273,1976,0.8782
2024-01-01 01:17:59,4679,Recovery,49.8,56.45,206.81,285,1825,385.43,0.4616,0.1384,207.63,-839.3045,17.1075,-83.9304,385,1439,0.7885
2024-01-01 01:18:00,4680,Recovery,50.7,60.04,135.22,312,2275,405.22,0.442,0.158,237.06,-837.7241,5.886,-83.7724,405,1869,0.8215
2024-01-01 01:18:01,4681,Recovery,44.48,60.89,155.99,284,1980,425.28,0.4285,0.1715,257.25,-836.0091,4.038,-83.6009,425,1554,0.7848
2024-01-01 01:18:02,4682,Recovery,63.06,49.49,137.49,259,2192,380.37,0.452,0.148,221.955,-834.5294,-7.059,-83.4529,380,1811,0.8262
2024-01-01 01:18:03,4683,Recovery,43.64,60.41,191.22,326,2061,395.7,0.4483,0.1517,227.5875,-833.0121,1.1265,-83.3012,395,1665,0.8079
2024-01-01 01:18:04,4684,Recovery,46.91,54.07,152.99,394,1792,420.2,0.435,0.165,247.5675,-831.3617,3.996,-83.1362,420,1371,0.7651
2024-01-01 01:18:05,4685,Recovery,54.29,46.99,172.44,307,2590,409.16,0.4398,0.1602,240.36,-829.7593,-1.4415,-82.9759,409,2180,0.8417
2024-01-01 01:18:06,4686,Recovery,51.52,48.23,174.76,250,1958,437.52,0.4258,0.1742,261.3375,-828.017,4.1955,-82.8017,437,1520,0.7763
2024-01-01 01:18:07,4687,Recovery,62.66,55.13,214.85,279,1946,289.11,0.5064,0.0936,140.385,-827.0811,-24.1905,-82.7081,289,1656,0.851
2024-01-01 01:18:08,4688,Recovery,52.72,48.72,199.4,354,2091,399.83,0.4591,0.1409,211.32,-825.6723,14.187,-82.5672,399,1691,0.8087
2024-01-01 01:18:09,4689,Recovery,50.54,59.58,179.33,305,2267,383.19,0.4613,0.1387,208.1175,-824.2849,-0.6405,-82.4285,383,1883,0.8306
2024-01-01 01:18:10,4690,Recovery,44.75,42.77,160.68,341,2232,505.07,0.395,0.205,307.44,-822.2353,19.8645,-82.2235,505,1726,0.7733
2024-01-01 01:18:11,4691,Recovery,47.38,63.84,187.18,315,1801,358.33,0.4663,0.1337,200.595,-820.898,-21.369,-82.0898,358,1442,0.8007
2024-01-01 01:18:12,4692,Recovery,63.0,52.01,146.06,443,2046,338.07,0.49,0.11,164.9925,-819.798,-7.1205,-81.9798,338,1707,0.8343
2024-01-01 01:18:13,4693,Recovery,56.03,62.95,204.11,368,1974,308.77,0.5107,0.0893,133.8975,-818.9054,-6.219,-81.8905,308,1665,0.8435
2024-01-01 01:18:14,4694,Recovery,55.58,52.62,184.72,324,1880,394.97,0.467,0.133,199.44,-817.5758,13.1085,-81.7576,394,1485,0.7899
2024-01-01 01:18:15,4695,Recovery,54.15,55.79,209.55,349,2356,348.65,0.4861,0.1139,170.8125,-816.437,-5.7255,-81.6437,348,2007,0.8519
2024-01-01 01:18:16,4696,Recovery,57.39,51.5,198.23,387,1762,354.33,0.4868,0.1132,169.83,-815.3048,-0.1965,-81.5305,354,1407,0.7985
2024-01-01 01:18:17,4697,Recovery,63.11,48.05,211.3,316,1938,342.48,0.4941,0.1059,158.91,-814.2454,-2.184,-81.4245,342,1595,0.823
2024-01-01 01:18:18,4698,Recovery,43.15,58.1,145.3,243,2176,506.24,0.4054,0.1946,291.9375,-812.2992,26.6055,-81.2299,506,1669,0.767
2024-01-01 01:18:19,4699,Recovery,61.65,48.61,213.7,354,1922,315.29,0.4972,0.1028,154.125,-811.2717,-27.5625,-81.1272,315,1606,0.8356
2024-01-01 01:18:20,4700,Recovery,58.88,51.59,198.78,250,1695,389.68,0.4719,0.1281,192.0825,-809.9911,7.5915,-80.9991,389,1305,0.7699
2024-01-01 01:18:21,4701,Recovery,57.82,55.84,178.64,407,2312,346.46,0.4923,0.1077,161.49,-808.9145,-6.1185,-80.8915,346,1965,0.8499
2024-01-01 01:18:22,4702,Recovery,53.39,43.75,179.22,269,1947,473.37,0.4262,0.1738,260.7,-807.1765,19.842,-80.7177,473,1473,0.7565
2024-01-01 01:18:23,4703,Recovery,45.09,45.27,114.34,319,1466,546.11,0.376,0.224,335.985,-804.9366,15.057,-80.4937,546,919,0.6269
2024-01-01 01:18:24,4704,Recovery,48.73,56.57,160.21,255,1908,434.96,0.4303,0.1697,254.4975,-803.24,-16.2975,-80.324,434,1473,0.772
2024-01-01 01:18:25,4705,Recovery,45.63,53.47,150.55,303,1849,482.33,0.4141,0.1859,278.8425,-801.381,4.869,-80.1381,482,1366,0.7388
2024-01-01 01:18:26,4706,Recovery,50.48,62.13,187.18,333,1789,368.11,0.4755,0.1245,186.6825,-800.1365,-18.432,-80.0136,368,1420,0.7937
2024-01-01 01:18:27,4707,Recovery,51.83,50.63,181.73,339,1810,434.58,0.4497,0.1503,225.4575,-798.6334,7.755,-79.8633,434,1375,0.7597
2024-01-01 01:18:28,4708,Recovery,48.05,49.32,165.32,314,1834,479.84,0.4212,0.1788,268.1475,-796.8458,8.538,-79.6846,479,1354,0.7383
2024-01-01 01:18:29,4709,Recovery,59.37,68.27,163.11,320,2110,316.0,0.508,0.092,137.9625,-795.926,-26.037,-79.5926,316,1794,0.8502
2024-01-01 01:18:30,4710,Recovery,48.74,46.18,231.95,338,1963,443.07,0.4527,0.1473,220.9275,-794.4532,16.593,-79.4453,443,1519,0.7738
2024-01-01 01:18:31,4711,Recovery,58.98,56.73,178.02,254,1796,386.95,0.4754,0.1246,186.9525,-793.2068,-6.795,-79.3207,386,1409,0.7845
2024-01-01 01:18:32,4712,Recovery,57.46,56.16,173.51,391,1860,374.09,0.4869,0.1131,169.6275,-792.076,-3.465,-79.2076,374,1485,0.7984
2024-01-01 01:18:33,4713,Recovery,56.1,53.34,236.76,339,1897,356.94,0.4989,0.1011,151.605,-791.0653,-3.6045,-79.1065,356,1540,0.8118
2024-01-01 01:18:34,4714,Recovery,49.05,51.89,156.66,232,1945,514.31,0.4145,0.1855,278.205,-789.2106,25.32,-78.9211,514,1430,0.7352
2024-01-01 01:18:35,4715,Recovery,46.87,48.72,175.41,302,1881,483.03,0.4188,0.1812,271.725,-787.3991,-1.296,-78.7399,483,1397,0.7427
2024-01-01 01:18:36,4716,Recovery,60.44,55.87,240.97,277,2033,315.27,0.5132,0.0867,130.125,-786.5316,-28.32,-78.6532,315,1717,0.8446
2024-01-01 01:18:37,4717,Recovery,47.66,48.49,241.75,260,1426,462.73,0.4479,0.1521,228.135,-785.0107,19.602,-78.5011,462,963,0.6753
2024-01-01 01:18:38,4718,Recovery,45.66,39.76,148.5,254,1875,582.84,0.3716,0.2284,342.66,-782.7263,22.905,-78.2726,582,1292,0.6891
2024-01-01 01:18:39,4719,Recovery,37.56,58.95,120.42,290,1800,542.34,0.3825,0.2175,326.1825,-780.5517,-3.2955,-78.0552,542,1257,0.6983
2024-01-01 01:18:40,4720,Recovery,54.75,53.84,211.96,277,1768,382.72,0.4738,0.1262,189.3675,-779.2893,-27.363,-77.9289,382,1385,0.7834
2024-01-01 01:18:41,4721,Recovery,52.23,57.86,200.76,310,1903,410.29,0.4743,0.1257,188.4975,-778.0326,-0.174,-77.8033,410,1492,0.784
2024-01-01 01:18:42,4722,Recovery,49.48,54.11,236.71,281,1780,421.45,0.469,0.131,196.56,-776.7222,1.6125,-77.6722,421,1358,0.7629
2024-01-01 01:18:43,4723,Recovery,47.0,53.94,111.66,286,2025,549.44,0.3981,0.2019,302.88,-774.703,21.264,-77.4703,549,1475,0.7284
2024-01-01 01:18:44,4724,Recovery,46.43,52.68,238.25,308,1398,418.97,0.4595,0.1405,210.705,-773.2983,-18.435,-77.3298,418,979,0.7003
2024-01-01 01:18:45,4725,Recovery,41.08,50.01,150.51,296,1783,567.45,0.3885,0.2115,317.31,-771.1829,21.321,-77.1183,567,1215,0.6814
2024-01-01 01:18:46,4726,Recovery,56.48,44.93,168.05,301,1906,456.44,0.4392,0.1608,241.23,-769.5747,-15.216,-76.9575,456,1449,0.7602
2024-01-01 01:18:47,4727,Recovery,50.31,36.97,176.43,282,2007,545.94,0.399,0.201,301.4625,-767.565,12.0465,-76.7565,545,1461,0.728
2024-01-01 01:18:48,4728,Recovery,53.72,52.84,182.98,356,2060,416.47,0.465,0.135,202.485,-766.2151,-19.7955,-76.6215,416,1643,0.7976
2024-01-01 01:18:49,4729,Recovery,50.98,64.22,154.4,228,1824,464.1,0.4504,0.1496,224.43,-764.7189,4.389,-76.4719,464,1359,0.7451
2024-01-01 01:18:50,4730,Recovery,47.03,36.52,153.33,304,1811,591.91,0.3782,0.2218,332.745,-762.5006,21.663,-76.2501,591,1219,0.6731
2024-01-01 01:18:51,4731,Recovery,44.56,51.52,176.24,321,1691,494.89,0.421,0.179,268.455,-760.7109,-12.858,-76.0711,494,1196,0.7073
2024-01-01 01:18:52,4732,Recovery,54.41,44.68,157.11,370,1610,482.09,0.4362,0.1638,245.715,-759.0728,-4.548,-75.9073,482,1127,0.7
2024-01-01 01:18:53,4733,Recovery,45.16,43.66,147.04,291,1953,582.06,0.3844,0.2156,323.43,-756.9166,15.543,-75.6917,582,1370,0.7015
2024-01-01 01:18:54,4734,Recovery,48.95,49.19,134.23,247,1498,543.18,0.3985,0.2015,302.3025,-754.9012,-4.2255,-75.4901,543,954,0.6368
2024-01-01 01:18:55,4735,Recovery,53.43,55.94,169.96,304,1979,442.68,0.4574,0.1426,213.8475,-753.4756,-17.691,-75.3476,442,1536,0.7761
2024-01-01 01:18:56,4736,Recovery,49.56,59.42,140.11,264,1706,508.44,0.4317,0.1683,252.5025,-751.7922,7.731,-75.1792,508,1197,0.7016
2024-01-01 01:18:57,4737,Recovery,52.78,42.41,213.92,308,2146,480.22,0.4439,0.1561,234.1275,-750.2314,-3.675,-75.0231,480,1665,0.7759
2024-01-01 01:18:58,4738,Recovery,48.6,47.67,189.85,331,1649,503.67,0.4338,0.1662,249.225,-748.5699,3.0195,-74.857,503,1145,0.6944
2024-01-01 01:18:59,4739,Recovery,36.81,39.97,177.63,356,1528,616.12,0.371,0.229,343.5375,-746.2796,18.8625,-74.628,616,911,0.5962
2024-01-01 01:19:00,4740,Recovery,47.11,48.8,227.06,391,1870,440.11,0.4591,0.1409,211.4025,-744.8703,-26.427,-74.487,440,1429,0.7642
2024-01-01 01:19:01,4741,Recovery,54.08,56.07,130.69,312,1577,499.55,0.4416,0.1584,237.6,-743.2863,5.2395,-74.3286,499,1077,0.6829
2024-01-01 01:19:02,4742,Recovery,47.61,57.64,171.18,331,2037,487.98,0.446,0.154,231.0375,-741.746,-1.3125,-74.1746,487,1549,0.7604
2024-01-01 01:19:03,4743,Recovery,38.04,37.7,203.27,335,1825,611.56,0.3793,0.2207,331.0875,-739.5388,20.01,-73.9539,611,1213,0.6647
2024-01-01 01:19:04,4744,Recovery,50.88,56.08,194.3,259,1961,458.0,0.4543,0.1457,218.58,-738.0816,-22.5015,-73.8082,458,1503,0.7664
2024-01-01 01:19:05,4745,Recovery,46.4,52.14,173.72,230,1617,554.66,0.4141,0.1859,278.835,-736.2227,12.051,-73.6223,554,1062,0.6568
2024-01-01 01:19:06,4746,Recovery,61.83,45.29,178.47,301,1751,454.14,0.464,0.136,203.9775,-734.8628,-14.9715,-73.4863,454,1296,0.7401
2024-01-01 01:19:07,4747,Recovery,52.4,52.57,140.92,298,1649,532.07,0.43,0.17,255.0225,-733.1627,10.209,-73.3163,532,1116,0.6768
2024-01-01 01:19:08,4748,Recovery,58.76,53.13,145.68,288,1569,479.14,0.4545,0.1455,218.2125,-731.7079,-7.362,-73.1708,479,1089,0.6941
2024-01-01 01:19:09,4749,Recovery,49.81,49.16,141.53,228,2237,582.67,0.4022,0.1978,296.7,-729.7299,15.6975,-72.973,582,1654,0.7394
2024-01-01 01:19:10,4750,Recovery,48.76,47.88,147.84,292,1619,558.31,0.4081,0.1919,287.88,-727.8107,-1.764,-72.7811,558,1060,0.6547
2024-01-01 01:19:11,4751,Recovery,41.59,50.23,164.45,247,1565,593.96,0.3904,0.2096,314.3775,-725.7149,5.2995,-72.5715,593,971,0.6204
2024-01-01 01:19:12,4752,Recovery,45.76,47.57,147.05,281,2184,582.89,0.3948,0.2052,307.86,-723.6625,-1.3035,-72.3662,582,1601,0.7331
2024-01-01 01:19:13,4753,Recovery,56.04,61.99,147.92,350,1781,436.35,0.4776,0.1224,183.6375,-722.4382,-24.8445,-72.2438,436,1344,0.7546
2024-01-01 01:19:14,4754,Recovery,53.92,53.05,154.31,301,1828,523.83,0.4436,0.1563,234.525,-720.8747,10.1775,-72.0875,523,1304,0.7133
2024-01-01 01:19:15,4755,Recovery,37.34,49.51,190.44,278,1822,609.81,0.3914,0.2086,312.9225,-718.7886,15.6795,-71.8789,609,1212,0.6652
2024-01-01 01:19:16,4756,Recovery,43.38,51.75,161.03,253,1588,581.22,0.3997,0.2003,300.495,-716.7853,-2.4855,-71.6785,581,1006,0.6335
2024-01-01 01:19:17,4757,Recovery,53.33,52.25,170.91,365,1815,481.07,0.4575,0.1425,213.7725,-715.3601,-17.3445,-71.536,481,1333,0.7344
2024-01-01 01:19:18,4758,Recovery,54.99,51.77,152.63,209,1764,550.39,0.4296,0.1704,255.6675,-713.6557,8.379,-71.3656,550,1213,0.6876
2024-01-01 01:19:19,4759,Recovery,31.75,51.72,172.34,250,1694,662.2,0.3641,0.2359,353.8575,-711.2966,19.638,-71.1297,662,1031,0.6086
2024-01-01 01:19:20,4760,Recovery,40.17,58.36,152.42,211,1818,590.15,0.3944,0.2056,308.4675,-709.2402,-9.078,-70.924,590,1227,0.6749
2024-01-01 01:19:21,4761,Recovery,48.29,47.86,148.27,259,1974,588.08,0.4017,0.1983,297.525,-707.2567,-2.1885,-70.7257,588,1385,0.7016
2024-01-01 01:19:22,4762,Recovery,50.39,49.76,187.42,260,1781,534.65,0.4335,0.1665,249.7875,-705.5914,-9.5475,-70.5591,534,1246,0.6996
2024-01-01 01:19:23,4763,Recovery,48.43,53.46,148.18,200,1879,593.34,0.4072,0.1928,289.1325,-703.6639,7.869,-70.3664,593,1285,0.6839
2024-01-01 01:19:24,4764,Recovery,56.5,43.33,166.53,234,1870,556.27,0.4244,0.1756,263.34,-701.9083,-5.1585,-70.1908,556,1313,0.7021
2024-01-01 01:19:25,4765,Recovery,48.89,69.8,151.77,332,2017,478.37,0.4713,0.1287,193.05,-700.6213,-14.058,-70.0621,478,1538,0.7625
2024-01-01 01:19:26,4766,Recovery,50.56,50.02,163.31,255,1912,583.1,0.4219,0.1781,267.1275,-698.8404,14.8155,-69.884,583,1328,0.6946
2024-01-01 01:19:27,4767,Recovery,42.07,48.79,151.65,168,1854,663.59,0.3702,0.2298,344.6325,-696.5429,15.501,-69.6543,663,1190,0.6419
2024-01-01 01:19:28,4768,Recovery,53.63,45.91,190.68,174,1683,553.24,0.4239,0.1761,264.12,-694.7821,-16.1025,-69.4782,553,1129,0.6708
2024-01-01 01:19:29,4769,Recovery,46.44,50.2,161.91,248,1597,603.18,0.4062,0.1938,290.7075,-692.844,5.3175,-69.2844,603,993,0.6218
2024-01-01 01:19:30,4770,Recovery,46.5,57.81,141.72,364,1544,551.76,0.4327,0.1673,250.8975,-691.1714,-7.962,-69.1171,551,992,0.6425
2024-01-01 01:19:31,4771,Recovery,48.54,53.01,149.99,319,1776,574.93,0.4253,0.1747,262.11,-689.424,2.2425,-68.9424,574,1201,0.6762
2024-01-01 01:19:32,4772,Recovery,45.81,57.77,127.93,221,1775,616.76,0.4019,0.1981,297.1875,-687.4427,7.0155,-68.7443,616,1158,0.6524
2024-01-01 01:19:33,4773,Recovery,51.8,51.44,154.23,236,1885,574.55,0.4224,0.1776,266.3775,-685.6669,-6.162,-68.5667,574,1310,0.695
2024-01-01 01:19:34,4774,Recovery,48.38,44.23,129.81,323,1512,635.26,0.3933,0.2067,310.11,-683.5995,8.7465,-68.3599,635,876,0.5794
2024-01-01 01:19:35,4775,Recovery,48.52,57.52,173.62,209,1448,558.86,0.4318,0.1682,252.33,-681.9173,-11.556,-68.1917,558,889,0.614
2024-01-01 01:19:36,4776,Recovery,58.05,43.13,140.41,265,1604,591.69,0.421,0.179,268.5675,-680.1268,3.2475,-68.0127,591,1012,0.6309
2024-01-01 01:19:37,4777,Recovery,50.22,40.53,150.35,279,1780,638.8,0.3941,0.2059,308.82,-678.068,8.0505,-67.8068,638,1141,0.641
2024-01-01 01:19:38,4778,Recovery,43.29,43.16,162.73,179,1897,680.76,0.3676,0.2324,348.555,-675.7443,7.947,-67.5744,680,1216,0.641
2024-01-01 01:19:39,4779,Recovery,47.62,45.07,124.34,212,1324,664.84,0.3733,0.2267,340.0275,-673.4775,-1.7055,-67.3477,664,659,0.4977
2024-01-01 01:19:40,4780,Recovery,49.59,44.39,167.62,269,1826,604.77,0.4087,0.1913,286.95,-671.5645,-10.6155,-67.1564,604,1221,0.6687
2024-01-01 01:19:41,4781,Recovery,48.08,55.92,196.87,254,1692,552.29,0.4446,0.1554,233.0775,-670.0106,-10.7745,-67.0011,552,1139,0.6732
2024-01-01 01:19:42,4782,Recovery,43.17,43.2,193.4,271,1762,651.81,0.3964,0.2036,305.3325,-667.9751,14.451,-66.7975,651,1110,0.63
2024-01-01 01:19:43,4783,Recovery,42.92,58.82,147.74,200,1506,630.9,0.4011,0.1989,298.29,-665.9865,-1.4085,-66.5986,630,875,0.581
2024-01-01 01:19:44,4784,Recovery,55.83,42.37,131.72,384,1806,591.49,0.4248,0.1752,262.815,-664.2344,-7.095,-66.4234,591,1214,0.6722
2024-01-01 01:19:45,4785,Recovery,41.96,42.51,103.72,243,1759,751.19,0.3414,0.2586,387.8325,-661.6488,25.0035,-66.1649,751,1007,0.5725
2024-01-01 01:19:46,4786,Recovery,55.41,37.59,113.8,231,2167,659.96,0.3795,0.2205,330.81,-659.4434,-11.4045,-65.9443,659,1507,0.6954
2024-01-01 01:19:47,4787,Recovery,51.56,51.15,116.47,130,1614,661.61,0.3861,0.2139,320.895,-657.3041,-1.983,-65.7304,661,952,0.5898
2024-01-01 01:19:48,4788,Recovery,45.6,47.26,141.45,198,1407,680.02,0.3782,0.2218,332.7375,-655.0859,2.3685,-65.5086,680,726,0.516
2024-01-01 01:19:49,4789,Recovery,54.48,43.51,144.24,233,1740,628.56,0.4065,0.1935,290.2125,-653.1511,-8.505,-65.3151,628,1111,0.6385
2024-01-01 01:19:50,4790,Recovery,40.98,54.66,134.79,226,1923,684.52,0.3814,0.2186,327.9375,-650.9649,7.545,-65.0965,684,1238,0.6438
2024-01-01 01:19:51,4791,Recovery,40.22,53.07,181.97,248,1567,642.5,0.4016,0.1984,297.555,-648.9812,-6.0765,-64.8981,642,924,0.5897
2024-01-01 01:19:52,4792,Recovery,58.74,48.62,157.61,215,1617,584.37,0.4382,0.1618,242.7075,-647.3631,-10.9695,-64.7363,584,1032,0.6382
2024-01-01 01:19:53,4793,Recovery,51.71,47.01,87.89,257,1367,700.48,0.381,0.219,328.4925,-645.1732,17.157,-64.5173,700,666,0.4872
2024-01-01 01:19:54,4794,Recovery,50.33,48.61,179.09,183,1472,624.57,0.4147,0.1853,277.9875,-643.3199,-10.101,-64.332,624,847,0.5754
2024-01-01 01:19:55,4795,Recovery,43.78,39.68,183.79,148,1795,723.67,0.3665,0.2335,350.2125,-640.9852,14.445,-64.0985,723,1071,0.5967
2024-01-01 01:19:56,4796,Recovery,48.32,47.34,160.46,244,1492,643.19,0.4043,0.1957,293.55,-639.0282,-11.3325,-63.9028,643,848,0.5684
2024-01-01 01:19:57,4797,Recovery,47.51,52.88,121.42,245,1043,671.6,0.3959,0.2041,306.0825,-636.9876,2.5065,-63.6988,671,371,0.3557
2024-01-01 01:19:58,4798,Recovery,34.09,51.84,136.88,184,1553,763.43,0.345,0.255,382.5675,-634.4372,15.297,-63.4437,763,789,0.508
2024-01-01 01:19:59,4799,Recovery,43.23,42.48,99.9,127,1708,784.08,0.3265,0.2735,410.2425,-631.7022,5.535,-63.1702,784,923,0.5404
2024-01-01 01:20:00,4800,Recovery,43.02,54.18,135.74,243,1531,665.73,0.3903,0.2097,314.49,-629.6056,-19.1505,-62.9606,665,865,0.565
2024-01-01 01:20:01,4801,Recovery,45.77,48.88,135.01,162,1706,716.19,0.3742,0.2258,338.7,-627.3476,4.842,-62.7348,716,989,0.5797
2024-01-01 01:20:02,4802,Recovery,55.01,58.24,131.43,186,1438,609.44,0.4318,0.1682,252.375,-625.6651,-17.265,-62.5665,609,828,0.5758
2024-01-01 01:20:03,4803,Recovery,44.34,47.93,117.75,148,1555,765.34,0.3561,0.2439,365.865,-623.226,22.698,-62.3226,765,789,0.5074
2024-01-01 01:20:04,4804,Recovery,24.16,47.59,119.0,260,1751,842.92,0.302,0.298,446.9475,-620.2464,16.2165,-62.0246,842,908,0.5186
2024-01-01 01:20:05,4805,Recovery,51.72,46.08,112.94,180,1595,689.13,0.3797,0.2203,330.465,-618.0433,-23.2965,-61.8043,689,905,0.5674
2024-01-01 01:20:06,4806,Recovery,35.36,56.48,136.73,245,1177,732.03,0.3701,0.2299,344.8875,-615.744,2.8845,-61.5744,732,444,0.3772
2024-01-01 01:20:07,4807,Recovery,39.63,36.64,176.94,211,1644,767.01,0.3504,0.2496,374.3625,-613.2483,5.895,-61.3248,767,876,0.5328
2024-01-01 01:20:08,4808,Recovery,45.51,50.84,135.84,208,1508,700.12,0.3855,0.2145,321.7425,-611.1033,-10.524,-61.1103,700,807,0.5351
2024-01-01 01:20:09,4809,Recovery,47.51,50.58,229.96,301,1166,590.86,0.4529,0.1471,220.7025,-609.632,-20.208,-60.9632,590,575,0.4931
2024-01-01 01:20:10,4810,Recovery,44.17,45.51,183.67,200,1611,725.96,0.3902,0.2098,314.6925,-607.534,18.798,-60.7534,725,885,0.5493
2024-01-01 01:20:11,4811,Recovery,30.95,38.82,207.69,218,1315,796.65,0.3419,0.2581,387.12,-604.9532,14.4855,-60.4953,796,518,0.3939
2024-01-01 01:20:12,4812,Recovery,46.38,41.54,136.08,142,1353,760.13,0.3555,0.2445,366.72,-602.5084,-4.08,-60.2508,760,592,0.4375
2024-01-01 01:20:13,4813,Recovery,42.37,54.54,158.16,245,1502,685.29,0.4005,0.1995,299.2875,-600.5132,-13.4865,-60.0513,685,816,0.5433
2024-01-01 01:20:14,4814,Recovery,49.75,42.54,121.91,233,1447,744.38,0.3764,0.2236,335.43,-598.277,7.2285,-59.8277,744,702,0.4851
2024-01-01 01:20:15,4815,Recovery,44.68,46.75,181.15,277,1374,686.9,0.4054,0.1946,291.93,-596.3308,-8.7,-59.6331,686,687,0.5
2024-01-01 01:20:16,4816,Recovery,34.15,43.42,116.29,252,1680,844.81,0.324,0.276,413.97,-593.571,24.408,-59.3571,844,835,0.497
2024-01-01 01:20:17,4817,Recovery,38.47,43.12,98.48,217,1483,822.77,0.3242,0.2758,413.6475,-590.8133,-0.0645,-59.0813,822,660,0.445
2024-01-01 01:20:18,4818,Recovery,49.34,50.59,160.81,132,1363,689.6,0.3994,0.2006,300.945,-588.807,-22.5405,-58.8807,689,673,0.4938
2024-01-01 01:20:19,4819,Recovery,50.24,44.34,93.34,248,1369,766.29,0.3706,0.2294,344.16,-586.5126,8.643,-58.6513,766,602,0.4397
2024-01-01 01:20:20,4820,Recovery,50.87,47.42,133.5,275,1220,698.34,0.4046,0.1954,293.1075,-584.5586,-10.2105,-58.4559,698,521,0.427
2024-01-01 01:20:21,4821,Recovery,53.05,43.65,146.34,215,1391,718.42,0.4002,0.1998,299.67,-582.5608,1.3125,-58.2561,718,672,0.4831
2024-01-01 01:20:22,4822,Recovery,39.82,45.22,110.69,304,1377,803.91,0.3534,0.2466,369.9525,-580.0944,14.0565,-58.0094,803,573,0.4161
2024-01-01 01:20:23,4823,Recovery,51.29,53.56,151.67,198,1508,673.62,0.4189,0.181,271.575,-578.2839,-19.6755,-57.8284,673,834,0.5531
2024-01-01 01:20:24,4824,Recovery,47.72,47.96,93.43,113,1767,818.84,0.3506,0.2494,374.1225,-575.7898,20.5095,-57.579,818,948,0.5365
2024-01-01 01:20:25,4825,Recovery,28.42,48.49,133.04,211,1233,858.24,0.3189,0.2811,421.7025,-572.9784,9.516,-57.2978,858,374,0.3033
2024-01-01 01:20:26,4826,Recovery,46.28,48.51,222.58,208,1727,658.08,0.4257,0.1743,261.3825,-571.2359,-32.064,-57.1236,658,1068,0.6184
2024-01-01 01:20:27,4827,Recovery,35.13,53.35,146.19,214,1510,808.13,0.3615,0.2385,357.7125,-568.8511,19.266,-56.8851,808,701,0.4642
2024-01-01 01:20:28,4828,Recovery,54.31,48.72,115.53,169,1613,730.66,0.395,0.205,307.5,-566.8011,-10.0425,-56.6801,730,882,0.5468
2024-01-01 01:20:29,4829,Recovery,46.7,37.96,154.15,145,1534,811.21,0.3572,0.2428,364.2375,-564.3729,11.3475,-56.4373,811,722,0.4707
2024-01-01 01:20:30,4830,Recovery,39.13,45.42,122.02,274,1523,810.55,0.3526,0.2474,371.0775,-561.899,1.368,-56.1899,810,712,0.4675
2024-01-01 01:20:31,4831,Recovery,51.48,64.43,139.42,273,1299,631.92,0.4519,0.1481,222.1275,-560.4182,-29.79,-56.0418,631,667,0.5135
2024-01-01 01:20:32,4832,Recovery,51.39,42.18,137.12,223,1574,780.1,0.3873,0.2127,319.0125,-558.2914,19.377,-55.8291,780,793,0.5038
2024-01-01 01:20:33,4833,Recovery,36.17,41.78,155.67,177,1151,856.78,0.3354,0.2646,396.855,-555.6457,15.5685,-55.5646,856,294,0.2554
2024-01-01 01:20:34,4834,Recovery,43.33,46.22,142.29,221,1520,778.57,0.3715,0.2285,342.75,-553.3607,-10.821,-55.3361,778,741,0.4875
2024-01-01 01:20:35,4835,Recovery,39.09,44.43,164.47,167,1344,821.22,0.3552,0.2448,367.2375,-550.9125,4.8975,-55.0912,821,522,0.3884
2024-01-01 01:20:36,4836,Recovery,34.62,46.68,146.65,94,1205,872.86,0.3253,0.2747,412.0575,-548.1654,8.964,-54.8165,872,332,0.2755
2024-01-01 01:20:37,4837,Recovery,35.06,51.54,78.58,188,1559,877.94,0.3191,0.2809,421.425,-545.3559,1.8735,-54.5356,877,681,0.4368
2024-01-01 01:20:38,4838,Recovery,44.67,44.13,145.99,243,1390,775.59,0.3761,0.2239,335.8275,-543.1171,-17.1195,-54.3117,775,614,0.4417
2024-01-01 01:20:39,4839,Recovery,30.05,53.61,147.26,189,1012,858.18,0.3412,0.2588,388.23,-540.5289,10.4805,-54.0529,858,153,0.1512
2024-01-01 01:20:40,4840,Recovery,41.65,41.43,98.42,183,1297,877.75,0.326,0.274,410.985,-537.789,4.551,-53.7789,877,419,0.3231
2024-01-01 01:20:41,4841,Recovery,40.56,51.08,142.23,164,1276,804.69,0.3654,0.2346,351.9375,-535.4427,-11.8095,-53.5443,804,471,0.3691
2024-01-01 01:20:42,4842,Recovery,40.6,45.12,151.74,136,1688,844.55,0.3512,0.2488,373.245,-532.9544,4.2615,-53.2954,844,843,0.4994
2024-01-01 01:20:43,4843,Recovery,46.78,30.13,136.43,239,1471,857.35,0.3431,0.2569,385.32,-530.3856,2.415,-53.0386,857,613,0.4167
2024-01-01 01:20:44,4844,Recovery,40.75,46.15,138.88,225,1106,824.8,0.3612,0.2388,358.215,-527.9975,-5.421,-52.7998,824,281,0.2541
2024-01-01 01:20:45,4845,Recovery,39.54,56.31,134.17,262,1982,788.51,0.3856,0.2144,321.675,-525.853,-7.308,-52.5853,788,1193,0.6019
2024-01-01 01:20:46,4846,Recovery,40.16,39.25,124.87,239,1629,885.9,0.337,0.263,394.545,-523.2227,14.574,-52.3223,885,743,0.4561
2024-01-01 01:20:47,4847,Recovery,56.7,46.17,147.13,148,876,742.42,0.4096,0.1904,285.54,-521.3191,-21.801,-52.1319,742,133,0.1518
2024-01-01 01:20:48,4848,Recovery,42.77,39.43,151.45,88,1226,897.25,0.3372,0.2628,394.2075,-518.6911,21.7335,-51.8691,897,328,0.2675
2024-01-01 01:20:49,4849,Recovery,44.56,48.54,130.38,275,1684,793.88,0.3838,0.2162,324.375,-516.5286,-13.9665,-51.6529,793,890,0.5285
2024-01-01 01:20:50,4850,Recovery,38.8,55.92,184.32,175,1375,791.44,0.394,0.206,308.985,-514.4687,-3.078,-51.4469,791,583,0.424
2024-01-01 01:20:51,4851,Recovery,42.55,42.35,114.74,246,1450,877.92,0.3491,0.2509,376.395,-511.9594,13.482,-51.1959,877,572,0.3945
2024-01-01 01:20:52,4852,Recovery,39.47,40.62,108.02,171,1541,920.73,0.3194,0.2806,420.9675,-509.1529,8.9145,-50.9153,920,620,0.4023
2024-01-01 01:20:53,4853,Recovery,37.59,51.55,136.33,185,1560,847.65,0.3564,0.2436,365.4675,-506.7165,-11.1,-50.6716,847,712,0.4564
2024-01-01 01:20:54,4854,Recovery,47.75,37.67,97.55,166,1422,899.89,0.335,0.265,397.5375,-504.0662,6.414,-50.4066,899,522,0.3671
2024-01-01 01:20:55,4855,Recovery,50.83,46.44,180.84,141,1240,768.34,0.4056,0.1944,291.6375,-502.122,-21.18,-50.2122,768,471,0.3798
2024-01-01 01:20:56,4856,Recovery,40.75,41.11,164.17,37,1243,922.76,0.333,0.267,400.4475,-499.4523,21.762,-49.9452,922,320,0.2574
2024-01-01 01:20:57,4857,Recovery,49.42,44.1,161.23,284,1356,770.81,0.4064,0.1936,290.3475,-497.5167,-22.02,-49.7517,770,585,0.4314
2024-01-01 01:20:58,4858,Recovery,49.49,60.44,140.76,171,1516,769.59,0.4203,0.1797,269.4825,-495.7201,-4.173,-49.572,769,746,0.4921
2024-01-01 01:20:59,4859,Recovery,49.53,45.65,113.83,259,1278,842.71,0.3832,0.2168,325.1325,-493.5526,11.13,-49.3553,842,435,0.3404
2024-01-01 01:21:00,4860,Recovery,49.54,47.42,182.81,129,1158,798.54,0.4027,0.1973,295.9575,-491.5795,-5.835,-49.158,798,359,0.31
2024-01-01 01:21:01,4861,Recovery,47.45,39.02,131.16,248,967,872.04,0.3664,0.2336,350.3925,-489.2436,10.887,-48.9244,872,94,0.0972
2024-01-01 01:21:02,4862,Recovery,44.68,53.03,126.54,124,1268,855.48,0.3708,0.2292,343.7625,-486.9518,-1.326,-48.6952,855,412,0.3249
2024-01-01 01:21:03,4863,Recovery,37.18,46.13,118.67,144,1410,939.53,0.3264,0.2736,410.415,-484.2157,13.3305,-48.4216,939,470,0.3333
2024-01-01 01:21:04,4864,Recovery,51.64,47.64,166.93,247,1196,758.86,0.4204,0.1796,269.4675,-482.4193,-28.1895,-48.2419,758,437,0.3654
2024-01-01 01:21:05,4865,Recovery,43.76,43.08,81.81,185,1099,953.27,0.3295,0.2705,405.7275,-479.7144,27.252,-47.9714,953,145,0.1319
2024-01-01 01:21:06,4866,Recovery,44.96,36.26,131.06,88,1440,933.74,0.3267,0.2733,409.89,-476.9818,0.8325,-47.6982,933,506,0.3514
2024-01-01 01:21:07,4867,Recovery,39.64,42.61,159.38,150,1324,898.15,0.3475,0.2525,378.8175,-474.4564,-6.2145,-47.4456,898,425,0.321
2024-01-01 01:21:08,4868,Recovery,40.76,48.55,156.53,207,1204,860.02,0.3733,0.2267,339.975,-472.1899,-7.7685,-47.219,860,343,0.2849
2024-01-01 01:21:09,4869,Recovery,49.15,39.97,102.62,158,1503,917.82,0.347,0.253,379.56,-469.6595,7.917,-46.9659,917,585,0.3892
2024-01-01 01:21:10,4870,Recovery,34.82,50.77,122.91,141,1510,940.59,0.3314,0.2686,402.9,-466.9735,4.668,-46.6973,940,569,0.3768
2024-01-01 01:21:11,4871,Recovery,36.97,59.1,118.9,170,1595,883.05,0.3621,0.2379,356.8575,-464.5944,-9.2085,-46.4594,883,711,0.4458
2024-01-01 01:21:12,4872,Recovery,42.79,52.47,65.26,139,1362,944.73,0.3344,0.2656,398.37,-461.9386,8.3025,-46.1939,944,417,0.3062
2024-01-01 01:21:13,4873,Recovery,48.17,49.92,143.79,214,1374,825.11,0.3974,0.2026,303.915,-459.9125,-18.891,-45.9913,825,548,0.3988
2024-01-01 01:21:14,4874,Recovery,28.77,53.91,98.04,175,1311,1002.87,0.3107,0.2893,433.89,-457.0199,25.995,-45.702,1002,308,0.2349
2024-01-01 01:21:15,4875,Recovery,41.86,38.58,64.66,109,1436,1014.33,0.2916,0.3084,462.54,-453.9363,5.73,-45.3936,1014,421,0.2932
2024-01-01 01:21:16,4876,Recovery,32.85,39.89,135.02,106,1159,999.98,0.2981,0.3019,452.835,-450.9174,-1.941,-45.0917,999,159,0.1372
2024-01-01 01:21:17,4877,Recovery,41.96,46.82,90.72,164,1343,940.21,0.3339,0.2661,399.195,-448.2561,-10.728,-44.8256,940,402,0.2993
2024-01-01 01:21:18,4878,Recovery,33.78,46.38,100.29,162,1404,999.29,0.3086,0.2914,437.0625,-445.3424,7.5735,-44.5342,999,404,0.2877
2024-01-01 01:21:19,4879,Recovery,40.31,50.53,145.17,201,1337,883.28,0.3701,0.2299,344.7825,-443.0438,-18.456,-44.3044,883,453,0.3388
2024-01-01 01:21:20,4880,Recovery,47.92,47.31,71.08,115,1210,960.8,0.3388,0.2612,391.8225,-440.4317,9.408,-44.0432,960,249,0.2058
2024-01-01 01:21:21,4881,Recovery,40.74,47.11,96.54,254,1228,939.61,0.3467,0.2533,379.8975,-437.899,-2.385,-43.7899,939,288,0.2345
2024-01-01 01:21:22,4882,Recovery,41.16,40.89,90.3,146,1250,1004.99,0.3133,0.2867,429.9975,-435.0324,10.02,-43.5032,1004,245,0.196
2024-01-01 01:21:23,4883,Recovery,40.63,54.81,116.27,147,1404,914.43,0.3594,0.2406,360.8775,-432.6265,-13.824,-43.2627,914,489,0.3483
2024-01-01 01:21:24,4884,Recovery,40.07,48.07,81.34,87,1261,1012.6,0.3141,0.2859,428.79,-429.7679,13.5825,-42.9768,1012,248,0.1967
2024-01-01 01:21:25,4885,Recovery,39.66,39.94,123.02,160,1091,983.73,0.3242,0.2758,413.745,-427.0096,-3.009,-42.701,983,107,0.0981
2024-01-01 01:21:26,4886,Recovery,37.88,46.05,88.39,119,1336,1015.59,0.3097,0.2903,435.375,-424.1071,4.326,-42.4107,1015,320,0.2395
2024-01-01 01:21:27,4887,Recovery,40.8,41.85,91.59,97,1199,1017.75,0.3078,0.2922,438.345,-421.1848,0.594,-42.1185,1017,181,0.151
2024-01-01 01:21:28,4888,Recovery,53.04,48.06,78.35,183,1070,903.08,0.3724,0.2276,341.3775,-418.909,-19.3935,-41.8909,903,166,0.1551
2024-01-01 01:21:29,4889,Recovery,40.81,41.09,178.67,90,1281,968.22,0.3484,0.2516,377.4075,-416.3929,7.206,-41.6393,968,312,0.2436
2024-01-01 01:21:30,4890,Recovery,36.67,49.02,126.45,208,1358,969.1,0.3453,0.2547,382.02,-413.8461,0.9225,-41.3846,969,388,0.2857
2024-01-01 01:21:31,4891,Recovery,36.57,62.04,133.96,117,1251,930.35,0.3676,0.2324,348.5625,-411.5224,-6.6915,-41.1522,930,320,0.2558
2024-01-01 01:21:32,4892,Recovery,44.46,48.06,131.83,192,1380,934.21,0.3705,0.2295,344.2875,-409.2271,-0.855,-40.9227,934,445,0.3225
2024-01-01 01:21:33,4893,Recovery,35.54,57.1,175.67,183,1210,915.73,0.3824,0.2176,326.3625,-407.0514,-3.585,-40.7051,915,294,0.243
2024-01-01 01:21:34,4894,Recovery,40.91,42.47,110.43,33,1505,1053.44,0.3095,0.2905,435.7125,-404.1466,21.87,-40.4147,1053,451,0.2997
2024-01-01 01:21:35,4895,Recovery,47.58,34.31,142.62,141,1155,970.69,0.3448,0.2552,382.8525,-401.5943,-10.572,-40.1594,970,184,0.1593
2024-01-01 01:21:36,4896,Recovery,43.42,33.87,115.23,144,1207,1036.13,0.3159,0.2841,426.21,-398.7529,8.6715,-39.8753,1036,170,0.1408
2024-01-01 01:21:37,4897,Recovery,32.21,46.97,147.02,160,1142,1008.92,0.3277,0.2723,408.495,-396.0296,-3.543,-39.603,1008,133,0.1165
2024-01-01 01:21:38,4898,Recovery,56.49,38.7,138.08,151,1586,909.33,0.3862,0.2138,320.7675,-393.8911,-17.5455,-39.3891,909,676,0.4262
2024-01-01 01:21:39,4899,Recovery,42.63,47.81,129.71,85,1006,1001.09,0.3463,0.2537,380.4975,-391.3545,11.946,-39.1354,1001,4,0.004
2024-01-01 01:21:40,4900,Recovery,38.6,49.91,121.18,126,1451,1004.3,0.3394,0.2606,390.9525,-388.7481,2.091,-38.8748,1004,446,0.3074
2024-01-01 01:21:41,4901,Recovery,28.3,36.35,38.95,196,1153,1186.83,0.2388,0.3612,541.8,-385.1361,30.1695,-38.5136,1153,0,0.0
2024-01-01 01:21:42,4902,Recovery,45.94,43.42,144.19,129,1250,939.48,0.3608,0.2392,358.8225,-382.744,-36.5955,-38.2744,939,310,0.248
2024-01-01 01:21:43,4903,Recovery,41.67,46.06,163.7,53,1151,996.55,0.3508,0.2492,373.8075,-380.2519,2.997,-38.0252,996,154,0.1338
2024-01-01 01:21:44,4904,Recovery,41.23,44.28,100.87,106,1467,1049.36,0.3213,0.2787,417.99,-377.4653,8.8365,-37.7465,1049,417,0.2843
2024-01-01 01:21:45,4905,Recovery,39.56,58.58,128.31,118,1268,961.09,0.3668,0.2332,349.8525,-375.133,-13.6275,-37.5133,961,306,0.2413
2024-01-01 01:21:46,4906,Recovery,40.59,51.96,77.09,41,1225,1067.74,0.3167,0.2833,425.01,-372.2996,15.0315,-37.23,1067,157,0.1282
2024-01-01 01:21:47,4907,Recovery,44.9,45.58,131.95,157,853,975.97,0.3606,0.2394,359.0625,-369.9058,-13.1895,-36.9906,853,0,0.0
2024-01-01 01:21:48,4908,Recovery,41.52,51.73,116.58,64,1079,1024.29,0.3425,0.2575,386.1975,-367.3312,5.427,-36.7331,1024,54,0.05
2024-01-01 01:21:49,4909,Recovery,43.12,54.56,52.39,147,955,1034.06,0.3356,0.2644,396.6525,-364.6868,2.091,-36.4687,955,0,0.0
2024-01-01 01:21:50,4910,Recovery,42.77,47.27,103.74,159,1366,1020.08,0.3436,0.2564,384.615,-362.1227,-2.4075,-36.2123,1020,345,0.2526
2024-01-01 01:21:51,4911,Recovery,38.68,35.68,153.16,168,1247,1056.24,0.3264,0.2736,410.46,-359.3863,5.169,-35.9386,1056,190,0.1524
2024-01-01 01:21:52,4912,Recovery,35.47,49.57,171.32,120,1149,1007.89,0.3517,0.2483,372.405,-356.9036,-7.611,-35.6904,1007,141,0.1227
2024-01-01 01:21:53,4913,Recovery,33.17,39.3,77.46,132,1058,1160.71,0.2729,0.3271,490.6875,-353.6324,23.6565,-35.3632,1058,0,0.0
2024-01-01 01:21:54,4914,Recovery,41.75,38.22,104.33,77,1160,1081.47,0.3054,0.2946,441.915,-350.6863,-9.7545,-35.0686,1081,78,0.0672
2024-01-01 01:21:55,4915,Recovery,29.66,44.44,100.65,133,789,1130.75,0.2852,0.3148,472.2225,-347.5381,6.0615,-34.7538,789,0,0.0
2024-01-01 01:21:56,4916,Recovery,43.33,41.7,115.18,29,867,1068.72,0.3178,0.2822,423.2325,-344.7166,-9.798,-34.4717,867,0,0.0
2024-01-01 01:21:57,4917,Recovery,37.01,51.7,124.14,128,927,1041.14,0.3401,0.2599,389.9175,-342.1171,-6.663,-34.2117,927,0,0.0
2024-01-01 01:21:58,4918,Recovery,32.66,45.07,128.99,131,1450,1102.75,0.3111,0.2889,433.305,-339.2284,8.6775,-33.9228,1102,347,0.2393
2024-01-01 01:21:59,4919,Recovery,35.15,44.44,56.83,131,1398,1149.35,0.2822,0.3178,476.715,-336.0503,8.682,-33.605,1149,248,0.1774
2024-01-01 01:22:00,4920,Recovery,32.94,48.37,150.51,85,1193,1067.77,0.3242,0.2758,413.67,-333.2925,-12.609,-33.3293,1067,125,0.1048
2024-01-01 01:22:01,4921,Recovery,48.62,44.66,130.54,30,1216,1033.6,0.3516,0.2484,372.615,-330.8084,-8.211,-33.0808,1033,182,0.1497
2024-01-01 01:22:02,4922,Recovery,42.19,35.28,77.66,148,1032,1143.29,0.2969,0.3031,454.6575,-327.7774,16.4085,-32.7777,1032,0,0.0
2024-01-01 01:22:03,4923,Recovery,45.7,45.06,107.94,108,1147,1046.88,0.3428,0.2572,385.845,-325.2051,-13.7625,-32.5205,1046,100,0.0872
2024-01-01 01:22:04,4924,Recovery,43.8,46.36,93.21,178,1216,1063.69,0.3425,0.2575,386.2425,-322.6301,0.0795,-32.263,1063,152,0.125
2024-01-01 01:22:05,4925,Recovery,41.24,43.66,120.56,23,1129,1111.95,0.3172,0.2828,424.17,-319.8023,7.5855,-31.9802,1111,17,0.0151
2024-01-01 01:22:06,4926,Recovery,48.71,44.39,107.71,84,1176,1051.64,0.3479,0.2521,378.1275,-317.2815,-9.2085,-31.7281,1051,124,0.1054
2024-01-01 01:22:07,4927,Recovery,37.65,50.88,78.96,90,953,1128.45,0.312,0.288,432.0675,-314.401,10.788,-31.4401,953,0,0.0
2024-01-01 01:22:08,4928,Recovery,49.77,41.85,88.08,8,887,1098.64,0.3241,0.2759,413.91,-311.6416,-3.6315,-31.1642,887,0,0.0
2024-01-01 01:22:09,4929,Recovery,41.88,46.09,84.64,81,1438,1119.12,0.3163,0.2837,425.5875,-308.8044,2.3355,-30.8804,1119,318,0.2211
2024-01-01 01:22:10,4930,Recovery,54.84,49.8,150.61,199,1505,928.99,0.4216,0.1784,267.6075,-307.0203,-31.596,-30.702,928,576,0.3827
2024-01-01 01:22:11,4931,Recovery,36.8,37.59,158.49,61,852,1162.24,0.3112,0.2888,433.245,-304.132,33.1275,-30.4132,852,0,0.0
2024-01-01 01:22:12,4932,Recovery,32.52,42.03,43.61,37,930,1249.51,0.2462,0.3538,530.625,-300.5945,19.476,-30.0595,930,0,0.0
2024-01-01 01:22:13,4933,Recovery,31.33,49.15,102.99,136,1144,1128.27,0.3044,0.2956,443.3625,-297.6388,-17.4525,-29.7639,1128,15,0.0131
2024-01-01 01:22:14,4934,Recovery,37.21,48.66,116.01,91,710,1114.08,0.3235,0.2765,414.69,-294.8742,-5.7345,-29.4874,710,0,0.0
2024-01-01 01:22:15,4935,Recovery,41.52,35.12,113.51,110,771,1153.65,0.3064,0.2936,440.4375,-291.9379,5.1495,-29.1938,771,0,0.0
2024-01-01 01:22:16,4936,Recovery,39.89,43.8,107.61,112,909,1127.28,0.3197,0.2803,420.42,-289.1351,-4.0035,-28.9135,909,0,0.0
2024-01-01 01:22:17,4937,Recovery,41.84,38.48,69.17,138,1223,1173.54,0.2979,0.3021,453.1125,-286.1144,6.5385,-28.6114,1173,49,0.0401
2024-01-01 01:22:18,4938,Recovery,41.87,41.32,42.88,177,641,1170.18,0.2978,0.3022,453.2475,-283.0927,0.027,-28.3093,641,0,0.0
2024-01-01 01:22:19,4939,Recovery,41.7,55.18,105.2,117,1104,1071.43,0.354,0.246,368.925,-280.6332,-16.8645,-28.0633,1071,32,0.029
2024-01-01 01:22:20,4940,Recovery,39.32,56.58,75.08,53,958,1144.13,0.3246,0.2754,413.16,-277.8788,8.847,-27.7879,958,0,0.0
2024-01-01 01:22:21,4941,Recovery,48.52,38.98,112.94,154,1176,1097.71,0.3468,0.2532,379.74,-275.3472,-6.684,-27.5347,1097,78,0.0663
2024-01-01 01:22:22,4942,Recovery,44.13,50.9,108.93,77,1046,1105.33,0.3477,0.2523,378.42,-272.8244,-0.264,-27.2824,1046,0,0.0
2024-01-01 01:22:23,4943,Recovery,35.94,57.48,83.36,123,712,1140.88,0.3296,0.2704,405.57,-270.1206,5.43,-27.0121,712,0,0.0
2024-01-01 01:22:24,4944,Recovery,38.71,40.59,119.26,133,1292,1161.83,0.3165,0.2835,425.19,-267.286,3.924,-26.7286,1161,130,0.1006
2024-01-01 01:22:25,4945,Recovery,45.89,41.87,70.32,56,1065,1174.66,0.3089,0.2911,436.725,-264.3745,2.307,-26.4375,1065,0,0.0
2024-01-01 01:22:26,4946,Recovery,38.76,43.78,82.25,168,707,1170.58,0.3114,0.2886,432.8475,-261.4889,-0.7755,-26.1489,707,0,0.0
2024-01-01 01:22:27,4947,Recovery,34.22,35.72,91.69,158,940,1233.65,0.2786,0.3214,482.0775,-258.275,9.846,-25.8275,940,0,0.0
2024-01-01 01:22:28,4948,Recovery,38.31,46.13,87.55,114,1044,1169.69,0.3103,0.2897,434.5725,-255.3779,-9.501,-25.5378,1044,0,0.0
2024-01-01 01:22:29,4949,Recovery,30.87,39.32,107.9,158,1246,1229.68,0.284,0.316,474.0075,-252.2178,7.887,-25.2218,1229,16,0.0128
2024-01-01 01:22:30,4950,Recovery,50.17,44.97,84.52,89,963,1117.01,0.3436,0.2564,384.555,-249.6541,-17.8905,-24.9654,963,0,0.0
2024-01-01 01:22:31,4951,Recovery,35.1,44.32,109.46,33,1200,1228.51,0.2933,0.3067,460.005,-246.5874,15.09,-24.6587,1200,0,0.0
2024-01-01 01:22:32,4952,Recovery,26.47,40.64,130.71,121,907,1244.68,0.2777,0.3222,483.375,-243.3649,4.674,-24.3365,907,0,0.0
2024-01-01 01:22:33,4953,Recovery,49.25,39.29,35.83,113,619,1193.07,0.3055,0.2945,441.8025,-240.4196,-8.3145,-24.042,619,0,0.0
2024-01-01 01:22:34,4954,Recovery,32.4,45.63,81.71,118,739,1239.51,0.286,0.314,470.955,-237.2799,5.8305,-23.728,739,0,0.0
2024-01-01 01:22:35,4955,Recovery,42.49,31.7,134.75,64,1273,1202.59,0.3049,0.2951,442.59,-234.3293,-5.673,-23.4329,1202,70,0.055
2024-01-01 01:22:36,4956,Recovery,32.24,53.36,66.12,0,972,1257.62,0.2793,0.3207,481.05,-231.1223,7.692,-23.1122,972,0,0.0
2024-01-01 01:22:37,4957,Recovery,44.63,46.51,129.39,127,795,1113.9,0.3562,0.2438,365.6625,-228.6845,-23.0775,-22.8685,795,0,0.0
2024-01-01 01:22:38,4958,Recovery,41.77,42.28,72.87,95,944,1236.51,0.3026,0.2974,446.13,-225.7103,16.0935,-22.571,944,0,0.0
2024-01-01 01:22:39,4959,Recovery,45.62,38.59,76.97,50,1331,1224.21,0.3021,0.2979,446.805,-222.7316,0.135,-22.2732,1224,106,0.0796
2024-01-01 01:22:40,4960,Recovery,33.21,49.42,62.53,109,1000,1253.71,0.2874,0.3126,468.9,-219.6056,4.419,-21.9606,1000,0,0.0
2024-01-01 01:22:41,4961,Recovery,44.42,48.13,95.58,56,1269,1171.72,0.332,0.268,402.0225,-216.9255,-13.3755,-21.6925,1171,97,0.0764
2024-01-01 01:22:42,4962,Recovery,33.14,27.95,37.02,1,1059,1418.48,0.2045,0.3955,593.2125,-212.9707,38.238,-21.2971,1059,0,0.0
2024-01-01 01:22:43,4963,Recovery,50.2,29.27,68.96,86,1246,1218.17,0.2963,0.3037,455.6175,-209.9333,-27.519,-20.9933,1218,27,0.0217
2024-01-01 01:22:44,4964,Recovery,32.13,45.02,84.58,211,962,1243.85,0.2989,0.3011,451.5825,-206.9227,-0.807,-20.6923,962,0,0.0
2024-01-01 01:22:45,4965,Recovery,38.94,41.93,79.3,127,697,1246.1,0.2998,0.3002,450.2775,-203.9209,-0.261,-20.3921,697,0,0.0
2024-01-01 01:22:46,4966,Recovery,24.74,40.49,115.86,50,962,1333.65,0.2532,0.3468,520.1325,-200.4533,13.971,-20.0453,962,0,0.0
2024-01-01 01:22:47,4967,Recovery,29.37,47.72,110.61,79,955,1257.98,0.2893,0.3107,466.125,-197.3458,-10.8015,-19.7346,955,0,0.0
2024-01-01 01:22:48,4968,Recovery,28.28,33.21,87.05,102,1030,1359.53,0.2408,0.3592,538.755,-193.7541,14.526,-19.3754,1030,0,0.0
2024-01-01 01:22:49,4969,Recovery,34.41,45.73,132.98,71,976,1219.96,0.3119,0.2881,432.15,-190.8731,-21.321,-19.0873,976,0,0.0
2024-01-01 01:22:50,4970,Recovery,35.29,40.46,95.1,160,1093,1272.55,0.2962,0.3038,455.6775,-187.8353,4.7055,-18.7835,1093,0,0.0
2024-01-01 01:22:51,4971,Recovery,41.44,38.45,62.72,94,1155,1288.24,0.2866,0.3134,470.0625,-184.7015,2.877,-18.4702,1155,0,0.0
2024-01-01 01:22:52,4972,Recovery,46.77,26.42,162.72,94,1084,1218.66,0.3252,0.2748,412.1925,-181.9536,-11.574,-18.1954,1084,0,0.0
2024-01-01 01:22:53,4973,Recovery,25.94,39.67,113.66,14,321,1371.11,0.2489,0.3511,526.6575,-178.4425,22.893,-17.8443,321,0,0.0
2024-01-01 01:22:54,4974,Recovery,38.34,40.75,131.87,64,877,1238.23,0.3116,0.2884,432.6,-175.5585,-18.8115,-17.5559,877,0,0.0
2024-01-01 01:22:55,4975,Recovery,40.46,47.21,67.03,118,786,1261.28,0.3109,0.2891,433.725,-172.667,0.225,-17.2667,786,0,0.0
2024-01-01 01:22:56,4976,Recovery,36.32,44.99,113.3,86,671,1267.04,0.3091,0.2909,436.2825,-169.7585,0.5115,-16.9758,671,0,0.0
2024-01-01 01:22:57,4977,Recovery,24.95,39.8,116.74,91,932,1360.48,0.2588,0.3412,511.7325,-166.3469,15.09,-16.6347,932,0,0.0
2024-01-01 01:22:58,4978,Recovery,36.07,42.74,57.43,107,1049,1314.38,0.2779,0.3221,483.21,-163.1255,-5.7045,-16.3126,1049,0,0.0
2024-01-01 01:22:59,4979,Recovery,33.93,43.46,35.41,76,849,1361.95,0.2565,0.3435,515.235,-159.6906,6.405,-15.9691,849,0,0.0
2024-01-01 01:23:00,4980,Recovery,43.56,39.61,112.62,47,415,1253.39,0.3148,0.2852,427.7325,-156.8391,-17.5005,-15.6839,415,0,0.0
2024-01-01 01:23:01,4981,Recovery,34.6,41.94,90.74,74,767,1332.43,0.2824,0.3176,476.37,-153.6633,9.7275,-15.3663,767,0,0.0
2024-01-01 01:23:02,4982,Recovery,33.96,33.96,25.97,59,715,1428.74,0.2256,0.3744,561.6075,-149.9192,17.0475,-14.9919,715,0,0.0
2024-01-01 01:23:03,4983,Recovery,42.33,27.58,94.26,170,824,1299.34,0.2897,0.3103,465.3975,-146.8166,-19.242,-14.6817,824,0,0.0
2024-01-01 01:23:04,4984,Recovery,35.78,43.19,100.32,42,655,1321.81,0.2897,0.3103,465.5025,-143.7132,0.021,-14.3713,655,0,0.0
2024-01-01 01:23:05,4985,Recovery,39.66,29.14,109.8,42,853,1355.31,0.2729,0.3271,490.71,-140.4418,5.0415,-14.0442,853,0,0.0
2024-01-01 01:23:06,4986,Recovery,32.54,49.13,91.96,45,779,1323.52,0.2894,0.3106,465.8325,-137.3363,-4.9755,-13.7336,779,0,0.0
2024-01-01 01:23:07,4987,Recovery,34.75,54.89,44.63,114,959,1315.64,0.2983,0.3017,452.6025,-134.3189,-2.646,-13.4319,959,0,0.0
2024-01-01 01:23:08,4988,Recovery,44.82,44.24,83.9,110,887,1271.25,0.3259,0.2741,411.12,-131.5781,-8.2965,-13.1578,887,0,0.0
2024-01-01 01:23:09,4989,Recovery,40.06,48.99,86.23,37,709,1308.65,0.3114,0.2886,432.975,-128.6916,4.371,-12.8692,709,0,0.0
2024-01-01 01:23:10,4990,Recovery,38.18,35.11,72.61,9,935,1401.81,0.2591,0.3409,511.41,-125.2822,15.687,-12.5282,935,0,0.0
2024-01-01 01:23:11,4991,Recovery,30.91,32.62,49.44,28,734,1462.67,0.2187,0.3813,572.0175,-121.4688,12.1215,-12.1469,734,0,0.0
2024-01-01 01:23:12,4992,Recovery,36.88,39.32,93.53,78,974,1332.75,0.2858,0.3142,471.2325,-118.3272,-20.157,-11.8327,974,0,0.0
2024-01-01 01:23:13,4993,Recovery,23.87,33.49,98.72,65,1018,1463.68,0.2264,0.3736,560.43,-114.591,17.8395,-11.4591,1018,0,0.0
2024-01-01 01:23:14,4994,Recovery,26.0,37.36,72.84,62,826,1442.81,0.2301,0.3699,554.82,-110.8922,-1.122,-11.0892,826,0,0.0
2024-01-01 01:23:15,4995,Recovery,38.03,39.48,122.55,138,591,1296.2,0.3138,0.2862,429.33,-108.03,-25.098,-10.803,591,0,0.0
2024-01-01 01:23:16,4996,Recovery,35.43,44.91,98.6,32,862,1366.52,0.2904,0.3096,464.43,-104.9338,7.02,-10.4934,862,0,0.0
2024-01-01 01:23:17,4997,Recovery,25.61,39.97,36.88,77,584,1490.79,0.2196,0.3804,570.675,-101.1293,21.249,-10.1129,584,0,0.0
2024-01-01 01:23:18,4998,Recovery,36.03,41.96,82.62,19,761,1372.69,0.2752,0.3248,487.2525,-97.881,-16.6845,-9.7881,761,0,0.0
2024-01-01 01:23:19,4999,Recovery,42.09,37.45,80.64,22,1004,1375.61,0.2846,0.3154,473.16,-94.7266,-2.8185,-9.4727,1004,0,0.0
