timestamp,step,scenario,client_id,incoming_req,alpha,z_score,z_score_norm,mu,sigma,refill_rate,tokens,accepted_req,rejected_req,rejection_rate
2024-01-01 00:00:00,0,Normal,AMI_Meter,31,0.0,0.0,0.0,31.0,1.0,100.0,119.0,31,0,0.0
2024-01-01 00:00:00,0,Normal,PMU_Sensor,41,0.0,0.0,0.0,41.0,1.0,100.0,109.0,41,0,0.0
2024-01-01 00:00:00,0,Normal,DER_Controller,47,0.0,0.0,0.0,47.0,1.0,100.0,103.0,47,0,0.0
2024-01-01 00:00:00,0,Normal,EV_Charger_1,40,0.0,0.0,0.0,40.0,1.0,100.0,110.0,40,0,0.0
2024-01-01 00:00:00,0,Normal,EV_Charger_2,20,0.0,0.0,0.0,20.0,1.0,100.0,130.0,20,0,0.0
2024-01-01 00:00:01,1,Normal,AMI_Meter,23,0.0,0.0,0.0,27.0,5.66,100.0,127.0,23,0,0.0
2024-01-01 00:00:01,1,Normal,PMU_Sensor,51,0.0,0.0,0.0,46.0,7.07,100.0,99.0,51,0,0.0
2024-01-01 00:00:01,1,Normal,DER_Controller,36,0.0,0.0,0.0,41.5,7.78,100.0,114.0,36,0,0.0
2024-01-01 00:00:01,1,Normal,EV_Charger_1,34,0.0,0.0,0.0,37.0,4.24,100.0,116.0,34,0,0.0
2024-01-01 00:00:01,1,Normal,EV_Charger_2,25,0.0,0.0,0.0,22.5,3.54,100.0,125.0,25,0,0.0
2024-01-01 00:00:02,2,Normal,AMI_Meter,34,0.0,0.0,0.0,29.33,5.69,100.0,116.0,34,0,0.0
2024-01-01 00:00:02,2,Normal,PMU_Sensor,56,0.0,0.0,0.0,49.33,7.64,100.0,94.0,56,0,0.0
2024-01-01 00:00:02,2,Normal,DER_Controller,40,0.0,0.0,0.0,41.0,5.57,100.0,110.0,40,0,0.0
2024-01-01 00:00:02,2,Normal,EV_Charger_1,41,0.0,0.0,0.0,38.33,3.79,100.0,109.0,41,0,0.0
2024-01-01 00:00:02,2,Normal,EV_Charger_2,32,0.0,0.0,0.0,25.67,6.03,100.0,118.0,32,0,0.0
2024-01-01 00:00:03,3,Normal,AMI_Meter,25,0.0,0.0,0.0,28.25,5.12,100.0,125.0,25,0,0.0
2024-01-01 00:00:03,3,Normal,PMU_Sensor,52,0.0,0.0,0.0,50.0,6.38,100.0,98.0,52,0,0.0
2024-01-01 00:00:03,3,Normal,DER_Controller,30,0.0,0.0,0.0,38.25,7.14,100.0,120.0,30,0,0.0
2024-01-01 00:00:03,3,Normal,EV_Charger_1,40,0.0,0.0,0.0,38.75,3.2,100.0,110.0,40,0,0.0
2024-01-01 00:00:03,3,Normal,EV_Charger_2,29,0.0,0.0,0.0,26.5,5.2,100.0,121.0,29,0,0.0
2024-01-01 00:00:04,4,Normal,AMI_Meter,29,0.0,0.0,0.0,28.4,4.45,100.0,121.0,29,0,0.0
2024-01-01 00:00:04,4,Normal,PMU_Sensor,44,0.0,0.0,0.0,48.8,6.14,100.0,106.0,44,0,0.0
2024-01-01 00:00:04,4,Normal,DER_Controller,52,0.0,0.0,0.0,41.0,8.72,100.0,98.0,52,0,0.0
2024-01-01 00:00:04,4,Normal,EV_Charger_1,34,0.0,0.0,0.0,37.8,3.49,100.0,116.0,34,0,0.0
2024-01-01 00:00:04,4,Normal,EV_Charger_2,27,0.0,0.0,0.0,26.6,4.51,100.0,123.0,27,0,0.0
2024-01-01 00:00:05,5,Normal,AMI_Meter,28,0.0,0.0,0.0,28.33,3.98,100.0,122.0,28,0,0.0
2024-01-01 00:00:05,5,Normal,PMU_Sensor,54,0.0,0.0,0.0,49.67,5.89,100.0,96.0,54,0,0.0
2024-01-01 00:00:05,5,Normal,DER_Controller,43,0.0,0.0,0.0,41.33,7.84,100.0,107.0,43,0,0.0
2024-01-01 00:00:05,5,Normal,EV_Charger_1,37,0.0,0.0,0.0,37.67,3.14,100.0,113.0,37,0,0.0
2024-01-01 00:00:05,5,Normal,EV_Charger_2,32,0.0,0.0,0.0,27.5,4.59,100.0,118.0,32,0,0.0
2024-01-01 00:00:06,6,Normal,AMI_Meter,40,0.0,0.0,0.0,30.0,5.72,100.0,110.0,40,0,0.0
2024-01-01 00:00:06,6,Normal,PMU_Sensor,46,0.0,0.0,0.0,49.14,5.55,100.0,104.0,46,0,0.0
2024-01-01 00:00:06,6,Normal,DER_Controller,34,0.0,0.0,0.0,40.29,7.67,100.0,116.0,34,0,0.0
2024-01-01 00:00:06,6,Normal,EV_Charger_1,30,0.0,0.0,0.0,36.57,4.08,100.0,120.0,30,0,0.0
2024-01-01 00:00:06,6,Normal,EV_Charger_2,33,0.0,0.0,0.0,28.29,4.68,100.0,117.0,33,0,0.0
2024-01-01 00:00:07,7,Normal,AMI_Meter,35,0.0,0.0,0.0,30.62,5.58,100.0,115.0,35,0,0.0
2024-01-01 00:00:07,7,Normal,PMU_Sensor,49,0.0,0.0,0.0,49.12,5.14,100.0,101.0,49,0,0.0
2024-01-01 00:00:07,7,Normal,DER_Controller,31,0.0,0.0,0.0,39.12,7.83,100.0,119.0,31,0,0.0
2024-01-01 00:00:07,7,Normal,EV_Charger_1,30,0.0,0.0,0.0,35.75,4.43,100.0,120.0,30,0,0.0
2024-01-01 00:00:07,7,Normal,EV_Charger_2,33,0.0,0.0,0.0,28.88,4.64,100.0,117.0,33,0,0.0
2024-01-01 00:00:08,8,Normal,AMI_Meter,33,0.0,0.0,0.0,30.89,5.28,100.0,117.0,33,0,0.0
2024-01-01 00:00:08,8,Normal,PMU_Sensor,54,0.0,0.0,0.0,49.67,5.07,100.0,96.0,54,0,0.0
2024-01-01 00:00:08,8,Normal,DER_Controller,33,0.0,0.0,0.0,38.44,7.6,100.0,117.0,33,0,0.0
2024-01-01 00:00:08,8,Normal,EV_Charger_1,36,0.0,0.0,0.0,35.78,4.15,100.0,114.0,36,0,0.0
2024-01-01 00:00:08,8,Normal,EV_Charger_2,30,0.0,0.0,0.0,29.0,4.36,100.0,120.0,30,0,0.0
2024-01-01 00:00:09,9,Normal,AMI_Meter,31,0.0,0.0,0.0,30.9,4.98,100.0,119.0,31,0,0.0
2024-01-01 00:00:09,9,Normal,PMU_Sensor,56,0.0,0.0,0.0,50.3,5.19,100.0,94.0,56,0,0.0
2024-01-01 00:00:09,9,Normal,DER_Controller,42,0.0,0.0,0.0,38.8,7.25,100.0,108.0,42,0,0.0
2024-01-01 00:00:09,9,Normal,EV_Charger_1,39,0.0,0.0,0.0,36.1,4.04,100.0,111.0,39,0,0.0
2024-01-01 00:00:09,9,Normal,EV_Charger_2,30,0.0,0.0,0.0,29.1,4.12,100.0,120.0,30,0,0.0
2024-01-01 00:00:10,10,Normal,AMI_Meter,31,0.0,0.0,0.0,30.91,4.72,100.0,119.0,31,0,0.0
2024-01-01 00:00:10,10,Normal,PMU_Sensor,55,0.0,0.0,0.0,50.73,5.12,100.0,95.0,55,0,0.0
2024-01-01 00:00:10,10,Normal,DER_Controller,25,0.0,0.0,0.0,37.55,8.04,100.0,125.0,25,0,0.0
2024-01-01 00:00:10,10,Normal,EV_Charger_1,33,0.0,0.0,0.0,35.82,3.95,100.0,117.0,33,0,0.0
2024-01-01 00:00:10,10,Normal,EV_Charger_2,27,0.0,0.0,0.0,28.91,3.96,100.0,123.0,27,0,0.0
2024-01-01 00:00:11,11,Normal,AMI_Meter,26,0.0,0.0,0.0,30.5,4.72,100.0,124.0,26,0,0.0
2024-01-01 00:00:11,11,Normal,PMU_Sensor,47,0.0,0.0,0.0,50.42,5.0,100.0,103.0,47,0,0.0
2024-01-01 00:00:11,11,Normal,DER_Controller,54,0.0,0.0,0.0,38.92,9.02,100.0,96.0,54,0,0.0
2024-01-01 00:00:11,11,Normal,EV_Charger_1,29,0.0,0.0,0.0,35.25,4.25,100.0,121.0,29,0,0.0
2024-01-01 00:00:11,11,Normal,EV_Charger_2,34,0.0,0.0,0.0,29.33,4.05,100.0,116.0,34,0,0.0
2024-01-01 00:00:12,12,Normal,AMI_Meter,21,0.0,0.0,0.0,29.77,5.23,100.0,129.0,21,0,0.0
2024-01-01 00:00:12,12,Normal,PMU_Sensor,47,0.0,0.0,0.0,50.15,4.88,100.0,103.0,47,0,0.0
2024-01-01 00:00:12,12,Normal,DER_Controller,41,0.0,0.0,0.0,39.08,8.66,100.0,109.0,41,0,0.0
2024-01-01 00:00:12,12,Normal,EV_Charger_1,38,0.0,0.0,0.0,35.46,4.14,100.0,112.0,38,0,0.0
2024-01-01 00:00:12,12,Normal,EV_Charger_2,33,0.0,0.0,0.0,29.62,4.01,100.0,117.0,33,0,0.0
2024-01-01 00:00:13,13,Normal,AMI_Meter,33,0.0,0.0,0.0,30.0,5.1,100.0,117.0,33,0,0.0
2024-01-01 00:00:13,13,Normal,PMU_Sensor,47,0.0,0.0,0.0,49.93,4.76,100.0,103.0,47,0,0.0
2024-01-01 00:00:13,13,Normal,DER_Controller,35,0.0,0.0,0.0,38.79,8.39,100.0,115.0,35,0,0.0
2024-01-01 00:00:13,13,Normal,EV_Charger_1,40,0.0,0.0,0.0,35.79,4.15,100.0,110.0,40,0,0.0
2024-01-01 00:00:13,13,Normal,EV_Charger_2,29,0.0,0.0,0.0,29.57,3.86,100.0,121.0,29,0,0.0
2024-01-01 00:00:14,14,Normal,AMI_Meter,23,0.0,0.0,0.0,29.53,5.24,100.0,127.0,23,0,0.0
2024-01-01 00:00:14,14,Normal,PMU_Sensor,40,0.0,0.0,0.0,49.27,5.26,100.0,110.0,40,0,0.0
2024-01-01 00:00:14,14,Normal,DER_Controller,30,0.0,0.0,0.0,38.2,8.39,100.0,120.0,30,0,0.0
2024-01-01 00:00:14,14,Normal,EV_Charger_1,37,0.0,0.0,0.0,35.87,4.02,100.0,113.0,37,0,0.0
2024-01-01 00:00:14,14,Normal,EV_Charger_2,30,0.0,0.0,0.0,29.6,3.72,100.0,120.0,30,0,0.0
2024-01-01 00:00:15,15,Normal,AMI_Meter,33,0.0,0.0,0.0,29.75,5.13,100.0,117.0,33,0,0.0
2024-01-01 00:00:15,15,Normal,PMU_Sensor,46,0.0,0.0,0.0,49.06,5.14,100.0,104.0,46,0,0.0
2024-01-01 00:00:15,15,Normal,DER_Controller,41,0.0,0.0,0.0,38.37,8.14,100.0,109.0,41,0,0.0
2024-01-01 00:00:15,15,Normal,EV_Charger_1,38,0.0,0.0,0.0,36.0,3.92,100.0,112.0,38,0,0.0
2024-01-01 00:00:15,15,Normal,EV_Charger_2,28,0.0,0.0,0.0,29.5,3.61,100.0,122.0,28,0,0.0
2024-01-01 00:00:16,16,Normal,AMI_Meter,32,0.0,0.0,0.0,29.88,5.0,100.0,118.0,32,0,0.0
2024-01-01 00:00:16,16,Normal,PMU_Sensor,44,0.0,0.0,0.0,48.76,5.13,100.0,106.0,44,0,0.0
2024-01-01 00:00:16,16,Normal,DER_Controller,36,0.0,0.0,0.0,38.24,7.9,100.0,114.0,36,0,0.0
2024-01-01 00:00:16,16,Normal,EV_Charger_1,32,0.0,0.0,0.0,35.76,3.91,100.0,118.0,32,0,0.0
2024-01-01 00:00:16,16,Normal,EV_Charger_2,24,0.0,0.0,0.0,29.18,3.75,100.0,126.0,24,0,0.0
2024-01-01 00:00:17,17,Normal,AMI_Meter,32,0.0,0.0,0.0,30.0,4.87,100.0,118.0,32,0,0.0
2024-01-01 00:00:17,17,Normal,PMU_Sensor,46,0.0,0.0,0.0,48.61,5.02,100.0,104.0,46,0,0.0
2024-01-01 00:00:17,17,Normal,DER_Controller,40,0.0,0.0,0.0,38.33,7.68,100.0,110.0,40,0,0.0
2024-01-01 00:00:17,17,Normal,EV_Charger_1,37,0.0,0.0,0.0,35.83,3.81,100.0,113.0,37,0,0.0
2024-01-01 00:00:17,17,Normal,EV_Charger_2,32,0.0,0.0,0.0,29.33,3.69,100.0,118.0,32,0,0.0
2024-01-01 00:00:18,18,Normal,AMI_Meter,33,0.0,0.0,0.0,30.16,4.79,100.0,117.0,33,0,0.0
2024-01-01 00:00:18,18,Normal,PMU_Sensor,49,0.0,0.0,0.0,48.63,4.88,100.0,101.0,49,0,0.0
2024-01-01 00:00:18,18,Normal,DER_Controller,35,0.0,0.0,0.0,38.16,7.5,100.0,115.0,35,0,0.0
2024-01-01 00:00:18,18,Normal,EV_Charger_1,34,0.0,0.0,0.0,35.74,3.72,100.0,116.0,34,0,0.0
2024-01-01 00:00:18,18,Normal,EV_Charger_2,21,0.0,0.0,0.0,28.89,4.07,100.0,129.0,21,0,0.0
2024-01-01 00:00:19,19,Normal,AMI_Meter,22,0.0,0.0,0.0,29.75,5.0,100.0,128.0,22,0,0.0
2024-01-01 00:00:19,19,Normal,PMU_Sensor,39,0.0,0.0,0.0,48.15,5.21,100.0,111.0,39,0,0.0
2024-01-01 00:00:19,19,Normal,DER_Controller,30,0.0,0.0,0.0,37.75,7.52,100.0,120.0,30,0,0.0
2024-01-01 00:00:19,19,Normal,EV_Charger_1,37,0.0,0.0,0.0,35.8,3.64,100.0,113.0,37,0,0.0
2024-01-01 00:00:19,19,Normal,EV_Charger_2,25,0.0,0.0,0.0,28.7,4.05,100.0,125.0,25,0,0.0
2024-01-01 00:00:20,20,Normal,AMI_Meter,28,0.0,0.0,0.0,29.67,4.89,100.0,122.0,28,0,0.0
2024-01-01 00:00:20,20,Normal,PMU_Sensor,60,0.0,0.0,0.0,48.71,5.7,100.0,90.0,60,0,0.0
2024-01-01 00:00:20,20,Normal,DER_Controller,36,0.0,0.0,0.0,37.67,7.34,100.0,114.0,36,0,0.0
2024-01-01 00:00:20,20,Normal,EV_Charger_1,39,0.0,0.0,0.0,35.95,3.61,100.0,111.0,39,0,0.0
2024-01-01 00:00:20,20,Normal,EV_Charger_2,25,0.0,0.0,0.0,28.52,4.03,100.0,125.0,25,0,0.0
2024-01-01 00:00:21,21,Normal,AMI_Meter,28,0.0,0.0,0.0,29.59,4.79,100.0,122.0,28,0,0.0
2024-01-01 00:00:21,21,Normal,PMU_Sensor,42,0.0,0.0,0.0,48.41,5.75,100.0,108.0,42,0,0.0
2024-01-01 00:00:21,21,Normal,DER_Controller,36,0.0,0.0,0.0,37.59,7.18,100.0,114.0,36,0,0.0
2024-01-01 00:00:21,21,Normal,EV_Charger_1,40,0.0,0.0,0.0,36.14,3.63,100.0,110.0,40,0,0.0
2024-01-01 00:00:21,21,Normal,EV_Charger_2,21,0.0,0.0,0.0,28.18,4.25,100.0,129.0,21,0,0.0
2024-01-01 00:00:22,22,Normal,AMI_Meter,32,0.0,0.0,0.0,29.7,4.7,100.0,118.0,32,0,0.0
2024-01-01 00:00:22,22,Normal,PMU_Sensor,51,0.0,0.0,0.0,48.52,5.64,100.0,99.0,51,0,0.0
2024-01-01 00:00:22,22,Normal,DER_Controller,34,0.0,0.0,0.0,37.43,7.05,100.0,116.0,34,0,0.0
2024-01-01 00:00:22,22,Normal,EV_Charger_1,26,0.0,0.0,0.0,35.7,4.13,100.0,124.0,26,0,0.0
2024-01-01 00:00:22,22,Normal,EV_Charger_2,30,0.0,0.0,0.0,28.26,4.17,100.0,120.0,30,0,0.0
2024-01-01 00:00:23,23,Normal,AMI_Meter,27,0.0,0.0,0.0,29.58,4.63,100.0,123.0,27,0,0.0
2024-01-01 00:00:23,23,Normal,PMU_Sensor,51,0.0,0.0,0.0,48.63,5.54,100.0,99.0,51,0,0.0
2024-01-01 00:00:23,23,Normal,DER_Controller,40,0.0,0.0,0.0,37.54,6.92,100.0,110.0,40,0,0.0
2024-01-01 00:00:23,23,Normal,EV_Charger_1,44,0.0,0.0,0.0,36.04,4.38,100.0,106.0,44,0,0.0
2024-01-01 00:00:23,23,Normal,EV_Charger_2,28,0.0,0.0,0.0,28.25,4.08,100.0,122.0,28,0,0.0
2024-01-01 00:00:24,24,Normal,AMI_Meter,24,0.0,0.0,0.0,29.36,4.67,100.0,126.0,24,0,0.0
2024-01-01 00:00:24,24,Normal,PMU_Sensor,51,0.0,0.0,0.0,48.72,5.44,100.0,99.0,51,0,0.0
2024-01-01 00:00:24,24,Normal,DER_Controller,42,0.0,0.0,0.0,37.72,6.83,100.0,108.0,42,0,0.0
2024-01-01 00:00:24,24,Normal,EV_Charger_1,43,0.0,0.0,0.0,36.32,4.51,100.0,107.0,43,0,0.0
2024-01-01 00:00:24,24,Normal,EV_Charger_2,34,0.0,0.0,0.0,28.48,4.15,100.0,116.0,34,0,0.0
2024-01-01 00:00:25,25,Normal,AMI_Meter,31,0.0,0.0,0.0,29.42,4.59,100.0,119.0,31,0,0.0
2024-01-01 00:00:25,25,Normal,PMU_Sensor,61,0.0,0.0,0.0,49.19,5.85,100.0,89.0,61,0,0.0
2024-01-01 00:00:25,25,Normal,DER_Controller,28,0.0,0.0,0.0,37.35,6.96,100.0,122.0,28,0,0.0
2024-01-01 00:00:25,25,Normal,EV_Charger_1,31,0.0,0.0,0.0,36.12,4.54,100.0,119.0,31,0,0.0
2024-01-01 00:00:25,25,Normal,EV_Charger_2,25,0.0,0.0,0.0,28.35,4.13,100.0,125.0,25,0,0.0
2024-01-01 00:00:26,26,Normal,AMI_Meter,28,0.0,0.0,0.0,29.37,4.51,100.0,122.0,28,0,0.0
2024-01-01 00:00:26,26,Normal,PMU_Sensor,38,0.0,0.0,0.0,48.78,6.13,100.0,112.0,38,0,0.0
2024-01-01 00:00:26,26,Normal,DER_Controller,46,0.0,0.0,0.0,37.67,7.02,100.0,104.0,46,0,0.0
2024-01-01 00:00:26,26,Normal,EV_Charger_1,33,0.0,0.0,0.0,36.0,4.49,100.0,117.0,33,0,0.0
2024-01-01 00:00:26,26,Normal,EV_Charger_2,22,0.0,0.0,0.0,28.11,4.23,100.0,128.0,22,0,0.0
2024-01-01 00:00:27,27,Normal,AMI_Meter,24,0.0,0.0,0.0,29.18,4.54,100.0,126.0,24,0,0.0
2024-01-01 00:00:27,27,Normal,PMU_Sensor,52,0.0,0.0,0.0,48.89,6.05,100.0,98.0,52,0,0.0
2024-01-01 00:00:27,27,Normal,DER_Controller,48,0.0,0.0,0.0,38.04,7.16,100.0,102.0,48,0,0.0
2024-01-01 00:00:27,27,Normal,EV_Charger_1,46,0.0,0.0,0.0,36.36,4.79,100.0,104.0,46,0,0.0
2024-01-01 00:00:27,27,Normal,EV_Charger_2,44,0.0,0.0,0.0,28.68,5.12,100.0,106.0,44,0,0.0
2024-01-01 00:00:28,28,Normal,AMI_Meter,32,0.0,0.0,0.0,29.28,4.49,100.0,118.0,32,0,0.0
2024-01-01 00:00:28,28,Normal,PMU_Sensor,42,0.0,0.0,0.0,48.66,6.07,100.0,108.0,42,0,0.0
2024-01-01 00:00:28,28,Normal,DER_Controller,18,0.0,0.0,0.0,37.34,7.96,100.0,132.0,18,0,0.0
2024-01-01 00:00:28,28,Normal,EV_Charger_1,36,0.0,0.0,0.0,36.34,4.71,100.0,114.0,36,0,0.0
2024-01-01 00:00:28,28,Normal,EV_Charger_2,25,0.0,0.0,0.0,28.55,5.08,100.0,125.0,25,0,0.0
2024-01-01 00:00:29,29,Normal,AMI_Meter,27,0.0497,0.4968,0.1656,29.2,4.43,95.03,123.0,27,0,0.0
2024-01-01 00:00:29,29,Normal,PMU_Sensor,45,0.0588,0.5885,0.1962,48.53,6.0,94.12,105.0,45,0,0.0
2024-01-01 00:00:29,29,Normal,DER_Controller,38,0.0051,0.081,0.0202,37.37,7.82,99.49,112.0,38,0,0.0
2024-01-01 00:00:29,29,Normal,EV_Charger_1,41,0.0957,0.9568,0.3189,36.5,4.7,90.43,109.0,41,0,0.0
2024-01-01 00:00:29,29,Normal,EV_Charger_2,30,0.028,0.2803,0.0934,28.6,4.99,97.2,120.0,30,0,0.0
2024-01-01 00:00:30,30,Normal,AMI_Meter,29,0.0392,0.0444,0.0148,29.19,4.35,96.08,121.0,29,0,0.0
2024-01-01 00:00:30,30,Normal,PMU_Sensor,41,0.1616,1.2037,0.4012,48.29,6.06,83.84,109.0,41,0,0.0
2024-01-01 00:00:30,30,Normal,DER_Controller,23,0.111,1.7145,0.4286,36.9,8.11,88.9,127.0,23,0,0.0
2024-01-01 00:00:30,30,Normal,EV_Charger_1,32,0.1597,0.9277,0.3092,36.35,4.69,84.03,118.0,32,0,0.0
2024-01-01 00:00:30,30,Normal,EV_Charger_2,29,0.0275,0.0788,0.0263,28.61,4.91,97.25,121.0,29,0,0.0
2024-01-01 00:00:31,31,Normal,AMI_Meter,38,0.2146,1.8718,0.6239,29.47,4.56,78.54,112.0,38,0,0.0
2024-01-01 00:00:31,31,Normal,PMU_Sensor,51,0.157,0.4392,0.1464,48.38,5.98,84.3,99.0,51,0,0.0
2024-01-01 00:00:31,31,Normal,DER_Controller,49,0.1719,1.4189,0.3547,37.28,8.26,82.81,101.0,49,0,0.0
2024-01-01 00:00:31,31,Normal,EV_Charger_1,32,0.2019,0.9011,0.3004,36.22,4.68,79.81,118.0,32,0,0.0
2024-01-01 00:00:31,31,Normal,EV_Charger_2,24,0.1105,0.9122,0.3041,28.47,4.9,88.95,126.0,24,0,0.0
2024-01-01 00:00:32,32,Normal,AMI_Meter,25,0.2454,0.9518,0.3173,29.33,4.55,75.46,125.0,25,0,0.0
2024-01-01 00:00:32,32,Normal,PMU_Sensor,44,0.1814,0.7152,0.2384,48.24,5.93,81.86,106.0,44,0,0.0
2024-01-01 00:00:32,32,Normal,DER_Controller,61,0.2866,2.5227,0.6307,38.0,9.12,71.34,89.0,61,0,0.0
2024-01-01 00:00:32,32,Normal,EV_Charger_1,30,0.2688,1.274,0.4247,36.03,4.73,73.12,120.0,30,0,0.0
2024-01-01 00:00:32,32,Normal,EV_Charger_2,34,0.1864,1.0909,0.3636,28.64,4.92,81.36,116.0,34,0,0.0
2024-01-01 00:00:33,33,Normal,AMI_Meter,25,0.2643,0.9255,0.3085,29.21,4.54,73.57,125.0,25,0,0.0
2024-01-01 00:00:33,33,Normal,PMU_Sensor,57,0.2679,1.4093,0.4698,48.5,6.03,73.21,93.0,57,0,0.0
2024-01-01 00:00:33,33,Normal,DER_Controller,43,0.2486,0.5381,0.1345,38.15,9.02,75.14,107.0,43,0,0.0
2024-01-01 00:00:33,33,Normal,EV_Charger_1,34,0.2303,0.4216,0.1405,35.97,4.67,76.97,116.0,34,0,0.0
2024-01-01 00:00:33,33,Normal,EV_Charger_2,29,0.1378,0.0729,0.0243,28.65,4.84,86.22,121.0,29,0,0.0
2024-01-01 00:00:34,34,Normal,AMI_Meter,26,0.2541,0.6905,0.2302,29.11,4.51,74.59,124.0,26,0,0.0
2024-01-01 00:00:34,34,Normal,PMU_Sensor,53,0.2605,0.7297,0.2432,48.63,5.99,73.95,97.0,53,0,0.0
2024-01-01 00:00:34,34,Normal,DER_Controller,35,0.2079,0.3435,0.0859,38.06,8.9,79.21,115.0,35,0,0.0
2024-01-01 00:00:34,34,Normal,EV_Charger_1,27,0.3409,1.7975,0.5992,35.71,4.85,65.91,123.0,27,0,0.0
2024-01-01 00:00:34,34,Normal,EV_Charger_2,23,0.2092,1.1276,0.3759,28.49,4.87,79.08,127.0,23,0,0.0
2024-01-01 00:00:35,35,Normal,AMI_Meter,30,0.1972,0.1936,0.0645,29.14,4.45,80.28,120.0,30,0,0.0
2024-01-01 00:00:35,35,Normal,PMU_Sensor,62,0.3884,2.0599,0.6866,49.0,6.31,61.16,88.0,62,0,0.0
2024-01-01 00:00:35,35,Normal,DER_Controller,41,0.1763,0.3256,0.0814,38.14,8.79,82.37,109.0,41,0,0.0
2024-01-01 00:00:35,35,Normal,EV_Charger_1,34,0.2735,0.3482,0.1161,35.67,4.79,72.65,116.0,34,0,0.0
2024-01-01 00:00:35,35,Normal,EV_Charger_2,31,0.1972,0.5078,0.1693,28.56,4.81,80.28,119.0,31,0,0.0
2024-01-01 00:00:36,36,Normal,AMI_Meter,36,0.2855,1.4743,0.4914,29.32,4.53,71.45,114.0,36,0,0.0
2024-01-01 00:00:36,36,Normal,PMU_Sensor,51,0.3031,0.3123,0.1041,49.05,6.23,69.69,99.0,51,0,0.0
2024-01-01 00:00:36,36,Normal,DER_Controller,35,0.1542,0.3519,0.088,38.05,8.68,84.58,115.0,35,0,0.0
2024-01-01 00:00:36,36,Normal,EV_Charger_1,41,0.2995,1.0809,0.3603,35.81,4.8,70.05,109.0,41,0,0.0
2024-01-01 00:00:36,36,Normal,EV_Charger_2,32,0.2082,0.7012,0.2337,28.65,4.78,79.18,118.0,32,0,0.0
2024-01-01 00:00:37,37,Normal,AMI_Meter,37,0.361,1.6118,0.5373,29.53,4.64,63.9,113.0,37,0,0.0
2024-01-01 00:00:37,37,Normal,PMU_Sensor,51,0.2429,0.3079,0.1026,49.11,6.15,75.71,99.0,51,0,0.0
2024-01-01 00:00:37,37,Normal,DER_Controller,27,0.1926,1.2305,0.3076,37.76,8.75,80.74,123.0,27,0,0.0
2024-01-01 00:00:37,37,Normal,EV_Charger_1,26,0.4009,1.9122,0.6374,35.55,5.0,59.91,124.0,26,0,0.0
2024-01-01 00:00:37,37,Normal,EV_Charger_2,38,0.3296,1.8384,0.6128,28.89,4.95,67.04,112.0,38,0,0.0
2024-01-01 00:00:38,38,Normal,AMI_Meter,38,0.4257,1.7301,0.5767,29.74,4.77,57.43,112.0,38,0,0.0
2024-01-01 00:00:38,38,Normal,PMU_Sensor,48,0.1878,0.1772,0.0591,49.08,6.08,81.22,102.0,48,0,0.0
2024-01-01 00:00:38,38,Normal,DER_Controller,36,0.1568,0.1989,0.0497,37.72,8.64,84.32,114.0,36,0,0.0
2024-01-01 00:00:38,38,Normal,EV_Charger_1,43,0.4237,1.4308,0.4769,35.74,5.07,57.63,107.0,43,0,0.0
2024-01-01 00:00:38,38,Normal,EV_Charger_2,24,0.3271,0.9636,0.3212,28.77,4.95,67.29,126.0,24,0,0.0
2024-01-01 00:00:39,39,Normal,AMI_Meter,25,0.395,0.9696,0.3232,29.62,4.77,60.5,125.0,25,0,0.0
2024-01-01 00:00:39,39,Normal,PMU_Sensor,55,0.2266,0.9514,0.3171,49.23,6.07,77.34,95.0,55,0,0.0
2024-01-01 00:00:39,39,Normal,DER_Controller,36,0.1299,0.1964,0.0491,37.67,8.53,87.01,114.0,36,0,0.0
2024-01-01 00:00:39,39,Normal,EV_Charger_1,34,0.3305,0.3391,0.113,35.7,5.01,66.95,116.0,34,0,0.0
2024-01-01 00:00:39,39,Normal,EV_Charger_2,29,0.2335,0.0461,0.0154,28.77,4.89,76.65,121.0,29,0,0.0
2024-01-01 00:00:40,40,Normal,AMI_Meter,31,0.3049,0.2845,0.0948,29.66,4.71,69.51,119.0,31,0,0.0
2024-01-01 00:00:40,40,Normal,PMU_Sensor,61,0.3418,1.8323,0.6108,49.51,6.27,65.82,89.0,61,0,0.0
2024-01-01 00:00:40,40,Normal,DER_Controller,40,0.1143,0.2691,0.0673,37.73,8.43,88.57,110.0,40,0,0.0
2024-01-01 00:00:40,40,Normal,EV_Charger_1,38,0.2766,0.4521,0.1507,35.76,4.96,72.34,112.0,38,0,0.0
2024-01-01 00:00:40,40,Normal,EV_Charger_2,19,0.3519,1.8847,0.6282,28.54,5.06,64.81,131.0,19,0,0.0
2024-01-01 00:00:41,41,Normal,AMI_Meter,29,0.2273,0.138,0.046,29.64,4.66,77.27,121.0,29,0,0.0
2024-01-01 00:00:41,41,Normal,PMU_Sensor,43,0.3406,1.0133,0.3378,49.36,6.27,65.94,107.0,43,0,0.0
2024-01-01 00:00:41,41,Normal,DER_Controller,27,0.1628,1.2341,0.3085,37.48,8.49,83.72,123.0,27,0,0.0
2024-01-01 00:00:41,41,Normal,EV_Charger_1,29,0.3252,1.3158,0.4386,35.6,5.01,67.48,121.0,29,0,0.0
2024-01-01 00:00:41,41,Normal,EV_Charger_2,28,0.2568,0.1048,0.0349,28.52,5.0,74.32,122.0,28,0,0.0
2024-01-01 00:00:42,42,Normal,AMI_Meter,34,0.2506,0.9152,0.3051,29.74,4.65,74.94,116.0,34,0,0.0
2024-01-01 00:00:42,42,Normal,PMU_Sensor,39,0.3966,1.5815,0.5272,49.12,6.4,60.34,111.0,39,0,0.0
2024-01-01 00:00:42,42,Normal,DER_Controller,40,0.1405,0.2936,0.0734,37.53,8.4,85.95,110.0,40,0,0.0
2024-01-01 00:00:42,42,Normal,EV_Charger_1,32,0.2981,0.7048,0.2349,35.51,4.98,70.19,118.0,32,0,0.0
2024-01-01 00:00:42,42,Normal,EV_Charger_2,28,0.1901,0.1036,0.0345,28.51,4.94,80.99,122.0,28,0,0.0
2024-01-01 00:00:43,43,Normal,AMI_Meter,35,0.2856,1.1014,0.3671,29.86,4.66,71.44,115.0,35,0,0.0
2024-01-01 00:00:43,43,Normal,PMU_Sensor,54,0.3526,0.7499,0.25,49.23,6.36,64.74,96.0,54,0,0.0
2024-01-01 00:00:43,43,Normal,DER_Controller,53,0.2149,1.7535,0.4384,37.89,8.62,78.51,97.0,53,0,0.0
2024-01-01 00:00:43,43,Normal,EV_Charger_1,34,0.2386,0.2997,0.0999,35.48,4.93,76.14,116.0,34,0,0.0
2024-01-01 00:00:43,43,Normal,EV_Charger_2,26,0.1832,0.5013,0.1671,28.45,4.9,81.68,124.0,26,0,0.0
2024-01-01 00:00:44,44,Normal,AMI_Meter,28,0.2393,0.3945,0.1315,29.82,4.62,76.07,122.0,28,0,0.0
2024-01-01 00:00:44,44,Normal,PMU_Sensor,51,0.2743,0.2753,0.0918,49.27,6.3,72.57,99.0,51,0,0.0
2024-01-01 00:00:44,44,Normal,DER_Controller,41,0.1835,0.3568,0.0892,37.96,8.53,81.65,109.0,41,0,0.0
2024-01-01 00:00:44,44,Normal,EV_Charger_1,28,0.3133,1.4625,0.4875,35.31,5.0,68.67,122.0,28,0,0.0
2024-01-01 00:00:44,44,Normal,EV_Charger_2,30,0.1594,0.3118,0.1039,28.49,4.85,84.06,120.0,30,0,0.0
2024-01-01 00:00:45,45,Normal,AMI_Meter,31,0.1928,0.2521,0.084,29.85,4.57,80.72,119.0,31,0,0.0
2024-01-01 00:00:45,45,Normal,PMU_Sensor,70,0.4844,2.9239,0.9746,49.72,6.94,51.56,80.0,70,0,0.0
2024-01-01 00:00:45,45,Normal,DER_Controller,58,0.2747,2.1932,0.5483,38.39,8.94,72.53,92.0,58,0,0.0
2024-01-01 00:00:45,45,Normal,EV_Charger_1,29,0.342,1.2274,0.4091,35.17,5.03,65.8,121.0,29,0,0.0
2024-01-01 00:00:45,45,Normal,EV_Charger_2,28,0.1216,0.0998,0.0333,28.48,4.79,87.84,122.0,28,0,0.0
2024-01-01 00:00:46,46,Normal,AMI_Meter,22,0.2996,1.6472,0.5491,29.68,4.66,70.04,128.0,22,0,0.0
2024-01-01 00:00:46,46,Normal,PMU_Sensor,45,0.4061,0.6696,0.2232,49.62,6.9,59.39,94.39,45,0,0.0
2024-01-01 00:00:46,46,Normal,DER_Controller,43,0.2378,0.5086,0.1272,38.49,8.87,76.22,107.0,43,0,0.0
2024-01-01 00:00:46,46,Normal,EV_Charger_1,42,0.3711,1.3167,0.4389,35.32,5.07,62.89,108.0,42,0,0.0
2024-01-01 00:00:46,46,Normal,EV_Charger_2,26,0.1361,0.5102,0.1701,28.43,4.75,86.39,124.0,26,0,0.0
2024-01-01 00:00:47,47,Normal,AMI_Meter,26,0.2874,0.7762,0.2587,29.6,4.64,71.26,124.0,26,0,0.0
2024-01-01 00:00:47,47,Normal,PMU_Sensor,32,0.5212,2.3695,0.7898,49.25,7.28,47.88,110.27,32,0,0.0
2024-01-01 00:00:47,47,Normal,DER_Controller,38,0.1818,0.0546,0.0137,38.48,8.77,81.82,112.0,38,0,0.0
2024-01-01 00:00:47,47,Normal,EV_Charger_1,28,0.3995,1.3971,0.4657,35.17,5.13,60.05,122.0,28,0,0.0
2024-01-01 00:00:47,47,Normal,EV_Charger_2,27,0.1249,0.2965,0.0988,28.4,4.71,87.51,123.0,27,0,0.0
2024-01-01 00:00:48,48,Normal,AMI_Meter,25,0.2983,0.9716,0.3239,29.51,4.64,70.17,125.0,25,0,0.0
2024-01-01 00:00:48,48,Normal,PMU_Sensor,49,0.3682,0.034,0.0113,49.24,7.2,63.18,101.0,49,0,0.0
2024-01-01 00:00:48,48,Normal,DER_Controller,22,0.2485,1.7946,0.4486,38.14,9.0,75.15,128.0,22,0,0.0
2024-01-01 00:00:48,48,Normal,EV_Charger_1,26,0.4509,1.713,0.571,34.98,5.24,54.91,124.0,26,0,0.0
2024-01-01 00:00:48,48,Normal,EV_Charger_2,40,0.3174,2.2991,0.7664,28.63,4.94,68.26,110.0,40,0,0.0
2024-01-01 00:00:49,49,Normal,AMI_Meter,23,0.345,1.3616,0.4539,29.38,4.69,65.5,127.0,23,0,0.0
2024-01-01 00:00:49,49,Normal,PMU_Sensor,41,0.3696,1.1184,0.3728,49.08,7.22,63.04,109.0,41,0,0.0
2024-01-01 00:00:49,49,Normal,DER_Controller,58,0.3167,2.0845,0.5211,38.54,9.34,68.33,92.0,58,0,0.0
2024-01-01 00:00:49,49,Normal,EV_Charger_1,52,0.6073,2.9164,0.9721,35.32,5.72,39.27,98.0,52,0,0.0
2024-01-01 00:00:49,49,Normal,EV_Charger_2,24,0.3141,0.9196,0.3065,28.54,4.94,68.59,126.0,24,0,0.0
2024-01-01 00:00:50,50,Normal,AMI_Meter,28,0.2706,0.2914,0.0971,29.35,4.64,72.94,122.0,28,0,0.0
2024-01-01 00:00:50,50,Normal,PMU_Sensor,52,0.2987,0.3996,0.1332,49.14,7.16,70.13,98.0,52,0,0.0
2024-01-01 00:00:50,50,Normal,DER_Controller,57,0.3554,1.8859,0.4715,38.9,9.6,64.46,93.0,57,0,0.0
2024-01-01 00:00:50,50,Normal,EV_Charger_1,29,0.5332,1.0812,0.3604,35.2,5.73,46.68,115.68,29,0,0.0
2024-01-01 00:00:50,50,Normal,EV_Charger_2,28,0.2307,0.1083,0.0361,28.53,4.89,76.93,122.0,28,0,0.0
2024-01-01 00:00:51,51,Normal,AMI_Meter,33,0.2668,0.7735,0.2578,29.42,4.62,73.32,117.0,33,0,0.0
2024-01-01 00:00:51,51,Normal,PMU_Sensor,53,0.2623,0.5326,0.1775,49.21,7.11,73.77,97.0,53,0,0.0
2024-01-01 00:00:51,51,Normal,DER_Controller,36,0.2852,0.2993,0.0748,38.85,9.51,71.48,114.0,36,0,0.0
2024-01-01 00:00:51,51,Normal,EV_Charger_1,34,0.3939,0.2066,0.0689,35.17,5.68,60.61,116.0,34,0,0.0
2024-01-01 00:00:51,51,Normal,EV_Charger_2,23,0.2722,1.1067,0.3689,28.42,4.9,72.78,127.0,23,0,0.0
2024-01-01 00:00:52,52,Normal,AMI_Meter,28,0.2172,0.3046,0.1015,29.4,4.58,78.28,122.0,28,0,0.0
2024-01-01 00:00:52,52,Normal,PMU_Sensor,47,0.2144,0.3077,0.1026,49.17,7.05,78.56,103.0,47,0,0.0
2024-01-01 00:00:52,52,Normal,DER_Controller,42,0.2344,0.3282,0.082,38.91,9.43,76.56,108.0,42,0,0.0
2024-01-01 00:00:52,52,Normal,EV_Charger_1,31,0.3482,0.7245,0.2415,35.09,5.65,65.18,119.0,31,0,0.0
2024-01-01 00:00:52,52,Normal,EV_Charger_2,32,0.2625,0.7195,0.2398,28.49,4.88,73.75,118.0,32,0,0.0
2024-01-01 00:00:53,53,Normal,AMI_Meter,35,0.2715,1.1946,0.3982,29.5,4.6,72.85,115.0,35,0,0.0
2024-01-01 00:00:53,53,Normal,PMU_Sensor,51,0.1758,0.257,0.0857,49.2,6.99,82.42,99.0,51,0,0.0
2024-01-01 00:00:53,53,Normal,DER_Controller,43,0.2027,0.4295,0.1074,38.98,9.36,79.73,107.0,43,0,0.0
2024-01-01 00:00:53,53,Normal,EV_Charger_1,35,0.2454,0.0165,0.0055,35.09,5.6,75.46,115.0,35,0,0.0
2024-01-01 00:00:53,53,Normal,EV_Charger_2,30,0.2144,0.3063,0.1021,28.52,4.84,78.56,120.0,30,0,0.0
2024-01-01 00:00:54,54,Normal,AMI_Meter,26,0.265,0.7494,0.2498,29.44,4.59,73.5,124.0,26,0,0.0
2024-01-01 00:00:54,54,Normal,PMU_Sensor,52,0.1626,0.3959,0.132,49.25,6.93,83.74,98.0,52,0,0.0
2024-01-01 00:00:54,54,Normal,DER_Controller,39,0.1521,0.002,0.0005,38.98,9.27,84.79,111.0,39,0,0.0
2024-01-01 00:00:54,54,Normal,EV_Charger_1,47,0.3743,2.0251,0.675,35.31,5.77,62.57,103.0,47,0,0.0
2024-01-01 00:00:54,54,Normal,EV_Charger_2,37,0.3191,1.6906,0.5635,28.67,4.93,68.09,113.0,37,0,0.0
2024-01-01 00:00:55,55,Normal,AMI_Meter,31,0.2193,0.3376,0.1125,29.46,4.55,78.07,119.0,31,0,0.0
2024-01-01 00:00:55,55,Normal,PMU_Sensor,43,0.2026,0.8875,0.2958,49.14,6.92,79.74,107.0,43,0,0.0
2024-01-01 00:00:55,55,Normal,DER_Controller,28,0.1866,1.1597,0.2899,38.79,9.3,81.34,122.0,28,0,0.0
2024-01-01 00:00:55,55,Normal,EV_Charger_1,42,0.3755,1.135,0.3783,35.43,5.79,62.45,108.0,42,0,0.0
2024-01-01 00:00:55,55,Normal,EV_Charger_2,31,0.2701,0.4674,0.1558,28.71,4.89,72.99,119.0,31,0,0.0
2024-01-01 00:00:56,56,Normal,AMI_Meter,32,0.2086,0.5511,0.1837,29.51,4.52,79.14,118.0,32,0,0.0
2024-01-01 00:00:56,56,Normal,PMU_Sensor,36,0.3243,1.8246,0.6082,48.91,7.08,67.57,114.0,36,0,0.0
2024-01-01 00:00:56,56,Normal,DER_Controller,49,0.2073,1.0772,0.2693,38.96,9.32,79.27,101.0,49,0,0.0
2024-01-01 00:00:56,56,Normal,EV_Charger_1,37,0.2897,0.2689,0.0896,35.46,5.74,71.03,113.0,37,0,0.0
2024-01-01 00:00:56,56,Normal,EV_Charger_2,24,0.2839,0.9478,0.3159,28.63,4.89,71.61,126.0,24,0,0.0
2024-01-01 00:00:57,57,Normal,AMI_Meter,27,0.2009,0.5488,0.1829,29.47,4.49,79.91,123.0,27,0,0.0
2024-01-01 00:00:57,57,Normal,PMU_Sensor,52,0.2702,0.4319,0.144,48.97,7.03,72.98,98.0,52,0,0.0
2024-01-01 00:00:57,57,Normal,DER_Controller,40,0.1623,0.1102,0.0275,38.98,9.23,83.77,110.0,40,0,0.0
2024-01-01 00:00:57,57,Normal,EV_Charger_1,33,0.2452,0.4235,0.1412,35.41,5.7,75.48,117.0,33,0,0.0
2024-01-01 00:00:57,57,Normal,EV_Charger_2,29,0.2062,0.0747,0.0249,28.64,4.84,79.38,121.0,29,0,0.0
2024-01-01 00:00:58,58,Normal,AMI_Meter,28,0.1729,0.3232,0.1077,29.44,4.46,82.71,122.0,28,0,0.0
2024-01-01 00:00:58,58,Normal,PMU_Sensor,51,0.2178,0.2869,0.0956,49.0,6.97,78.22,99.0,51,0,0.0
2024-01-01 00:00:58,58,Normal,DER_Controller,54,0.2203,1.577,0.3943,39.24,9.36,77.97,96.0,54,0,0.0
2024-01-01 00:00:58,58,Normal,EV_Charger_1,19,0.4387,2.6708,0.8903,35.14,6.04,56.13,131.0,19,0,0.0
2024-01-01 00:00:58,58,Normal,EV_Charger_2,28,0.1574,0.1306,0.0435,28.63,4.8,84.26,122.0,28,0,0.0
2024-01-01 00:00:59,59,Normal,AMI_Meter,30,0.1335,0.1244,0.0415,29.45,4.42,86.65,120.0,30,0,0.0
2024-01-01 00:00:59,59,Normal,PMU_Sensor,52,0.1951,0.4262,0.1421,49.05,6.92,80.49,98.0,52,0,0.0
2024-01-01 00:00:59,59,Normal,DER_Controller,36,0.1866,0.3426,0.0857,39.18,9.29,81.34,114.0,36,0,0.0
2024-01-01 00:00:59,59,Normal,EV_Charger_1,24,0.4848,1.7776,0.5925,34.95,6.16,51.52,126.0,24,0,0.0
2024-01-01 00:00:59,59,Normal,EV_Charger_2,31,0.1591,0.489,0.163,28.67,4.77,84.09,119.0,31,0,0.0
2024-01-01 00:01:00,60,Normal,AMI_Meter,38,0.2796,1.8614,0.6205,29.59,4.52,72.04,112.0,38,0,0.0
2024-01-01 00:01:00,60,Normal,PMU_Sensor,37,0.305,1.6847,0.5616,48.85,7.04,69.5,113.0,37,0,0.0
2024-01-01 00:01:00,60,Normal,DER_Controller,48,0.1984,0.9343,0.2336,39.33,9.28,80.16,102.0,48,0,0.0
2024-01-01 00:01:00,60,Normal,EV_Charger_1,33,0.3708,0.3137,0.1046,34.92,6.11,62.92,117.0,33,0,0.0
2024-01-01 00:01:00,60,Normal,EV_Charger_2,29,0.1183,0.0693,0.0231,28.67,4.73,88.17,121.0,29,0,0.0
2024-01-01 00:01:01,61,Normal,AMI_Meter,24,0.3169,1.2123,0.4041,29.5,4.54,68.31,126.0,24,0,0.0
2024-01-01 00:01:01,61,Normal,PMU_Sensor,47,0.2396,0.2611,0.087,48.82,6.98,76.04,103.0,47,0,0.0
2024-01-01 00:01:01,61,Normal,DER_Controller,53,0.2385,1.4359,0.359,39.55,9.37,76.15,97.0,53,0,0.0
2024-01-01 00:01:01,61,Normal,EV_Charger_1,38,0.3094,0.4991,0.1664,34.97,6.08,69.06,112.0,38,0,0.0
2024-01-01 00:01:01,61,Normal,EV_Charger_2,38,0.2724,1.8961,0.632,28.82,4.84,72.76,112.0,38,0,0.0
2024-01-01 00:01:02,62,Normal,AMI_Meter,35,0.3407,1.1888,0.3963,29.59,4.55,65.93,115.0,35,0,0.0
2024-01-01 00:01:02,62,Normal,PMU_Sensor,53,0.2269,0.592,0.1973,48.89,6.94,77.31,97.0,53,0,0.0
2024-01-01 00:01:02,62,Normal,DER_Controller,57,0.2913,1.7986,0.4497,39.83,9.55,70.87,93.0,57,0,0.0
2024-01-01 00:01:02,62,Normal,EV_Charger_1,37,0.2498,0.3316,0.1105,35.0,6.03,75.02,113.0,37,0,0.0
2024-01-01 00:01:02,62,Normal,EV_Charger_2,34,0.2958,1.0516,0.3505,28.9,4.85,70.42,116.0,34,0,0.0
2024-01-01 00:01:03,63,Normal,AMI_Meter,28,0.2731,0.3456,0.1152,29.56,4.52,72.69,122.0,28,0,0.0
2024-01-01 00:01:03,63,Normal,PMU_Sensor,50,0.1747,0.1587,0.0529,48.91,6.89,82.53,100.0,50,0,0.0
2024-01-01 00:01:03,63,Normal,DER_Controller,33,0.2626,0.7064,0.1766,39.72,9.51,73.74,117.0,33,0,0.0
2024-01-01 00:01:03,63,Normal,EV_Charger_1,40,0.2566,0.818,0.2727,35.08,6.02,74.34,110.0,40,0,0.0
2024-01-01 00:01:03,63,Normal,EV_Charger_2,24,0.3067,0.9964,0.3321,28.83,4.85,69.33,126.0,24,0,0.0
2024-01-01 00:01:04,64,Normal,AMI_Meter,33,0.2663,0.7512,0.2504,29.62,4.51,73.37,117.0,33,0,0.0
2024-01-01 00:01:04,64,Normal,PMU_Sensor,48,0.1354,0.1305,0.0435,48.89,6.84,86.46,102.0,48,0,0.0
2024-01-01 00:01:04,64,Normal,DER_Controller,51,0.2697,1.1644,0.2911,39.89,9.54,73.03,99.0,51,0,0.0
2024-01-01 00:01:04,64,Normal,EV_Charger_1,39,0.2441,0.6447,0.2149,35.14,5.99,75.59,111.0,39,0,0.0
2024-01-01 00:01:04,64,Normal,EV_Charger_2,39,0.4162,2.0151,0.6717,28.98,4.97,58.38,111.0,39,0,0.0
2024-01-01 00:01:05,65,Normal,AMI_Meter,33,0.2606,0.7423,0.2474,29.67,4.49,73.94,117.0,33,0,0.0
2024-01-01 00:01:05,65,Normal,PMU_Sensor,37,0.2635,1.6874,0.5625,48.71,6.94,73.65,113.0,37,0,0.0
2024-01-01 00:01:05,65,Normal,DER_Controller,39,0.2081,0.0928,0.0232,39.88,9.47,79.19,111.0,39,0,0.0
2024-01-01 00:01:05,65,Normal,EV_Charger_1,27,0.3039,1.3299,0.4433,35.02,6.03,69.61,123.0,27,0,0.0
2024-01-01 00:01:05,65,Normal,EV_Charger_2,27,0.3309,0.3958,0.1319,28.95,4.94,66.91,123.0,27,0,0.0
2024-01-01 00:01:06,66,Normal,AMI_Meter,37,0.3414,1.5893,0.5298,29.78,4.55,65.86,113.0,37,0,0.0
2024-01-01 00:01:06,66,Normal,PMU_Sensor,55,0.2738,0.8937,0.2979,48.81,6.93,72.62,95.0,55,0,0.0
2024-01-01 00:01:06,66,Normal,DER_Controller,33,0.201,0.7184,0.1796,39.78,9.43,79.9,117.0,33,0,0.0
2024-01-01 00:01:06,66,Normal,EV_Charger_1,28,0.3271,1.1437,0.3812,34.91,6.04,67.29,122.0,28,0,0.0
2024-01-01 00:01:06,66,Normal,EV_Charger_2,30,0.2527,0.2101,0.07,28.97,4.9,74.73,120.0,30,0,0.0
2024-01-01 00:01:07,67,Normal,AMI_Meter,23,0.3845,1.456,0.4853,29.68,4.59,61.55,127.0,23,0,0.0
2024-01-01 00:01:07,67,Normal,PMU_Sensor,44,0.2603,0.6859,0.2286,48.74,6.9,73.97,106.0,44,0,0.0
2024-01-01 00:01:07,67,Normal,DER_Controller,43,0.1719,0.339,0.0848,39.82,9.37,82.81,107.0,43,0,0.0
2024-01-01 00:01:07,67,Normal,EV_Charger_1,41,0.3283,0.993,0.331,35.0,6.04,67.17,109.0,41,0,0.0
2024-01-01 00:01:07,67,Normal,EV_Charger_2,33,0.2581,0.812,0.2707,29.03,4.89,74.19,117.0,33,0,0.0
2024-01-01 00:01:08,68,Normal,AMI_Meter,18,0.5107,2.4155,0.8052,29.51,4.76,48.93,132.0,18,0,0.0
2024-01-01 00:01:08,68,Normal,PMU_Sensor,52,0.2291,0.4687,0.1562,48.78,6.86,77.09,98.0,52,0,0.0
2024-01-01 00:01:08,68,Normal,DER_Controller,40,0.1301,0.0187,0.0047,39.83,9.3,86.99,110.0,40,0,0.0
2024-01-01 00:01:08,68,Normal,EV_Charger_1,37,0.2626,0.3284,0.1095,35.03,6.0,73.74,113.0,37,0,0.0
2024-01-01 00:01:08,68,Normal,EV_Charger_2,38,0.3584,1.7779,0.5926,29.16,4.97,64.16,112.0,38,0,0.0
2024-01-01 00:01:09,69,Normal,AMI_Meter,19,0.5692,2.1167,0.7056,29.36,4.89,43.08,131.0,19,0,0.0
2024-01-01 00:01:09,69,Normal,PMU_Sensor,45,0.2149,0.546,0.182,48.73,6.83,78.51,105.0,45,0,0.0
2024-01-01 00:01:09,69,Normal,DER_Controller,45,0.132,0.5511,0.1378,39.9,9.25,86.8,105.0,45,0,0.0
2024-01-01 00:01:09,69,Normal,EV_Charger_1,25,0.3465,1.6264,0.5421,34.89,6.08,65.35,125.0,25,0,0.0
2024-01-01 00:01:09,69,Normal,EV_Charger_2,37,0.4047,1.5382,0.5127,29.27,5.02,59.53,113.0,37,0,0.0
2024-01-01 00:01:10,70,Normal,AMI_Meter,31,0.4317,0.3331,0.111,29.38,4.86,56.83,119.0,31,0,0.0
2024-01-01 00:01:10,70,Normal,PMU_Sensor,56,0.2553,1.0489,0.3496,48.83,6.83,74.47,94.0,56,0,0.0
2024-01-01 00:01:10,70,Normal,DER_Controller,34,0.1385,0.6313,0.1578,39.82,9.21,86.15,116.0,34,0,0.0
2024-01-01 00:01:10,70,Normal,EV_Charger_1,39,0.3095,0.67,0.2233,34.94,6.05,69.05,111.0,39,0,0.0
2024-01-01 00:01:10,70,Normal,EV_Charger_2,35,0.3955,1.1218,0.3739,29.35,5.03,60.45,115.0,35,0,0.0
2024-01-01 00:01:11,71,Normal,AMI_Meter,31,0.3353,0.3306,0.1102,29.4,4.83,66.47,119.0,31,0,0.0
2024-01-01 00:01:11,71,Normal,PMU_Sensor,51,0.2102,0.3149,0.105,48.86,6.79,78.98,99.0,51,0,0.0
2024-01-01 00:01:11,71,Normal,DER_Controller,42,0.1186,0.2352,0.0588,39.85,9.15,88.14,108.0,42,0,0.0
2024-01-01 00:01:11,71,Normal,EV_Charger_1,29,0.3135,0.9684,0.3228,34.86,6.05,68.65,121.0,29,0,0.0
2024-01-01 00:01:11,71,Normal,EV_Charger_2,29,0.2838,0.0695,0.0232,29.35,5.0,71.62,121.0,29,0,0.0
2024-01-01 00:01:12,72,Normal,AMI_Meter,29,0.243,0.0828,0.0276,29.4,4.8,75.7,121.0,29,0,0.0
2024-01-01 00:01:12,72,Normal,PMU_Sensor,53,0.2075,0.6038,0.2013,48.92,6.76,79.25,97.0,53,0,0.0
2024-01-01 00:01:12,72,Normal,DER_Controller,49,0.1506,0.9864,0.2466,39.97,9.15,84.94,101.0,49,0,0.0
2024-01-01 00:01:12,72,Normal,EV_Charger_1,28,0.3311,1.1161,0.372,34.77,6.06,66.89,122.0,28,0,0.0
2024-01-01 00:01:12,72,Normal,EV_Charger_2,29,0.2056,0.069,0.023,29.34,4.96,79.44,121.0,29,0,0.0
2024-01-01 00:01:13,73,Normal,AMI_Meter,37,0.3248,1.5476,0.5159,29.5,4.85,67.52,113.0,37,0,0.0
2024-01-01 00:01:13,73,Normal,PMU_Sensor,44,0.2173,0.7199,0.24,48.85,6.74,78.27,106.0,44,0,0.0
2024-01-01 00:01:13,73,Normal,DER_Controller,31,0.1734,0.9675,0.2419,39.85,9.15,82.66,119.0,31,0,0.0
2024-01-01 00:01:13,73,Normal,EV_Charger_1,36,0.2519,0.2019,0.0673,34.78,6.02,74.81,114.0,36,0,0.0
2024-01-01 00:01:13,73,Normal,EV_Charger_2,34,0.2365,0.9263,0.3088,29.41,4.96,76.35,116.0,34,0,0.0
2024-01-01 00:01:14,74,Normal,AMI_Meter,30,0.2376,0.1025,0.0342,29.51,4.81,76.24,120.0,30,0,0.0
2024-01-01 00:01:14,74,Normal,PMU_Sensor,60,0.3135,1.6138,0.5379,49.0,6.82,68.65,90.0,60,0,0.0
2024-01-01 00:01:14,74,Normal,DER_Controller,48,0.1851,0.8802,0.22,39.96,9.13,81.49,102.0,48,0,0.0
2024-01-01 00:01:14,74,Normal,EV_Charger_1,40,0.262,0.856,0.2853,34.85,6.01,73.8,110.0,40,0,0.0
2024-01-01 00:01:14,74,Normal,EV_Charger_2,32,0.2174,0.5187,0.1729,29.44,4.94,78.26,118.0,32,0,0.0
2024-01-01 00:01:15,75,Normal,AMI_Meter,41,0.395,2.2867,0.7622,29.66,4.96,60.5,109.0,41,0,0.0
2024-01-01 00:01:15,75,Normal,PMU_Sensor,48,0.234,0.1457,0.0486,48.99,6.77,76.6,102.0,48,0,0.0
2024-01-01 00:01:15,75,Normal,DER_Controller,19,0.2765,2.2035,0.5509,39.68,9.39,72.35,131.0,19,0,0.0
2024-01-01 00:01:15,75,Normal,EV_Charger_1,44,0.3322,1.4885,0.4962,34.97,6.06,66.78,106.0,44,0,0.0
2024-01-01 00:01:15,75,Normal,EV_Charger_2,27,0.2012,0.4904,0.1635,29.41,4.91,79.88,123.0,27,0,0.0
2024-01-01 00:01:16,76,Normal,AMI_Meter,30,0.2834,0.0685,0.0228,29.66,4.93,71.66,120.0,30,0,0.0
2024-01-01 00:01:16,76,Normal,PMU_Sensor,60,0.3227,1.5885,0.5295,49.13,6.84,67.73,90.0,60,0,0.0
2024-01-01 00:01:16,76,Normal,DER_Controller,23,0.3155,1.7304,0.4326,39.47,9.52,68.45,127.0,23,0,0.0
2024-01-01 00:01:16,76,Normal,EV_Charger_1,27,0.3617,1.2918,0.4306,34.87,6.09,63.83,123.0,27,0,0.0
2024-01-01 00:01:16,76,Normal,EV_Charger_2,21,0.3078,1.6694,0.5565,29.3,4.97,69.22,129.0,21,0,0.0
2024-01-01 00:01:17,77,Normal,AMI_Meter,26,0.2719,0.7359,0.2453,29.62,4.91,72.81,124.0,26,0,0.0
2024-01-01 00:01:17,77,Normal,PMU_Sensor,53,0.2819,0.5608,0.1869,49.18,6.81,71.81,97.0,53,0,0.0
2024-01-01 00:01:17,77,Normal,DER_Controller,45,0.2727,0.5764,0.1441,39.54,9.48,72.73,105.0,45,0,0.0
2024-01-01 00:01:17,77,Normal,EV_Charger_1,36,0.2716,0.1842,0.0614,34.88,6.05,72.84,114.0,36,0,0.0
2024-01-01 00:01:17,77,Normal,EV_Charger_2,22,0.3594,1.4389,0.4796,29.21,5.01,64.06,128.0,22,0,0.0
2024-01-01 00:01:18,78,Normal,AMI_Meter,18,0.4173,2.2695,0.7565,29.47,5.05,58.27,132.0,18,0,0.0
2024-01-01 00:01:18,78,Normal,PMU_Sensor,50,0.2093,0.1197,0.0399,49.19,6.77,79.07,100.0,50,0,0.0
2024-01-01 00:01:18,78,Normal,DER_Controller,35,0.2342,0.4753,0.1188,39.48,9.43,76.58,115.0,35,0,0.0
2024-01-01 00:01:18,78,Normal,EV_Charger_1,37,0.2248,0.347,0.1157,34.91,6.02,77.52,113.0,37,0,0.0
2024-01-01 00:01:18,78,Normal,EV_Charger_2,33,0.3266,0.7503,0.2501,29.25,4.99,67.34,117.0,33,0,0.0
2024-01-01 00:01:19,79,Normal,AMI_Meter,30,0.3026,0.1046,0.0349,29.48,5.02,69.74,120.0,30,0,0.0
2024-01-01 00:01:19,79,Normal,PMU_Sensor,56,0.2459,0.9935,0.3312,49.28,6.77,75.41,94.0,56,0,0.0
2024-01-01 00:01:19,79,Normal,DER_Controller,42,0.1922,0.2654,0.0663,39.51,9.37,80.78,108.0,42,0,0.0
2024-01-01 00:01:19,79,Normal,EV_Charger_1,38,0.2083,0.5091,0.1697,34.95,5.99,79.17,112.0,38,0,0.0
2024-01-01 00:01:19,79,Normal,EV_Charger_2,26,0.2932,0.6457,0.2152,29.21,4.98,70.68,124.0,26,0,0.0
2024-01-01 00:01:20,80,Normal,AMI_Meter,29,0.2212,0.094,0.0313,29.47,4.99,77.88,121.0,29,0,0.0
2024-01-01 00:01:20,80,Normal,PMU_Sensor,51,0.1974,0.2532,0.0844,49.3,6.73,80.26,99.0,51,0,0.0
2024-01-01 00:01:20,80,Normal,DER_Controller,48,0.2001,0.8954,0.2239,39.62,9.36,79.99,102.0,48,0,0.0
2024-01-01 00:01:20,80,Normal,EV_Charger_1,32,0.1947,0.4886,0.1629,34.91,5.96,80.53,118.0,32,0,0.0
2024-01-01 00:01:20,80,Normal,EV_Charger_2,32,0.2608,0.5558,0.1853,29.25,4.95,73.92,118.0,32,0,0.0
2024-01-01 00:01:21,81,Normal,AMI_Meter,28,0.1841,0.2925,0.0975,29.45,4.96,81.59,122.0,28,0,0.0
2024-01-01 00:01:21,81,Normal,PMU_Sensor,49,0.1426,0.0438,0.0146,49.29,6.69,85.74,101.0,49,0,0.0
2024-01-01 00:01:21,81,Normal,DER_Controller,48,0.2055,0.8857,0.2214,39.72,9.35,79.45,102.0,48,0,0.0
2024-01-01 00:01:21,81,Normal,EV_Charger_1,23,0.3301,1.9387,0.6462,34.77,6.07,66.99,127.0,23,0,0.0
2024-01-01 00:01:21,81,Normal,EV_Charger_2,23,0.3067,1.2413,0.4138,29.17,4.97,69.33,127.0,23,0,0.0
2024-01-01 00:01:22,82,Normal,AMI_Meter,22,0.2761,1.4726,0.4909,29.36,5.0,72.39,128.0,22,0,0.0
2024-01-01 00:01:22,82,Normal,PMU_Sensor,31,0.3601,2.6027,0.8676,49.07,6.94,63.99,119.0,31,0,0.0
2024-01-01 00:01:22,82,Normal,DER_Controller,33,0.1986,0.7122,0.178,39.64,9.32,80.14,117.0,33,0,0.0
2024-01-01 00:01:22,82,Normal,EV_Charger_1,39,0.3002,0.6909,0.2303,34.82,6.05,69.98,111.0,39,0,0.0
2024-01-01 00:01:22,82,Normal,EV_Charger_2,28,0.2381,0.234,0.078,29.16,4.94,76.19,122.0,28,0,0.0
2024-01-01 00:01:23,83,Normal,AMI_Meter,30,0.206,0.127,0.0423,29.37,4.97,79.4,120.0,30,0,0.0
2024-01-01 00:01:23,83,Normal,PMU_Sensor,58,0.3786,1.2656,0.4219,49.18,6.97,62.14,92.0,58,0,0.0
2024-01-01 00:01:23,83,Normal,DER_Controller,53,0.2369,1.4076,0.3519,39.8,9.38,76.31,97.0,53,0,0.0
2024-01-01 00:01:23,83,Normal,EV_Charger_1,34,0.2236,0.1346,0.0449,34.81,6.01,77.64,116.0,34,0,0.0
2024-01-01 00:01:23,83,Normal,EV_Charger_2,36,0.3027,1.3609,0.4536,29.24,4.97,69.73,114.0,36,0,0.0
2024-01-01 00:01:24,84,Normal,AMI_Meter,30,0.1568,0.1262,0.0421,29.38,4.94,84.32,120.0,30,0,0.0
2024-01-01 00:01:24,84,Normal,PMU_Sensor,43,0.3527,0.8772,0.2924,49.11,6.96,64.73,107.0,43,0,0.0
2024-01-01 00:01:24,84,Normal,DER_Controller,34,0.216,0.6131,0.1533,39.73,9.34,78.4,116.0,34,0,0.0
2024-01-01 00:01:24,84,Normal,EV_Charger_1,26,0.3003,1.4378,0.4793,34.71,6.05,69.97,124.0,26,0,0.0
2024-01-01 00:01:24,84,Normal,EV_Charger_2,25,0.2964,0.8443,0.2814,29.19,4.96,70.36,125.0,25,0,0.0
2024-01-01 00:01:25,85,Normal,AMI_Meter,28,0.1375,0.2769,0.0923,29.36,4.91,86.25,122.0,28,0,0.0
2024-01-01 00:01:25,85,Normal,PMU_Sensor,56,0.3448,0.9791,0.3264,49.19,6.96,65.52,94.0,56,0,0.0
2024-01-01 00:01:25,85,Normal,DER_Controller,57,0.2746,1.8017,0.4504,39.93,9.47,72.54,93.0,57,0,0.0
2024-01-01 00:01:25,85,Normal,EV_Charger_1,26,0.3515,1.4125,0.4708,34.6,6.09,64.85,124.0,26,0,0.0
2024-01-01 00:01:25,85,Normal,EV_Charger_2,31,0.2437,0.3628,0.1209,29.21,4.94,75.63,119.0,31,0,0.0
2024-01-01 00:01:26,86,Normal,AMI_Meter,24,0.204,1.0774,0.3591,29.3,4.92,79.6,126.0,24,0,0.0
2024-01-01 00:01:26,86,Normal,PMU_Sensor,53,0.2958,0.5439,0.1813,49.23,6.93,70.42,97.0,53,0,0.0
2024-01-01 00:01:26,86,Normal,DER_Controller,38,0.2186,0.2025,0.0506,39.91,9.42,78.14,112.0,38,0,0.0
2024-01-01 00:01:26,86,Normal,EV_Charger_1,24,0.4161,1.7011,0.567,34.48,6.16,58.39,126.0,24,0,0.0
2024-01-01 00:01:26,86,Normal,EV_Charger_2,34,0.2666,0.96,0.32,29.26,4.93,73.34,116.0,34,0,0.0
2024-01-01 00:01:27,87,Normal,AMI_Meter,26,0.2093,0.6652,0.2217,29.26,4.9,79.07,124.0,26,0,0.0
2024-01-01 00:01:27,87,Normal,PMU_Sensor,45,0.2676,0.6055,0.2018,49.18,6.91,73.24,105.0,45,0,0.0
2024-01-01 00:01:27,87,Normal,DER_Controller,29,0.2354,1.1425,0.2856,39.78,9.44,76.46,121.0,29,0,0.0
2024-01-01 00:01:27,87,Normal,EV_Charger_1,31,0.3474,0.561,0.187,34.44,6.14,65.26,119.0,31,0,0.0
2024-01-01 00:01:27,87,Normal,EV_Charger_2,32,0.2417,0.5504,0.1835,29.3,4.91,75.83,118.0,32,0,0.0
2024-01-01 00:01:28,88,Normal,AMI_Meter,29,0.1518,0.053,0.0177,29.26,4.87,84.82,121.0,29,0,0.0
2024-01-01 00:01:28,88,Normal,PMU_Sensor,52,0.2279,0.4054,0.1351,49.21,6.87,77.21,98.0,52,0,0.0
2024-01-01 00:01:28,88,Normal,DER_Controller,43,0.1977,0.3386,0.0846,39.82,9.39,80.23,107.0,43,0,0.0
2024-01-01 00:01:28,88,Normal,EV_Charger_1,42,0.3646,1.2139,0.4046,34.53,6.16,63.54,108.0,42,0,0.0
2024-01-01 00:01:28,88,Normal,EV_Charger_2,28,0.1954,0.2621,0.0874,29.28,4.89,80.46,122.0,28,0,0.0
2024-01-01 00:01:29,89,Normal,AMI_Meter,22,0.2525,1.4627,0.4876,29.18,4.91,74.75,128.0,22,0,0.0
2024-01-01 00:01:29,89,Normal,PMU_Sensor,58,0.2855,1.2599,0.42,49.31,6.9,71.45,92.0,58,0,0.0
2024-01-01 00:01:29,89,Normal,DER_Controller,36,0.1735,0.4042,0.101,39.78,9.35,82.65,114.0,36,0,0.0
2024-01-01 00:01:29,89,Normal,EV_Charger_1,41,0.3591,1.0392,0.3464,34.6,6.16,64.09,109.0,41,0,0.0
2024-01-01 00:01:29,89,Normal,EV_Charger_2,31,0.1717,0.3496,0.1165,29.3,4.86,82.83,119.0,31,0,0.0
2024-01-01 00:01:30,90,Normal,AMI_Meter,29,0.1804,0.036,0.012,29.18,4.88,81.96,121.0,29,0,0.0
2024-01-01 00:01:30,90,Normal,PMU_Sensor,52,0.2386,0.3874,0.1291,49.34,6.86,76.14,98.0,52,0,0.0
2024-01-01 00:01:30,90,Normal,DER_Controller,59,0.2551,1.9989,0.4997,39.99,9.51,74.49,91.0,59,0,0.0
2024-01-01 00:01:30,90,Normal,EV_Charger_1,47,0.4473,1.9588,0.6529,34.74,6.26,55.27,103.0,47,0,0.0
2024-01-01 00:01:30,90,Normal,EV_Charger_2,30,0.1345,0.1431,0.0477,29.31,4.84,86.55,120.0,30,0,0.0
2024-01-01 00:01:31,91,Normal,AMI_Meter,30,0.1431,0.168,0.056,29.18,4.85,85.69,120.0,30,0,0.0
2024-01-01 00:01:31,91,Normal,PMU_Sensor,58,0.2914,1.2439,0.4146,49.43,6.89,70.86,92.0,58,0,0.0
2024-01-01 00:01:31,91,Normal,DER_Controller,31,0.2498,0.9355,0.2339,39.89,9.5,75.02,119.0,31,0,0.0
2024-01-01 00:01:31,91,Normal,EV_Charger_1,36,0.3332,0.2007,0.0669,34.75,6.23,66.68,114.0,36,0,0.0
2024-01-01 00:01:31,91,Normal,EV_Charger_2,29,0.1005,0.0633,0.0211,29.3,4.81,89.95,121.0,29,0,0.0
2024-01-01 00:01:32,92,Normal,AMI_Meter,31,0.1373,0.3717,0.1239,29.2,4.83,86.27,119.0,31,0,0.0
2024-01-01 00:01:32,92,Normal,PMU_Sensor,43,0.2965,0.9251,0.3084,49.37,6.88,70.35,107.0,43,0,0.0
2024-01-01 00:01:32,92,Normal,DER_Controller,24,0.2897,1.6383,0.4096,39.72,9.6,71.03,126.0,24,0,0.0
2024-01-01 00:01:32,92,Normal,EV_Charger_1,22,0.4324,1.9916,0.6639,34.61,6.33,56.76,128.0,22,0,0.0
2024-01-01 00:01:32,92,Normal,EV_Charger_2,24,0.1793,1.0897,0.3632,29.25,4.82,82.07,126.0,24,0,0.0
2024-01-01 00:01:33,93,Normal,AMI_Meter,27,0.1415,0.4534,0.1511,29.18,4.81,85.85,123.0,27,0,0.0
2024-01-01 00:01:33,93,Normal,PMU_Sensor,47,0.2417,0.3418,0.1139,49.34,6.85,75.83,103.0,47,0,0.0
2024-01-01 00:01:33,93,Normal,DER_Controller,59,0.3396,1.9566,0.4892,39.93,9.75,66.04,91.0,59,0,0.0
2024-01-01 00:01:33,93,Normal,EV_Charger_1,41,0.4024,0.9977,0.3326,34.68,6.33,59.76,109.0,41,0,0.0
2024-01-01 00:01:33,93,Normal,EV_Charger_2,25,0.2129,0.8737,0.2912,29.2,4.81,78.71,125.0,25,0,0.0
2024-01-01 00:01:34,94,Normal,AMI_Meter,31,0.1366,0.3759,0.1253,29.2,4.79,86.34,119.0,31,0,0.0
2024-01-01 00:01:34,94,Normal,PMU_Sensor,46,0.2177,0.4846,0.1615,49.31,6.82,78.23,104.0,46,0,0.0
2024-01-01 00:01:34,94,Normal,DER_Controller,37,0.2733,0.2984,0.0746,39.89,9.7,72.67,113.0,37,0,0.0
2024-01-01 00:01:34,94,Normal,EV_Charger_1,36,0.3024,0.2071,0.069,34.69,6.3,69.76,114.0,36,0,0.0
2024-01-01 00:01:34,94,Normal,EV_Charger_2,33,0.2273,0.783,0.261,29.24,4.8,77.27,117.0,33,0,0.0
2024-01-01 00:01:35,95,Normal,AMI_Meter,28,0.1206,0.2492,0.0831,29.19,4.76,87.94,122.0,28,0,0.0
2024-01-01 00:01:35,95,Normal,PMU_Sensor,58,0.2781,1.2576,0.4192,49.4,6.84,72.19,92.0,58,0,0.0
2024-01-01 00:01:35,95,Normal,DER_Controller,28,0.2806,1.2102,0.3026,39.77,9.73,71.94,122.0,28,0,0.0
2024-01-01 00:01:35,95,Normal,EV_Charger_1,35,0.2165,0.0482,0.0161,34.7,6.27,78.35,115.0,35,0,0.0
2024-01-01 00:01:35,95,Normal,EV_Charger_2,42,0.4142,2.5512,0.8504,29.37,4.95,58.58,108.0,42,0,0.0
2024-01-01 00:01:36,96,Normal,AMI_Meter,31,0.1222,0.3782,0.1261,29.21,4.74,87.78,119.0,31,0,0.0
2024-01-01 00:01:36,96,Normal,PMU_Sensor,61,0.361,1.6627,0.5542,49.52,6.91,63.9,89.0,61,0,0.0
2024-01-01 00:01:36,96,Normal,DER_Controller,40,0.2119,0.0234,0.0059,39.77,9.68,78.81,110.0,40,0,0.0
2024-01-01 00:01:36,96,Normal,EV_Charger_1,38,0.2039,0.5234,0.1745,34.73,6.24,79.61,112.0,38,0,0.0
2024-01-01 00:01:36,96,Normal,EV_Charger_2,29,0.2975,0.0754,0.0251,29.37,4.92,70.25,121.0,29,0,0.0
2024-01-01 00:01:37,97,Normal,AMI_Meter,29,0.0899,0.0432,0.0144,29.2,4.72,91.01,121.0,29,0,0.0
2024-01-01 00:01:37,97,Normal,PMU_Sensor,43,0.3461,0.9342,0.3114,49.45,6.9,65.39,107.0,43,0,0.0
2024-01-01 00:01:37,97,Normal,DER_Controller,44,0.1861,0.4342,0.1086,39.82,9.63,81.39,106.0,44,0,0.0
2024-01-01 00:01:37,97,Normal,EV_Charger_1,29,0.2337,0.9094,0.3031,34.67,6.24,76.63,121.0,29,0,0.0
2024-01-01 00:01:37,97,Normal,EV_Charger_2,33,0.2814,0.7313,0.2438,29.41,4.91,71.86,117.0,33,0,0.0
2024-01-01 00:01:38,98,Normal,AMI_Meter,35,0.1842,1.2128,0.4043,29.26,4.73,81.58,115.0,35,0,0.0
2024-01-01 00:01:38,98,Normal,PMU_Sensor,52,0.279,0.3674,0.1225,49.47,6.87,72.1,98.0,52,0,0.0
2024-01-01 00:01:38,98,Normal,DER_Controller,37,0.1577,0.2907,0.0727,39.79,9.59,84.23,113.0,37,0,0.0
2024-01-01 00:01:38,98,Normal,EV_Charger_1,37,0.2006,0.3708,0.1236,34.7,6.21,79.94,113.0,37,0,0.0
2024-01-01 00:01:38,98,Normal,EV_Charger_2,28,0.2255,0.2852,0.0951,29.39,4.89,77.45,122.0,28,0,0.0
2024-01-01 00:01:39,99,Normal,AMI_Meter,34,0.2281,0.9914,0.3305,29.31,4.73,77.19,116.0,34,0,0.0
2024-01-01 00:01:39,99,Normal,PMU_Sensor,35,0.4003,2.0503,0.6834,49.33,6.99,59.97,115.0,35,0,0.0
2024-01-01 00:01:39,99,Normal,DER_Controller,36,0.1429,0.3927,0.0982,39.75,9.55,85.71,114.0,36,0,0.0
2024-01-01 00:01:39,99,Normal,EV_Charger_1,23,0.3246,1.8411,0.6137,34.58,6.29,67.54,127.0,23,0,0.0
2024-01-01 00:01:39,99,Normal,EV_Charger_2,22,0.3066,1.488,0.496,29.32,4.92,69.34,128.0,22,0,0.0
2024-01-01 00:01:40,100,Normal,AMI_Meter,36,0.299,1.3934,0.4645,29.38,4.75,70.1,114.0,36,0,0.0
2024-01-01 00:01:40,100,Normal,PMU_Sensor,57,0.3888,1.0855,0.3618,49.41,7.0,61.12,93.0,57,0,0.0
2024-01-01 00:01:40,100,Normal,DER_Controller,32,0.1575,0.805,0.2012,39.67,9.53,84.25,118.0,32,0,0.0
2024-01-01 00:01:40,100,Normal,EV_Charger_1,25,0.377,1.4984,0.4995,34.49,6.33,62.3,125.0,25,0,0.0
2024-01-01 00:01:40,100,Normal,EV_Charger_2,15,0.4928,2.7812,0.9271,29.18,5.1,50.72,135.0,15,0,0.0
2024-01-01 00:01:41,101,Normal,AMI_Meter,27,0.259,0.4968,0.1656,29.35,4.74,74.1,123.0,27,0,0.0
2024-01-01 00:01:41,101,Normal,PMU_Sensor,69,0.5406,2.6848,0.8949,49.6,7.23,45.94,69.94,69,0,0.0
2024-01-01 00:01:41,101,Normal,DER_Controller,44,0.1463,0.4512,0.1128,39.72,9.49,85.37,106.0,44,0,0.0
2024-01-01 00:01:41,101,Normal,EV_Charger_1,31,0.3186,0.5471,0.1824,34.45,6.31,68.14,119.0,31,0,0.0
2024-01-01 00:01:41,101,Normal,EV_Charger_2,32,0.3999,0.55,0.1833,29.21,5.08,60.01,118.0,32,0,0.0
2024-01-01 00:01:42,102,Normal,AMI_Meter,22,0.334,1.5272,0.5091,29.28,4.77,66.6,128.0,22,0,0.0
2024-01-01 00:01:42,102,Normal,PMU_Sensor,47,0.4142,0.3576,0.1192,49.57,7.2,58.58,81.52,47,0,0.0
2024-01-01 00:01:42,102,Normal,DER_Controller,40,0.1116,0.0298,0.0075,39.72,9.45,88.84,110.0,40,0,0.0
2024-01-01 00:01:42,102,Normal,EV_Charger_1,34,0.2302,0.0711,0.0237,34.45,6.28,76.98,116.0,34,0,0.0
2024-01-01 00:01:42,102,Normal,EV_Charger_2,33,0.3541,0.7412,0.2471,29.24,5.07,64.59,117.0,33,0,0.0
2024-01-01 00:01:43,103,Normal,AMI_Meter,31,0.2696,0.3585,0.1195,29.3,4.75,73.04,119.0,31,0,0.0
2024-01-01 00:01:43,103,Normal,PMU_Sensor,55,0.3648,0.7486,0.2495,49.62,7.18,63.52,90.04,55,0,0.0
2024-01-01 00:01:43,103,Normal,DER_Controller,33,0.1278,0.706,0.1765,39.65,9.42,87.22,117.0,33,0,0.0
2024-01-01 00:01:43,103,Normal,EV_Charger_1,40,0.2488,0.8771,0.2924,34.5,6.27,75.12,110.0,40,0,0.0
2024-01-01 00:01:43,103,Normal,EV_Charger_2,38,0.4174,1.695,0.565,29.33,5.12,58.26,112.0,38,0,0.0
2024-01-01 00:01:44,104,Normal,AMI_Meter,25,0.2785,0.8975,0.2992,29.26,4.74,72.15,125.0,25,0,0.0
2024-01-01 00:01:44,104,Normal,PMU_Sensor,42,0.3605,1.0512,0.3504,49.55,7.18,63.95,108.0,42,0,0.0
2024-01-01 00:01:44,104,Normal,DER_Controller,53,0.1831,1.396,0.349,39.78,9.47,81.69,97.0,53,0,0.0
2024-01-01 00:01:44,104,Normal,EV_Charger_1,33,0.198,0.238,0.0793,34.49,6.24,80.2,117.0,33,0,0.0
2024-01-01 00:01:44,104,Normal,EV_Charger_2,37,0.4398,1.4766,0.4922,29.4,5.15,56.02,113.0,37,0,0.0
2024-01-01 00:01:45,105,Normal,AMI_Meter,27,0.2423,0.4731,0.1577,29.24,4.73,75.77,123.0,27,0,0.0
2024-01-01 00:01:45,105,Normal,PMU_Sensor,61,0.409,1.5671,0.5224,49.66,7.24,59.1,89.0,61,0,0.0
2024-01-01 00:01:45,105,Normal,DER_Controller,41,0.1453,0.1281,0.032,39.79,9.43,85.47,109.0,41,0,0.0
2024-01-01 00:01:45,105,Normal,EV_Charger_1,36,0.1627,0.2414,0.0805,34.5,6.21,83.73,114.0,36,0,0.0
2024-01-01 00:01:45,105,Normal,EV_Charger_2,37,0.4533,1.4546,0.4849,29.47,5.18,54.67,113.0,37,0,0.0
2024-01-01 00:01:46,106,Normal,AMI_Meter,28,0.1956,0.2602,0.0867,29.22,4.71,80.44,122.0,28,0,0.0
2024-01-01 00:01:46,106,Normal,PMU_Sensor,42,0.3912,1.0482,0.3494,49.59,7.24,60.88,107.88,42,0,0.0
2024-01-01 00:01:46,106,Normal,DER_Controller,35,0.1406,0.5055,0.1264,39.75,9.39,85.94,115.0,35,0,0.0
2024-01-01 00:01:46,106,Normal,EV_Charger_1,37,0.1539,0.4001,0.1334,34.52,6.19,84.61,113.0,37,0,0.0
2024-01-01 00:01:46,106,Normal,EV_Charger_2,22,0.4596,1.4231,0.4744,29.4,5.2,54.04,128.0,22,0,0.0
2024-01-01 00:01:47,107,Normal,AMI_Meter,33,0.2166,0.7964,0.2655,29.26,4.7,78.34,117.0,33,0,0.0
2024-01-01 00:01:47,107,Normal,PMU_Sensor,45,0.3368,0.6297,0.2099,49.55,7.22,66.32,105.0,45,0,0.0
2024-01-01 00:01:47,107,Normal,DER_Controller,51,0.1795,1.1847,0.2962,39.85,9.41,82.05,99.0,51,0,0.0
2024-01-01 00:01:47,107,Normal,EV_Charger_1,20,0.3355,2.2778,0.7593,34.39,6.32,66.45,130.0,20,0,0.0
2024-01-01 00:01:47,107,Normal,EV_Charger_2,26,0.3867,0.6497,0.2166,29.37,5.19,61.33,124.0,26,0,0.0
2024-01-01 00:01:48,108,Normal,AMI_Meter,21,0.3242,1.7258,0.5753,29.18,4.74,67.58,129.0,21,0,0.0
2024-01-01 00:01:48,108,Normal,PMU_Sensor,43,0.3257,0.8992,0.2997,49.49,7.21,67.43,107.0,43,0,0.0
2024-01-01 00:01:48,108,Normal,DER_Controller,42,0.1488,0.2272,0.0568,39.87,9.37,85.12,108.0,42,0,0.0
2024-01-01 00:01:48,108,Normal,EV_Charger_1,33,0.2568,0.2188,0.0729,34.38,6.29,74.32,117.0,33,0,0.0
2024-01-01 00:01:48,108,Normal,EV_Charger_2,28,0.297,0.2629,0.0876,29.36,5.16,70.3,122.0,28,0,0.0
2024-01-01 00:01:49,109,Normal,AMI_Meter,29,0.2308,0.0385,0.0128,29.18,4.72,76.92,121.0,29,0,0.0
2024-01-01 00:01:49,109,Normal,PMU_Sensor,51,0.2489,0.2089,0.0696,49.5,7.18,75.11,99.0,51,0,0.0
2024-01-01 00:01:49,109,Normal,DER_Controller,29,0.1834,1.1481,0.287,39.77,9.38,81.66,121.0,29,0,0.0
2024-01-01 00:01:49,109,Normal,EV_Charger_1,39,0.2527,0.7301,0.2434,34.42,6.28,74.73,111.0,39,0,0.0
2024-01-01 00:01:49,109,Normal,EV_Charger_2,33,0.2779,0.7004,0.2335,29.39,5.15,72.21,117.0,33,0,0.0
2024-01-01 00:01:50,110,Normal,AMI_Meter,31,0.1999,0.3832,0.1277,29.2,4.7,80.01,119.0,31,0,0.0
2024-01-01 00:01:50,110,Normal,PMU_Sensor,54,0.2365,0.6227,0.2076,49.54,7.16,76.35,96.0,54,0,0.0
2024-01-01 00:01:50,110,Normal,DER_Controller,42,0.1523,0.2362,0.0591,39.79,9.34,84.77,108.0,42,0,0.0
2024-01-01 00:01:50,110,Normal,EV_Charger_1,47,0.373,1.9604,0.6535,34.53,6.36,62.7,103.0,47,0,0.0
2024-01-01 00:01:50,110,Normal,EV_Charger_2,29,0.2021,0.0755,0.0252,29.39,5.13,79.79,121.0,29,0,0.0
2024-01-01 00:01:51,111,Normal,AMI_Meter,28,0.1653,0.2536,0.0845,29.19,4.68,83.47,122.0,28,0,0.0
2024-01-01 00:01:51,111,Normal,PMU_Sensor,43,0.2561,0.9058,0.3019,49.48,7.16,74.39,107.0,43,0,0.0
2024-01-01 00:01:51,111,Normal,DER_Controller,29,0.1857,1.1432,0.2858,39.7,9.36,81.43,121.0,29,0,0.0
2024-01-01 00:01:51,111,Normal,EV_Charger_1,27,0.3782,1.1716,0.3905,34.46,6.37,62.18,123.0,27,0,0.0
2024-01-01 00:01:51,111,Normal,EV_Charger_2,25,0.2263,0.8487,0.2829,29.35,5.12,77.37,125.0,25,0,0.0
2024-01-01 00:01:52,112,Normal,AMI_Meter,29,0.1197,0.0399,0.0133,29.19,4.66,88.03,121.0,29,0,0.0
2024-01-01 00:01:52,112,Normal,PMU_Sensor,52,0.2143,0.3501,0.1167,49.5,7.13,78.57,98.0,52,0,0.0
2024-01-01 00:01:52,112,Normal,DER_Controller,40,0.1413,0.0323,0.0081,39.7,9.31,85.87,110.0,40,0,0.0
2024-01-01 00:01:52,112,Normal,EV_Charger_1,30,0.3344,0.6961,0.232,34.42,6.36,66.56,120.0,30,0,0.0
2024-01-01 00:01:52,112,Normal,EV_Charger_2,34,0.2485,0.9007,0.3002,29.39,5.12,75.15,116.0,34,0,0.0
2024-01-01 00:01:53,113,Normal,AMI_Meter,33,0.165,0.8124,0.2708,29.22,4.65,83.5,117.0,33,0,0.0
2024-01-01 00:01:53,113,Normal,PMU_Sensor,48,0.171,0.2101,0.07,49.49,7.1,82.9,102.0,48,0,0.0
2024-01-01 00:01:53,113,Normal,DER_Controller,33,0.1506,0.7144,0.1786,39.64,9.29,84.94,117.0,33,0,0.0
2024-01-01 00:01:53,113,Normal,EV_Charger_1,38,0.29,0.5592,0.1864,34.46,6.34,71.0,112.0,38,0,0.0
2024-01-01 00:01:53,113,Normal,EV_Charger_2,30,0.1858,0.1188,0.0396,29.39,5.1,81.42,120.0,30,0,0.0
2024-01-01 00:01:54,114,Normal,AMI_Meter,22,0.2684,1.5285,0.5095,29.16,4.68,73.16,128.0,22,0,0.0
2024-01-01 00:01:54,114,Normal,PMU_Sensor,49,0.1266,0.0689,0.023,49.49,7.07,87.34,101.0,49,0,0.0
2024-01-01 00:01:54,114,Normal,DER_Controller,42,0.1287,0.2527,0.0632,39.66,9.26,87.13,108.0,42,0,0.0
2024-01-01 00:01:54,114,Normal,EV_Charger_1,29,0.2884,0.8545,0.2848,34.41,6.33,71.16,121.0,29,0,0.0
2024-01-01 00:01:54,114,Normal,EV_Charger_2,30,0.1419,0.1182,0.0394,29.4,5.07,85.81,120.0,30,0,0.0
2024-01-01 00:01:55,115,Normal,AMI_Meter,22,0.3385,1.5067,0.5022,29.09,4.71,66.15,128.0,22,0,0.0
2024-01-01 00:01:55,115,Normal,PMU_Sensor,60,0.2353,1.4673,0.4891,49.58,7.1,76.47,90.0,60,0,0.0
2024-01-01 00:01:55,115,Normal,DER_Controller,52,0.1789,1.3172,0.3293,39.77,9.29,82.11,98.0,52,0,0.0
2024-01-01 00:01:55,115,Normal,EV_Charger_1,33,0.2241,0.2215,0.0738,34.4,6.3,77.59,117.0,33,0,0.0
2024-01-01 00:01:55,115,Normal,EV_Charger_2,31,0.1307,0.3138,0.1046,29.41,5.05,86.93,119.0,31,0,0.0
2024-01-01 00:01:56,116,Normal,AMI_Meter,17,0.4857,2.4878,0.8293,28.99,4.82,51.43,133.0,17,0,0.0
2024-01-01 00:01:56,116,Normal,PMU_Sensor,40,0.298,1.3322,0.4441,49.5,7.13,70.2,110.0,40,0,0.0
2024-01-01 00:01:56,116,Normal,DER_Controller,37,0.1527,0.2966,0.0741,39.74,9.25,84.73,113.0,37,0,0.0
2024-01-01 00:01:56,116,Normal,EV_Charger_1,28,0.2574,1.006,0.3353,34.34,6.3,74.26,122.0,28,0,0.0
2024-01-01 00:01:56,116,Normal,EV_Charger_2,33,0.162,0.705,0.235,29.44,5.04,83.8,117.0,33,0,0.0
2024-01-01 00:01:57,117,Normal,AMI_Meter,39,0.5431,2.0306,0.6769,29.08,4.89,45.69,111.0,39,0,0.0
2024-01-01 00:01:57,117,Normal,PMU_Sensor,40,0.3402,1.3167,0.4389,49.42,7.15,65.98,110.0,40,0,0.0
2024-01-01 00:01:57,117,Normal,DER_Controller,31,0.1731,0.9376,0.2344,39.67,9.25,82.69,119.0,31,0,0.0
2024-01-01 00:01:57,117,Normal,EV_Charger_1,36,0.2064,0.2618,0.0873,34.36,6.28,79.36,114.0,36,0,0.0
2024-01-01 00:01:57,117,Normal,EV_Charger_2,38,0.2803,1.6688,0.5563,29.52,5.08,71.97,112.0,38,0,0.0
2024-01-01 00:01:58,118,Normal,AMI_Meter,23,0.5032,1.2301,0.41,29.03,4.9,49.68,127.0,23,0,0.0
2024-01-01 00:01:58,118,Normal,PMU_Sensor,51,0.2602,0.2206,0.0735,49.43,7.12,73.98,99.0,51,0,0.0
2024-01-01 00:01:58,118,Normal,DER_Controller,58,0.2512,1.9422,0.4855,39.82,9.36,74.88,92.0,58,0,0.0
2024-01-01 00:01:58,118,Normal,EV_Charger_1,25,0.2915,1.47,0.49,34.28,6.31,70.85,125.0,25,0,0.0
2024-01-01 00:01:58,118,Normal,EV_Charger_2,23,0.323,1.2678,0.4226,29.46,5.1,67.7,127.0,23,0,0.0
2024-01-01 00:01:59,119,Normal,AMI_Meter,27,0.3934,0.4115,0.1372,29.01,4.88,60.66,123.0,27,0,0.0
2024-01-01 00:01:59,119,Normal,PMU_Sensor,45,0.244,0.6182,0.2061,49.39,7.1,75.6,105.0,45,0,0.0
2024-01-01 00:01:59,119,Normal,DER_Controller,48,0.2426,0.8673,0.2168,39.89,9.35,75.74,102.0,48,0,0.0
2024-01-01 00:01:59,119,Normal,EV_Charger_1,36,0.2312,0.2717,0.0906,34.29,6.29,76.88,114.0,36,0,0.0
2024-01-01 00:01:59,119,Normal,EV_Charger_2,21,0.3895,1.6345,0.5448,29.39,5.13,61.05,129.0,21,0,0.0
2024-01-01 00:02:00,120,Normal,AMI_Meter,32,0.3363,0.6095,0.2032,29.03,4.87,66.37,118.0,32,0,0.0
2024-01-01 00:02:00,120,Normal,PMU_Sensor,45,0.2323,0.6147,0.2049,49.36,7.09,76.77,105.0,45,0,0.0
2024-01-01 00:02:00,120,Normal,DER_Controller,52,0.262,1.2809,0.3202,39.99,9.38,73.8,98.0,52,0,0.0
2024-01-01 00:02:00,120,Normal,EV_Charger_1,31,0.2139,0.5209,0.1736,34.26,6.27,78.61,119.0,31,0,0.0
2024-01-01 00:02:00,120,Normal,EV_Charger_2,26,0.3383,0.6567,0.2189,29.36,5.12,66.17,124.0,26,0,0.0
2024-01-01 00:02:01,121,Normal,AMI_Meter,32,0.296,0.606,0.202,29.06,4.86,70.4,118.0,32,0,0.0
2024-01-01 00:02:01,121,Normal,PMU_Sensor,56,0.2557,0.9306,0.3102,49.41,7.08,74.43,94.0,56,0,0.0
2024-01-01 00:02:01,121,Normal,DER_Controller,44,0.2231,0.4255,0.1064,40.02,9.34,77.69,106.0,44,0,0.0
2024-01-01 00:02:01,121,Normal,EV_Charger_1,24,0.3111,1.6133,0.5378,34.18,6.31,68.89,126.0,24,0,0.0
2024-01-01 00:02:01,121,Normal,EV_Charger_2,32,0.2881,0.5121,0.1707,29.39,5.11,71.19,118.0,32,0,0.0
2024-01-01 00:02:02,122,Normal,AMI_Meter,24,0.3105,1.0328,0.3443,29.02,4.86,68.95,126.0,24,0,0.0
2024-01-01 00:02:02,122,Normal,PMU_Sensor,51,0.2013,0.2236,0.0745,49.42,7.05,79.87,99.0,51,0,0.0
2024-01-01 00:02:02,122,Normal,DER_Controller,25,0.2664,1.5849,0.3962,39.9,9.4,73.36,125.0,25,0,0.0
2024-01-01 00:02:02,122,Normal,EV_Charger_1,37,0.2622,0.4447,0.1482,34.2,6.29,73.78,113.0,37,0,0.0
2024-01-01 00:02:02,122,Normal,EV_Charger_2,25,0.2869,0.8528,0.2843,29.35,5.1,71.31,125.0,25,0,0.0
2024-01-01 00:02:03,123,Normal,AMI_Meter,23,0.34,1.2261,0.4087,28.97,4.87,66.0,127.0,23,0,0.0
2024-01-01 00:02:03,123,Normal,PMU_Sensor,55,0.2195,0.7855,0.2618,49.47,7.04,78.05,95.0,55,0,0.0
2024-01-01 00:02:03,123,Normal,DER_Controller,42,0.2137,0.2221,0.0555,39.92,9.37,78.63,108.0,42,0,0.0
2024-01-01 00:02:03,123,Normal,EV_Charger_1,31,0.2342,0.5067,0.1689,34.18,6.27,76.58,119.0,31,0,0.0
2024-01-01 00:02:03,123,Normal,EV_Charger_2,37,0.3489,1.4804,0.4935,29.41,5.13,65.11,113.0,37,0,0.0
2024-01-01 00:02:04,124,Normal,AMI_Meter,27,0.2782,0.4024,0.1341,28.95,4.85,72.18,123.0,27,0,0.0
2024-01-01 00:02:04,124,Normal,PMU_Sensor,50,0.1612,0.0753,0.0251,49.47,7.01,83.88,100.0,50,0,0.0
2024-01-01 00:02:04,124,Normal,DER_Controller,42,0.1741,0.2212,0.0553,39.94,9.33,82.59,108.0,42,0,0.0
2024-01-01 00:02:04,124,Normal,EV_Charger_1,31,0.2144,0.5042,0.1681,34.15,6.25,78.56,119.0,31,0,0.0
2024-01-01 00:02:04,124,Normal,EV_Charger_2,32,0.2945,0.5025,0.1675,29.43,5.11,70.55,118.0,32,0,0.0
2024-01-01 00:02:05,125,Normal,AMI_Meter,27,0.2348,0.4006,0.1335,28.94,4.83,76.52,123.0,27,0,0.0
2024-01-01 00:02:05,125,Normal,PMU_Sensor,46,0.1621,0.4925,0.1642,49.44,6.99,83.79,104.0,46,0,0.0
2024-01-01 00:02:05,125,Normal,DER_Controller,53,0.217,1.3838,0.3459,40.04,9.37,78.3,97.0,53,0,0.0
2024-01-01 00:02:05,125,Normal,EV_Charger_1,28,0.2477,0.9764,0.3255,34.1,6.25,75.23,122.0,28,0,0.0
2024-01-01 00:02:05,125,Normal,EV_Charger_2,17,0.4429,2.3676,0.7892,29.33,5.21,55.71,133.0,17,0,0.0
2024-01-01 00:02:06,126,Normal,AMI_Meter,38,0.3486,1.8419,0.614,29.01,4.88,65.14,112.0,38,0,0.0
2024-01-01 00:02:06,126,Normal,PMU_Sensor,70,0.3967,2.8324,0.9441,49.61,7.2,60.33,80.0,70,0,0.0
2024-01-01 00:02:06,126,Normal,DER_Controller,35,0.1962,0.5354,0.1338,40.0,9.34,80.38,115.0,35,0,0.0
2024-01-01 00:02:06,126,Normal,EV_Charger_1,23,0.3482,1.7477,0.5826,34.02,6.3,65.18,127.0,23,0,0.0
2024-01-01 00:02:06,126,Normal,EV_Charger_2,28,0.3355,0.2549,0.085,29.32,5.19,66.45,122.0,28,0,0.0
2024-01-01 00:02:07,127,Normal,AMI_Meter,28,0.2645,0.2056,0.0685,29.0,4.86,73.55,122.0,28,0,0.0
2024-01-01 00:02:07,127,Normal,PMU_Sensor,48,0.2999,0.2222,0.0741,49.59,7.17,70.01,102.0,48,0,0.0
2024-01-01 00:02:07,127,Normal,DER_Controller,28,0.2267,1.2717,0.3179,39.91,9.36,77.33,122.0,28,0,0.0
2024-01-01 00:02:07,127,Normal,EV_Charger_1,38,0.3066,0.6287,0.2096,34.05,6.29,69.34,112.0,38,0,0.0
2024-01-01 00:02:07,127,Normal,EV_Charger_2,32,0.2862,0.5133,0.1711,29.34,5.17,71.38,118.0,32,0,0.0
2024-01-01 00:02:08,128,Normal,AMI_Meter,22,0.3274,1.4223,0.4741,28.95,4.88,67.26,128.0,22,0,0.0
2024-01-01 00:02:08,128,Normal,PMU_Sensor,55,0.2848,0.7491,0.2497,49.64,7.16,71.52,95.0,55,0,0.0
2024-01-01 00:02:08,128,Normal,DER_Controller,60,0.3013,2.1004,0.5251,40.06,9.49,69.87,90.0,60,0,0.0
2024-01-01 00:02:08,128,Normal,EV_Charger_1,36,0.2455,0.3093,0.1031,34.06,6.27,75.45,114.0,36,0,0.0
2024-01-01 00:02:08,128,Normal,EV_Charger_2,28,0.2262,0.2586,0.0862,29.33,5.16,77.38,122.0,28,0,0.0
2024-01-01 00:02:09,129,Normal,AMI_Meter,29,0.2303,0.0111,0.0037,28.95,4.86,76.97,121.0,29,0,0.0
2024-01-01 00:02:09,129,Normal,PMU_Sensor,54,0.26,0.6063,0.2021,49.67,7.14,74.0,96.0,54,0,0.0
2024-01-01 00:02:09,129,Normal,DER_Controller,22,0.3428,1.8695,0.4674,39.92,9.59,65.72,128.0,22,0,0.0
2024-01-01 00:02:09,129,Normal,EV_Charger_1,35,0.1868,0.1491,0.0497,34.07,6.24,81.32,115.0,35,0,0.0
2024-01-01 00:02:09,129,Normal,EV_Charger_2,28,0.1841,0.2575,0.0858,29.32,5.14,81.59,122.0,28,0,0.0
2024-01-01 00:02:10,130,Normal,AMI_Meter,39,0.3638,2.0259,0.6753,29.02,4.92,63.62,111.0,39,0,0.0
2024-01-01 00:02:10,130,Normal,PMU_Sensor,48,0.2053,0.2327,0.0776,49.66,7.12,79.47,102.0,48,0,0.0
2024-01-01 00:02:10,130,Normal,DER_Controller,56,0.3604,1.6528,0.4132,40.05,9.65,63.96,94.0,56,0,0.0
2024-01-01 00:02:10,130,Normal,EV_Charger_1,28,0.2273,0.9651,0.3217,34.02,6.24,77.27,122.0,28,0,0.0
2024-01-01 00:02:10,130,Normal,EV_Charger_2,32,0.1807,0.5186,0.1729,29.34,5.12,81.93,118.0,32,0,0.0
2024-01-01 00:02:11,131,Normal,AMI_Meter,31,0.2946,0.3997,0.1332,29.04,4.91,70.54,119.0,31,0,0.0
2024-01-01 00:02:11,131,Normal,PMU_Sensor,43,0.2366,0.9286,0.3095,49.61,7.11,76.34,107.0,43,0,0.0
2024-01-01 00:02:11,131,Normal,DER_Controller,41,0.2765,0.0985,0.0246,40.05,9.62,72.35,109.0,41,0,0.0
2024-01-01 00:02:11,131,Normal,EV_Charger_1,42,0.2856,1.2656,0.4219,34.08,6.26,71.44,108.0,42,0,0.0
2024-01-01 00:02:11,131,Normal,EV_Charger_2,28,0.1526,0.2612,0.0871,29.33,5.1,84.74,122.0,28,0,0.0
2024-01-01 00:02:12,132,Normal,AMI_Meter,21,0.3677,1.615,0.5383,28.98,4.94,63.23,129.0,21,0,0.0
2024-01-01 00:02:12,132,Normal,PMU_Sensor,49,0.1741,0.0849,0.0283,49.6,7.09,82.59,101.0,49,0,0.0
2024-01-01 00:02:12,132,Normal,DER_Controller,30,0.2722,1.0372,0.2593,39.98,9.62,72.78,120.0,30,0,0.0
2024-01-01 00:02:12,132,Normal,EV_Charger_1,32,0.2331,0.3317,0.1106,34.07,6.23,76.69,118.0,32,0,0.0
2024-01-01 00:02:12,132,Normal,EV_Charger_2,29,0.1133,0.0651,0.0217,29.33,5.09,88.67,121.0,29,0,0.0
2024-01-01 00:02:13,133,Normal,AMI_Meter,21,0.4168,1.5934,0.5311,28.92,4.97,58.32,129.0,21,0,0.0
2024-01-01 00:02:13,133,Normal,PMU_Sensor,37,0.2969,1.7508,0.5836,49.51,7.14,70.31,113.0,37,0,0.0
2024-01-01 00:02:13,133,Normal,DER_Controller,44,0.2301,0.4163,0.1041,40.01,9.59,76.99,106.0,44,0,0.0
2024-01-01 00:02:13,133,Normal,EV_Charger_1,31,0.2122,0.4898,0.1633,34.04,6.22,78.78,119.0,31,0,0.0
2024-01-01 00:02:13,133,Normal,EV_Charger_2,17,0.3158,2.3641,0.788,29.24,5.18,68.42,133.0,17,0,0.0
2024-01-01 00:02:14,134,Normal,AMI_Meter,33,0.3734,0.8164,0.2721,28.95,4.96,62.66,117.0,33,0,0.0
2024-01-01 00:02:14,134,Normal,PMU_Sensor,52,0.2426,0.3475,0.1158,49.53,7.12,75.74,98.0,52,0,0.0
2024-01-01 00:02:14,134,Normal,DER_Controller,32,0.2245,0.8298,0.2074,39.95,9.58,77.55,118.0,32,0,0.0
2024-01-01 00:02:14,134,Normal,EV_Charger_1,27,0.2609,1.1237,0.3746,33.99,6.22,73.91,123.0,27,0,0.0
2024-01-01 00:02:14,134,Normal,EV_Charger_2,34,0.3124,0.9134,0.3045,29.27,5.17,68.76,116.0,34,0,0.0
2024-01-01 00:02:15,135,Normal,AMI_Meter,31,0.3025,0.4117,0.1372,28.96,4.95,69.75,119.0,31,0,0.0
2024-01-01 00:02:15,135,Normal,PMU_Sensor,69,0.4351,2.6525,0.8842,49.67,7.29,56.49,81.0,69,0,0.0
2024-01-01 00:02:15,135,Normal,DER_Controller,44,0.1947,0.4212,0.1053,39.98,9.55,80.53,106.0,44,0,0.0
2024-01-01 00:02:15,135,Normal,EV_Charger_1,37,0.2307,0.4811,0.1604,34.01,6.21,76.93,113.0,37,0,0.0
2024-01-01 00:02:15,135,Normal,EV_Charger_2,29,0.2239,0.0528,0.0176,29.27,5.15,77.61,121.0,29,0,0.0
2024-01-01 00:02:16,136,Normal,AMI_Meter,34,0.3128,1.0105,0.3368,29.0,4.95,68.72,116.0,34,0,0.0
2024-01-01 00:02:16,136,Normal,PMU_Sensor,55,0.3773,0.7274,0.2425,49.71,7.28,62.27,88.27,55,0,0.0
2024-01-01 00:02:16,136,Normal,DER_Controller,52,0.224,1.2471,0.3118,40.07,9.57,77.6,98.0,52,0,0.0
2024-01-01 00:02:16,136,Normal,EV_Charger_1,31,0.2099,0.4837,0.1612,33.99,6.19,79.01,119.0,31,0,0.0
2024-01-01 00:02:16,136,Normal,EV_Charger_2,27,0.2006,0.4389,0.1463,29.26,5.14,79.94,123.0,27,0,0.0
2024-01-01 00:02:17,137,Normal,AMI_Meter,27,0.2592,0.4025,0.1342,28.99,4.93,74.08,123.0,27,0,0.0
2024-01-01 00:02:17,137,Normal,PMU_Sensor,56,0.35,0.8594,0.2865,49.75,7.27,65.0,94.0,56,0,0.0
2024-01-01 00:02:17,137,Normal,DER_Controller,54,0.2579,1.4398,0.3599,40.17,9.61,74.21,96.0,54,0,0.0
2024-01-01 00:02:17,137,Normal,EV_Charger_1,32,0.179,0.3208,0.1069,33.98,6.17,82.1,118.0,32,0,0.0
2024-01-01 00:02:17,137,Normal,EV_Charger_2,27,0.1841,0.437,0.1457,29.24,5.12,81.59,123.0,27,0,0.0
2024-01-01 00:02:18,138,Normal,AMI_Meter,31,0.2221,0.4067,0.1356,29.0,4.92,77.79,119.0,31,0,0.0
2024-01-01 00:02:18,138,Normal,PMU_Sensor,48,0.2691,0.2404,0.0801,49.74,7.24,73.09,102.0,48,0,0.0
2024-01-01 00:02:18,138,Normal,DER_Controller,49,0.2505,0.9133,0.2283,40.23,9.6,74.95,101.0,49,0,0.0
2024-01-01 00:02:18,138,Normal,EV_Charger_1,21,0.3317,2.064,0.688,33.88,6.24,66.83,129.0,21,0,0.0
2024-01-01 00:02:18,138,Normal,EV_Charger_2,25,0.2111,0.8223,0.2741,29.21,5.12,78.89,125.0,25,0,0.0
2024-01-01 00:02:19,139,Normal,AMI_Meter,26,0.2162,0.607,0.2023,28.98,4.91,78.38,124.0,26,0,0.0
2024-01-01 00:02:19,139,Normal,PMU_Sensor,31,0.4402,2.5182,0.8394,49.61,7.39,55.98,119.0,31,0,0.0
2024-01-01 00:02:19,139,Normal,DER_Controller,30,0.254,1.0573,0.2643,40.16,9.61,74.6,120.0,30,0,0.0
2024-01-01 00:02:19,139,Normal,EV_Charger_1,29,0.31,0.778,0.2593,33.85,6.23,69.0,121.0,29,0,0.0
2024-01-01 00:02:19,139,Normal,EV_Charger_2,28,0.1713,0.2353,0.0784,29.2,5.1,82.87,122.0,28,0,0.0
2024-01-01 00:02:20,140,Normal,AMI_Meter,35,0.273,1.2163,0.4054,29.02,4.92,72.7,115.0,35,0,0.0
2024-01-01 00:02:20,140,Normal,PMU_Sensor,48,0.3298,0.2167,0.0722,49.6,7.36,67.02,102.0,48,0,0.0
2024-01-01 00:02:20,140,Normal,DER_Controller,29,0.2625,1.1517,0.2879,40.08,9.62,73.75,121.0,29,0,0.0
2024-01-01 00:02:20,140,Normal,EV_Charger_1,34,0.2194,0.024,0.008,33.85,6.21,78.06,116.0,34,0,0.0
2024-01-01 00:02:20,140,Normal,EV_Charger_2,35,0.2327,1.1279,0.376,29.24,5.11,76.73,115.0,35,0,0.0
2024-01-01 00:02:21,141,Normal,AMI_Meter,25,0.2724,0.8133,0.2711,28.99,4.91,72.76,125.0,25,0,0.0
2024-01-01 00:02:21,141,Normal,PMU_Sensor,42,0.3332,1.024,0.3413,49.54,7.37,66.68,108.0,42,0,0.0
2024-01-01 00:02:21,141,Normal,DER_Controller,45,0.2287,0.5095,0.1274,40.11,9.59,77.13,105.0,45,0,0.0
2024-01-01 00:02:21,141,Normal,EV_Charger_1,33,0.1672,0.1365,0.0455,33.85,6.19,83.28,117.0,33,0,0.0
2024-01-01 00:02:21,141,Normal,EV_Charger_2,33,0.2361,0.7322,0.2441,29.27,5.1,76.39,117.0,33,0,0.0
2024-01-01 00:02:22,142,Normal,AMI_Meter,29,0.1908,0.0014,0.0005,28.99,4.89,80.92,121.0,29,0,0.0
2024-01-01 00:02:22,142,Normal,PMU_Sensor,55,0.307,0.737,0.2457,49.58,7.35,69.3,95.0,55,0,0.0
2024-01-01 00:02:22,142,Normal,DER_Controller,29,0.2433,1.1489,0.2872,40.03,9.6,75.67,121.0,29,0,0.0
2024-01-01 00:02:22,142,Normal,EV_Charger_1,34,0.1195,0.0249,0.0083,33.85,6.17,88.05,116.0,34,0,0.0
2024-01-01 00:02:22,142,Normal,EV_Charger_2,28,0.1901,0.2478,0.0826,29.26,5.08,80.99,122.0,28,0,0.0
2024-01-01 00:02:23,143,Normal,AMI_Meter,23,0.255,1.2144,0.4048,28.95,4.9,74.5,127.0,23,0,0.0
2024-01-01 00:02:23,143,Normal,PMU_Sensor,37,0.3836,1.6877,0.5626,49.49,7.4,61.64,113.0,37,0,0.0
2024-01-01 00:02:23,143,Normal,DER_Controller,46,0.2211,0.6181,0.1545,40.08,9.58,77.89,104.0,46,0,0.0
2024-01-01 00:02:23,143,Normal,EV_Charger_1,32,0.1135,0.2982,0.0994,33.83,6.15,88.65,118.0,32,0,0.0
2024-01-01 00:02:23,143,Normal,EV_Charger_2,24,0.2358,1.0276,0.3425,29.22,5.08,76.42,126.0,24,0,0.0
2024-01-01 00:02:24,144,Normal,AMI_Meter,29,0.1795,0.0099,0.0033,28.95,4.88,82.05,121.0,29,0,0.0
2024-01-01 00:02:24,144,Normal,PMU_Sensor,59,0.3958,1.2726,0.4242,49.56,7.42,60.42,91.0,59,0,0.0
2024-01-01 00:02:24,144,Normal,DER_Controller,17,0.3129,2.3527,0.5882,39.92,9.74,68.71,133.0,17,0,0.0
2024-01-01 00:02:24,144,Normal,EV_Charger_1,26,0.2057,1.2626,0.4209,33.78,6.16,79.43,124.0,26,0,0.0
2024-01-01 00:02:24,144,Normal,EV_Charger_2,25,0.2477,0.826,0.2753,29.19,5.08,75.23,125.0,25,0,0.0
2024-01-01 00:02:25,145,Normal,AMI_Meter,37,0.2884,1.6272,0.5424,29.01,4.91,71.16,113.0,37,0,0.0
2024-01-01 00:02:25,145,Normal,PMU_Sensor,52,0.3099,0.3278,0.1093,49.58,7.4,69.01,98.0,52,0,0.0
2024-01-01 00:02:25,145,Normal,DER_Controller,47,0.2799,0.7233,0.1808,39.97,9.72,72.01,103.0,47,0,0.0
2024-01-01 00:02:25,145,Normal,EV_Charger_1,28,0.2372,0.9319,0.3106,33.74,6.16,76.28,122.0,28,0,0.0
2024-01-01 00:02:25,145,Normal,EV_Charger_2,24,0.275,1.0159,0.3386,29.16,5.08,72.5,126.0,24,0,0.0
2024-01-01 00:02:26,146,Normal,AMI_Meter,32,0.2625,0.6065,0.2022,29.03,4.9,73.75,118.0,32,0,0.0
2024-01-01 00:02:26,146,Normal,PMU_Sensor,50,0.2226,0.0572,0.0191,49.58,7.37,77.74,100.0,50,0,0.0
2024-01-01 00:02:26,146,Normal,DER_Controller,45,0.2421,0.5154,0.1289,40.0,9.7,75.79,105.0,45,0,0.0
2024-01-01 00:02:26,146,Normal,EV_Charger_1,33,0.178,0.1197,0.0399,33.73,6.14,82.2,117.0,33,0,0.0
2024-01-01 00:02:26,146,Normal,EV_Charger_2,31,0.2286,0.3615,0.1205,29.17,5.06,77.14,119.0,31,0,0.0
2024-01-01 00:02:27,147,Normal,AMI_Meter,30,0.2035,0.1978,0.0659,29.03,4.89,79.65,120.0,30,0,0.0
2024-01-01 00:02:27,147,Normal,PMU_Sensor,56,0.2424,0.8661,0.2887,49.62,7.36,75.76,94.0,56,0,0.0
2024-01-01 00:02:27,147,Normal,DER_Controller,48,0.2328,0.82,0.205,40.05,9.69,76.72,102.0,48,0,0.0
2024-01-01 00:02:27,147,Normal,EV_Charger_1,25,0.2655,1.4086,0.4695,33.68,6.16,73.45,125.0,25,0,0.0
2024-01-01 00:02:27,147,Normal,EV_Charger_2,18,0.3764,2.1638,0.7213,29.09,5.13,62.36,132.0,18,0,0.0
2024-01-01 00:02:28,148,Normal,AMI_Meter,35,0.2636,1.211,0.4037,29.07,4.89,73.64,115.0,35,0,0.0
2024-01-01 00:02:28,148,Normal,PMU_Sensor,59,0.2959,1.2623,0.4208,49.68,7.38,70.41,91.0,59,0,0.0
2024-01-01 00:02:28,148,Normal,DER_Controller,29,0.2454,1.132,0.283,39.98,9.7,75.46,121.0,29,0,0.0
2024-01-01 00:02:28,148,Normal,EV_Charger_1,23,0.3568,1.7102,0.5701,33.6,6.2,64.32,127.0,23,0,0.0
2024-01-01 00:02:28,148,Normal,EV_Charger_2,30,0.2811,0.176,0.0587,29.1,5.11,71.89,120.0,30,0,0.0
2024-01-01 00:02:29,149,Normal,AMI_Meter,34,0.2845,0.9999,0.3333,29.11,4.89,71.55,116.0,34,0,0.0
2024-01-01 00:02:29,149,Normal,PMU_Sensor,64,0.3981,1.9094,0.6365,49.78,7.45,60.19,86.0,64,0,0.0
2024-01-01 00:02:29,149,Normal,DER_Controller,45,0.2163,0.5154,0.1289,40.01,9.68,78.37,105.0,45,0,0.0
2024-01-01 00:02:29,149,Normal,EV_Charger_1,32,0.2756,0.2578,0.0859,33.59,6.18,72.44,118.0,32,0,0.0
2024-01-01 00:02:29,149,Normal,EV_Charger_2,25,0.2766,0.798,0.266,29.07,5.1,72.34,125.0,25,0,0.0
2024-01-01 00:02:30,150,Normal,AMI_Meter,30,0.2173,0.1819,0.0606,29.11,4.88,78.27,120.0,30,0,0.0
2024-01-01 00:02:30,150,Normal,PMU_Sensor,47,0.3159,0.3719,0.124,49.76,7.43,68.41,103.0,47,0,0.0
2024-01-01 00:02:30,150,Normal,DER_Controller,29,0.2328,1.1297,0.2824,39.94,9.68,76.72,121.0,29,0,0.0
2024-01-01 00:02:30,150,Normal,EV_Charger_1,47,0.4058,2.1288,0.7096,33.68,6.26,59.42,103.0,47,0,0.0
2024-01-01 00:02:30,150,Normal,EV_Charger_2,38,0.3661,1.7256,0.5752,29.13,5.14,63.39,112.0,38,0,0.0
2024-01-01 00:02:31,151,Normal,AMI_Meter,35,0.2719,1.1972,0.3991,29.15,4.89,72.81,115.0,35,0,0.0
2024-01-01 00:02:31,151,Normal,PMU_Sensor,42,0.3249,1.038,0.346,49.71,7.43,67.51,108.0,42,0,0.0
2024-01-01 00:02:31,151,Normal,DER_Controller,48,0.2263,0.8276,0.2069,39.99,9.67,77.37,102.0,48,0,0.0
2024-01-01 00:02:31,151,Normal,EV_Charger_1,38,0.3527,0.6869,0.229,33.71,6.25,64.73,112.0,38,0,0.0
2024-01-01 00:02:31,151,Normal,EV_Charger_2,32,0.3119,0.5556,0.1852,29.15,5.13,68.81,118.0,32,0,0.0
2024-01-01 00:02:32,152,Normal,AMI_Meter,36,0.3291,1.3884,0.4628,29.2,4.9,67.09,114.0,36,0,0.0
2024-01-01 00:02:32,152,Normal,PMU_Sensor,55,0.2983,0.7086,0.2362,49.75,7.42,70.17,95.0,55,0,0.0
2024-01-01 00:02:32,152,Normal,DER_Controller,47,0.2148,0.7206,0.1802,40.04,9.66,78.52,103.0,47,0,0.0
2024-01-01 00:02:32,152,Normal,EV_Charger_1,38,0.3153,0.6836,0.2279,33.74,6.23,68.47,112.0,38,0,0.0
2024-01-01 00:02:32,152,Normal,EV_Charger_2,31,0.2542,0.3592,0.1197,29.16,5.11,74.58,119.0,31,0,0.0
2024-01-01 00:02:33,153,Normal,AMI_Meter,21,0.3956,1.6521,0.5507,29.14,4.93,60.44,129.0,21,0,0.0
2024-01-01 00:02:33,153,Normal,PMU_Sensor,50,0.2122,0.0343,0.0114,49.75,7.39,78.78,100.0,50,0,0.0
2024-01-01 00:02:33,153,Normal,DER_Controller,34,0.2,0.6224,0.1556,40.0,9.64,80.0,116.0,34,0,0.0
2024-01-01 00:02:33,153,Normal,EV_Charger_1,27,0.328,1.0733,0.3578,33.69,6.24,67.2,123.0,27,0,0.0
2024-01-01 00:02:33,153,Normal,EV_Charger_2,38,0.3486,1.7063,0.5688,29.22,5.15,65.14,112.0,38,0,0.0
2024-01-01 00:02:34,154,Normal,AMI_Meter,38,0.4542,1.7728,0.5909,29.2,4.96,54.58,112.0,38,0,0.0
2024-01-01 00:02:34,154,Normal,PMU_Sensor,60,0.286,1.3741,0.458,49.81,7.41,71.4,90.0,60,0,0.0
2024-01-01 00:02:34,154,Normal,DER_Controller,42,0.1629,0.2068,0.0517,40.01,9.61,83.71,108.0,42,0,0.0
2024-01-01 00:02:34,154,Normal,EV_Charger_1,43,0.3773,1.4764,0.4921,33.75,6.26,62.27,107.0,43,0,0.0
2024-01-01 00:02:34,154,Normal,EV_Charger_2,30,0.2591,0.1509,0.0503,29.23,5.13,74.09,120.0,30,0,0.0
2024-01-01 00:02:35,155,Normal,AMI_Meter,31,0.3541,0.3613,0.1204,29.21,4.95,64.59,119.0,31,0,0.0
2024-01-01 00:02:35,155,Normal,PMU_Sensor,41,0.3181,1.1796,0.3932,49.76,7.42,68.19,109.0,41,0,0.0
2024-01-01 00:02:35,155,Normal,DER_Controller,43,0.1415,0.3097,0.0774,40.03,9.58,85.85,107.0,43,0,0.0
2024-01-01 00:02:35,155,Normal,EV_Charger_1,35,0.2839,0.1982,0.0661,33.76,6.24,71.61,115.0,35,0,0.0
2024-01-01 00:02:35,155,Normal,EV_Charger_2,23,0.3018,1.2043,0.4014,29.19,5.14,69.82,127.0,23,0,0.0
2024-01-01 00:02:36,156,Normal,AMI_Meter,29,0.2521,0.0426,0.0142,29.21,4.93,74.79,121.0,29,0,0.0
2024-01-01 00:02:36,156,Normal,PMU_Sensor,49,0.2329,0.1016,0.0339,49.75,7.4,76.71,101.0,49,0,0.0
2024-01-01 00:02:36,156,Normal,DER_Controller,57,0.2154,1.7478,0.4369,40.14,9.65,78.46,93.0,57,0,0.0
2024-01-01 00:02:36,156,Normal,EV_Charger_1,40,0.298,0.9928,0.3309,33.8,6.24,70.2,110.0,40,0,0.0
2024-01-01 00:02:36,156,Normal,EV_Charger_2,30,0.2271,0.158,0.0527,29.19,5.12,77.29,120.0,30,0,0.0
2024-01-01 00:02:37,157,Normal,AMI_Meter,31,0.2126,0.3614,0.1205,29.22,4.92,78.74,119.0,31,0,0.0
2024-01-01 00:02:37,157,Normal,PMU_Sensor,50,0.1663,0.0335,0.0112,49.75,7.38,83.37,100.0,50,0,0.0
2024-01-01 00:02:37,157,Normal,DER_Controller,37,0.1818,0.3244,0.0811,40.12,9.62,81.82,113.0,37,0,0.0
2024-01-01 00:02:37,157,Normal,EV_Charger_1,28,0.301,0.9241,0.308,33.77,6.24,69.9,122.0,28,0,0.0
2024-01-01 00:02:37,157,Normal,EV_Charger_2,29,0.1627,0.0372,0.0124,29.19,5.1,83.73,121.0,29,0,0.0
2024-01-01 00:02:38,158,Normal,AMI_Meter,26,0.214,0.6518,0.2173,29.2,4.91,78.6,124.0,26,0,0.0
2024-01-01 00:02:38,158,Normal,PMU_Sensor,39,0.2608,1.4436,0.4812,49.69,7.4,73.92,111.0,39,0,0.0
2024-01-01 00:02:38,158,Normal,DER_Controller,45,0.1679,0.5053,0.1263,40.15,9.6,83.21,105.0,45,0,0.0
2024-01-01 00:02:38,158,Normal,EV_Charger_1,37,0.2623,0.5163,0.1721,33.79,6.23,73.77,113.0,37,0,0.0
2024-01-01 00:02:38,158,Normal,EV_Charger_2,21,0.2725,1.5866,0.5289,29.14,5.13,72.75,129.0,21,0,0.0
2024-01-01 00:02:39,159,Normal,AMI_Meter,29,0.1539,0.0408,0.0136,29.2,4.9,84.61,121.0,29,0,0.0
2024-01-01 00:02:39,159,Normal,PMU_Sensor,57,0.2808,0.9821,0.3274,49.73,7.4,71.92,93.0,57,0,0.0
2024-01-01 00:02:39,159,Normal,DER_Controller,50,0.1897,1.0198,0.2549,40.21,9.6,81.03,100.0,50,0,0.0
2024-01-01 00:02:39,159,Normal,EV_Charger_1,41,0.2987,1.1504,0.3835,33.83,6.23,70.13,109.0,41,0,0.0
2024-01-01 00:02:39,159,Normal,EV_Charger_2,30,0.2075,0.1674,0.0558,29.14,5.11,79.25,120.0,30,0,0.0
2024-01-01 00:02:40,160,Normal,AMI_Meter,25,0.193,0.8532,0.2844,29.17,4.89,80.7,125.0,25,0,0.0
2024-01-01 00:02:40,160,Normal,PMU_Sensor,41,0.3136,1.171,0.3903,49.68,7.41,68.64,109.0,41,0,0.0
2024-01-01 00:02:40,160,Normal,DER_Controller,43,0.1604,0.2895,0.0724,40.23,9.57,83.96,107.0,43,0,0.0
2024-01-01 00:02:40,160,Normal,EV_Charger_1,37,0.2597,0.5065,0.1688,33.85,6.22,74.03,113.0,37,0,0.0
2024-01-01 00:02:40,160,Normal,EV_Charger_2,36,0.2782,1.3292,0.4431,29.19,5.13,72.18,114.0,36,0,0.0
2024-01-01 00:02:41,161,Normal,AMI_Meter,35,0.2533,1.1821,0.394,29.21,4.9,74.67,115.0,35,0,0.0
2024-01-01 00:02:41,161,Normal,PMU_Sensor,48,0.2421,0.2256,0.0752,49.67,7.39,75.79,102.0,48,0,0.0
2024-01-01 00:02:41,161,Normal,DER_Controller,27,0.2059,1.37,0.3425,40.15,9.6,79.41,123.0,27,0,0.0
2024-01-01 00:02:41,161,Normal,EV_Charger_1,33,0.1955,0.1364,0.0455,33.85,6.2,80.45,117.0,33,0,0.0
2024-01-01 00:02:41,161,Normal,EV_Charger_2,31,0.23,0.3526,0.1175,29.2,5.11,77.0,119.0,31,0,0.0
2024-01-01 00:02:42,162,Normal,AMI_Meter,28,0.202,0.2462,0.0821,29.2,4.88,79.8,122.0,28,0,0.0
2024-01-01 00:02:42,162,Normal,PMU_Sensor,45,0.2324,0.6289,0.2096,49.64,7.37,76.76,105.0,45,0,0.0
2024-01-01 00:02:42,162,Normal,DER_Controller,42,0.1664,0.1924,0.0481,40.16,9.57,83.36,108.0,42,0,0.0
2024-01-01 00:02:42,162,Normal,EV_Charger_1,31,0.1826,0.4574,0.1525,33.83,6.18,81.74,119.0,31,0,0.0
2024-01-01 00:02:42,162,Normal,EV_Charger_2,26,0.2233,0.6228,0.2076,29.18,5.1,77.67,124.0,26,0,0.0
2024-01-01 00:02:43,163,Normal,AMI_Meter,31,0.178,0.3668,0.1223,29.21,4.87,82.2,119.0,31,0,0.0
2024-01-01 00:02:43,163,Normal,PMU_Sensor,46,0.2118,0.4915,0.1638,49.62,7.36,78.82,104.0,46,0,0.0
2024-01-01 00:02:43,163,Normal,DER_Controller,42,0.1368,0.1917,0.0479,40.17,9.54,86.32,108.0,42,0,0.0
2024-01-01 00:02:43,163,Normal,EV_Charger_1,36,0.1628,0.3501,0.1167,33.84,6.17,83.72,114.0,36,0,0.0
2024-01-01 00:02:43,163,Normal,EV_Charger_2,24,0.2571,1.0085,0.3362,29.15,5.1,74.29,126.0,24,0,0.0
2024-01-01 00:02:44,164,Normal,AMI_Meter,27,0.1699,0.4527,0.1509,29.2,4.86,83.01,123.0,27,0,0.0
2024-01-01 00:02:44,164,Normal,PMU_Sensor,61,0.3014,1.5316,0.5105,49.68,7.39,69.86,89.0,61,0,0.0
2024-01-01 00:02:44,164,Normal,DER_Controller,28,0.1817,1.2656,0.3164,40.1,9.56,81.83,122.0,28,0,0.0
2024-01-01 00:02:44,164,Normal,EV_Charger_1,22,0.3033,1.8934,0.6311,33.77,6.22,69.67,128.0,22,0,0.0
2024-01-01 00:02:44,164,Normal,EV_Charger_2,20,0.357,1.7697,0.5899,29.09,5.14,64.3,130.0,20,0,0.0
2024-01-01 00:02:45,165,Normal,AMI_Meter,30,0.1353,0.1641,0.0547,29.2,4.84,86.47,120.0,30,0,0.0
2024-01-01 00:02:45,165,Normal,PMU_Sensor,50,0.2152,0.0425,0.0142,49.69,7.37,78.48,100.0,50,0,0.0
2024-01-01 00:02:45,165,Normal,DER_Controller,38,0.15,0.2187,0.0547,40.08,9.53,85.0,112.0,38,0,0.0
2024-01-01 00:02:45,165,Normal,EV_Charger_1,42,0.3436,1.3131,0.4377,33.82,6.23,65.64,108.0,42,0,0.0
2024-01-01 00:02:45,165,Normal,EV_Charger_2,16,0.4991,2.4922,0.8307,29.01,5.22,50.09,134.0,16,0,0.0
2024-01-01 00:02:46,166,Normal,AMI_Meter,31,0.1317,0.3693,0.1231,29.22,4.83,86.83,119.0,31,0,0.0
2024-01-01 00:02:46,166,Normal,PMU_Sensor,62,0.316,1.6529,0.551,49.76,7.4,68.4,88.0,62,0,0.0
2024-01-01 00:02:46,166,Normal,DER_Controller,28,0.1911,1.2581,0.3145,40.01,9.55,80.89,122.0,28,0,0.0
2024-01-01 00:02:46,166,Normal,EV_Charger_1,32,0.2696,0.2911,0.097,33.81,6.21,73.04,118.0,32,0,0.0
2024-01-01 00:02:46,166,Normal,EV_Charger_2,26,0.4068,0.5746,0.1915,28.99,5.21,59.32,124.0,26,0,0.0
2024-01-01 00:02:47,167,Normal,AMI_Meter,25,0.179,0.8678,0.2893,29.19,4.83,82.1,125.0,25,0,0.0
2024-01-01 00:02:47,167,Normal,PMU_Sensor,47,0.2583,0.3715,0.1238,49.74,7.39,74.17,103.0,47,0,0.0
2024-01-01 00:02:47,167,Normal,DER_Controller,54,0.234,1.4514,0.3629,40.1,9.58,76.6,96.0,54,0,0.0
2024-01-01 00:02:47,167,Normal,EV_Charger_1,46,0.3822,1.9343,0.6448,33.88,6.27,61.78,104.0,46,0,0.0
2024-01-01 00:02:47,167,Normal,EV_Charger_2,28,0.3038,0.1902,0.0634,28.99,5.2,69.62,122.0,28,0,0.0
2024-01-01 00:02:48,168,Normal,AMI_Meter,39,0.3254,2.0011,0.667,29.25,4.87,67.46,111.0,39,0,0.0
2024-01-01 00:02:48,168,Normal,PMU_Sensor,50,0.1843,0.0346,0.0115,49.75,7.36,81.57,100.0,50,0,0.0
2024-01-01 00:02:48,168,Normal,DER_Controller,57,0.2845,1.7433,0.4358,40.2,9.64,71.55,93.0,57,0,0.0
2024-01-01 00:02:48,168,Normal,EV_Charger_1,34,0.2694,0.0189,0.0063,33.88,6.25,73.06,116.0,34,0,0.0
2024-01-01 00:02:48,168,Normal,EV_Charger_2,30,0.2321,0.1942,0.0647,28.99,5.18,76.79,120.0,30,0,0.0
2024-01-01 00:02:49,169,Normal,AMI_Meter,31,0.2636,0.3582,0.1194,29.26,4.86,73.64,119.0,31,0,0.0
2024-01-01 00:02:49,169,Normal,PMU_Sensor,75,0.429,3.3063,1.0,49.89,7.59,57.1,75.0,75,0,0.0
2024-01-01 00:02:49,169,Normal,DER_Controller,48,0.2637,0.8057,0.2014,40.24,9.63,73.63,102.0,48,0,0.0
2024-01-01 00:02:49,169,Normal,EV_Charger_1,30,0.2505,0.6189,0.2063,33.86,6.24,74.95,120.0,30,0,0.0
2024-01-01 00:02:49,169,Normal,EV_Charger_2,34,0.2585,0.9608,0.3203,29.02,5.18,74.15,116.0,34,0,0.0
2024-01-01 00:02:50,170,Normal,AMI_Meter,28,0.2103,0.2582,0.0861,29.25,4.85,78.97,122.0,28,0,0.0
2024-01-01 00:02:50,170,Normal,PMU_Sensor,46,0.3514,0.511,0.1703,49.87,7.58,64.86,93.86,46,0,0.0
2024-01-01 00:02:50,170,Normal,DER_Controller,49,0.2543,0.9047,0.2262,40.29,9.62,74.57,101.0,49,0,0.0
2024-01-01 00:02:50,170,Normal,EV_Charger_1,35,0.1936,0.1825,0.0608,33.87,6.22,80.64,115.0,35,0,0.0
2024-01-01 00:02:50,170,Normal,EV_Charger_2,31,0.219,0.3803,0.1268,29.04,5.17,78.1,119.0,31,0,0.0
2024-01-01 00:02:51,171,Normal,AMI_Meter,30,0.1626,0.154,0.0513,29.26,4.83,83.74,120.0,30,0,0.0
2024-01-01 00:02:51,171,Normal,PMU_Sensor,52,0.274,0.2801,0.0934,49.88,7.56,72.6,98.0,52,0,0.0
2024-01-01 00:02:51,171,Normal,DER_Controller,44,0.2148,0.3839,0.096,40.31,9.6,78.52,106.0,44,0,0.0
2024-01-01 00:02:51,171,Normal,EV_Charger_1,23,0.3082,1.7271,0.5757,33.8,6.25,69.18,127.0,23,0,0.0
2024-01-01 00:02:51,171,Normal,EV_Charger_2,33,0.2297,0.7639,0.2546,29.06,5.16,77.03,117.0,33,0,0.0
2024-01-01 00:02:52,172,Normal,AMI_Meter,25,0.2014,0.876,0.292,29.23,4.83,79.86,125.0,25,0,0.0
2024-01-01 00:02:52,172,Normal,PMU_Sensor,38,0.3475,1.557,0.519,49.82,7.59,65.25,112.0,38,0,0.0
2024-01-01 00:02:52,172,Normal,DER_Controller,39,0.1696,0.1365,0.0341,40.31,9.57,83.04,111.0,39,0,0.0
2024-01-01 00:02:52,172,Normal,EV_Charger_1,35,0.2348,0.1909,0.0636,33.81,6.24,76.52,115.0,35,0,0.0
2024-01-01 00:02:52,172,Normal,EV_Charger_2,26,0.2198,0.5903,0.1968,29.04,5.15,78.02,124.0,26,0,0.0
2024-01-01 00:02:53,173,Normal,AMI_Meter,34,0.2392,0.9817,0.3272,29.26,4.83,76.08,116.0,34,0,0.0
2024-01-01 00:02:53,173,Normal,PMU_Sensor,39,0.3845,1.4129,0.471,49.75,7.61,61.55,111.0,39,0,0.0
2024-01-01 00:02:53,173,Normal,DER_Controller,35,0.1617,0.5522,0.1381,40.28,9.55,83.83,115.0,35,0,0.0
2024-01-01 00:02:53,173,Normal,EV_Charger_1,31,0.2093,0.4489,0.1496,33.79,6.22,79.07,119.0,31,0,0.0
2024-01-01 00:02:53,173,Normal,EV_Charger_2,29,0.1547,0.0078,0.0026,29.04,5.14,84.53,121.0,29,0,0.0
2024-01-01 00:02:54,174,Normal,AMI_Meter,31,0.2034,0.3594,0.1198,29.27,4.82,79.66,119.0,31,0,0.0
2024-01-01 00:02:54,174,Normal,PMU_Sensor,41,0.3834,1.1425,0.3808,49.7,7.62,61.66,109.0,41,0,0.0
2024-01-01 00:02:54,174,Normal,DER_Controller,47,0.1651,0.7008,0.1752,40.31,9.54,83.49,103.0,47,0,0.0
2024-01-01 00:02:54,174,Normal,EV_Charger_1,35,0.1658,0.1934,0.0645,33.8,6.21,83.42,115.0,35,0,0.0
2024-01-01 00:02:54,174,Normal,EV_Charger_2,20,0.2822,1.7399,0.58,28.99,5.17,71.78,130.0,20,0,0.0
2024-01-01 00:02:55,175,Normal,AMI_Meter,20,0.3322,1.8985,0.6328,29.22,4.85,66.78,130.0,20,0,0.0
2024-01-01 00:02:55,175,Normal,PMU_Sensor,49,0.2776,0.092,0.0307,49.7,7.6,72.24,101.0,49,0,0.0
2024-01-01 00:02:55,175,Normal,DER_Controller,37,0.1455,0.3463,0.0866,40.3,9.52,85.45,113.0,37,0,0.0
2024-01-01 00:02:55,175,Normal,EV_Charger_1,34,0.1193,0.0321,0.0107,33.8,6.19,88.07,116.0,34,0,0.0
2024-01-01 00:02:55,175,Normal,EV_Charger_2,29,0.1978,0.0022,0.0007,28.99,5.15,80.22,121.0,29,0,0.0
2024-01-01 00:02:56,176,Normal,AMI_Meter,31,0.2692,0.3664,0.1221,29.23,4.84,73.08,119.0,31,0,0.0
2024-01-01 00:02:56,176,Normal,PMU_Sensor,57,0.2899,0.956,0.3187,49.74,7.59,71.01,93.0,57,0,0.0
2024-01-01 00:02:56,176,Normal,DER_Controller,28,0.1892,1.2824,0.3206,40.23,9.53,81.08,122.0,28,0,0.0
2024-01-01 00:02:56,176,Normal,EV_Charger_1,27,0.1927,1.0923,0.3641,33.76,6.19,80.73,123.0,27,0,0.0
2024-01-01 00:02:56,176,Normal,EV_Charger_2,24,0.2348,0.9631,0.321,28.96,5.15,76.52,126.0,24,0,0.0
2024-01-01 00:02:57,177,Normal,AMI_Meter,31,0.2249,0.3652,0.1217,29.24,4.83,77.51,119.0,31,0,0.0
2024-01-01 00:02:57,177,Normal,PMU_Sensor,59,0.324,1.2109,0.4036,49.79,7.6,67.6,91.0,59,0,0.0
2024-01-01 00:02:57,177,Normal,DER_Controller,35,0.1761,0.5462,0.1365,40.2,9.51,82.39,115.0,35,0,0.0
2024-01-01 00:02:57,177,Normal,EV_Charger_1,19,0.369,2.3405,0.7802,33.68,6.27,63.1,131.0,19,0,0.0
2024-01-01 00:02:57,177,Normal,EV_Charger_2,21,0.3174,1.531,0.5103,28.92,5.17,68.26,129.0,21,0,0.0
2024-01-01 00:02:58,178,Normal,AMI_Meter,25,0.2447,0.8726,0.2909,29.21,4.83,75.53,125.0,25,0,0.0
2024-01-01 00:02:58,178,Normal,PMU_Sensor,45,0.2896,0.6277,0.2092,49.77,7.59,71.04,105.0,45,0,0.0
2024-01-01 00:02:58,178,Normal,DER_Controller,35,0.1661,0.5442,0.136,40.17,9.5,83.39,115.0,35,0,0.0
2024-01-01 00:02:58,178,Normal,EV_Charger_1,35,0.2793,0.2099,0.07,33.69,6.26,72.07,115.0,35,0,0.0
2024-01-01 00:02:58,178,Normal,EV_Charger_2,28,0.2399,0.1766,0.0589,28.91,5.16,76.01,122.0,28,0,0.0
2024-01-01 00:02:59,179,Normal,AMI_Meter,35,0.2904,1.1909,0.397,29.24,4.83,70.96,115.0,35,0,0.0
2024-01-01 00:02:59,179,Normal,PMU_Sensor,44,0.2783,0.7561,0.252,49.73,7.58,72.17,106.0,44,0,0.0
2024-01-01 00:02:59,179,Normal,DER_Controller,31,0.1846,0.9602,0.2401,40.12,9.49,81.54,119.0,31,0,0.0
2024-01-01 00:02:59,179,Normal,EV_Charger_1,37,0.2483,0.5277,0.1759,33.71,6.24,75.17,113.0,37,0,0.0
2024-01-01 00:02:59,179,Normal,EV_Charger_2,22,0.3009,1.3299,0.4433,28.87,5.17,69.91,128.0,22,0,0.0
2024-01-01 00:03:00,180,Normal,AMI_Meter,31,0.2395,0.3621,0.1207,29.25,4.82,76.05,119.0,31,0,0.0
2024-01-01 00:03:00,180,Normal,PMU_Sensor,50,0.1983,0.0351,0.0117,49.73,7.56,80.17,100.0,50,0,0.0
2024-01-01 00:03:00,180,Normal,DER_Controller,38,0.1523,0.2223,0.0556,40.1,9.47,84.77,112.0,38,0,0.0
2024-01-01 00:03:00,180,Normal,EV_Charger_1,44,0.337,1.6323,0.5441,33.76,6.27,66.3,106.0,44,0,0.0
2024-01-01 00:03:00,180,Normal,EV_Charger_2,26,0.266,0.5538,0.1846,28.86,5.16,73.4,124.0,26,0,0.0
2024-01-01 00:03:01,181,Normal,AMI_Meter,40,0.3869,2.1928,0.7309,29.31,4.87,61.31,110.0,40,0,0.0
2024-01-01 00:03:01,181,Normal,PMU_Sensor,48,0.1617,0.2288,0.0763,49.73,7.54,83.83,102.0,48,0,0.0
2024-01-01 00:03:01,181,Normal,DER_Controller,27,0.2,1.373,0.3432,40.03,9.49,80.0,123.0,27,0,0.0
2024-01-01 00:03:01,181,Normal,EV_Charger_1,35,0.2556,0.1968,0.0656,33.77,6.26,74.44,115.0,35,0,0.0
2024-01-01 00:03:01,181,Normal,EV_Charger_2,24,0.2799,0.9367,0.3122,28.83,5.16,72.01,126.0,24,0,0.0
2024-01-01 00:03:02,182,Normal,AMI_Meter,26,0.3386,0.6771,0.2257,29.3,4.87,66.14,124.0,26,0,0.0
2024-01-01 00:03:02,182,Normal,PMU_Sensor,53,0.1565,0.4328,0.1443,49.74,7.52,84.35,97.0,53,0,0.0
2024-01-01 00:03:02,182,Normal,DER_Controller,45,0.1826,0.5214,0.1304,40.06,9.47,81.74,105.0,45,0,0.0
2024-01-01 00:03:02,182,Normal,EV_Charger_1,31,0.223,0.4413,0.1471,33.75,6.24,77.7,119.0,31,0,0.0
2024-01-01 00:03:02,182,Normal,EV_Charger_2,34,0.2956,0.9973,0.3324,28.86,5.16,70.44,116.0,34,0,0.0
2024-01-01 00:03:03,183,Normal,AMI_Meter,35,0.3535,1.1648,0.3883,29.33,4.87,64.65,115.0,35,0,0.0
2024-01-01 00:03:03,183,Normal,PMU_Sensor,61,0.2578,1.4829,0.4943,49.8,7.55,74.22,89.0,61,0,0.0
2024-01-01 00:03:03,183,Normal,DER_Controller,45,0.1694,0.5196,0.1299,40.09,9.45,83.06,105.0,45,0,0.0
2024-01-01 00:03:03,183,Normal,EV_Charger_1,43,0.303,1.4686,0.4895,33.8,6.26,69.7,107.0,43,0,0.0
2024-01-01 00:03:03,183,Normal,EV_Charger_2,20,0.3769,1.6997,0.5666,28.81,5.18,62.31,130.0,20,0,0.0
2024-01-01 00:03:04,184,Normal,AMI_Meter,28,0.2746,0.2714,0.0905,29.32,4.86,72.54,122.0,28,0,0.0
2024-01-01 00:03:04,184,Normal,PMU_Sensor,43,0.2702,0.8969,0.299,49.77,7.55,72.98,107.0,43,0,0.0
2024-01-01 00:03:04,184,Normal,DER_Controller,41,0.1331,0.0963,0.0241,40.09,9.43,86.69,109.0,41,0,0.0
2024-01-01 00:03:04,184,Normal,EV_Charger_1,31,0.2567,0.4464,0.1488,33.79,6.25,74.33,119.0,31,0,0.0
2024-01-01 00:03:04,184,Normal,EV_Charger_2,29,0.2675,0.0366,0.0122,28.81,5.17,73.25,121.0,29,0,0.0
2024-01-01 00:03:05,185,Normal,AMI_Meter,39,0.3888,1.9661,0.6554,29.37,4.9,61.12,111.0,39,0,0.0
2024-01-01 00:03:05,185,Normal,PMU_Sensor,48,0.2125,0.2336,0.0779,49.76,7.53,78.75,102.0,48,0,0.0
2024-01-01 00:03:05,185,Normal,DER_Controller,44,0.1257,0.4132,0.1033,40.11,9.41,87.43,106.0,44,0,0.0
2024-01-01 00:03:05,185,Normal,EV_Charger_1,33,0.1923,0.126,0.042,33.78,6.23,80.77,117.0,33,0,0.0
2024-01-01 00:03:05,185,Normal,EV_Charger_2,30,0.2102,0.2294,0.0765,28.82,5.16,78.98,120.0,30,0,0.0
2024-01-01 00:03:06,186,Normal,AMI_Meter,30,0.285,0.1281,0.0427,29.37,4.88,71.5,120.0,30,0,0.0
2024-01-01 00:03:06,186,Normal,PMU_Sensor,53,0.1917,0.4294,0.1431,49.78,7.51,80.83,97.0,53,0,0.0
2024-01-01 00:03:06,186,Normal,DER_Controller,51,0.1661,1.15,0.2875,40.17,9.42,83.39,99.0,51,0,0.0
2024-01-01 00:03:06,186,Normal,EV_Charger_1,44,0.2969,1.6233,0.5411,33.84,6.26,70.31,106.0,44,0,0.0
2024-01-01 00:03:06,186,Normal,EV_Charger_2,31,0.1893,0.422,0.1407,28.83,5.14,81.07,119.0,31,0,0.0
2024-01-01 00:03:07,187,Normal,AMI_Meter,32,0.2531,0.5357,0.1786,29.39,4.88,74.69,118.0,32,0,0.0
2024-01-01 00:03:07,187,Normal,PMU_Sensor,40,0.2634,1.2924,0.4308,49.72,7.52,73.66,110.0,40,0,0.0
2024-01-01 00:03:07,187,Normal,DER_Controller,39,0.1323,0.124,0.031,40.16,9.39,86.77,111.0,39,0,0.0
2024-01-01 00:03:07,187,Normal,EV_Charger_1,40,0.3058,0.9791,0.3264,33.87,6.26,69.42,110.0,40,0,0.0
2024-01-01 00:03:07,187,Normal,EV_Charger_2,34,0.2325,0.9998,0.3333,28.86,5.14,76.75,116.0,34,0,0.0
2024-01-01 00:03:08,188,Normal,AMI_Meter,31,0.2101,0.3296,0.1099,29.4,4.86,78.99,119.0,31,0,0.0
2024-01-01 00:03:08,188,Normal,PMU_Sensor,57,0.2806,0.9622,0.3207,49.76,7.52,71.94,93.0,57,0,0.0
2024-01-01 00:03:08,188,Normal,DER_Controller,44,0.1247,0.4071,0.1018,40.19,9.37,87.53,106.0,44,0,0.0
2024-01-01 00:03:08,188,Normal,EV_Charger_1,42,0.343,1.2894,0.4298,33.92,6.27,65.7,108.0,42,0,0.0
2024-01-01 00:03:08,188,Normal,EV_Charger_2,31,0.2043,0.4154,0.1385,28.87,5.13,79.57,119.0,31,0,0.0
2024-01-01 00:03:09,189,Normal,AMI_Meter,28,0.1757,0.2864,0.0955,29.39,4.85,82.43,122.0,28,0,0.0
2024-01-01 00:03:09,189,Normal,PMU_Sensor,52,0.2261,0.2967,0.0989,49.77,7.5,77.39,98.0,52,0,0.0
2024-01-01 00:03:09,189,Normal,DER_Controller,10,0.289,3.128,0.782,40.03,9.6,71.1,140.0,10,0,0.0
2024-01-01 00:03:09,189,Normal,EV_Charger_1,37,0.2891,0.4904,0.1635,33.93,6.26,71.09,113.0,37,0,0.0
2024-01-01 00:03:09,189,Normal,EV_Charger_2,11,0.443,3.3655,1.0,28.77,5.28,55.7,139.0,11,0,0.0
2024-01-01 00:03:10,190,Normal,AMI_Meter,21,0.2941,1.7112,0.5704,29.35,4.88,70.59,129.0,21,0,0.0
2024-01-01 00:03:10,190,Normal,PMU_Sensor,53,0.2011,0.4286,0.1429,49.79,7.49,79.89,97.0,53,0,0.0
2024-01-01 00:03:10,190,Normal,DER_Controller,44,0.2426,0.4127,0.1032,40.05,9.58,75.74,106.0,44,0,0.0
2024-01-01 00:03:10,190,Normal,EV_Charger_1,28,0.2967,0.9432,0.3144,33.9,6.26,70.33,122.0,28,0,0.0
2024-01-01 00:03:10,190,Normal,EV_Charger_2,26,0.3625,0.5235,0.1745,28.76,5.27,63.75,124.0,26,0,0.0
2024-01-01 00:03:11,191,Normal,AMI_Meter,36,0.3413,1.3543,0.4514,29.38,4.89,65.87,114.0,36,0,0.0
2024-01-01 00:03:11,191,Normal,PMU_Sensor,46,0.1912,0.5046,0.1682,49.77,7.47,80.88,104.0,46,0,0.0
2024-01-01 00:03:11,191,Normal,DER_Controller,62,0.3229,2.2552,0.5638,40.16,9.68,67.71,88.0,62,0,0.0
2024-01-01 00:03:11,191,Normal,EV_Charger_1,34,0.2093,0.0159,0.0053,33.9,6.24,79.07,116.0,34,0,0.0
2024-01-01 00:03:11,191,Normal,EV_Charger_2,32,0.315,0.6126,0.2042,28.78,5.26,68.5,118.0,32,0,0.0
2024-01-01 00:03:12,192,Normal,AMI_Meter,38,0.4134,1.7449,0.5816,29.42,4.91,58.66,112.0,38,0,0.0
2024-01-01 00:03:12,192,Normal,PMU_Sensor,51,0.1503,0.164,0.0547,49.78,7.45,84.97,99.0,51,0,0.0
2024-01-01 00:03:12,192,Normal,DER_Controller,29,0.3138,1.1457,0.2864,40.1,9.69,68.62,121.0,29,0,0.0
2024-01-01 00:03:12,192,Normal,EV_Charger_1,34,0.1481,0.0158,0.0053,33.9,6.22,85.19,116.0,34,0,0.0
2024-01-01 00:03:12,192,Normal,EV_Charger_2,29,0.2247,0.0424,0.0141,28.78,5.25,77.53,121.0,29,0,0.0
2024-01-01 00:03:13,193,Normal,AMI_Meter,23,0.4192,1.2982,0.4327,29.39,4.92,58.08,127.0,23,0,0.0
2024-01-01 00:03:13,193,Normal,PMU_Sensor,47,0.1423,0.3715,0.1238,49.76,7.44,85.77,103.0,47,0,0.0
2024-01-01 00:03:13,193,Normal,DER_Controller,32,0.2874,0.8325,0.2081,40.06,9.68,71.26,118.0,32,0,0.0
2024-01-01 00:03:13,193,Normal,EV_Charger_1,40,0.2012,0.9751,0.325,33.93,6.22,79.88,110.0,40,0,0.0
2024-01-01 00:03:13,193,Normal,EV_Charger_2,30,0.1805,0.2323,0.0774,28.78,5.24,81.95,120.0,30,0,0.0
2024-01-01 00:03:14,194,Normal,AMI_Meter,28,0.3216,0.2819,0.094,29.38,4.91,67.84,122.0,28,0,0.0
2024-01-01 00:03:14,194,Normal,PMU_Sensor,49,0.1099,0.1023,0.0341,49.76,7.42,89.01,101.0,49,0,0.0
2024-01-01 00:03:14,194,Normal,DER_Controller,42,0.228,0.1996,0.0499,40.07,9.66,77.2,108.0,42,0,0.0
2024-01-01 00:03:14,194,Normal,EV_Charger_1,38,0.2059,0.6512,0.2171,33.95,6.21,79.41,112.0,38,0,0.0
2024-01-01 00:03:14,194,Normal,EV_Charger_2,25,0.1984,0.7198,0.2399,28.76,5.23,80.16,125.0,25,0,0.0
2024-01-01 00:03:15,195,Normal,AMI_Meter,24,0.3342,1.0901,0.3634,29.36,4.91,66.58,126.0,24,0,0.0
2024-01-01 00:03:15,195,Normal,PMU_Sensor,58,0.1874,1.1045,0.3682,49.8,7.42,81.26,92.0,58,0,0.0
2024-01-01 00:03:15,195,Normal,DER_Controller,35,0.2037,0.5233,0.1308,40.05,9.64,79.63,115.0,35,0,0.0
2024-01-01 00:03:15,195,Normal,EV_Charger_1,26,0.2713,1.2716,0.4239,33.91,6.22,72.87,124.0,26,0,0.0
2024-01-01 00:03:15,195,Normal,EV_Charger_2,32,0.2005,0.6166,0.2055,28.78,5.22,79.95,118.0,32,0,0.0
2024-01-01 00:03:16,196,Normal,AMI_Meter,32,0.2875,0.5361,0.1787,29.37,4.91,71.25,118.0,32,0,0.0
2024-01-01 00:03:16,196,Normal,PMU_Sensor,37,0.3019,1.7072,0.5691,49.74,7.46,69.81,113.0,37,0,0.0
2024-01-01 00:03:16,196,Normal,DER_Controller,42,0.1654,0.2021,0.0505,40.06,9.62,83.46,108.0,42,0,0.0
2024-01-01 00:03:16,196,Normal,EV_Charger_1,39,0.2713,0.814,0.2713,33.94,6.22,72.87,111.0,39,0,0.0
2024-01-01 00:03:16,196,Normal,EV_Charger_2,31,0.1827,0.4238,0.1413,28.79,5.21,81.73,119.0,31,0,0.0
2024-01-01 00:03:17,197,Normal,AMI_Meter,33,0.275,0.737,0.2457,29.39,4.9,72.5,117.0,33,0,0.0
2024-01-01 00:03:17,197,Normal,PMU_Sensor,38,0.3673,1.5594,0.5198,49.68,7.49,63.27,112.0,38,0,0.0
2024-01-01 00:03:17,197,Normal,DER_Controller,43,0.1431,0.3053,0.0763,40.07,9.6,85.69,107.0,43,0,0.0
2024-01-01 00:03:17,197,Normal,EV_Charger_1,33,0.205,0.1506,0.0502,33.93,6.2,79.5,117.0,33,0,0.0
2024-01-01 00:03:17,197,Normal,EV_Charger_2,27,0.1622,0.343,0.1143,28.78,5.2,83.78,123.0,27,0,0.0
2024-01-01 00:03:18,198,Normal,AMI_Meter,34,0.2861,0.9367,0.3122,29.41,4.9,71.39,116.0,34,0,0.0
2024-01-01 00:03:18,198,Normal,PMU_Sensor,61,0.4071,1.4998,0.4999,49.73,7.51,59.29,89.0,61,0,0.0
2024-01-01 00:03:18,198,Normal,DER_Controller,57,0.2165,1.7461,0.4365,40.16,9.65,78.35,93.0,57,0,0.0
2024-01-01 00:03:18,198,Normal,EV_Charger_1,42,0.2727,1.2917,0.4306,33.97,6.21,72.73,108.0,42,0,0.0
2024-01-01 00:03:18,198,Normal,EV_Charger_2,29,0.1177,0.0417,0.0139,28.78,5.19,88.23,121.0,29,0,0.0
2024-01-01 00:03:19,199,Normal,AMI_Meter,31,0.2326,0.3233,0.1078,29.42,4.89,76.74,119.0,31,0,0.0
2024-01-01 00:03:19,199,Normal,PMU_Sensor,56,0.368,0.8307,0.2769,49.76,7.51,63.2,94.0,56,0,0.0
2024-01-01 00:03:19,199,Normal,DER_Controller,41,0.1678,0.0873,0.0218,40.16,9.62,83.22,109.0,41,0,0.0
2024-01-01 00:03:19,199,Normal,EV_Charger_1,35,0.2073,0.1646,0.0549,33.98,6.2,79.27,115.0,35,0,0.0
2024-01-01 00:03:19,199,Normal,EV_Charger_2,34,0.1825,1.0009,0.3336,28.81,5.19,81.75,116.0,34,0,0.0
2024-01-01 00:03:20,200,Normal,AMI_Meter,29,0.1714,0.0857,0.0286,29.42,4.87,82.86,121.0,29,0,0.0
2024-01-01 00:03:20,200,Normal,PMU_Sensor,44,0.3341,0.765,0.255,49.74,7.5,66.59,106.0,44,0,0.0
2024-01-01 00:03:20,200,Normal,DER_Controller,35,0.1593,0.5345,0.1336,40.13,9.61,84.07,115.0,35,0,0.0
2024-01-01 00:03:20,200,Normal,EV_Charger_1,38,0.2098,0.6463,0.2154,34.0,6.19,79.02,112.0,38,0,0.0
2024-01-01 00:03:20,200,Normal,EV_Charger_2,30,0.1506,0.2289,0.0763,28.82,5.17,84.94,120.0,30,0,0.0
2024-01-01 00:03:21,201,Normal,AMI_Meter,31,0.1524,0.3237,0.1079,29.43,4.86,84.76,119.0,31,0,0.0
2024-01-01 00:03:21,201,Normal,PMU_Sensor,55,0.3038,0.6994,0.2331,49.76,7.49,69.62,95.0,55,0,0.0
2024-01-01 00:03:21,201,Normal,DER_Controller,36,0.1463,0.4292,0.1073,40.11,9.59,85.37,114.0,36,0,0.0
2024-01-01 00:03:21,201,Normal,EV_Charger_1,39,0.2273,0.8046,0.2682,34.02,6.18,77.27,111.0,39,0,0.0
2024-01-01 00:03:21,201,Normal,EV_Charger_2,31,0.1475,0.421,0.1403,28.83,5.16,85.25,119.0,31,0,0.0
2024-01-01 00:03:22,202,Normal,AMI_Meter,23,0.2379,1.3122,0.4374,29.39,4.87,76.21,127.0,23,0,0.0
2024-01-01 00:03:22,202,Normal,PMU_Sensor,61,0.3615,1.4886,0.4962,49.82,7.51,63.85,89.0,61,0,0.0
2024-01-01 00:03:22,202,Normal,DER_Controller,34,0.1494,0.6356,0.1589,40.08,9.57,85.06,116.0,34,0,0.0
2024-01-01 00:03:22,202,Normal,EV_Charger_1,25,0.3039,1.4483,0.4828,33.98,6.2,69.61,125.0,25,0,0.0
2024-01-01 00:03:22,202,Normal,EV_Charger_2,24,0.1963,0.9307,0.3102,28.8,5.16,80.37,126.0,24,0,0.0
2024-01-01 00:03:23,203,Normal,AMI_Meter,24,0.2766,1.1009,0.367,29.37,4.88,72.34,126.0,24,0,0.0
2024-01-01 00:03:23,203,Normal,PMU_Sensor,50,0.2555,0.0242,0.0081,49.82,7.49,74.45,100.0,50,0,0.0
2024-01-01 00:03:23,203,Normal,DER_Controller,37,0.1322,0.3213,0.0803,40.07,9.55,86.78,113.0,37,0,0.0
2024-01-01 00:03:23,203,Normal,EV_Charger_1,32,0.2446,0.3185,0.1062,33.97,6.19,75.54,118.0,32,0,0.0
2024-01-01 00:03:23,203,Normal,EV_Charger_2,33,0.2184,0.8099,0.27,28.82,5.16,78.16,117.0,33,0,0.0
2024-01-01 00:03:24,204,Normal,AMI_Meter,31,0.227,0.3339,0.1113,29.38,4.86,77.3,119.0,31,0,0.0
2024-01-01 00:03:24,204,Normal,PMU_Sensor,52,0.2079,0.2903,0.0968,49.83,7.48,79.21,98.0,52,0,0.0
2024-01-01 00:03:24,204,Normal,DER_Controller,44,0.1248,0.4105,0.1026,40.09,9.53,87.52,106.0,44,0,0.0
2024-01-01 00:03:24,204,Normal,EV_Charger_1,38,0.2361,0.649,0.2163,33.99,6.18,76.39,112.0,38,0,0.0
2024-01-01 00:03:24,204,Normal,EV_Charger_2,19,0.3413,1.8838,0.6279,28.78,5.19,65.87,131.0,19,0,0.0
2024-01-01 00:03:25,205,Normal,AMI_Meter,28,0.1871,0.282,0.094,29.37,4.85,81.29,122.0,28,0,0.0
2024-01-01 00:03:25,205,Normal,PMU_Sensor,32,0.3802,2.3466,0.7822,49.74,7.56,61.98,118.0,32,0,0.0
2024-01-01 00:03:25,205,Normal,DER_Controller,40,0.0942,0.0092,0.0023,40.09,9.51,90.58,110.0,40,0,0.0
2024-01-01 00:03:25,205,Normal,EV_Charger_1,34,0.1654,0.0016,0.0005,33.99,6.16,83.46,116.0,34,0,0.0
2024-01-01 00:03:25,205,Normal,EV_Charger_2,35,0.3581,1.1924,0.3975,28.81,5.19,64.19,115.0,35,0,0.0
2024-01-01 00:03:26,206,Normal,AMI_Meter,35,0.2463,1.1535,0.3845,29.4,4.86,75.37,115.0,35,0,0.0
2024-01-01 00:03:26,206,Normal,PMU_Sensor,51,0.2827,0.1659,0.0553,49.75,7.54,71.73,99.0,51,0,0.0
2024-01-01 00:03:26,206,Normal,DER_Controller,34,0.1105,0.6381,0.1595,40.06,9.49,88.95,116.0,34,0,0.0
2024-01-01 00:03:26,206,Normal,EV_Charger_1,37,0.1645,0.4869,0.1623,34.0,6.15,83.55,113.0,37,0,0.0
2024-01-01 00:03:26,206,Normal,EV_Charger_2,27,0.2854,0.3467,0.1156,28.8,5.18,71.46,123.0,27,0,0.0
2024-01-01 00:03:27,207,Normal,AMI_Meter,29,0.1806,0.0813,0.0271,29.39,4.85,81.94,121.0,29,0,0.0
2024-01-01 00:03:27,207,Normal,PMU_Sensor,57,0.2936,0.9569,0.319,49.78,7.54,70.64,93.0,57,0,0.0
2024-01-01 00:03:27,207,Normal,DER_Controller,34,0.1226,0.6359,0.159,40.03,9.48,87.74,116.0,34,0,0.0
2024-01-01 00:03:27,207,Normal,EV_Charger_1,39,0.196,0.8088,0.2696,34.03,6.15,80.4,111.0,39,0,0.0
2024-01-01 00:03:27,207,Normal,EV_Charger_2,33,0.2805,0.8076,0.2692,28.82,5.18,71.95,117.0,33,0,0.0
2024-01-01 00:03:28,208,Normal,AMI_Meter,25,0.2167,0.9028,0.3009,29.37,4.84,78.33,125.0,25,0,0.0
2024-01-01 00:03:28,208,Normal,PMU_Sensor,57,0.3008,0.9525,0.3175,49.82,7.54,69.92,93.0,57,0,0.0
2024-01-01 00:03:28,208,Normal,DER_Controller,46,0.1312,0.6277,0.1569,40.06,9.47,86.88,104.0,46,0,0.0
2024-01-01 00:03:28,208,Normal,EV_Charger_1,35,0.153,0.1576,0.0525,34.03,6.13,84.7,115.0,35,0,0.0
2024-01-01 00:03:28,208,Normal,EV_Charger_2,26,0.2506,0.5423,0.1808,28.8,5.17,74.94,124.0,26,0,0.0
2024-01-01 00:03:29,209,Normal,AMI_Meter,25,0.2416,0.8989,0.2996,29.35,4.84,75.84,125.0,25,0,0.0
2024-01-01 00:03:29,209,Normal,PMU_Sensor,45,0.2742,0.6369,0.2123,49.8,7.53,72.58,105.0,45,0,0.0
2024-01-01 00:03:29,209,Normal,DER_Controller,45,0.1309,0.5205,0.1301,40.08,9.45,86.91,105.0,45,0,0.0
2024-01-01 00:03:29,209,Normal,EV_Charger_1,29,0.1889,0.8176,0.2725,34.01,6.13,81.11,121.0,29,0,0.0
2024-01-01 00:03:29,209,Normal,EV_Charger_2,32,0.237,0.6161,0.2054,28.82,5.16,76.3,118.0,32,0,0.0
2024-01-01 00:03:30,210,Normal,AMI_Meter,23,0.2994,1.3035,0.4345,29.32,4.85,70.06,127.0,23,0,0.0
2024-01-01 00:03:30,210,Normal,PMU_Sensor,48,0.2157,0.2378,0.0793,49.79,7.51,78.43,102.0,48,0,0.0
2024-01-01 00:03:30,210,Normal,DER_Controller,41,0.1043,0.097,0.0243,40.09,9.43,89.57,109.0,41,0,0.0
2024-01-01 00:03:30,210,Normal,EV_Charger_1,49,0.3729,2.4068,0.8023,34.08,6.2,62.71,101.0,49,0,0.0
2024-01-01 00:03:30,210,Normal,EV_Charger_2,23,0.278,1.121,0.3737,28.79,5.17,72.2,127.0,23,0,0.0
2024-01-01 00:03:31,211,Normal,AMI_Meter,37,0.3666,1.57,0.5233,29.36,4.87,63.34,113.0,37,0,0.0
2024-01-01 00:03:31,211,Normal,PMU_Sensor,51,0.1671,0.1611,0.0537,49.79,7.49,83.29,99.0,51,0,0.0
2024-01-01 00:03:31,211,Normal,DER_Controller,44,0.1041,0.4141,0.1035,40.1,9.41,89.59,106.0,44,0,0.0
2024-01-01 00:03:31,211,Normal,EV_Charger_1,35,0.2758,0.148,0.0493,34.08,6.18,72.42,115.0,35,0,0.0
2024-01-01 00:03:31,211,Normal,EV_Charger_2,32,0.2565,0.619,0.2063,28.81,5.16,74.35,118.0,32,0,0.0
2024-01-01 00:03:32,212,Normal,AMI_Meter,29,0.264,0.0735,0.0245,29.36,4.86,73.6,121.0,29,0,0.0
2024-01-01 00:03:32,212,Normal,PMU_Sensor,61,0.2654,1.484,0.4947,49.85,7.52,73.46,89.0,61,0,0.0
2024-01-01 00:03:32,212,Normal,DER_Controller,35,0.1119,0.5408,0.1352,40.08,9.39,88.81,115.0,35,0,0.0
2024-01-01 00:03:32,212,Normal,EV_Charger_1,41,0.3043,1.1122,0.3707,34.12,6.19,69.57,109.0,41,0,0.0
2024-01-01 00:03:32,212,Normal,EV_Charger_2,26,0.2338,0.5424,0.1808,28.79,5.15,76.62,124.0,26,0,0.0
2024-01-01 00:03:33,213,Normal,AMI_Meter,29,0.1921,0.0733,0.0244,29.36,4.84,80.79,121.0,29,0,0.0
2024-01-01 00:03:33,213,Normal,PMU_Sensor,41,0.3028,1.1702,0.3901,49.8,7.52,69.72,109.0,41,0,0.0
2024-01-01 00:03:33,213,Normal,DER_Controller,44,0.1099,0.4162,0.104,40.1,9.38,89.01,106.0,44,0,0.0
2024-01-01 00:03:33,213,Normal,EV_Charger_1,43,0.3555,1.4252,0.4751,34.16,6.2,64.45,107.0,43,0,0.0
2024-01-01 00:03:33,213,Normal,EV_Charger_2,29,0.1677,0.04,0.0133,28.79,5.14,83.23,121.0,29,0,0.0
2024-01-01 00:03:34,214,Normal,AMI_Meter,29,0.1418,0.0731,0.0244,29.35,4.83,85.82,121.0,29,0,0.0
2024-01-01 00:03:34,214,Normal,PMU_Sensor,41,0.3283,1.1638,0.3879,49.76,7.53,67.17,109.0,41,0,0.0
2024-01-01 00:03:34,214,Normal,DER_Controller,37,0.103,0.3296,0.0824,40.08,9.36,89.7,113.0,37,0,0.0
2024-01-01 00:03:34,214,Normal,EV_Charger_1,25,0.3954,1.4656,0.4885,34.12,6.22,60.46,125.0,25,0,0.0
2024-01-01 00:03:34,214,Normal,EV_Charger_2,25,0.1909,0.7359,0.2453,28.78,5.13,80.91,125.0,25,0,0.0
2024-01-01 00:03:35,215,Normal,AMI_Meter,31,0.1332,0.3398,0.1133,29.36,4.82,86.68,119.0,31,0,0.0
2024-01-01 00:03:35,215,Normal,PMU_Sensor,60,0.3649,1.3507,0.4502,49.81,7.54,63.51,90.0,60,0,0.0
2024-01-01 00:03:35,215,Normal,DER_Controller,68,0.2596,2.9171,0.7293,40.21,9.53,74.04,82.0,68,0,0.0
2024-01-01 00:03:35,215,Normal,EV_Charger_1,31,0.3268,0.4995,0.1665,34.1,6.21,67.32,119.0,31,0,0.0
2024-01-01 00:03:35,215,Normal,EV_Charger_2,37,0.2926,1.589,0.5297,28.81,5.15,70.74,113.0,37,0,0.0
2024-01-01 00:03:36,216,Normal,AMI_Meter,31,0.1272,0.3389,0.113,29.37,4.81,87.28,119.0,31,0,0.0
2024-01-01 00:03:36,216,Normal,PMU_Sensor,48,0.2794,0.2394,0.0798,49.8,7.53,72.06,102.0,48,0,0.0
2024-01-01 00:03:36,216,Normal,DER_Controller,44,0.2195,0.3965,0.0991,40.23,9.51,78.05,106.0,44,0,0.0
2024-01-01 00:03:36,216,Normal,EV_Charger_1,35,0.2432,0.1443,0.0481,34.11,6.2,75.68,115.0,35,0,0.0
2024-01-01 00:03:36,216,Normal,EV_Charger_2,30,0.2278,0.2295,0.0765,28.82,5.14,77.22,120.0,30,0,0.0
2024-01-01 00:03:37,217,Normal,AMI_Meter,27,0.1381,0.4907,0.1636,29.36,4.8,86.19,123.0,27,0,0.0
2024-01-01 00:03:37,217,Normal,PMU_Sensor,38,0.3511,1.5554,0.5185,49.75,7.55,64.89,112.0,38,0,0.0
2024-01-01 00:03:37,217,Normal,DER_Controller,24,0.2704,1.692,0.423,40.16,9.55,72.96,126.0,24,0,0.0
2024-01-01 00:03:37,217,Normal,EV_Charger_1,38,0.2329,0.6265,0.2088,34.12,6.19,76.71,112.0,38,0,0.0
2024-01-01 00:03:37,217,Normal,EV_Charger_2,28,0.1753,0.1592,0.0531,28.82,5.13,82.47,122.0,28,0,0.0
2024-01-01 00:03:38,218,Normal,AMI_Meter,27,0.1456,0.4893,0.1631,29.35,4.8,85.44,123.0,27,0,0.0
2024-01-01 00:03:38,218,Normal,PMU_Sensor,50,0.2491,0.0333,0.0111,49.75,7.54,75.09,100.0,50,0,0.0
2024-01-01 00:03:38,218,Normal,DER_Controller,47,0.2474,0.7143,0.1786,40.19,9.54,75.26,103.0,47,0,0.0
2024-01-01 00:03:38,218,Normal,EV_Charger_1,36,0.1933,0.3025,0.1008,34.13,6.17,80.67,114.0,36,0,0.0
2024-01-01 00:03:38,218,Normal,EV_Charger_2,26,0.1775,0.5476,0.1825,28.8,5.12,82.25,124.0,26,0,0.0
2024-01-01 00:03:39,219,Normal,AMI_Meter,36,0.2397,1.3778,0.4593,29.38,4.81,76.03,114.0,36,0,0.0
2024-01-01 00:03:39,219,Normal,PMU_Sensor,62,0.3356,1.6124,0.5375,49.8,7.56,66.44,88.0,62,0,0.0
2024-01-01 00:03:39,219,Normal,DER_Controller,44,0.2105,0.3987,0.0997,40.2,9.52,78.95,106.0,44,0,0.0
2024-01-01 00:03:39,219,Normal,EV_Charger_1,40,0.2299,0.9463,0.3154,34.16,6.17,77.01,110.0,40,0,0.0
2024-01-01 00:03:39,219,Normal,EV_Charger_2,36,0.2639,1.3961,0.4654,28.84,5.13,73.61,114.0,36,0,0.0
2024-01-01 00:03:40,220,Normal,AMI_Meter,35,0.2841,1.1635,0.3878,29.4,4.81,71.59,115.0,35,0,0.0
2024-01-01 00:03:40,220,Normal,PMU_Sensor,54,0.2902,0.5531,0.1844,49.82,7.55,70.98,96.0,54,0,0.0
2024-01-01 00:03:40,220,Normal,DER_Controller,45,0.1893,0.5023,0.1256,40.23,9.5,81.07,105.0,45,0,0.0
2024-01-01 00:03:40,220,Normal,EV_Charger_1,38,0.223,0.6203,0.2068,34.18,6.16,77.7,112.0,38,0,0.0
2024-01-01 00:03:40,220,Normal,EV_Charger_2,24,0.2786,0.9385,0.3128,28.81,5.13,72.14,126.0,24,0,0.0
2024-01-01 00:03:41,221,Normal,AMI_Meter,33,0.2734,0.7452,0.2484,29.42,4.81,72.66,117.0,33,0,0.0
2024-01-01 00:03:41,221,Normal,PMU_Sensor,39,0.3455,1.4234,0.4745,49.77,7.57,65.45,111.0,39,0,0.0
2024-01-01 00:03:41,221,Normal,DER_Controller,32,0.1958,0.8622,0.2156,40.19,9.5,80.42,118.0,32,0,0.0
2024-01-01 00:03:41,221,Normal,EV_Charger_1,42,0.2823,1.2618,0.4206,34.21,6.17,71.77,108.0,42,0,0.0
2024-01-01 00:03:41,221,Normal,EV_Charger_2,34,0.2956,1.0063,0.3354,28.84,5.13,70.44,116.0,34,0,0.0
2024-01-01 00:03:42,222,Normal,AMI_Meter,37,0.3479,1.5652,0.5217,29.45,4.82,65.21,113.0,37,0,0.0
2024-01-01 00:03:42,222,Normal,PMU_Sensor,47,0.2784,0.3656,0.1219,49.76,7.55,72.16,103.0,47,0,0.0
2024-01-01 00:03:42,222,Normal,DER_Controller,28,0.2266,1.2758,0.3189,40.13,9.51,77.34,122.0,28,0,0.0
2024-01-01 00:03:42,222,Normal,EV_Charger_1,33,0.2172,0.1959,0.0653,34.21,6.16,78.28,117.0,33,0,0.0
2024-01-01 00:03:42,222,Normal,EV_Charger_2,30,0.2295,0.226,0.0753,28.84,5.12,77.05,120.0,30,0,0.0
2024-01-01 00:03:43,223,Normal,AMI_Meter,30,0.2549,0.1132,0.0377,29.46,4.81,74.51,120.0,30,0,0.0
2024-01-01 00:03:43,223,Normal,PMU_Sensor,59,0.3165,1.216,0.4053,49.8,7.56,68.35,91.0,59,0,0.0
2024-01-01 00:03:43,223,Normal,DER_Controller,36,0.1971,0.4335,0.1084,40.12,9.49,80.29,114.0,36,0,0.0
2024-01-01 00:03:43,223,Normal,EV_Charger_1,37,0.1973,0.4524,0.1508,34.22,6.15,80.27,113.0,37,0,0.0
2024-01-01 00:03:43,223,Normal,EV_Charger_2,25,0.2355,0.7481,0.2494,28.83,5.11,76.45,125.0,25,0,0.0
2024-01-01 00:03:44,224,Normal,AMI_Meter,32,0.2311,0.5274,0.1758,29.47,4.8,76.89,118.0,32,0,0.0
2024-01-01 00:03:44,224,Normal,PMU_Sensor,50,0.2241,0.0259,0.0086,49.8,7.55,77.59,100.0,50,0,0.0
2024-01-01 00:03:44,224,Normal,DER_Controller,32,0.201,0.8516,0.2129,40.08,9.49,79.9,118.0,32,0,0.0
2024-01-01 00:03:44,224,Normal,EV_Charger_1,33,0.1579,0.1978,0.0659,34.21,6.13,84.21,117.0,33,0,0.0
2024-01-01 00:03:44,224,Normal,EV_Charger_2,29,0.1682,0.034,0.0113,28.83,5.1,83.18,121.0,29,0,0.0
2024-01-01 00:03:45,225,Normal,AMI_Meter,28,0.1923,0.3046,0.1015,29.46,4.79,80.77,122.0,28,0,0.0
2024-01-01 00:03:45,225,Normal,PMU_Sensor,64,0.3431,1.8624,0.6208,49.87,7.59,65.69,86.0,64,0,0.0
2024-01-01 00:03:45,225,Normal,DER_Controller,39,0.1579,0.1136,0.0284,40.08,9.47,84.21,111.0,39,0,0.0
2024-01-01 00:03:45,225,Normal,EV_Charger_1,33,0.1302,0.1973,0.0658,34.21,6.12,86.98,117.0,33,0,0.0
2024-01-01 00:03:45,225,Normal,EV_Charger_2,19,0.3084,1.9059,0.6353,28.78,5.13,69.16,131.0,19,0,0.0
2024-01-01 00:03:46,226,Normal,AMI_Meter,25,0.2272,0.9266,0.3089,29.44,4.79,77.28,125.0,25,0,0.0
2024-01-01 00:03:46,226,Normal,PMU_Sensor,47,0.2779,0.3769,0.1256,49.85,7.57,72.21,103.0,47,0,0.0
2024-01-01 00:03:46,226,Normal,DER_Controller,33,0.1649,0.7448,0.1862,40.04,9.46,83.51,117.0,33,0,0.0
2024-01-01 00:03:46,226,Normal,EV_Charger_1,43,0.2338,1.4266,0.4755,34.25,6.14,76.62,107.0,43,0,0.0
2024-01-01 00:03:46,226,Normal,EV_Charger_2,29,0.2201,0.0421,0.014,28.78,5.12,77.99,121.0,29,0,0.0
2024-01-01 00:03:47,227,Normal,AMI_Meter,36,0.2951,1.3602,0.4534,29.47,4.8,70.49,114.0,36,0,0.0
2024-01-01 00:03:47,227,Normal,PMU_Sensor,50,0.1964,0.0192,0.0064,49.86,7.56,80.36,100.0,50,0,0.0
2024-01-01 00:03:47,227,Normal,DER_Controller,40,0.124,0.0046,0.0012,40.04,9.44,87.6,110.0,40,0,0.0
2024-01-01 00:03:47,227,Normal,EV_Charger_1,34,0.1677,0.0401,0.0134,34.25,6.12,83.23,116.0,34,0,0.0
2024-01-01 00:03:47,227,Normal,EV_Charger_2,30,0.1777,0.2368,0.0789,28.79,5.11,82.23,120.0,30,0,0.0
2024-01-01 00:03:48,228,Normal,AMI_Meter,38,0.3826,1.7608,0.5869,29.51,4.82,61.74,112.0,38,0,0.0
2024-01-01 00:03:48,228,Normal,PMU_Sensor,31,0.3831,2.4563,0.8188,49.77,7.64,61.69,119.0,31,0,0.0
2024-01-01 00:03:48,228,Normal,DER_Controller,19,0.2306,2.2011,0.5503,39.95,9.52,76.94,131.0,19,0,0.0
2024-01-01 00:03:48,228,Normal,EV_Charger_1,31,0.1702,0.5287,0.1762,34.23,6.11,82.98,119.0,31,0,0.0
2024-01-01 00:03:48,228,Normal,EV_Charger_2,30,0.148,0.2363,0.0788,28.79,5.1,85.2,120.0,30,0,0.0
2024-01-01 00:03:49,229,Normal,AMI_Meter,33,0.34,0.7218,0.2406,29.52,4.82,66.0,117.0,33,0,0.0
2024-01-01 00:03:49,229,Normal,PMU_Sensor,53,0.3103,0.4212,0.1404,49.79,7.63,68.97,97.0,53,0,0.0
2024-01-01 00:03:49,229,Normal,DER_Controller,36,0.1988,0.4141,0.1035,39.93,9.5,80.12,114.0,36,0,0.0
2024-01-01 00:03:49,229,Normal,EV_Charger_1,41,0.2294,1.102,0.3673,34.26,6.12,77.06,109.0,41,0,0.0
2024-01-01 00:03:49,229,Normal,EV_Charger_2,35,0.2246,1.2101,0.4034,28.82,5.11,77.54,115.0,35,0,0.0
2024-01-01 00:03:50,230,Normal,AMI_Meter,30,0.2479,0.099,0.033,29.52,4.81,75.21,120.0,30,0,0.0
2024-01-01 00:03:50,230,Normal,PMU_Sensor,57,0.3114,0.9416,0.3139,49.82,7.63,68.86,93.0,57,0,0.0
2024-01-01 00:03:50,230,Normal,DER_Controller,42,0.1627,0.2169,0.0542,39.94,9.48,83.73,108.0,42,0,0.0
2024-01-01 00:03:50,230,Normal,EV_Charger_1,31,0.2137,0.5317,0.1772,34.25,6.11,78.63,119.0,31,0,0.0
2024-01-01 00:03:50,230,Normal,EV_Charger_2,33,0.2388,0.8154,0.2718,28.84,5.1,76.12,117.0,33,0,0.0
2024-01-01 00:03:51,231,Normal,AMI_Meter,30,0.1834,0.0988,0.0329,29.53,4.8,81.66,120.0,30,0,0.0
2024-01-01 00:03:51,231,Normal,PMU_Sensor,50,0.2203,0.0238,0.0079,49.82,7.61,77.97,100.0,50,0,0.0
2024-01-01 00:03:51,231,Normal,DER_Controller,54,0.214,1.4723,0.3681,40.0,9.51,78.6,96.0,54,0,0.0
2024-01-01 00:03:51,231,Normal,EV_Charger_1,20,0.3797,2.3013,0.7671,34.19,6.16,62.03,130.0,20,0,0.0
2024-01-01 00:03:51,231,Normal,EV_Charger_2,22,0.3004,1.3326,0.4442,28.81,5.11,69.96,128.0,22,0,0.0
2024-01-01 00:03:52,232,Normal,AMI_Meter,24,0.243,1.146,0.382,29.5,4.8,75.7,126.0,24,0,0.0
2024-01-01 00:03:52,232,Normal,PMU_Sensor,47,0.1912,0.3695,0.1232,49.81,7.6,80.88,103.0,47,0,0.0
2024-01-01 00:03:52,232,Normal,DER_Controller,37,0.1802,0.3153,0.0788,39.99,9.49,81.98,113.0,37,0,0.0
2024-01-01 00:03:52,232,Normal,EV_Charger_1,25,0.4138,1.4799,0.4933,34.15,6.18,58.62,125.0,25,0,0.0
2024-01-01 00:03:52,232,Normal,EV_Charger_2,25,0.2846,0.7431,0.2477,28.79,5.11,71.54,125.0,25,0,0.0
2024-01-01 00:03:53,233,Normal,AMI_Meter,25,0.2635,0.9339,0.3113,29.48,4.8,73.65,125.0,25,0,0.0
2024-01-01 00:03:53,233,Normal,PMU_Sensor,69,0.3826,2.4873,0.8291,49.89,7.68,61.74,81.0,69,0,0.0
2024-01-01 00:03:53,233,Normal,DER_Controller,58,0.2526,1.8796,0.4699,40.07,9.54,74.74,92.0,58,0,0.0
2024-01-01 00:03:53,233,Normal,EV_Charger_1,32,0.3243,0.3464,0.1155,34.14,6.17,67.57,118.0,32,0,0.0
2024-01-01 00:03:53,233,Normal,EV_Charger_2,28,0.2147,0.1552,0.0517,28.79,5.1,78.53,122.0,28,0,0.0
2024-01-01 00:03:54,234,Normal,AMI_Meter,24,0.2981,1.1367,0.3789,29.46,4.8,70.19,126.0,24,0,0.0
2024-01-01 00:03:54,234,Normal,PMU_Sensor,34,0.4723,2.045,0.6817,49.82,7.74,52.77,99.77,34,0,0.0
2024-01-01 00:03:54,234,Normal,DER_Controller,38,0.203,0.2163,0.0541,40.06,9.52,79.7,112.0,38,0,0.0
2024-01-01 00:03:54,234,Normal,EV_Charger_1,29,0.31,0.8298,0.2766,34.11,6.16,69.0,121.0,29,0,0.0
2024-01-01 00:03:54,234,Normal,EV_Charger_2,29,0.1544,0.041,0.0137,28.79,5.08,84.56,121.0,29,0,0.0
2024-01-01 00:03:55,235,Normal,AMI_Meter,21,0.3833,1.7461,0.582,29.42,4.82,61.67,129.0,21,0,0.0
2024-01-01 00:03:55,235,Normal,PMU_Sensor,43,0.4184,0.8784,0.2928,49.79,7.73,58.16,107.0,43,0,0.0
2024-01-01 00:03:55,235,Normal,DER_Controller,41,0.1584,0.0986,0.0246,40.06,9.5,84.16,109.0,41,0,0.0
2024-01-01 00:03:55,235,Normal,EV_Charger_1,37,0.2637,0.4668,0.1556,34.13,6.15,73.63,113.0,37,0,0.0
2024-01-01 00:03:55,235,Normal,EV_Charger_2,32,0.171,0.6292,0.2097,28.81,5.08,82.9,118.0,32,0,0.0
2024-01-01 00:03:56,236,Normal,AMI_Meter,23,0.4007,1.3237,0.4412,29.4,4.83,59.93,127.0,23,0,0.0
2024-01-01 00:03:56,236,Normal,PMU_Sensor,56,0.3729,0.8,0.2667,49.82,7.73,62.71,94.0,56,0,0.0
2024-01-01 00:03:56,236,Normal,DER_Controller,31,0.1782,0.9501,0.2375,40.03,9.5,82.18,119.0,31,0,0.0
2024-01-01 00:03:56,236,Normal,EV_Charger_1,38,0.2473,0.6275,0.2092,34.14,6.15,75.27,112.0,38,0,0.0
2024-01-01 00:03:56,236,Normal,EV_Charger_2,29,0.1235,0.0383,0.0128,28.81,5.07,87.65,121.0,29,0,0.0
2024-01-01 00:03:57,237,Normal,AMI_Meter,23,0.4121,1.3161,0.4387,29.37,4.84,58.79,127.0,23,0,0.0
2024-01-01 00:03:57,237,Normal,PMU_Sensor,47,0.2974,0.3639,0.1213,49.81,7.71,70.26,103.0,47,0,0.0
2024-01-01 00:03:57,237,Normal,DER_Controller,43,0.1532,0.3124,0.0781,40.04,9.48,84.68,107.0,43,0,0.0
2024-01-01 00:03:57,237,Normal,EV_Charger_1,38,0.2357,0.6256,0.2085,34.16,6.14,76.43,112.0,38,0,0.0
2024-01-01 00:03:57,237,Normal,EV_Charger_2,29,0.0903,0.0382,0.0127,28.81,5.06,90.97,121.0,29,0,0.0
2024-01-01 00:03:58,238,Normal,AMI_Meter,37,0.445,1.5651,0.5217,29.4,4.85,55.5,113.0,37,0,0.0
2024-01-01 00:03:58,238,Normal,PMU_Sensor,58,0.314,1.0576,0.3525,49.84,7.71,68.6,92.0,58,0,0.0
2024-01-01 00:03:58,238,Normal,DER_Controller,37,0.1349,0.3197,0.0799,40.03,9.46,86.51,113.0,37,0,0.0
2024-01-01 00:03:58,238,Normal,EV_Charger_1,39,0.2436,0.7859,0.262,34.18,6.13,75.64,111.0,39,0,0.0
2024-01-01 00:03:58,238,Normal,EV_Charger_2,39,0.2627,1.9948,0.6649,28.85,5.09,73.73,111.0,39,0,0.0
2024-01-01 00:03:59,239,Normal,AMI_Meter,39,0.5072,1.957,0.6523,29.44,4.88,49.28,111.0,39,0,0.0
2024-01-01 00:03:59,239,Normal,PMU_Sensor,40,0.3466,1.2686,0.4229,49.8,7.72,65.34,110.0,40,0,0.0
2024-01-01 00:03:59,239,Normal,DER_Controller,30,0.1671,1.0547,0.2637,39.98,9.47,83.29,120.0,30,0,0.0
2024-01-01 00:03:59,239,Normal,EV_Charger_1,43,0.3134,1.4289,0.4763,34.22,6.15,68.66,107.0,43,0,0.0
2024-01-01 00:03:59,239,Normal,EV_Charger_2,24,0.2788,0.9492,0.3164,28.83,5.09,72.12,126.0,24,0,0.0
2024-01-01 00:04:00,240,Normal,AMI_Meter,23,0.4862,1.3114,0.4371,29.41,4.89,51.38,127.0,23,0,0.0
2024-01-01 00:04:00,240,Normal,PMU_Sensor,46,0.2917,0.4906,0.1635,49.78,7.71,70.83,104.0,46,0,0.0
2024-01-01 00:04:00,240,Normal,DER_Controller,44,0.1518,0.4233,0.1058,40.0,9.45,84.82,106.0,44,0,0.0
2024-01-01 00:04:00,240,Normal,EV_Charger_1,34,0.2229,0.0352,0.0117,34.22,6.13,77.71,116.0,34,0,0.0
2024-01-01 00:04:00,240,Normal,EV_Charger_2,26,0.2506,0.5546,0.1849,28.82,5.08,74.94,124.0,26,0,0.0
2024-01-01 00:04:01,241,Normal,AMI_Meter,26,0.4099,0.696,0.232,29.4,4.89,59.01,124.0,26,0,0.0
2024-01-01 00:04:01,241,Normal,PMU_Sensor,44,0.2789,0.7475,0.2492,49.76,7.71,72.11,106.0,44,0,0.0
2024-01-01 00:04:01,241,Normal,DER_Controller,31,0.1731,0.9487,0.2372,39.96,9.45,82.69,119.0,31,0,0.0
2024-01-01 00:04:01,241,Normal,EV_Charger_1,48,0.378,2.2194,0.7398,34.27,6.19,62.2,102.0,48,0,0.0
2024-01-01 00:04:01,241,Normal,EV_Charger_2,31,0.2183,0.4286,0.1429,28.83,5.07,78.17,119.0,31,0,0.0
2024-01-01 00:04:02,242,Normal,AMI_Meter,34,0.3807,0.9376,0.3125,29.42,4.89,61.93,116.0,34,0,0.0
2024-01-01 00:04:02,242,Normal,PMU_Sensor,46,0.2439,0.4868,0.1623,49.74,7.69,75.61,104.0,46,0,0.0
2024-01-01 00:04:02,242,Normal,DER_Controller,38,0.1428,0.2073,0.0518,39.95,9.43,85.72,112.0,38,0,0.0
2024-01-01 00:04:02,242,Normal,EV_Charger_1,30,0.3334,0.6887,0.2296,34.26,6.18,66.66,120.0,30,0,0.0
2024-01-01 00:04:02,242,Normal,EV_Charger_2,16,0.4019,2.4912,0.8304,28.77,5.13,59.81,134.0,16,0,0.0
2024-01-01 00:04:03,243,Normal,AMI_Meter,23,0.3972,1.3068,0.4356,29.39,4.89,60.28,127.0,23,0,0.0
2024-01-01 00:04:03,243,Normal,PMU_Sensor,35,0.3606,1.8983,0.6328,49.68,7.74,63.94,115.0,35,0,0.0
2024-01-01 00:04:03,243,Normal,DER_Controller,17,0.2571,2.4006,0.6001,39.86,9.52,74.29,133.0,17,0,0.0
2024-01-01 00:04:03,243,Normal,EV_Charger_1,27,0.3503,1.1685,0.3895,34.23,6.18,64.97,123.0,27,0,0.0
2024-01-01 00:04:03,243,Normal,EV_Charger_2,36,0.4214,1.4007,0.4669,28.8,5.14,57.86,114.0,36,0,0.0
2024-01-01 00:04:04,244,Normal,AMI_Meter,29,0.286,0.0803,0.0268,29.39,4.88,71.4,121.0,29,0,0.0
2024-01-01 00:04:04,244,Normal,PMU_Sensor,60,0.385,1.326,0.442,49.73,7.75,61.5,90.0,60,0,0.0
2024-01-01 00:04:04,244,Normal,DER_Controller,44,0.2199,0.4336,0.1084,39.88,9.51,78.01,106.0,44,0,0.0
2024-01-01 00:04:04,244,Normal,EV_Charger_1,39,0.3221,0.7697,0.2566,34.24,6.18,67.79,111.0,39,0,0.0
2024-01-01 00:04:04,244,Normal,EV_Charger_2,25,0.3688,0.7379,0.246,28.79,5.13,63.12,125.0,25,0,0.0
2024-01-01 00:04:05,245,Normal,AMI_Meter,32,0.2535,0.5328,0.1776,29.4,4.88,74.65,118.0,32,0,0.0
2024-01-01 00:04:05,245,Normal,PMU_Sensor,55,0.3374,0.6786,0.2262,49.75,7.74,66.26,95.0,55,0,0.0
2024-01-01 00:04:05,245,Normal,DER_Controller,34,0.2035,0.6165,0.1541,39.85,9.5,79.65,116.0,34,0,0.0
2024-01-01 00:04:05,245,Normal,EV_Charger_1,38,0.2861,0.6061,0.202,34.26,6.17,71.39,112.0,38,0,0.0
2024-01-01 00:04:05,245,Normal,EV_Charger_2,32,0.3206,0.624,0.208,28.8,5.13,67.94,118.0,32,0,0.0
2024-01-01 00:04:06,246,Normal,AMI_Meter,27,0.2266,0.4915,0.1638,29.39,4.87,77.34,123.0,27,0,0.0
2024-01-01 00:04:06,246,Normal,PMU_Sensor,41,0.3487,1.1251,0.375,49.71,7.74,65.13,109.0,41,0,0.0
2024-01-01 00:04:06,246,Normal,DER_Controller,28,0.2302,1.2419,0.3105,39.81,9.51,76.98,122.0,28,0,0.0
2024-01-01 00:04:06,246,Normal,EV_Charger_1,35,0.2122,0.1197,0.0399,34.26,6.16,78.78,115.0,35,0,0.0
2024-01-01 00:04:06,246,Normal,EV_Charger_2,31,0.2672,0.4279,0.1426,28.81,5.12,73.28,119.0,31,0,0.0
2024-01-01 00:04:07,247,Normal,AMI_Meter,26,0.2281,0.6949,0.2316,29.38,4.86,77.19,124.0,26,0,0.0
2024-01-01 00:04:07,247,Normal,PMU_Sensor,50,0.2478,0.037,0.0123,49.71,7.73,75.22,100.0,50,0,0.0
2024-01-01 00:04:07,247,Normal,DER_Controller,45,0.2067,0.545,0.1363,39.83,9.49,79.33,105.0,45,0,0.0
2024-01-01 00:04:07,247,Normal,EV_Charger_1,38,0.2091,0.6052,0.2017,34.28,6.15,79.09,112.0,38,0,0.0
2024-01-01 00:04:07,247,Normal,EV_Charger_2,37,0.3459,1.5888,0.5296,28.84,5.13,65.41,113.0,37,0,0.0
2024-01-01 00:04:08,248,Normal,AMI_Meter,36,0.2951,1.3538,0.4513,29.41,4.87,70.49,114.0,36,0,0.0
2024-01-01 00:04:08,248,Normal,PMU_Sensor,41,0.2857,1.1224,0.3741,49.68,7.73,71.43,109.0,41,0,0.0
2024-01-01 00:04:08,248,Normal,DER_Controller,56,0.2607,1.6906,0.4226,39.89,9.53,73.93,94.0,56,0,0.0
2024-01-01 00:04:08,248,Normal,EV_Charger_1,31,0.1995,0.5317,0.1772,34.27,6.14,80.05,119.0,31,0,0.0
2024-01-01 00:04:08,248,Normal,EV_Charger_2,35,0.3615,1.1934,0.3978,28.87,5.14,63.85,115.0,35,0,0.0
2024-01-01 00:04:09,249,Normal,AMI_Meter,30,0.2187,0.1218,0.0406,29.41,4.86,78.13,120.0,30,0,0.0
2024-01-01 00:04:09,249,Normal,PMU_Sensor,46,0.2474,0.4746,0.1582,49.66,7.72,75.26,104.0,46,0,0.0
2024-01-01 00:04:09,249,Normal,DER_Controller,21,0.3182,1.9633,0.4908,39.82,9.58,68.18,129.0,21,0,0.0
2024-01-01 00:04:09,249,Normal,EV_Charger_1,33,0.1602,0.2056,0.0685,34.26,6.13,83.98,117.0,33,0,0.0
2024-01-01 00:04:09,249,Normal,EV_Charger_2,22,0.3859,1.329,0.443,28.84,5.15,61.41,128.0,22,0,0.0
2024-01-01 00:04:10,250,Normal,AMI_Meter,34,0.2472,0.9411,0.3137,29.43,4.86,75.28,116.0,34,0,0.0
2024-01-01 00:04:10,250,Normal,PMU_Sensor,62,0.3319,1.5867,0.5289,49.71,7.74,66.81,88.0,62,0,0.0
2024-01-01 00:04:10,250,Normal,DER_Controller,32,0.2895,0.8128,0.2032,39.78,9.58,71.05,118.0,32,0,0.0
2024-01-01 00:04:10,250,Normal,EV_Charger_1,36,0.1405,0.2833,0.0944,34.27,6.12,85.95,114.0,36,0,0.0
2024-01-01 00:04:10,250,Normal,EV_Charger_2,26,0.3252,0.5504,0.1835,28.83,5.14,67.48,124.0,26,0,0.0
2024-01-01 00:04:11,251,Normal,AMI_Meter,26,0.2433,0.7029,0.2343,29.41,4.86,75.67,124.0,26,0,0.0
2024-01-01 00:04:11,251,Normal,PMU_Sensor,56,0.3132,0.8092,0.2697,49.74,7.74,68.68,94.0,56,0,0.0
2024-01-01 00:04:11,251,Normal,DER_Controller,39,0.2222,0.0818,0.0204,39.78,9.56,77.78,111.0,39,0,0.0
2024-01-01 00:04:11,251,Normal,EV_Charger_1,45,0.2724,1.7403,0.5801,34.31,6.14,72.76,105.0,45,0,0.0
2024-01-01 00:04:11,251,Normal,EV_Charger_2,27,0.2631,0.355,0.1183,28.82,5.13,73.69,123.0,27,0,0.0
2024-01-01 00:04:12,252,Normal,AMI_Meter,34,0.2645,0.9413,0.3138,29.43,4.85,73.55,116.0,34,0,0.0
2024-01-01 00:04:12,252,Normal,PMU_Sensor,50,0.2226,0.0338,0.0113,49.74,7.72,77.74,100.0,50,0,0.0
2024-01-01 00:04:12,252,Normal,DER_Controller,47,0.2137,0.7528,0.1882,39.81,9.55,78.63,103.0,47,0,0.0
2024-01-01 00:04:12,252,Normal,EV_Charger_1,32,0.2282,0.3751,0.125,34.3,6.13,77.18,118.0,32,0,0.0
2024-01-01 00:04:12,252,Normal,EV_Charger_2,29,0.1877,0.0347,0.0116,28.82,5.12,81.23,121.0,29,0,0.0
2024-01-01 00:04:13,253,Normal,AMI_Meter,29,0.194,0.0886,0.0295,29.43,4.84,80.6,121.0,29,0,0.0
2024-01-01 00:04:13,253,Normal,PMU_Sensor,43,0.2428,0.8696,0.2899,49.71,7.72,75.72,107.0,43,0,0.0
2024-01-01 00:04:13,253,Normal,DER_Controller,46,0.2007,0.6463,0.1616,39.83,9.54,79.93,104.0,46,0,0.0
2024-01-01 00:04:13,253,Normal,EV_Charger_1,38,0.2199,0.6017,0.2006,34.31,6.12,78.01,112.0,38,0,0.0
2024-01-01 00:04:13,253,Normal,EV_Charger_2,32,0.1933,0.6189,0.2063,28.83,5.11,80.67,118.0,32,0,0.0
2024-01-01 00:04:14,254,Normal,AMI_Meter,37,0.291,1.5522,0.5174,29.46,4.86,70.9,113.0,37,0,0.0
2024-01-01 00:04:14,254,Normal,PMU_Sensor,61,0.3153,1.4533,0.4844,49.76,7.74,68.47,89.0,61,0,0.0
2024-01-01 00:04:14,254,Normal,DER_Controller,36,0.1756,0.4011,0.1003,39.82,9.52,82.44,114.0,36,0,0.0
2024-01-01 00:04:14,254,Normal,EV_Charger_1,37,0.1977,0.4374,0.1458,34.33,6.12,80.23,113.0,37,0,0.0
2024-01-01 00:04:14,254,Normal,EV_Charger_2,26,0.1906,0.5529,0.1843,28.82,5.11,80.94,124.0,26,0,0.0
2024-01-01 00:04:15,255,Normal,AMI_Meter,30,0.2148,0.1112,0.0371,29.46,4.85,78.52,120.0,30,0,0.0
2024-01-01 00:04:15,255,Normal,PMU_Sensor,45,0.282,0.6132,0.2044,49.74,7.73,71.8,105.0,45,0,0.0
2024-01-01 00:04:15,255,Normal,DER_Controller,56,0.2371,1.6861,0.4215,39.88,9.56,76.29,94.0,56,0,0.0
2024-01-01 00:04:15,255,Normal,EV_Charger_1,37,0.182,0.4364,0.1455,34.34,6.11,81.8,113.0,37,0,0.0
2024-01-01 00:04:15,255,Normal,EV_Charger_2,28,0.1495,0.1609,0.0536,28.82,5.1,85.05,122.0,28,0,0.0
2024-01-01 00:04:16,256,Normal,AMI_Meter,35,0.2641,1.1372,0.3791,29.48,4.85,73.59,115.0,35,0,0.0
2024-01-01 00:04:16,256,Normal,PMU_Sensor,32,0.4242,2.2679,0.756,49.67,7.79,57.58,118.0,32,0,0.0
2024-01-01 00:04:16,256,Normal,DER_Controller,19,0.3128,2.1604,0.5401,39.8,9.63,68.72,131.0,19,0,0.0
2024-01-01 00:04:16,256,Normal,EV_Charger_1,39,0.2036,0.7616,0.2539,34.35,6.1,79.64,111.0,39,0,0.0
2024-01-01 00:04:16,256,Normal,EV_Charger_2,30,0.1277,0.231,0.077,28.82,5.09,87.23,120.0,30,0,0.0
2024-01-01 00:04:17,257,Normal,AMI_Meter,31,0.2161,0.3121,0.104,29.49,4.84,78.39,119.0,31,0,0.0
2024-01-01 00:04:17,257,Normal,PMU_Sensor,39,0.4331,1.3618,0.4539,49.63,7.8,56.69,111.0,39,0,0.0
2024-01-01 00:04:17,257,Normal,DER_Controller,39,0.2398,0.0831,0.0208,39.8,9.61,76.02,111.0,39,0,0.0
2024-01-01 00:04:17,257,Normal,EV_Charger_1,47,0.3477,2.0519,0.684,34.4,6.14,65.23,103.0,47,0,0.0
2024-01-01 00:04:17,257,Normal,EV_Charger_2,34,0.1907,1.0131,0.3377,28.84,5.09,80.93,116.0,34,0,0.0
2024-01-01 00:04:18,258,Normal,AMI_Meter,30,0.1618,0.1054,0.0351,29.49,4.83,83.82,120.0,30,0,0.0
2024-01-01 00:04:18,258,Normal,PMU_Sensor,46,0.3496,0.4638,0.1546,49.61,7.79,65.04,104.0,46,0,0.0
2024-01-01 00:04:18,258,Normal,DER_Controller,36,0.2045,0.3944,0.0986,39.78,9.59,79.55,114.0,36,0,0.0
2024-01-01 00:04:18,258,Normal,EV_Charger_1,22,0.4434,2.0007,0.6669,34.36,6.18,55.66,128.0,22,0,0.0
2024-01-01 00:04:18,258,Normal,EV_Charger_2,31,0.1758,0.4226,0.1409,28.85,5.08,82.42,119.0,31,0,0.0
2024-01-01 00:04:19,259,Normal,AMI_Meter,34,0.2062,0.9296,0.3099,29.51,4.83,79.38,116.0,34,0,0.0
2024-01-01 00:04:19,259,Normal,PMU_Sensor,37,0.4055,1.6076,0.5359,49.57,7.82,59.45,113.0,37,0,0.0
2024-01-01 00:04:19,259,Normal,DER_Controller,33,0.1974,0.705,0.1763,39.76,9.58,80.26,117.0,33,0,0.0
2024-01-01 00:04:19,259,Normal,EV_Charger_1,28,0.4129,1.025,0.3417,34.33,6.18,58.71,122.0,28,0,0.0
2024-01-01 00:04:19,259,Normal,EV_Charger_2,25,0.1987,0.7562,0.2521,28.84,5.08,80.13,125.0,25,0,0.0
2024-01-01 00:04:20,260,Normal,AMI_Meter,30,0.1545,0.1017,0.0339,29.51,4.82,84.55,120.0,30,0,0.0
2024-01-01 00:04:20,260,Normal,PMU_Sensor,33,0.4935,2.0972,0.6991,49.5,7.87,50.65,117.0,33,0,0.0
2024-01-01 00:04:20,260,Normal,DER_Controller,46,0.1887,0.6495,0.1624,39.78,9.57,81.13,104.0,46,0,0.0
2024-01-01 00:04:20,260,Normal,EV_Charger_1,39,0.3644,0.7537,0.2512,34.35,6.17,63.56,111.0,39,0,0.0
2024-01-01 00:04:20,260,Normal,EV_Charger_2,28,0.1555,0.1649,0.055,28.84,5.07,84.45,122.0,28,0,0.0
2024-01-01 00:04:21,261,Normal,AMI_Meter,17,0.3637,2.5558,0.8519,29.46,4.88,63.63,133.0,17,0,0.0
2024-01-01 00:04:21,261,Normal,PMU_Sensor,42,0.4405,0.95,0.3167,49.47,7.87,55.95,108.0,42,0,0.0
2024-01-01 00:04:21,261,Normal,DER_Controller,52,0.2209,1.2698,0.3175,39.83,9.59,77.91,98.0,52,0,0.0
2024-01-01 00:04:21,261,Normal,EV_Charger_1,18,0.516,2.6094,0.8698,34.29,6.24,48.4,132.0,18,0,0.0
2024-01-01 00:04:21,261,Normal,EV_Charger_2,28,0.1253,0.1645,0.0548,28.83,5.06,87.47,122.0,28,0,0.0
2024-01-01 00:04:22,262,Normal,AMI_Meter,24,0.3662,1.1154,0.3718,29.44,4.88,63.38,126.0,24,0,0.0
2024-01-01 00:04:22,262,Normal,PMU_Sensor,56,0.391,0.827,0.2757,49.5,7.86,60.9,94.0,56,0,0.0
2024-01-01 00:04:22,262,Normal,DER_Controller,33,0.21,0.7103,0.1776,39.8,9.58,79.0,117.0,33,0,0.0
2024-01-01 00:04:22,262,Normal,EV_Charger_1,37,0.4046,0.4338,0.1446,34.3,6.23,59.54,113.0,37,0,0.0
2024-01-01 00:04:22,262,Normal,EV_Charger_2,32,0.1502,0.6248,0.2083,28.84,5.05,84.98,118.0,32,0,0.0
2024-01-01 00:04:23,263,Normal,AMI_Meter,39,0.4505,1.9417,0.6472,29.48,4.9,54.95,111.0,39,0,0.0
2024-01-01 00:04:23,263,Normal,PMU_Sensor,48,0.2927,0.1902,0.0634,49.49,7.85,70.73,102.0,48,0,0.0
2024-01-01 00:04:23,263,Normal,DER_Controller,43,0.1784,0.3332,0.0833,39.81,9.56,82.16,107.0,43,0,0.0
2024-01-01 00:04:23,263,Normal,EV_Charger_1,26,0.4157,1.3244,0.4415,34.27,6.24,58.43,124.0,26,0,0.0
2024-01-01 00:04:23,263,Normal,EV_Charger_2,35,0.2264,1.213,0.4043,28.87,5.06,77.36,115.0,35,0,0.0
2024-01-01 00:04:24,264,Normal,AMI_Meter,26,0.386,0.707,0.2357,29.46,4.9,61.4,124.0,26,0,0.0
2024-01-01 00:04:24,264,Normal,PMU_Sensor,45,0.262,0.571,0.1903,49.48,7.84,73.8,105.0,45,0,0.0
2024-01-01 00:04:24,264,Normal,DER_Controller,39,0.1391,0.085,0.0213,39.81,9.54,86.09,111.0,39,0,0.0
2024-01-01 00:04:24,264,Normal,EV_Charger_1,25,0.4385,1.4757,0.4919,34.23,6.25,56.15,125.0,25,0,0.0
2024-01-01 00:04:24,264,Normal,EV_Charger_2,31,0.2006,0.4209,0.1403,28.88,5.05,79.94,119.0,31,0,0.0
2024-01-01 00:04:25,265,Normal,AMI_Meter,34,0.3625,0.9225,0.3075,29.48,4.9,63.75,116.0,34,0,0.0
2024-01-01 00:04:25,265,Normal,PMU_Sensor,52,0.2156,0.3214,0.1071,49.48,7.82,78.44,98.0,52,0,0.0
2024-01-01 00:04:25,265,Normal,DER_Controller,24,0.2071,1.6454,0.4113,39.75,9.57,79.29,126.0,24,0,0.0
2024-01-01 00:04:25,265,Normal,EV_Charger_1,34,0.3106,0.0367,0.0122,34.23,6.24,68.94,116.0,34,0,0.0
2024-01-01 00:04:25,265,Normal,EV_Charger_2,33,0.2219,0.8145,0.2715,28.89,5.04,77.81,117.0,33,0,0.0
2024-01-01 00:04:26,266,Normal,AMI_Meter,20,0.4456,1.9185,0.6395,29.45,4.92,55.44,130.0,20,0,0.0
2024-01-01 00:04:26,266,Normal,PMU_Sensor,41,0.2589,1.08,0.36,49.45,7.83,74.11,109.0,41,0,0.0
2024-01-01 00:04:26,266,Normal,DER_Controller,48,0.209,0.8588,0.2147,39.78,9.57,79.1,102.0,48,0,0.0
2024-01-01 00:04:26,266,Normal,EV_Charger_1,36,0.2458,0.283,0.0943,34.24,6.23,75.42,114.0,36,0,0.0
2024-01-01 00:04:26,266,Normal,EV_Charger_2,32,0.2168,0.6147,0.2049,28.9,5.04,78.32,118.0,32,0,0.0
2024-01-01 00:04:27,267,Normal,AMI_Meter,39,0.5043,1.9234,0.6411,29.48,4.95,49.57,111.0,39,0,0.0
2024-01-01 00:04:27,267,Normal,PMU_Sensor,53,0.2264,0.4521,0.1507,49.47,7.82,77.36,97.0,53,0,0.0
2024-01-01 00:04:27,267,Normal,DER_Controller,46,0.1973,0.648,0.162,39.81,9.56,80.27,104.0,46,0,0.0
2024-01-01 00:04:27,267,Normal,EV_Charger_1,51,0.4369,2.6492,0.8831,34.3,6.3,56.31,99.0,51,0,0.0
2024-01-01 00:04:27,267,Normal,EV_Charger_2,28,0.1696,0.1788,0.0596,28.9,5.03,83.04,122.0,28,0,0.0
2024-01-01 00:04:28,268,Normal,AMI_Meter,26,0.4231,0.7015,0.2338,29.47,4.94,57.69,124.0,26,0,0.0
2024-01-01 00:04:28,268,Normal,PMU_Sensor,53,0.2036,0.4511,0.1504,49.48,7.8,79.64,97.0,53,0,0.0
2024-01-01 00:04:28,268,Normal,DER_Controller,44,0.1753,0.4378,0.1095,39.82,9.54,82.47,106.0,44,0,0.0
2024-01-01 00:04:28,268,Normal,EV_Charger_1,31,0.3581,0.522,0.174,34.29,6.3,64.19,119.0,31,0,0.0
2024-01-01 00:04:28,268,Normal,EV_Charger_2,24,0.2158,0.9706,0.3235,28.88,5.03,78.42,126.0,24,0,0.0
2024-01-01 00:04:29,269,Normal,AMI_Meter,41,0.5267,2.3049,0.7683,29.51,4.98,47.33,109.0,41,0,0.0
2024-01-01 00:04:29,269,Normal,PMU_Sensor,52,0.1748,0.3223,0.1074,49.49,7.79,82.52,98.0,52,0,0.0
2024-01-01 00:04:29,269,Normal,DER_Controller,32,0.1826,0.817,0.2042,39.79,9.54,81.74,118.0,32,0,0.0
2024-01-01 00:04:29,269,Normal,EV_Charger_1,40,0.3411,0.9045,0.3015,34.31,6.29,65.89,110.0,40,0,0.0
2024-01-01 00:04:29,269,Normal,EV_Charger_2,29,0.1534,0.0236,0.0079,28.88,5.02,84.66,121.0,29,0,0.0
2024-01-01 00:04:30,270,Normal,AMI_Meter,28,0.3989,0.3026,0.1009,29.51,4.98,60.11,122.0,28,0,0.0
2024-01-01 00:04:30,270,Normal,PMU_Sensor,54,0.1801,0.5776,0.1925,49.51,7.78,81.99,96.0,54,0,0.0
2024-01-01 00:04:30,270,Normal,DER_Controller,27,0.2203,1.3343,0.3336,39.75,9.55,77.97,123.0,27,0,0.0
2024-01-01 00:04:30,270,Normal,EV_Charger_1,37,0.2815,0.4269,0.1423,34.32,6.28,71.85,113.0,37,0,0.0
2024-01-01 00:04:30,270,Normal,EV_Charger_2,39,0.3071,1.9971,0.6657,28.92,5.05,69.29,111.0,39,0,0.0
2024-01-01 00:04:31,271,Normal,AMI_Meter,32,0.3293,0.5001,0.1667,29.51,4.97,67.07,118.0,32,0,0.0
2024-01-01 00:04:31,271,Normal,PMU_Sensor,46,0.171,0.4495,0.1498,49.49,7.77,82.9,104.0,46,0,0.0
2024-01-01 00:04:31,271,Normal,DER_Controller,34,0.2027,0.6,0.15,39.72,9.54,79.73,116.0,34,0,0.0
2024-01-01 00:04:31,271,Normal,EV_Charger_1,32,0.2338,0.368,0.1227,34.31,6.27,76.62,118.0,32,0,0.0
2024-01-01 00:04:31,271,Normal,EV_Charger_2,28,0.2331,0.1817,0.0606,28.92,5.04,76.69,122.0,28,0,0.0
2024-01-01 00:04:32,272,Normal,AMI_Meter,28,0.2609,0.3042,0.1014,29.51,4.96,73.91,122.0,28,0,0.0
2024-01-01 00:04:32,272,Normal,PMU_Sensor,57,0.216,0.9628,0.3209,49.52,7.77,78.4,93.0,57,0,0.0
2024-01-01 00:04:32,272,Normal,DER_Controller,22,0.2672,1.8427,0.4607,39.66,9.58,73.28,128.0,22,0,0.0
2024-01-01 00:04:32,272,Normal,EV_Charger_1,40,0.2541,0.9041,0.3014,34.33,6.27,74.59,110.0,40,0,0.0
2024-01-01 00:04:32,272,Normal,EV_Charger_2,28,0.1813,0.1813,0.0604,28.91,5.03,81.87,122.0,28,0,0.0
2024-01-01 00:04:33,273,Normal,AMI_Meter,31,0.2126,0.2999,0.1,29.51,4.95,78.74,119.0,31,0,0.0
2024-01-01 00:04:33,273,Normal,PMU_Sensor,40,0.2732,1.2199,0.4066,49.49,7.78,72.68,110.0,40,0,0.0
2024-01-01 00:04:33,273,Normal,DER_Controller,53,0.2869,1.3846,0.3462,39.71,9.6,71.31,97.0,53,0,0.0
2024-01-01 00:04:33,273,Normal,EV_Charger_1,42,0.2996,1.2174,0.4058,34.36,6.28,70.04,108.0,42,0,0.0
2024-01-01 00:04:33,273,Normal,EV_Charger_2,34,0.2277,1.0078,0.3359,28.93,5.03,77.23,116.0,34,0,0.0
2024-01-01 00:04:34,274,Normal,AMI_Meter,22,0.2997,1.5082,0.5027,29.49,4.96,70.03,128.0,22,0,0.0
2024-01-01 00:04:34,274,Normal,PMU_Sensor,56,0.2747,0.8352,0.2784,49.51,7.77,72.53,94.0,56,0,0.0
2024-01-01 00:04:34,274,Normal,DER_Controller,44,0.2431,0.4461,0.1115,39.72,9.59,75.69,106.0,44,0,0.0
2024-01-01 00:04:34,274,Normal,EV_Charger_1,25,0.3579,1.4819,0.494,34.32,6.29,64.21,125.0,25,0,0.0
2024-01-01 00:04:34,274,Normal,EV_Charger_2,29,0.1608,0.0138,0.0046,28.93,5.02,83.92,121.0,29,0,0.0
2024-01-01 00:04:35,275,Normal,AMI_Meter,31,0.2402,0.3041,0.1014,29.49,4.96,75.98,119.0,31,0,0.0
2024-01-01 00:04:35,275,Normal,PMU_Sensor,54,0.25,0.5765,0.1922,49.53,7.76,75.0,96.0,54,0,0.0
2024-01-01 00:04:35,275,Normal,DER_Controller,41,0.1906,0.1329,0.0332,39.73,9.57,80.94,109.0,41,0,0.0
2024-01-01 00:04:35,275,Normal,EV_Charger_1,36,0.2771,0.2659,0.0886,34.33,6.28,72.29,114.0,36,0,0.0
2024-01-01 00:04:35,275,Normal,EV_Charger_2,37,0.2722,1.5967,0.5322,28.96,5.04,72.78,113.0,37,0,0.0
2024-01-01 00:04:36,276,Normal,AMI_Meter,36,0.2988,1.3065,0.4355,29.52,4.96,70.12,114.0,36,0,0.0
2024-01-01 00:04:36,276,Normal,PMU_Sensor,27,0.4603,2.8535,0.9512,49.44,7.87,53.97,122.97,27,0,0.0
2024-01-01 00:04:36,276,Normal,DER_Controller,36,0.1673,0.3888,0.0972,39.71,9.55,83.27,114.0,36,0,0.0
2024-01-01 00:04:36,276,Normal,EV_Charger_1,34,0.1992,0.0524,0.0175,34.33,6.27,80.08,116.0,34,0,0.0
2024-01-01 00:04:36,276,Normal,EV_Charger_2,21,0.3476,1.5709,0.5236,28.93,5.05,65.24,129.0,21,0,0.0
2024-01-01 00:04:37,277,Normal,AMI_Meter,30,0.2189,0.0973,0.0324,29.52,4.95,78.11,120.0,30,0,0.0
2024-01-01 00:04:37,277,Normal,PMU_Sensor,59,0.4432,1.2095,0.4032,49.48,7.87,55.68,91.0,59,0,0.0
2024-01-01 00:04:37,277,Normal,DER_Controller,29,0.1953,1.117,0.2792,39.68,9.56,80.47,121.0,29,0,0.0
2024-01-01 00:04:37,277,Normal,EV_Charger_1,37,0.182,0.4252,0.1417,34.34,6.26,81.8,113.0,37,0,0.0
2024-01-01 00:04:37,277,Normal,EV_Charger_2,25,0.321,0.7764,0.2588,28.92,5.05,67.9,125.0,25,0,0.0
2024-01-01 00:04:38,278,Normal,AMI_Meter,26,0.224,0.7083,0.2361,29.51,4.95,77.6,124.0,26,0,0.0
2024-01-01 00:04:38,278,Normal,PMU_Sensor,61,0.4558,1.4554,0.4851,49.52,7.89,54.42,84.42,61,0,0.0
2024-01-01 00:04:38,278,Normal,DER_Controller,34,0.1835,0.5924,0.1481,39.66,9.55,81.65,116.0,34,0,0.0
2024-01-01 00:04:38,278,Normal,EV_Charger_1,37,0.1698,0.4243,0.1414,34.35,6.25,83.02,113.0,37,0,0.0
2024-01-01 00:04:38,278,Normal,EV_Charger_2,20,0.4001,1.7544,0.5848,28.89,5.06,59.99,130.0,20,0,0.0
2024-01-01 00:04:39,279,Normal,AMI_Meter,39,0.3471,1.9025,0.6342,29.54,4.97,65.29,111.0,39,0,0.0
2024-01-01 00:04:39,279,Normal,PMU_Sensor,54,0.3757,0.5666,0.1889,49.54,7.88,62.43,92.85,54,0,0.0
2024-01-01 00:04:39,279,Normal,DER_Controller,38,0.1484,0.1731,0.0433,39.65,9.53,85.16,112.0,38,0,0.0
2024-01-01 00:04:39,279,Normal,EV_Charger_1,38,0.1772,0.5829,0.1943,34.36,6.24,82.28,112.0,38,0,0.0
2024-01-01 00:04:39,279,Normal,EV_Charger_2,22,0.4154,1.3526,0.4509,28.86,5.07,58.46,128.0,22,0,0.0
2024-01-01 00:04:40,280,Suspicious,AMI_Meter,35,0.3523,1.0938,0.3646,29.56,4.97,64.77,115.0,35,0,0.0
2024-01-01 00:04:40,280,Suspicious,PMU_Sensor,47,0.2951,0.3212,0.1071,49.53,7.87,70.49,103.0,47,0,0.0
2024-01-01 00:04:40,280,Suspicious,DER_Controller,37,0.1287,0.2775,0.0694,39.64,9.51,87.13,113.0,37,0,0.0
2024-01-01 00:04:40,280,Suspicious,EV_Charger_1,31,0.1777,0.537,0.179,34.35,6.24,82.23,119.0,31,0,0.0
2024-01-01 00:04:40,280,Suspicious,EV_Charger_2,28,0.3077,0.1694,0.0565,28.86,5.06,69.23,122.0,28,0,0.0
2024-01-01 00:04:41,281,Suspicious,AMI_Meter,33,0.3156,0.6899,0.23,29.57,4.97,68.44,117.0,33,0,0.0
2024-01-01 00:04:41,281,Suspicious,PMU_Sensor,52,0.238,0.3138,0.1046,49.54,7.85,76.2,98.0,52,0,0.0
2024-01-01 00:04:41,281,Suspicious,DER_Controller,46,0.1382,0.6667,0.1667,39.66,9.51,86.18,104.0,46,0,0.0
2024-01-01 00:04:41,281,Suspicious,EV_Charger_1,35,0.1348,0.1043,0.0348,34.35,6.22,86.52,115.0,35,0,0.0
2024-01-01 00:04:41,281,Suspicious,EV_Charger_2,35,0.3362,1.2078,0.4026,28.88,5.07,66.38,115.0,35,0,0.0
2024-01-01 00:04:42,282,Suspicious,AMI_Meter,27,0.2726,0.5161,0.172,29.56,4.96,72.74,123.0,27,0,0.0
2024-01-01 00:04:42,282,Suspicious,PMU_Sensor,67,0.3866,2.2007,0.7336,49.6,7.91,61.34,83.0,67,0,0.0
2024-01-01 00:04:42,282,Suspicious,DER_Controller,24,0.2059,1.637,0.4093,39.61,9.53,79.41,126.0,24,0,0.0
2024-01-01 00:04:42,282,Suspicious,EV_Charger_1,47,0.2958,2.0138,0.6713,34.4,6.26,70.42,103.0,47,0,0.0
2024-01-01 00:04:42,282,Suspicious,EV_Charger_2,40,0.4525,2.1722,0.7241,28.92,5.1,54.75,110.0,40,0,0.0
2024-01-01 00:04:43,283,Suspicious,AMI_Meter,25,0.2824,0.9161,0.3054,29.55,4.96,71.76,125.0,25,0,0.0
2024-01-01 00:04:43,283,Suspicious,PMU_Sensor,67,0.4885,2.1783,0.7261,49.66,7.96,51.15,67.15,67,0,0.0
2024-01-01 00:04:43,283,Suspicious,DER_Controller,49,0.2158,0.9817,0.2454,39.64,9.53,78.42,101.0,49,0,0.0
2024-01-01 00:04:43,283,Suspicious,EV_Charger_1,45,0.3753,1.6827,0.5609,34.43,6.28,62.47,105.0,45,0,0.0
2024-01-01 00:04:43,283,Suspicious,EV_Charger_2,32,0.377,0.6025,0.2008,28.93,5.1,62.3,118.0,32,0,0.0
2024-01-01 00:04:44,284,Suspicious,AMI_Meter,28,0.2288,0.3109,0.1036,29.54,4.95,77.12,122.0,28,0,0.0
2024-01-01 00:04:44,284,Suspicious,PMU_Sensor,48,0.3627,0.2079,0.0693,49.65,7.95,63.73,82.88,48,0,0.0
2024-01-01 00:04:44,284,Suspicious,DER_Controller,43,0.1838,0.3517,0.0879,39.65,9.52,81.62,107.0,43,0,0.0
2024-01-01 00:04:44,284,Suspicious,EV_Charger_1,50,0.5075,2.4483,0.8161,34.49,6.34,49.25,100.0,50,0,0.0
2024-01-01 00:04:44,284,Suspicious,EV_Charger_2,33,0.3436,0.7965,0.2655,28.94,5.09,65.64,117.0,33,0,0.0
2024-01-01 00:04:45,285,Suspicious,AMI_Meter,25,0.2515,0.9135,0.3045,29.52,4.95,74.85,125.0,25,0,0.0
2024-01-01 00:04:45,285,Suspicious,PMU_Sensor,56,0.3336,0.7964,0.2655,49.67,7.94,66.64,93.52,56,0,0.0
2024-01-01 00:04:45,285,Suspicious,DER_Controller,49,0.199,0.9786,0.2447,39.69,9.52,80.1,101.0,49,0,0.0
2024-01-01 00:04:45,285,Suspicious,EV_Charger_1,45,0.5201,1.6483,0.5494,34.52,6.36,47.99,102.99,45,0,0.0
2024-01-01 00:04:45,285,Suspicious,EV_Charger_2,36,0.3784,1.3785,0.4595,28.97,5.1,62.16,114.0,36,0,0.0
2024-01-01 00:04:46,286,Suspicious,AMI_Meter,28,0.2068,0.3072,0.1024,29.52,4.95,79.32,122.0,28,0,0.0
2024-01-01 00:04:46,286,Suspicious,PMU_Sensor,42,0.3298,0.963,0.321,49.65,7.94,67.02,108.0,42,0,0.0
2024-01-01 00:04:46,286,Suspicious,DER_Controller,31,0.2061,0.9096,0.2274,39.66,9.52,79.39,119.0,31,0,0.0
2024-01-01 00:04:46,286,Suspicious,EV_Charger_1,26,0.4976,1.3348,0.4449,34.49,6.36,50.24,124.0,26,0,0.0
2024-01-01 00:04:46,286,Suspicious,EV_Charger_2,33,0.3437,0.7882,0.2627,28.98,5.1,65.63,117.0,33,0,0.0
2024-01-01 00:04:47,287,Suspicious,AMI_Meter,29,0.1552,0.1048,0.0349,29.52,4.94,84.48,121.0,29,0,0.0
2024-01-01 00:04:47,287,Suspicious,PMU_Sensor,46,0.2767,0.4584,0.1528,49.64,7.93,72.33,104.0,46,0,0.0
2024-01-01 00:04:47,287,Suspicious,DER_Controller,10,0.3458,3.0598,0.765,39.55,9.66,65.42,140.0,10,0,0.0
2024-01-01 00:04:47,287,Suspicious,EV_Charger_1,30,0.4187,0.7044,0.2348,34.48,6.36,58.13,120.0,30,0,0.0
2024-01-01 00:04:47,287,Suspicious,EV_Charger_2,38,0.4162,1.7565,0.5855,29.01,5.12,58.38,112.0,38,0,0.0
2024-01-01 00:04:48,288,Suspicious,AMI_Meter,26,0.1797,0.7107,0.2369,29.51,4.93,82.03,124.0,26,0,0.0
2024-01-01 00:04:48,288,Suspicious,PMU_Sensor,52,0.2234,0.2976,0.0992,49.64,7.92,77.66,98.0,52,0,0.0
2024-01-01 00:04:48,288,Suspicious,DER_Controller,26,0.3466,1.396,0.349,39.51,9.67,65.34,124.0,26,0,0.0
2024-01-01 00:04:48,288,Suspicious,EV_Charger_1,55,0.5931,3.165,1.0,34.55,6.46,40.69,95.0,55,0,0.0
2024-01-01 00:04:48,288,Suspicious,EV_Charger_2,31,0.3301,0.3874,0.1291,29.02,5.11,66.99,119.0,31,0,0.0
2024-01-01 00:04:49,289,Suspicious,AMI_Meter,31,0.1561,0.3025,0.1008,29.51,4.92,84.39,119.0,31,0,0.0
2024-01-01 00:04:49,289,Suspicious,PMU_Sensor,68,0.3857,2.2931,0.7644,49.71,7.98,61.43,82.0,68,0,0.0
2024-01-01 00:04:49,289,Suspicious,DER_Controller,55,0.3595,1.5919,0.398,39.56,9.7,64.05,95.0,55,0,0.0
2024-01-01 00:04:49,289,Suspicious,EV_Charger_1,40,0.4993,0.841,0.2803,34.57,6.46,50.07,105.07,40,0,0.0
2024-01-01 00:04:49,289,Suspicious,EV_Charger_2,28,0.251,0.1995,0.0665,29.02,5.1,74.9,122.0,28,0,0.0
2024-01-01 00:04:50,290,Suspicious,AMI_Meter,28,0.1398,0.3061,0.102,29.51,4.92,86.02,122.0,28,0,0.0
2024-01-01 00:04:50,290,Suspicious,PMU_Sensor,54,0.3237,0.537,0.179,49.72,7.97,67.63,95.63,54,0,0.0
2024-01-01 00:04:50,290,Suspicious,DER_Controller,38,0.2796,0.1604,0.0401,39.55,9.68,72.04,112.0,38,0,0.0
2024-01-01 00:04:50,290,Suspicious,EV_Charger_1,40,0.4333,0.8385,0.2795,34.59,6.45,56.67,110.0,40,0,0.0
2024-01-01 00:04:50,290,Suspicious,EV_Charger_2,40,0.389,2.1328,0.7109,29.05,5.13,61.1,110.0,40,0,0.0
2024-01-01 00:04:51,291,Suspicious,AMI_Meter,29,0.1082,0.1026,0.0342,29.5,4.91,89.18,121.0,29,0,0.0
2024-01-01 00:04:51,291,Suspicious,PMU_Sensor,68,0.4536,2.2697,0.7566,49.78,8.03,54.64,82.0,68,0,0.0
2024-01-01 00:04:51,291,Suspicious,DER_Controller,40,0.2126,0.0461,0.0115,39.55,9.67,78.74,110.0,40,0,0.0
2024-01-01 00:04:51,291,Suspicious,EV_Charger_1,61,0.6033,3.9723,1.0,34.68,6.63,39.67,88.67,61,0,0.0
2024-01-01 00:04:51,291,Suspicious,EV_Charger_2,34,0.3683,0.9604,0.3201,29.07,5.13,63.17,116.0,34,0,0.0
2024-01-01 00:04:52,292,Suspicious,AMI_Meter,34,0.167,0.9132,0.3044,29.52,4.91,83.3,116.0,34,0,0.0
2024-01-01 00:04:52,292,Suspicious,PMU_Sensor,44,0.3894,0.7189,0.2396,49.76,8.02,61.06,99.06,44,0,0.0
2024-01-01 00:04:52,292,Suspicious,DER_Controller,31,0.2146,0.8822,0.2206,39.53,9.66,78.54,119.0,31,0,0.0
2024-01-01 00:04:52,292,Suspicious,EV_Charger_1,50,0.6511,2.2875,0.7625,34.73,6.68,34.89,73.56,50,0,0.0
2024-01-01 00:04:52,292,Suspicious,EV_Charger_2,37,0.4115,1.5362,0.5121,29.1,5.14,58.85,113.0,37,0,0.0
2024-01-01 00:04:53,293,Suspicious,AMI_Meter,30,0.1267,0.0979,0.0326,29.52,4.9,87.33,120.0,30,0,0.0
2024-01-01 00:04:53,293,Suspicious,PMU_Sensor,39,0.4062,1.336,0.4453,49.73,8.03,59.38,111.0,39,0,0.0
2024-01-01 00:04:53,293,Suspicious,DER_Controller,26,0.248,1.3926,0.3482,39.48,9.68,75.2,124.0,26,0,0.0
2024-01-01 00:04:53,293,Suspicious,EV_Charger_1,33,0.4816,0.2587,0.0862,34.72,6.66,51.84,92.39,33,0,0.0
2024-01-01 00:04:53,293,Suspicious,EV_Charger_2,21,0.4446,1.5654,0.5218,29.07,5.16,55.54,129.0,21,0,0.0
2024-01-01 00:04:54,294,Suspicious,AMI_Meter,30,0.0985,0.0977,0.0326,29.52,4.89,90.15,120.0,30,0,0.0
2024-01-01 00:04:54,294,Suspicious,PMU_Sensor,59,0.3993,1.1501,0.3834,49.76,8.03,60.07,91.0,59,0,0.0
2024-01-01 00:04:54,294,Suspicious,DER_Controller,39,0.1891,0.0495,0.0124,39.48,9.66,81.09,111.0,39,0,0.0
2024-01-01 00:04:54,294,Suspicious,EV_Charger_1,25,0.4823,1.4514,0.4838,34.69,6.68,51.77,119.17,25,0,0.0
2024-01-01 00:04:54,294,Suspicious,EV_Charger_2,30,0.3292,0.1798,0.0599,29.07,5.15,67.08,120.0,30,0,0.0
2024-01-01 00:04:55,295,Suspicious,AMI_Meter,29,0.0796,0.1066,0.0355,29.52,4.88,92.04,121.0,29,0,0.0
2024-01-01 00:04:55,295,Suspicious,PMU_Sensor,66,0.4799,2.0042,0.6681,49.81,8.08,52.01,77.01,66,0,0.0
2024-01-01 00:04:55,295,Suspicious,DER_Controller,25,0.2349,1.4901,0.3725,39.43,9.68,76.51,125.0,25,0,0.0
2024-01-01 00:04:55,295,Suspicious,EV_Charger_1,45,0.4911,1.535,0.5117,34.73,6.69,50.89,105.0,45,0,0.0
2024-01-01 00:04:55,295,Suspicious,EV_Charger_2,42,0.4785,2.4804,0.8268,29.12,5.19,52.15,108.0,42,0,0.0
2024-01-01 00:04:56,296,Suspicious,AMI_Meter,32,0.1064,0.5068,0.1689,29.53,4.88,89.36,118.0,32,0,0.0
2024-01-01 00:04:56,296,Suspicious,PMU_Sensor,54,0.3877,0.5172,0.1724,49.83,8.07,61.23,84.24,54,0,0.0
2024-01-01 00:04:56,296,Suspicious,DER_Controller,41,0.1863,0.162,0.0405,39.43,9.67,81.37,109.0,41,0,0.0
2024-01-01 00:04:56,296,Suspicious,EV_Charger_1,53,0.613,2.692,0.8973,34.79,6.77,38.7,90.7,53,0,0.0
2024-01-01 00:04:56,296,Suspicious,EV_Charger_2,36,0.4668,1.3189,0.4396,29.14,5.2,53.32,114.0,36,0,0.0
2024-01-01 00:04:57,297,Suspicious,AMI_Meter,25,0.1671,0.9258,0.3086,29.51,4.88,83.29,125.0,25,0,0.0
2024-01-01 00:04:57,297,Suspicious,PMU_Sensor,57,0.36,0.8865,0.2955,49.85,8.06,64.0,91.23,57,0,0.0
2024-01-01 00:04:57,297,Suspicious,DER_Controller,26,0.2262,1.3829,0.3457,39.39,9.68,77.38,124.0,26,0,0.0
2024-01-01 00:04:57,297,Suspicious,EV_Charger_1,54,0.7088,2.7973,0.9324,34.85,6.84,29.12,65.82,54,0,0.0
2024-01-01 00:04:57,297,Suspicious,EV_Charger_2,33,0.4008,0.7401,0.2467,29.15,5.2,59.92,117.0,33,0,0.0
2024-01-01 00:04:58,298,Suspicious,AMI_Meter,26,0.1888,0.7189,0.2396,29.5,4.87,81.12,124.0,26,0,0.0
2024-01-01 00:04:58,298,Suspicious,PMU_Sensor,49,0.2626,0.1055,0.0352,49.85,8.05,73.74,101.0,49,0,0.0
2024-01-01 00:04:58,298,Suspicious,DER_Controller,33,0.2108,0.6583,0.1646,39.37,9.67,78.92,117.0,33,0,0.0
2024-01-01 00:04:58,298,Suspicious,EV_Charger_1,40,0.5712,0.7501,0.25,34.87,6.84,42.88,68.7,40,0,0.0
2024-01-01 00:04:58,298,Suspicious,EV_Charger_2,29,0.2835,0.0297,0.0099,29.15,5.19,71.65,121.0,29,0,0.0
2024-01-01 00:04:59,299,Suspicious,AMI_Meter,24,0.2447,1.1252,0.3751,29.48,4.87,75.53,126.0,24,0,0.0
2024-01-01 00:04:59,299,Suspicious,PMU_Sensor,52,0.2105,0.2667,0.0889,49.86,8.04,78.95,98.0,52,0,0.0
2024-01-01 00:04:59,299,Suspicious,DER_Controller,28,0.2312,1.1706,0.2926,39.33,9.68,76.88,122.0,28,0,0.0
2024-01-01 00:04:59,299,Suspicious,EV_Charger_1,60,0.6998,3.5879,1.0,34.95,6.98,30.02,38.72,60,0,0.0
2024-01-01 00:04:59,299,Suspicious,EV_Charger_2,24,0.2975,0.9902,0.3301,29.14,5.19,70.25,126.0,24,0,0.0
2024-01-01 00:05:00,300,Suspicious,AMI_Meter,27,0.2221,0.5085,0.1695,29.48,4.87,77.79,123.0,27,0,0.0
2024-01-01 00:05:00,300,Suspicious,PMU_Sensor,45,0.2076,0.6029,0.201,49.84,8.03,79.24,105.0,45,0,0.0
2024-01-01 00:05:00,300,Suspicious,DER_Controller,53,0.2613,1.4053,0.3513,39.38,9.7,73.87,97.0,53,0,0.0
2024-01-01 00:05:00,300,Suspicious,EV_Charger_1,57,0.7899,3.1017,1.0,35.03,7.08,21.01,2.74,57,0,0.0
2024-01-01 00:05:00,300,Suspicious,EV_Charger_2,30,0.2249,0.1661,0.0554,29.14,5.18,77.51,120.0,30,0,0.0
2024-01-01 00:05:01,301,Suspicious,AMI_Meter,32,0.2073,0.5177,0.1726,29.48,4.86,79.27,118.0,32,0,0.0
2024-01-01 00:05:01,301,Suspicious,PMU_Sensor,33,0.3532,2.0789,0.693,49.78,8.07,64.68,117.0,33,0,0.0
2024-01-01 00:05:01,301,Suspicious,DER_Controller,39,0.1984,0.0387,0.0097,39.37,9.68,80.16,111.0,39,0,0.0
2024-01-01 00:05:01,301,Suspicious,EV_Charger_1,75,0.8529,5.3571,1.0,35.16,7.44,14.71,0.0,17,57,0.7674
2024-01-01 00:05:01,301,Suspicious,EV_Charger_2,32,0.2125,0.5511,0.1837,29.15,5.17,78.75,118.0,32,0,0.0
2024-01-01 00:05:02,302,Suspicious,AMI_Meter,30,0.1557,0.1061,0.0354,29.49,4.85,84.43,120.0,30,0,0.0
2024-01-01 00:05:02,302,Suspicious,PMU_Sensor,54,0.2994,0.521,0.1737,49.8,8.06,70.06,96.0,54,0,0.0
2024-01-01 00:05:02,302,Suspicious,DER_Controller,48,0.2043,0.8886,0.2221,39.4,9.68,79.57,102.0,48,0,0.0
2024-01-01 00:05:02,302,Suspicious,EV_Charger_1,34,0.6126,0.1556,0.0519,35.16,7.43,38.74,4.74,34,0,0.0
2024-01-01 00:05:02,302,Suspicious,EV_Charger_2,21,0.3054,1.5663,0.5221,29.12,5.19,69.46,129.0,21,0,0.0
2024-01-01 00:05:03,303,Suspicious,AMI_Meter,31,0.1401,0.3116,0.1039,29.49,4.85,85.99,119.0,31,0,0.0
2024-01-01 00:05:03,303,Suspicious,PMU_Sensor,44,0.2813,0.7173,0.2391,49.78,8.06,71.87,106.0,44,0,0.0
2024-01-01 00:05:03,303,Suspicious,DER_Controller,53,0.2406,1.3985,0.3496,39.45,9.69,75.94,97.0,53,0,0.0
2024-01-01 00:05:03,303,Suspicious,EV_Charger_1,53,0.6665,2.3768,0.7923,35.21,7.48,33.35,0.0,38,14,0.2813
2024-01-01 00:05:03,303,Suspicious,EV_Charger_2,20,0.3885,1.7474,0.5825,29.09,5.2,61.15,130.0,20,0,0.0
2024-01-01 00:05:04,304,Suspicious,AMI_Meter,23,0.2314,1.3331,0.4444,29.47,4.85,76.86,127.0,23,0,0.0
2024-01-01 00:05:04,304,Suspicious,PMU_Sensor,28,0.4636,2.6667,0.8889,49.71,8.14,53.64,122.0,28,0,0.0
2024-01-01 00:05:04,304,Suspicious,DER_Controller,37,0.1962,0.2521,0.063,39.44,9.68,80.38,113.0,37,0,0.0
2024-01-01 00:05:04,304,Suspicious,EV_Charger_1,55,0.7275,2.6099,0.87,35.28,7.56,27.25,0.0,27,27,0.5046
2024-01-01 00:05:04,304,Suspicious,EV_Charger_2,29,0.2737,0.0177,0.0059,29.09,5.19,72.63,121.0,29,0,0.0
2024-01-01 00:05:05,305,Suspicious,AMI_Meter,35,0.2755,1.1356,0.3785,29.49,4.85,72.45,115.0,35,0,0.0
2024-01-01 00:05:05,305,Suspicious,PMU_Sensor,59,0.4382,1.1372,0.3791,49.74,8.14,56.18,91.0,59,0,0.0
2024-01-01 00:05:05,305,Suspicious,DER_Controller,38,0.1565,0.1485,0.0371,39.43,9.66,84.35,112.0,38,0,0.0
2024-01-01 00:05:05,305,Suspicious,EV_Charger_1,34,0.5262,0.1689,0.0563,35.27,7.54,47.38,13.38,34,0,0.0
2024-01-01 00:05:05,305,Suspicious,EV_Charger_2,35,0.3049,1.1331,0.3777,29.11,5.2,69.51,115.0,35,0,0.0
2024-01-01 00:05:06,306,Suspicious,AMI_Meter,32,0.2445,0.5166,0.1722,29.5,4.85,75.55,118.0,32,0,0.0
2024-01-01 00:05:06,306,Suspicious,PMU_Sensor,52,0.3345,0.2772,0.0924,49.75,8.13,66.55,98.0,52,0,0.0
2024-01-01 00:05:06,306,Suspicious,DER_Controller,49,0.179,0.9869,0.2467,39.47,9.66,82.1,101.0,49,0,0.0
2024-01-01 00:05:06,306,Suspicious,EV_Charger_1,46,0.5098,1.4147,0.4716,35.31,7.56,49.02,16.4,46,0,0.0
2024-01-01 00:05:06,306,Suspicious,EV_Charger_2,44,0.4957,2.8226,0.9409,29.16,5.26,50.43,106.0,44,0,0.0
2024-01-01 00:05:07,307,Suspicious,AMI_Meter,25,0.2636,0.9242,0.3081,29.48,4.85,73.64,125.0,25,0,0.0
2024-01-01 00:05:07,307,Suspicious,PMU_Sensor,55,0.2986,0.6446,0.2149,49.76,8.12,70.14,95.0,55,0,0.0
2024-01-01 00:05:07,307,Suspicious,DER_Controller,23,0.2401,1.6937,0.4234,39.41,9.69,75.99,127.0,23,0,0.0
2024-01-01 00:05:07,307,Suspicious,EV_Charger_1,49,0.5368,1.7992,0.5997,35.35,7.58,46.32,13.73,49,0,0.0
2024-01-01 00:05:07,307,Suspicious,EV_Charger_2,41,0.57,2.23,0.7433,29.2,5.29,43.0,108.0,41,0,0.0
2024-01-01 00:05:08,308,Suspicious,AMI_Meter,28,0.215,0.3049,0.1016,29.48,4.84,78.5,122.0,28,0,0.0
2024-01-01 00:05:08,308,Suspicious,PMU_Sensor,56,0.2856,0.7657,0.2552,49.78,8.12,71.44,94.0,56,0,0.0
2024-01-01 00:05:08,308,Suspicious,DER_Controller,42,0.1968,0.2666,0.0666,39.42,9.68,80.32,108.0,42,0,0.0
2024-01-01 00:05:08,308,Suspicious,EV_Charger_1,59,0.6757,3.0646,1.0,35.43,7.69,32.43,0.0,46,12,0.2178
2024-01-01 00:05:08,308,Suspicious,EV_Charger_2,40,0.6014,2.0241,0.6747,29.23,5.32,39.86,107.86,40,0,0.0
2024-01-01 00:05:09,309,Suspicious,AMI_Meter,28,0.1809,0.3043,0.1014,29.47,4.83,81.91,122.0,28,0,0.0
2024-01-01 00:05:09,309,Suspicious,PMU_Sensor,35,0.3807,1.8082,0.6027,49.74,8.15,61.93,115.0,35,0,0.0
2024-01-01 00:05:09,309,Suspicious,DER_Controller,31,0.2018,0.8679,0.217,39.39,9.67,79.82,119.0,31,0,0.0
2024-01-01 00:05:09,309,Suspicious,EV_Charger_1,68,0.773,4.1105,1.0,35.54,7.9,22.7,0.0,22,45,0.6662
2024-01-01 00:05:09,309,Suspicious,EV_Charger_2,34,0.5103,0.8935,0.2978,29.25,5.32,48.97,116.0,34,0,0.0
2024-01-01 00:05:10,310,Suspicious,AMI_Meter,22,0.2804,1.5373,0.5124,29.45,4.84,71.96,128.0,22,0,0.0
2024-01-01 00:05:10,310,Suspicious,PMU_Sensor,44,0.3367,0.7021,0.234,49.72,8.14,66.33,106.0,44,0,0.0
2024-01-01 00:05:10,310,Suspicious,DER_Controller,34,0.1861,0.5565,0.1391,39.38,9.66,81.39,116.0,34,0,0.0
2024-01-01 00:05:10,310,Suspicious,EV_Charger_1,58,0.8215,2.8034,0.9345,35.61,7.99,17.85,0.0,17,40,0.6922
2024-01-01 00:05:10,310,Suspicious,EV_Charger_2,23,0.4743,1.1705,0.3902,29.23,5.32,52.57,127.0,23,0,0.0
2024-01-01 00:05:11,311,Suspicious,AMI_Meter,26,0.2673,0.7098,0.2366,29.44,4.84,73.27,124.0,26,0,0.0
2024-01-01 00:05:11,311,Suspicious,PMU_Sensor,44,0.3058,0.7004,0.2335,49.7,8.14,69.42,106.0,44,0,0.0
2024-01-01 00:05:11,311,Suspicious,DER_Controller,47,0.1888,0.7871,0.1968,39.4,9.65,81.12,103.0,47,0,0.0
2024-01-01 00:05:11,311,Suspicious,EV_Charger_1,73,0.875,4.5174,1.0,35.73,8.25,12.5,0.0,12,60,0.8288
2024-01-01 00:05:11,311,Suspicious,EV_Charger_2,31,0.3652,0.3324,0.1108,29.23,5.31,63.48,119.0,31,0,0.0
2024-01-01 00:05:12,312,Suspicious,AMI_Meter,28,0.2167,0.2961,0.0987,29.43,4.83,78.33,122.0,28,0,0.0
2024-01-01 00:05:12,312,Suspicious,PMU_Sensor,51,0.23,0.1597,0.0532,49.7,8.12,77.0,99.0,51,0,0.0
2024-01-01 00:05:12,312,Suspicious,DER_Controller,31,0.1958,0.8676,0.2169,39.37,9.65,80.42,119.0,31,0,0.0
2024-01-01 00:05:12,312,Suspicious,EV_Charger_1,51,0.7963,1.838,0.6127,35.78,8.28,20.37,0.0,20,30,0.6006
2024-01-01 00:05:12,312,Suspicious,EV_Charger_2,26,0.3164,0.6073,0.2024,29.22,5.31,68.36,124.0,26,0,0.0
2024-01-01 00:05:13,313,Suspicious,AMI_Meter,26,0.2225,0.7082,0.2361,29.42,4.83,77.75,124.0,26,0,0.0
2024-01-01 00:05:13,313,Suspicious,PMU_Sensor,40,0.28,1.1899,0.3966,49.67,8.13,72.0,110.0,40,0,0.0
2024-01-01 00:05:13,313,Suspicious,DER_Controller,41,0.1574,0.1682,0.0421,39.38,9.64,84.26,109.0,41,0,0.0
2024-01-01 00:05:13,313,Suspicious,EV_Charger_1,74,0.8574,4.4583,1.0,35.9,8.55,14.26,0.0,14,59,0.8073
2024-01-01 00:05:13,313,Suspicious,EV_Charger_2,22,0.357,1.3547,0.4516,29.2,5.32,64.3,128.0,22,0,0.0
2024-01-01 00:05:14,314,Suspicious,AMI_Meter,30,0.1677,0.1198,0.0399,29.42,4.82,83.23,120.0,30,0,0.0
2024-01-01 00:05:14,314,Suspicious,PMU_Sensor,48,0.2165,0.2054,0.0685,49.67,8.12,78.35,102.0,48,0,0.0
2024-01-01 00:05:14,314,Suspicious,DER_Controller,43,0.1415,0.3751,0.0938,39.39,9.62,85.85,107.0,43,0,0.0
2024-01-01 00:05:14,314,Suspicious,EV_Charger_1,66,0.9002,3.4492,1.0,35.99,8.7,9.98,0.0,9,56,0.8488
2024-01-01 00:05:14,314,Suspicious,EV_Charger_2,23,0.3661,1.1622,0.3874,29.18,5.32,63.39,127.0,23,0,0.0
2024-01-01 00:05:15,315,Suspicious,AMI_Meter,23,0.25,1.326,0.442,29.4,4.83,75.0,127.0,23,0,0.0
2024-01-01 00:05:15,315,Suspicious,PMU_Sensor,50,0.1557,0.041,0.0137,49.67,8.1,84.43,100.0,50,0,0.0
2024-01-01 00:05:15,315,Suspicious,DER_Controller,50,0.1748,1.0987,0.2747,39.42,9.63,82.52,100.0,50,0,0.0
2024-01-01 00:05:15,315,Suspicious,EV_Charger_1,40,0.6761,0.4596,0.1532,36.01,8.69,32.39,0.0,32,7,0.1902
2024-01-01 00:05:15,315,Suspicious,EV_Charger_2,34,0.3466,0.9035,0.3012,29.2,5.32,65.34,116.0,34,0,0.0
2024-01-01 00:05:16,316,Suspicious,AMI_Meter,35,0.2905,1.1553,0.3851,29.42,4.83,70.95,115.0,35,0,0.0
2024-01-01 00:05:16,316,Suspicious,PMU_Sensor,48,0.1295,0.2055,0.0685,49.66,8.09,87.05,102.0,48,0,0.0
2024-01-01 00:05:16,316,Suspicious,DER_Controller,45,0.1672,0.578,0.1445,39.44,9.62,83.28,105.0,45,0,0.0
2024-01-01 00:05:16,316,Suspicious,EV_Charger_1,59,0.7346,2.6134,0.8711,36.08,8.77,26.54,0.0,26,32,0.5502
2024-01-01 00:05:16,316,Suspicious,EV_Charger_2,31,0.2765,0.3387,0.1129,29.2,5.31,72.35,119.0,31,0,0.0
2024-01-01 00:05:17,317,Suspicious,AMI_Meter,21,0.3766,1.732,0.5773,29.39,4.85,62.34,129.0,21,0,0.0
2024-01-01 00:05:17,317,Suspicious,PMU_Sensor,31,0.319,2.2839,0.7613,49.6,8.15,68.1,119.0,31,0,0.0
2024-01-01 00:05:17,317,Suspicious,DER_Controller,49,0.1873,0.9909,0.2477,39.47,9.62,81.27,101.0,49,0,0.0
2024-01-01 00:05:17,317,Suspicious,EV_Charger_1,57,0.7503,2.3606,0.7869,36.14,8.83,24.97,0.0,24,32,0.5619
2024-01-01 00:05:17,317,Suspicious,EV_Charger_2,29,0.1973,0.038,0.0127,29.2,5.3,80.27,121.0,29,0,0.0
2024-01-01 00:05:18,318,Suspicious,AMI_Meter,23,0.395,1.3136,0.4379,29.37,4.85,60.5,127.0,23,0,0.0
2024-01-01 00:05:18,318,Suspicious,PMU_Sensor,38,0.3651,1.4178,0.4726,49.57,8.16,63.49,112.0,38,0,0.0
2024-01-01 00:05:18,318,Suspicious,DER_Controller,38,0.1501,0.1528,0.0382,39.47,9.6,84.99,112.0,38,0,0.0
2024-01-01 00:05:18,318,Suspicious,EV_Charger_1,61,0.8027,2.7746,0.9249,36.22,8.93,19.73,0.0,19,41,0.6765
2024-01-01 00:05:18,318,Suspicious,EV_Charger_2,34,0.2284,0.9027,0.3009,29.22,5.3,77.16,116.0,34,0,0.0
2024-01-01 00:05:19,319,Suspicious,AMI_Meter,32,0.3305,0.5404,0.1801,29.38,4.85,66.95,118.0,32,0,0.0
2024-01-01 00:05:19,319,Suspicious,PMU_Sensor,52,0.2853,0.2976,0.0992,49.57,8.15,71.47,98.0,52,0,0.0
2024-01-01 00:05:19,319,Suspicious,DER_Controller,42,0.129,0.2634,0.0658,39.48,9.59,87.1,108.0,42,0,0.0
2024-01-01 00:05:19,319,Suspicious,EV_Charger_1,91,0.8619,5.7924,1.0,36.39,9.43,13.81,0.0,13,77,0.8482
2024-01-01 00:05:19,319,Suspicious,EV_Charger_2,25,0.2393,0.7936,0.2645,29.2,5.3,76.07,125.0,25,0,0.0
2024-01-01 00:05:20,320,Suspicious,AMI_Meter,29,0.2392,0.0785,0.0262,29.38,4.84,76.08,121.0,29,0,0.0
2024-01-01 00:05:20,320,Suspicious,PMU_Sensor,59,0.315,1.1526,0.3842,49.6,8.15,68.5,91.0,59,0,0.0
2024-01-01 00:05:20,320,Suspicious,DER_Controller,52,0.1781,1.301,0.3252,39.51,9.6,82.19,98.0,52,0,0.0
2024-01-01 00:05:20,320,Suspicious,EV_Charger_1,53,0.7783,1.7503,0.5834,36.45,9.46,22.17,0.0,22,30,0.5818
2024-01-01 00:05:20,320,Suspicious,EV_Charger_2,30,0.1825,0.1502,0.0501,29.21,5.29,81.75,120.0,30,0,0.0
2024-01-01 00:05:21,321,Suspicious,AMI_Meter,36,0.3037,1.3621,0.454,29.4,4.85,69.63,114.0,36,0,0.0
2024-01-01 00:05:21,321,Suspicious,PMU_Sensor,54,0.2743,0.5382,0.1794,49.62,8.14,72.57,96.0,54,0,0.0
2024-01-01 00:05:21,321,Suspicious,DER_Controller,41,0.1432,0.1546,0.0386,39.52,9.58,85.68,109.0,41,0,0.0
2024-01-01 00:05:21,321,Suspicious,EV_Charger_1,70,0.8448,3.4748,1.0,36.55,9.63,15.52,0.0,15,54,0.7783
2024-01-01 00:05:21,321,Suspicious,EV_Charger_2,29,0.1316,0.0388,0.0129,29.2,5.28,86.84,121.0,29,0,0.0
2024-01-01 00:05:22,322,Suspicious,AMI_Meter,31,0.2455,0.3295,0.1098,29.41,4.84,75.45,119.0,31,0,0.0
2024-01-01 00:05:22,322,Suspicious,PMU_Sensor,47,0.2241,0.321,0.107,49.61,8.13,77.59,103.0,47,0,0.0
2024-01-01 00:05:22,322,Suspicious,DER_Controller,39,0.1108,0.054,0.0135,39.52,9.57,88.92,111.0,39,0,0.0
2024-01-01 00:05:22,322,Suspicious,EV_Charger_1,75,0.8914,3.8927,1.0,36.67,9.85,10.86,0.0,10,64,0.8552
2024-01-01 00:05:22,322,Suspicious,EV_Charger_2,27,0.1338,0.4169,0.139,29.2,5.27,86.62,123.0,27,0,0.0
2024-01-01 00:05:23,323,Suspicious,AMI_Meter,32,0.2254,0.5352,0.1784,29.41,4.83,77.46,118.0,32,0,0.0
2024-01-01 00:05:23,323,Suspicious,PMU_Sensor,73,0.4405,2.8361,0.9454,49.68,8.22,55.95,77.0,73,0,0.0
2024-01-01 00:05:23,323,Suspicious,DER_Controller,22,0.1967,1.8185,0.4546,39.46,9.6,80.33,128.0,22,0,0.0
2024-01-01 00:05:23,323,Suspicious,EV_Charger_1,79,0.924,4.1746,1.0,36.8,10.11,7.6,0.0,7,71,0.9038
2024-01-01 00:05:23,323,Suspicious,EV_Charger_2,27,0.1353,0.4161,0.1387,29.19,5.27,86.47,123.0,27,0,0.0
2024-01-01 00:05:24,324,Suspicious,AMI_Meter,32,0.2112,0.5341,0.178,29.42,4.83,78.88,118.0,32,0,0.0
2024-01-01 00:05:24,324,Suspicious,PMU_Sensor,50,0.3122,0.0386,0.0129,49.68,8.21,68.78,95.78,50,0,0.0
2024-01-01 00:05:24,324,Suspicious,DER_Controller,47,0.1965,0.7829,0.1957,39.49,9.6,80.35,103.0,47,0,0.0
2024-01-01 00:05:24,324,Suspicious,EV_Charger_1,91,0.9468,5.1306,1.0,36.97,10.53,5.32,0.0,5,85,0.9415
2024-01-01 00:05:24,324,Suspicious,EV_Charger_2,33,0.1669,0.7215,0.2405,29.2,5.26,83.31,117.0,33,0,0.0
2024-01-01 00:05:25,325,Suspicious,AMI_Meter,35,0.263,1.1514,0.3838,29.44,4.83,73.7,115.0,35,0,0.0
2024-01-01 00:05:25,325,Suspicious,PMU_Sensor,31,0.444,2.2545,0.7515,49.63,8.26,55.6,119.0,31,0,0.0
2024-01-01 00:05:25,325,Suspicious,DER_Controller,55,0.2478,1.6076,0.4019,39.53,9.62,75.22,95.0,55,0,0.0
2024-01-01 00:05:25,325,Suspicious,EV_Charger_1,82,0.9627,4.1542,1.0,37.1,10.81,3.73,0.0,3,78,0.9546
2024-01-01 00:05:25,325,Suspicious,EV_Charger_2,38,0.283,1.662,0.554,29.23,5.28,71.7,112.0,38,0,0.0
2024-01-01 00:05:26,326,Suspicious,AMI_Meter,23,0.3168,1.3274,0.4425,29.42,4.84,68.32,127.0,23,0,0.0
2024-01-01 00:05:26,326,Suspicious,PMU_Sensor,43,0.3908,0.8,0.2667,49.61,8.26,60.92,107.0,43,0,0.0
2024-01-01 00:05:26,326,Suspicious,DER_Controller,41,0.1954,0.1522,0.038,39.54,9.61,80.46,109.0,41,0,0.0
2024-01-01 00:05:26,326,Suspicious,EV_Charger_1,77,0.9739,3.6113,1.0,37.23,11.01,2.61,0.0,2,74,0.9661
2024-01-01 00:05:26,326,Suspicious,EV_Charger_2,33,0.2694,0.7128,0.2376,29.24,5.27,73.06,117.0,33,0,0.0
2024-01-01 00:05:27,327,Suspicious,AMI_Meter,35,0.3368,1.15,0.3833,29.44,4.84,66.32,115.0,35,0,0.0
2024-01-01 00:05:27,327,Suspicious,PMU_Sensor,35,0.4493,1.7578,0.5859,49.56,8.28,55.07,115.0,35,0,0.0
2024-01-01 00:05:27,327,Suspicious,DER_Controller,49,0.2079,0.982,0.2455,39.57,9.61,79.21,101.0,49,0,0.0
2024-01-01 00:05:27,327,Suspicious,EV_Charger_1,78,0.9817,3.6213,1.0,37.35,11.23,1.83,0.0,1,76,0.9766
2024-01-01 00:05:27,327,Suspicious,EV_Charger_2,30,0.2029,0.1436,0.0479,29.24,5.26,79.71,120.0,30,0,0.0
2024-01-01 00:05:28,328,Suspicious,AMI_Meter,22,0.3886,1.5291,0.5097,29.41,4.85,61.14,128.0,22,0,0.0
2024-01-01 00:05:28,328,Suspicious,PMU_Sensor,54,0.368,0.5348,0.1783,49.57,8.27,63.2,96.0,54,0,0.0
2024-01-01 00:05:28,328,Suspicious,DER_Controller,15,0.314,2.5286,0.6321,39.49,9.69,68.6,135.0,15,0,0.0
2024-01-01 00:05:28,328,Suspicious,EV_Charger_1,88,0.9872,4.3717,1.0,37.5,11.55,1.28,0.0,1,86,0.9855
2024-01-01 00:05:28,328,Suspicious,EV_Charger_2,23,0.2602,1.1816,0.3939,29.22,5.27,73.98,127.0,23,0,0.0
2024-01-01 00:05:29,329,Suspicious,AMI_Meter,30,0.2841,0.1208,0.0403,29.42,4.84,71.59,120.0,30,0,0.0
2024-01-01 00:05:29,329,Suspicious,PMU_Sensor,49,0.2645,0.0693,0.0231,49.57,8.26,73.55,101.0,49,0,0.0
2024-01-01 00:05:29,329,Suspicious,DER_Controller,51,0.3095,1.1837,0.2959,39.53,9.69,69.05,99.0,51,0,0.0
2024-01-01 00:05:29,329,Suspicious,EV_Charger_1,78,0.9911,3.437,1.0,37.63,11.75,0.89,0.0,0,77,0.9885
2024-01-01 00:05:29,329,Suspicious,EV_Charger_2,27,0.2243,0.4216,0.1405,29.22,5.26,77.57,123.0,27,0,0.0
2024-01-01 00:05:30,330,Suspicious,AMI_Meter,27,0.2487,0.498,0.166,29.41,4.84,75.13,123.0,27,0,0.0
2024-01-01 00:05:30,330,Suspicious,PMU_Sensor,60,0.3109,1.2571,0.419,49.6,8.27,68.91,90.0,60,0,0.0
2024-01-01 00:05:30,330,Suspicious,DER_Controller,45,0.2673,0.5635,0.1409,39.54,9.68,73.27,105.0,45,0,0.0
2024-01-01 00:05:30,330,Suspicious,EV_Charger_1,76,0.9937,3.2103,1.0,37.74,11.92,0.63,0.0,0,75,0.9918
2024-01-01 00:05:30,330,Suspicious,EV_Charger_2,30,0.1718,0.1484,0.0495,29.22,5.25,82.82,120.0,30,0,0.0
2024-01-01 00:05:31,331,Suspicious,AMI_Meter,22,0.3265,1.5243,0.5081,29.39,4.85,67.35,128.0,22,0,0.0
2024-01-01 00:05:31,331,Suspicious,PMU_Sensor,53,0.2586,0.4099,0.1366,49.61,8.26,74.14,97.0,53,0,0.0
2024-01-01 00:05:31,331,Suspicious,DER_Controller,22,0.313,1.8003,0.4501,39.49,9.72,68.7,128.0,22,0,0.0
2024-01-01 00:05:31,331,Suspicious,EV_Charger_1,93,0.9956,4.4865,1.0,37.91,12.28,0.44,0.0,0,92,0.9953
2024-01-01 00:05:31,331,Suspicious,EV_Charger_2,32,0.1731,0.528,0.176,29.23,5.25,82.69,118.0,32,0,0.0
2024-01-01 00:05:32,332,Suspicious,AMI_Meter,41,0.4659,2.3731,0.791,29.42,4.88,53.41,109.0,41,0,0.0
2024-01-01 00:05:32,332,Suspicious,PMU_Sensor,41,0.285,1.0398,0.3466,49.59,8.26,71.5,109.0,41,0,0.0
2024-01-01 00:05:32,332,Suspicious,DER_Controller,38,0.2443,0.1532,0.0383,39.49,9.7,75.57,112.0,38,0,0.0
2024-01-01 00:05:32,332,Suspicious,EV_Charger_1,109,0.9969,5.5094,1.0,38.12,12.86,0.31,0.0,0,108,0.9972
2024-01-01 00:05:32,332,Suspicious,EV_Charger_2,39,0.3061,1.8494,0.6165,29.26,5.27,69.39,111.0,39,0,0.0
2024-01-01 00:05:33,333,Suspicious,AMI_Meter,26,0.396,0.6994,0.2331,29.41,4.88,60.4,124.0,26,0,0.0
2024-01-01 00:05:33,333,Suspicious,PMU_Sensor,51,0.2166,0.1706,0.0569,49.59,8.25,78.34,99.0,51,0,0.0
2024-01-01 00:05:33,333,Suspicious,DER_Controller,40,0.1866,0.0529,0.0132,39.49,9.69,81.34,110.0,40,0,0.0
2024-01-01 00:05:33,333,Suspicious,EV_Charger_1,88,0.9979,3.7867,1.0,38.27,13.13,0.21,0.0,0,87,0.9976
2024-01-01 00:05:33,333,Suspicious,EV_Charger_2,27,0.2571,0.428,0.1427,29.25,5.26,74.29,123.0,27,0,0.0
2024-01-01 00:05:34,334,Suspicious,AMI_Meter,29,0.2856,0.084,0.028,29.41,4.87,71.44,121.0,29,0,0.0
2024-01-01 00:05:34,334,Suspicious,PMU_Sensor,37,0.3035,1.5192,0.5064,49.56,8.26,69.65,113.0,37,0,0.0
2024-01-01 00:05:34,334,Suspicious,DER_Controller,41,0.1497,0.1559,0.039,39.49,9.67,85.03,109.0,41,0,0.0
2024-01-01 00:05:34,334,Suspicious,EV_Charger_1,91,0.9985,3.9158,1.0,38.43,13.43,0.15,0.0,0,90,0.9983
2024-01-01 00:05:34,334,Suspicious,EV_Charger_2,30,0.1942,0.1421,0.0474,29.25,5.25,80.58,120.0,30,0,0.0
2024-01-01 00:05:35,335,Suspicious,AMI_Meter,21,0.3716,1.717,0.5723,29.38,4.88,62.84,129.0,21,0,0.0
2024-01-01 00:05:35,335,Suspicious,PMU_Sensor,57,0.3023,0.8984,0.2995,49.58,8.26,69.77,93.0,57,0,0.0
2024-01-01 00:05:35,335,Suspicious,DER_Controller,43,0.1349,0.362,0.0905,39.5,9.66,86.51,107.0,43,0,0.0
2024-01-01 00:05:35,335,Suspicious,EV_Charger_1,75,0.968,2.6903,0.8968,38.54,13.55,3.2,0.0,3,71,0.9573
2024-01-01 00:05:35,335,Suspicious,EV_Charger_2,30,0.1501,0.1418,0.0473,29.26,5.25,84.99,120.0,30,0,0.0
2024-01-01 00:05:36,336,Suspicious,AMI_Meter,22,0.4106,1.5048,0.5016,29.36,4.89,58.94,128.0,22,0,0.0
2024-01-01 00:05:36,336,Suspicious,PMU_Sensor,41,0.3151,1.035,0.345,49.55,8.26,68.49,109.0,41,0,0.0
2024-01-01 00:05:36,336,Suspicious,DER_Controller,34,0.1367,0.5686,0.1421,39.49,9.65,86.33,116.0,34,0,0.0
2024-01-01 00:05:36,336,Suspicious,EV_Charger_1,105,0.9776,4.7303,1.0,38.74,14.01,2.24,0.0,2,102,0.9787
2024-01-01 00:05:36,336,Suspicious,EV_Charger_2,28,0.129,0.2391,0.0797,29.25,5.24,87.1,122.0,28,0,0.0
2024-01-01 00:05:37,337,Suspicious,AMI_Meter,33,0.3616,0.7419,0.2473,29.37,4.89,63.84,117.0,33,0,0.0
2024-01-01 00:05:37,337,Suspicious,PMU_Sensor,45,0.2756,0.5498,0.1833,49.54,8.25,72.44,105.0,45,0,0.0
2024-01-01 00:05:37,337,Suspicious,DER_Controller,42,0.1188,0.26,0.065,39.49,9.64,88.12,108.0,42,0,0.0
2024-01-01 00:05:37,337,Suspicious,EV_Charger_1,85,0.9843,3.2456,1.0,38.87,14.21,1.57,0.0,1,83,0.9815
2024-01-01 00:05:37,337,Suspicious,EV_Charger_2,37,0.2375,1.4721,0.4907,29.28,5.25,76.25,113.0,37,0,0.0
2024-01-01 00:05:38,338,Suspicious,AMI_Meter,27,0.3016,0.4844,0.1615,29.37,4.88,69.84,123.0,27,0,0.0
2024-01-01 00:05:38,338,Suspicious,PMU_Sensor,37,0.344,1.5116,0.5039,49.5,8.27,65.6,113.0,37,0,0.0
2024-01-01 00:05:38,338,Suspicious,DER_Controller,26,0.1762,1.3942,0.3485,39.45,9.65,82.38,124.0,26,0,0.0
2024-01-01 00:05:38,338,Suspicious,EV_Charger_1,80,0.9745,2.8544,0.9515,38.99,14.37,2.55,0.0,2,77,0.9681
2024-01-01 00:05:38,338,Suspicious,EV_Charger_2,24,0.2665,1.0023,0.3341,29.26,5.25,73.35,126.0,24,0,0.0
2024-01-01 00:05:39,339,Suspicious,AMI_Meter,32,0.265,0.5384,0.1795,29.37,4.88,73.5,118.0,32,0,0.0
2024-01-01 00:05:39,339,Suspicious,PMU_Sensor,46,0.2831,0.4226,0.1409,49.49,8.26,71.69,104.0,46,0,0.0
2024-01-01 00:05:39,339,Suspicious,DER_Controller,63,0.2831,2.4152,0.6038,39.52,9.72,71.69,87.0,63,0,0.0
2024-01-01 00:05:39,339,Suspicious,EV_Charger_1,63,0.8483,1.6618,0.5539,39.06,14.4,15.17,0.0,15,47,0.7592
2024-01-01 00:05:39,339,Suspicious,EV_Charger_2,33,0.2577,0.7112,0.2371,29.27,5.24,74.23,117.0,33,0,0.0
2024-01-01 00:05:40,340,Suspicious,AMI_Meter,24,0.2953,1.0979,0.366,29.36,4.88,70.47,126.0,24,0,0.0
2024-01-01 00:05:40,340,Suspicious,PMU_Sensor,46,0.2404,0.4219,0.1406,49.48,8.25,75.96,104.0,46,0,0.0
2024-01-01 00:05:40,340,Suspicious,DER_Controller,41,0.2218,0.1517,0.0379,39.53,9.71,77.82,109.0,41,0,0.0
2024-01-01 00:05:40,340,Suspicious,EV_Charger_1,54,0.6972,1.0338,0.3446,39.11,14.41,30.28,0.0,30,23,0.4392
2024-01-01 00:05:40,340,Suspicious,EV_Charger_2,33,0.2513,0.7097,0.2366,29.28,5.24,74.87,117.0,33,0,0.0
2024-01-01 00:05:41,341,Suspicious,AMI_Meter,39,0.4029,1.9619,0.654,29.39,4.9,59.71,111.0,39,0,0.0
2024-01-01 00:05:41,341,Suspicious,PMU_Sensor,46,0.2104,0.4212,0.1404,49.47,8.24,78.96,104.0,46,0,0.0
2024-01-01 00:05:41,341,Suspicious,DER_Controller,42,0.1823,0.2543,0.0636,39.54,9.69,81.77,108.0,42,0,0.0
2024-01-01 00:05:41,341,Suspicious,EV_Charger_1,107,0.788,4.5599,1.0,39.31,14.85,21.2,0.0,21,85,0.8019
2024-01-01 00:05:41,341,Suspicious,EV_Charger_2,31,0.2087,0.3274,0.1091,29.29,5.23,79.13,119.0,31,0,0.0
2024-01-01 00:05:42,342,Suspicious,AMI_Meter,27,0.3306,0.486,0.162,29.38,4.9,66.94,123.0,27,0,0.0
2024-01-01 00:05:42,342,Suspicious,PMU_Sensor,31,0.3695,2.222,0.7407,49.42,8.29,63.05,119.0,31,0,0.0
2024-01-01 00:05:42,342,Suspicious,DER_Controller,46,0.1783,0.6656,0.1664,39.55,9.69,82.17,104.0,46,0,0.0
2024-01-01 00:05:42,342,Suspicious,EV_Charger_1,90,0.8516,3.3531,1.0,39.45,15.07,14.84,0.0,14,75,0.8351
2024-01-01 00:05:42,342,Suspicious,EV_Charger_2,25,0.2278,0.8172,0.2724,29.27,5.23,77.22,125.0,25,0,0.0
2024-01-01 00:05:43,343,Suspicious,AMI_Meter,30,0.2441,0.1267,0.0422,29.38,4.89,75.59,120.0,30,0,0.0
2024-01-01 00:05:43,343,Suspicious,PMU_Sensor,45,0.3118,0.5319,0.1773,49.4,8.28,68.82,105.0,45,0,0.0
2024-01-01 00:05:43,343,Suspicious,DER_Controller,34,0.1695,0.5723,0.1431,39.54,9.68,83.05,116.0,34,0,0.0
2024-01-01 00:05:43,343,Suspicious,EV_Charger_1,103,0.8961,4.1045,1.0,39.64,15.44,10.39,0.0,10,92,0.8992
2024-01-01 00:05:43,343,Suspicious,EV_Charger_2,23,0.279,1.1953,0.3984,29.26,5.23,72.1,127.0,23,0,0.0
2024-01-01 00:05:44,344,Suspicious,AMI_Meter,35,0.2854,1.1457,0.3819,29.4,4.89,71.46,115.0,35,0,0.0
2024-01-01 00:05:44,344,Suspicious,PMU_Sensor,38,0.3554,1.3716,0.4572,49.37,8.29,64.46,112.0,38,0,0.0
2024-01-01 00:05:44,344,Suspicious,DER_Controller,33,0.1693,0.6743,0.1686,39.52,9.67,83.07,117.0,33,0,0.0
2024-01-01 00:05:44,344,Suspicious,EV_Charger_1,125,0.9273,5.2914,1.0,39.89,16.09,7.27,0.0,7,117,0.9418
2024-01-01 00:05:44,344,Suspicious,EV_Charger_2,38,0.3614,1.6616,0.5539,29.28,5.25,63.86,112.0,38,0,0.0
2024-01-01 00:05:45,345,Suspicious,AMI_Meter,30,0.2121,0.1231,0.041,29.4,4.88,78.79,120.0,30,0,0.0
2024-01-01 00:05:45,345,Suspicious,PMU_Sensor,42,0.3375,0.8868,0.2956,49.35,8.29,66.25,108.0,42,0,0.0
2024-01-01 00:05:45,345,Suspicious,DER_Controller,34,0.1626,0.5697,0.1424,39.5,9.66,83.74,116.0,34,0,0.0
2024-01-01 00:05:45,345,Suspicious,EV_Charger_1,96,0.9491,3.4236,1.0,40.05,16.34,5.09,0.0,5,90,0.947
2024-01-01 00:05:45,345,Suspicious,EV_Charger_2,32,0.3047,0.5172,0.1724,29.29,5.24,69.53,118.0,32,0,0.0
2024-01-01 00:05:46,346,Suspicious,AMI_Meter,29,0.1566,0.0816,0.0272,29.4,4.88,84.34,121.0,29,0,0.0
2024-01-01 00:05:46,346,Suspicious,PMU_Sensor,49,0.2404,0.0421,0.014,49.35,8.28,75.96,101.0,49,0,0.0
2024-01-01 00:05:46,346,Suspicious,DER_Controller,37,0.1381,0.2587,0.0647,39.5,9.65,86.19,113.0,37,0,0.0
2024-01-01 00:05:46,346,Suspicious,EV_Charger_1,73,0.8645,2.0016,0.6672,40.14,16.41,13.55,0.0,13,59,0.8144
2024-01-01 00:05:46,346,Suspicious,EV_Charger_2,28,0.2379,0.2455,0.0818,29.29,5.23,76.21,122.0,28,0,0.0
2024-01-01 00:05:47,347,Suspicious,AMI_Meter,34,0.2038,0.9413,0.3138,29.41,4.88,79.62,116.0,34,0,0.0
2024-01-01 00:05:47,347,Suspicious,PMU_Sensor,39,0.2929,1.2458,0.4153,49.32,8.28,70.71,111.0,39,0,0.0
2024-01-01 00:05:47,347,Suspicious,DER_Controller,38,0.1132,0.1548,0.0387,39.49,9.63,88.68,112.0,38,0,0.0
2024-01-01 00:05:47,347,Suspicious,EV_Charger_1,83,0.8634,2.5819,0.8606,40.27,16.55,13.66,0.0,13,69,0.8354
2024-01-01 00:05:47,347,Suspicious,EV_Charger_2,32,0.2183,0.5177,0.1726,29.29,5.23,78.17,118.0,32,0,0.0
2024-01-01 00:05:48,348,Suspicious,AMI_Meter,28,0.1715,0.2889,0.0963,29.41,4.87,82.85,122.0,28,0,0.0
2024-01-01 00:05:48,348,Suspicious,PMU_Sensor,61,0.3455,1.4043,0.4681,49.35,8.29,65.45,89.0,61,0,0.0
2024-01-01 00:05:48,348,Suspicious,DER_Controller,45,0.1206,0.5708,0.1427,39.51,9.62,87.94,105.0,45,0,0.0
2024-01-01 00:05:48,348,Suspicious,EV_Charger_1,76,0.8185,2.1416,0.7139,40.37,16.64,18.15,0.0,18,57,0.7612
2024-01-01 00:05:48,348,Suspicious,EV_Charger_2,36,0.2806,1.2778,0.4259,29.31,5.23,71.94,114.0,36,0,0.0
2024-01-01 00:05:49,349,Suspicious,AMI_Meter,26,0.1899,0.6982,0.2327,29.4,4.87,81.01,124.0,26,0,0.0
2024-01-01 00:05:49,349,Suspicious,PMU_Sensor,45,0.2942,0.5238,0.1746,49.34,8.29,70.58,105.0,45,0,0.0
2024-01-01 00:05:49,349,Suspicious,DER_Controller,43,0.1131,0.3624,0.0906,39.52,9.61,88.69,107.0,43,0,0.0
2024-01-01 00:05:49,349,Suspicious,EV_Charger_1,91,0.8729,2.9993,0.9998,40.51,16.83,12.71,0.0,12,78,0.8603
2024-01-01 00:05:49,349,Suspicious,EV_Charger_2,37,0.3426,1.4622,0.4874,29.33,5.24,65.74,113.0,37,0,0.0
2024-01-01 00:05:50,350,Suspicious,AMI_Meter,26,0.2026,0.6967,0.2322,29.39,4.86,79.74,124.0,26,0,0.0
2024-01-01 00:05:50,350,Suspicious,PMU_Sensor,45,0.2582,0.5228,0.1743,49.33,8.28,74.18,105.0,45,0,0.0
2024-01-01 00:05:50,350,Suspicious,DER_Controller,33,0.1271,0.6767,0.1692,39.5,9.6,87.29,117.0,33,0,0.0
2024-01-01 00:05:50,350,Suspicious,EV_Charger_1,90,0.901,2.9001,0.9667,40.66,17.01,9.9,0.0,9,80,0.89
2024-01-01 00:05:50,350,Suspicious,EV_Charger_2,38,0.4043,1.6442,0.5481,29.36,5.26,59.57,112.0,38,0,0.0
2024-01-01 00:05:51,351,Suspicious,AMI_Meter,33,0.216,0.7414,0.2471,29.4,4.86,78.4,117.0,33,0,0.0
2024-01-01 00:05:51,351,Suspicious,PMU_Sensor,63,0.3451,1.6431,0.5477,49.37,8.3,65.49,87.0,63,0,0.0
2024-01-01 00:05:51,351,Suspicious,DER_Controller,62,0.2404,2.3217,0.5804,39.56,9.66,75.96,88.0,62,0,0.0
2024-01-01 00:05:51,351,Suspicious,EV_Charger_1,83,0.8771,2.4635,0.8212,40.78,17.14,12.29,0.0,12,70,0.8519
2024-01-01 00:05:51,351,Suspicious,EV_Charger_2,32,0.3331,0.5016,0.1672,29.37,5.25,66.69,118.0,32,0,0.0
2024-01-01 00:05:52,352,Suspicious,AMI_Meter,24,0.2619,1.1074,0.3691,29.38,4.86,73.81,126.0,24,0,0.0
2024-01-01 00:05:52,352,Suspicious,PMU_Sensor,43,0.3181,0.7656,0.2552,49.35,8.29,68.19,107.0,43,0,0.0
2024-01-01 00:05:52,352,Suspicious,DER_Controller,33,0.2227,0.6776,0.1694,39.54,9.66,77.73,117.0,33,0,0.0
2024-01-01 00:05:52,352,Suspicious,EV_Charger_1,84,0.8635,2.4959,0.832,40.9,17.27,13.65,0.0,13,70,0.8375
2024-01-01 00:05:52,352,Suspicious,EV_Charger_2,25,0.3162,0.8298,0.2766,29.35,5.25,68.38,125.0,25,0,0.0
2024-01-01 00:05:53,353,Suspicious,AMI_Meter,29,0.1912,0.0786,0.0262,29.38,4.85,80.88,121.0,29,0,0.0
2024-01-01 00:05:53,353,Suspicious,PMU_Sensor,40,0.335,1.1237,0.3746,49.32,8.3,66.5,110.0,40,0,0.0
2024-01-01 00:05:53,353,Suspicious,DER_Controller,48,0.2216,0.8735,0.2184,39.57,9.65,77.84,102.0,48,0,0.0
2024-01-01 00:05:53,353,Suspicious,EV_Charger_1,87,0.8684,2.6393,0.8798,41.03,17.42,13.16,0.0,13,73,0.8487
2024-01-01 00:05:53,353,Suspicious,EV_Charger_2,48,0.5213,3.4865,1.0,29.41,5.33,47.87,102.0,48,0,0.0
2024-01-01 00:05:54,354,Suspicious,AMI_Meter,27,0.1828,0.4898,0.1633,29.37,4.85,81.72,123.0,27,0,0.0
2024-01-01 00:05:54,354,Suspicious,PMU_Sensor,50,0.2427,0.0816,0.0272,49.32,8.28,75.73,100.0,50,0,0.0
2024-01-01 00:05:54,354,Suspicious,DER_Controller,27,0.2473,1.2969,0.3242,39.53,9.66,75.27,123.0,27,0,0.0
2024-01-01 00:05:54,354,Suspicious,EV_Charger_1,133,0.9079,5.0767,1.0,41.29,18.07,9.21,0.0,9,123,0.9307
2024-01-01 00:05:54,354,Suspicious,EV_Charger_2,38,0.5252,1.6032,0.5344,29.43,5.34,47.48,111.48,38,0,0.0
2024-01-01 00:05:55,355,Suspicious,AMI_Meter,31,0.1614,0.3347,0.1116,29.38,4.84,83.86,119.0,31,0,0.0
2024-01-01 00:05:55,355,Suspicious,PMU_Sensor,39,0.2941,1.2418,0.4139,49.29,8.29,70.59,111.0,39,0,0.0
2024-01-01 00:05:55,355,Suspicious,DER_Controller,42,0.2014,0.255,0.0637,39.54,9.65,79.86,108.0,42,0,0.0
2024-01-01 00:05:55,355,Suspicious,EV_Charger_1,85,0.8752,2.3966,0.7989,41.41,18.19,12.48,0.0,12,72,0.8532
2024-01-01 00:05:55,355,Suspicious,EV_Charger_2,40,0.5641,1.9638,0.6546,29.46,5.37,43.59,110.0,40,0,0.0
2024-01-01 00:05:56,356,Suspicious,AMI_Meter,34,0.2082,0.9517,0.3172,29.39,4.84,79.18,116.0,34,0,0.0
2024-01-01 00:05:56,356,Suspicious,PMU_Sensor,50,0.2143,0.0849,0.0283,49.3,8.28,78.57,100.0,50,0,0.0
2024-01-01 00:05:56,356,Suspicious,DER_Controller,15,0.3083,2.5166,0.6291,39.47,9.72,69.17,135.0,15,0,0.0
2024-01-01 00:05:56,356,Suspicious,EV_Charger_1,88,0.8661,2.5347,0.8449,41.54,18.33,13.39,0.0,13,74,0.8478
2024-01-01 00:05:56,356,Suspicious,EV_Charger_2,36,0.5163,1.2143,0.4048,29.48,5.37,48.37,114.0,36,0,0.0
2024-01-01 00:05:57,357,Suspicious,AMI_Meter,36,0.2817,1.3594,0.4531,29.41,4.85,71.83,114.0,36,0,0.0
2024-01-01 00:05:57,357,Suspicious,PMU_Sensor,58,0.2548,1.0481,0.3494,49.32,8.28,74.52,92.0,58,0,0.0
2024-01-01 00:05:57,357,Suspicious,DER_Controller,24,0.3302,1.5832,0.3958,39.43,9.74,66.98,126.0,24,0,0.0
2024-01-01 00:05:57,357,Suspicious,EV_Charger_1,112,0.9063,3.7617,1.0,41.74,18.68,9.37,0.0,9,102,0.9163
2024-01-01 00:05:57,357,Suspicious,EV_Charger_2,38,0.5193,1.5789,0.5263,29.5,5.38,48.07,112.0,38,0,0.0
2024-01-01 00:05:58,358,Suspicious,AMI_Meter,21,0.3697,1.7254,0.5751,29.39,4.86,63.03,129.0,21,0,0.0
2024-01-01 00:05:58,358,Suspicious,PMU_Sensor,49,0.1823,0.0387,0.0129,49.32,8.27,81.77,101.0,49,0,0.0
2024-01-01 00:05:58,358,Suspicious,DER_Controller,42,0.2641,0.2636,0.0659,39.43,9.73,73.59,108.0,42,0,0.0
2024-01-01 00:05:58,358,Suspicious,EV_Charger_1,102,0.9344,3.176,1.0,41.91,18.92,6.56,0.0,6,95,0.9357
2024-01-01 00:05:58,358,Suspicious,EV_Charger_2,20,0.5391,1.7557,0.5852,29.48,5.4,46.09,130.0,20,0,0.0
2024-01-01 00:05:59,359,Suspicious,AMI_Meter,28,0.2873,0.2849,0.095,29.38,4.85,71.27,122.0,28,0,0.0
2024-01-01 00:05:59,359,Suspicious,PMU_Sensor,47,0.1556,0.2802,0.0934,49.31,8.26,84.44,103.0,47,0,0.0
2024-01-01 00:05:59,359,Suspicious,DER_Controller,38,0.2073,0.1472,0.0368,39.43,9.72,79.27,112.0,38,0,0.0
2024-01-01 00:05:59,359,Suspicious,EV_Charger_1,98,0.9466,2.9249,0.975,42.06,19.13,5.34,0.0,5,92,0.9455
2024-01-01 00:05:59,359,Suspicious,EV_Charger_2,29,0.3862,0.0881,0.0294,29.47,5.39,61.38,121.0,29,0,0.0
2024-01-01 00:06:00,360,Suspicious,AMI_Meter,29,0.209,0.0789,0.0263,29.38,4.85,79.1,121.0,29,0,0.0
2024-01-01 00:06:00,360,Suspicious,PMU_Sensor,53,0.1535,0.4456,0.1485,49.32,8.25,84.65,97.0,53,0,0.0
2024-01-01 00:06:00,360,Suspicious,DER_Controller,36,0.1775,0.3524,0.0881,39.42,9.71,82.25,114.0,36,0,0.0
2024-01-01 00:06:00,360,Suspicious,EV_Charger_1,102,0.9626,3.0879,1.0,42.23,19.36,3.74,0.0,3,98,0.9633
2024-01-01 00:06:00,360,Suspicious,EV_Charger_2,32,0.3171,0.4677,0.1559,29.48,5.38,68.29,118.0,32,0,0.0
2024-01-01 00:06:01,361,Suspicious,AMI_Meter,20,0.3386,1.9227,0.6409,29.36,4.87,66.14,130.0,20,0,0.0
2024-01-01 00:06:01,361,Suspicious,PMU_Sensor,53,0.1519,0.4449,0.1483,49.33,8.24,84.81,97.0,53,0,0.0
2024-01-01 00:06:01,361,Suspicious,DER_Controller,39,0.1358,0.0433,0.0108,39.42,9.69,86.42,111.0,39,0,0.0
2024-01-01 00:06:01,361,Suspicious,EV_Charger_1,111,0.9738,3.4874,1.0,42.42,19.67,2.62,0.0,2,108,0.9764
2024-01-01 00:06:01,361,Suspicious,EV_Charger_2,37,0.361,1.3906,0.4635,29.5,5.39,63.9,113.0,37,0,0.0
2024-01-01 00:06:02,362,Suspicious,AMI_Meter,20,0.428,1.9103,0.6368,29.33,4.88,57.2,130.0,20,0,0.0
2024-01-01 00:06:02,362,Suspicious,PMU_Sensor,34,0.2913,1.8497,0.6166,49.29,8.27,70.87,116.0,34,0,0.0
2024-01-01 00:06:02,362,Suspicious,DER_Controller,42,0.1185,0.2658,0.0664,39.43,9.68,88.15,108.0,42,0,0.0
2024-01-01 00:06:02,362,Suspicious,EV_Charger_1,111,0.9817,3.4256,1.0,42.61,19.97,1.83,0.0,1,109,0.9835
2024-01-01 00:06:02,362,Suspicious,EV_Charger_2,33,0.3175,0.6474,0.2158,29.51,5.39,68.25,117.0,33,0,0.0
2024-01-01 00:06:03,363,Suspicious,AMI_Meter,27,0.3472,0.4763,0.1588,29.32,4.88,65.28,123.0,27,0,0.0
2024-01-01 00:06:03,363,Suspicious,PMU_Sensor,55,0.2728,0.689,0.2297,49.31,8.26,72.72,95.0,55,0,0.0
2024-01-01 00:06:03,363,Suspicious,DER_Controller,49,0.1505,0.9862,0.2465,39.45,9.68,84.95,101.0,49,0,0.0
2024-01-01 00:06:03,363,Suspicious,EV_Charger_1,121,0.9872,3.8404,1.0,42.82,20.36,1.28,0.0,1,119,0.9894
2024-01-01 00:06:03,363,Suspicious,EV_Charger_2,30,0.2313,0.0904,0.0301,29.51,5.38,76.87,120.0,30,0,0.0
2024-01-01 00:06:04,364,Suspicious,AMI_Meter,19,0.4531,2.1002,0.7001,29.3,4.9,54.69,131.0,19,0,0.0
2024-01-01 00:06:04,364,Suspicious,PMU_Sensor,56,0.2718,0.8082,0.2694,49.33,8.26,72.82,94.0,56,0,0.0
2024-01-01 00:06:04,364,Suspicious,DER_Controller,52,0.1936,1.2913,0.3228,39.49,9.69,80.64,98.0,52,0,0.0
2024-01-01 00:06:04,364,Suspicious,EV_Charger_1,125,0.991,3.944,1.0,43.05,20.78,0.9,0.0,0,124,0.9928
2024-01-01 00:06:04,364,Suspicious,EV_Charger_2,26,0.2271,0.6519,0.2173,29.5,5.38,77.29,124.0,26,0,0.0
2024-01-01 00:06:05,365,Suspicious,AMI_Meter,33,0.3926,0.754,0.2513,29.31,4.9,60.74,117.0,33,0,0.0
2024-01-01 00:06:05,365,Suspicious,PMU_Sensor,56,0.2709,0.8064,0.2688,49.34,8.25,72.91,94.0,56,0,0.0
2024-01-01 00:06:05,365,Suspicious,DER_Controller,55,0.2448,1.5932,0.3983,39.53,9.71,75.52,95.0,55,0,0.0
2024-01-01 00:06:05,365,Suspicious,EV_Charger_1,97,0.9506,2.5694,0.8565,43.19,20.94,4.94,0.0,4,92,0.9491
2024-01-01 00:06:05,365,Suspicious,EV_Charger_2,30,0.1682,0.0921,0.0307,29.51,5.37,83.18,120.0,30,0,0.0
2024-01-01 00:06:06,366,Suspicious,AMI_Meter,33,0.35,0.7523,0.2508,29.32,4.9,65.0,117.0,33,0,0.0
2024-01-01 00:06:06,366,Suspicious,PMU_Sensor,50,0.1976,0.0793,0.0264,49.35,8.24,80.24,100.0,50,0,0.0
2024-01-01 00:06:06,366,Suspicious,DER_Controller,28,0.2575,1.1835,0.2959,39.5,9.72,74.25,122.0,28,0,0.0
2024-01-01 00:06:06,366,Suspicious,EV_Charger_1,122,0.9655,3.6874,1.0,43.41,21.31,3.45,0.0,3,118,0.9717
2024-01-01 00:06:06,366,Suspicious,EV_Charger_2,35,0.2198,1.0207,0.3402,29.52,5.37,78.02,115.0,35,0,0.0
2024-01-01 00:06:07,367,Suspicious,AMI_Meter,30,0.259,0.1395,0.0465,29.32,4.89,74.1,120.0,30,0,0.0
2024-01-01 00:06:07,367,Suspicious,PMU_Sensor,51,0.1583,0.2004,0.0668,49.35,8.23,84.17,99.0,51,0,0.0
2024-01-01 00:06:07,367,Suspicious,DER_Controller,37,0.2092,0.2568,0.0642,39.49,9.7,79.08,113.0,37,0,0.0
2024-01-01 00:06:07,367,Suspicious,EV_Charger_1,144,0.9758,4.5763,1.0,43.68,21.92,2.42,0.0,2,141,0.9832
2024-01-01 00:06:07,367,Suspicious,EV_Charger_2,26,0.2193,0.6545,0.2182,29.51,5.36,78.07,124.0,26,0,0.0
2024-01-01 00:06:08,368,Suspicious,AMI_Meter,27,0.2286,0.4732,0.1577,29.31,4.88,77.14,123.0,27,0,0.0
2024-01-01 00:06:08,368,Suspicious,PMU_Sensor,50,0.1187,0.0788,0.0263,49.35,8.22,88.13,100.0,50,0,0.0
2024-01-01 00:06:08,368,Suspicious,DER_Controller,48,0.2116,0.8747,0.2187,39.51,9.7,78.84,102.0,48,0,0.0
2024-01-01 00:06:08,368,Suspicious,EV_Charger_1,88,0.8839,2.0079,0.6693,43.8,22.01,11.61,0.0,11,76,0.868
2024-01-01 00:06:08,368,Suspicious,EV_Charger_2,24,0.256,1.0245,0.3415,29.5,5.36,74.4,126.0,24,0,0.0
2024-01-01 00:06:09,369,Suspicious,AMI_Meter,19,0.3696,2.0955,0.6985,29.28,4.91,63.04,131.0,19,0,0.0
2024-01-01 00:06:09,369,Suspicious,PMU_Sensor,50,0.091,0.0787,0.0262,49.35,8.21,90.9,100.0,50,0,0.0
2024-01-01 00:06:09,369,Suspicious,DER_Controller,28,0.2326,1.1832,0.2958,39.48,9.71,76.74,122.0,28,0,0.0
2024-01-01 00:06:09,369,Suspicious,EV_Charger_1,110,0.9154,2.9671,0.989,43.98,22.25,8.46,0.0,8,101,0.9231
2024-01-01 00:06:09,369,Suspicious,EV_Charger_2,35,0.2815,1.0232,0.3411,29.51,5.36,71.85,115.0,35,0,0.0
2024-01-01 00:06:10,370,Suspicious,AMI_Meter,26,0.3255,0.6678,0.2226,29.27,4.9,67.45,124.0,26,0,0.0
2024-01-01 00:06:10,370,Suspicious,PMU_Sensor,51,0.0837,0.2002,0.0667,49.36,8.2,91.63,99.0,51,0,0.0
2024-01-01 00:06:10,370,Suspicious,DER_Controller,37,0.1904,0.2555,0.0639,39.48,9.69,80.96,113.0,37,0,0.0
2024-01-01 00:06:10,370,Suspicious,EV_Charger_1,131,0.9408,3.8273,1.0,44.22,22.67,5.92,0.0,5,125,0.9548
2024-01-01 00:06:10,370,Suspicious,EV_Charger_2,34,0.2805,0.8349,0.2783,29.52,5.36,71.95,116.0,34,0,0.0
2024-01-01 00:06:11,371,Suspicious,AMI_Meter,26,0.2945,0.6665,0.2222,29.27,4.9,70.55,124.0,26,0,0.0
2024-01-01 00:06:11,371,Suspicious,PMU_Sensor,48,0.0751,0.1655,0.0552,49.35,8.19,92.49,102.0,48,0,0.0
2024-01-01 00:06:11,371,Suspicious,DER_Controller,50,0.2105,1.0824,0.2706,39.51,9.7,78.95,100.0,50,0,0.0
2024-01-01 00:06:11,371,Suspicious,EV_Charger_1,127,0.9586,3.5823,1.0,44.44,23.05,4.14,0.0,4,122,0.9674
2024-01-01 00:06:11,371,Suspicious,EV_Charger_2,23,0.3176,1.2123,0.4041,29.51,5.37,68.24,127.0,23,0,0.0
2024-01-01 00:06:12,372,Suspicious,AMI_Meter,33,0.2822,0.7604,0.2535,29.28,4.9,71.78,117.0,33,0,0.0
2024-01-01 00:06:12,372,Suspicious,PMU_Sensor,41,0.1544,1.0176,0.3392,49.33,8.19,84.56,109.0,41,0,0.0
2024-01-01 00:06:12,372,Suspicious,DER_Controller,54,0.2509,1.4885,0.3721,39.54,9.71,74.91,96.0,54,0,0.0
2024-01-01 00:06:12,372,Suspicious,EV_Charger_1,140,0.971,4.0483,1.0,44.69,23.54,2.9,0.0,2,137,0.9793
2024-01-01 00:06:12,372,Suspicious,EV_Charger_2,33,0.2873,0.65,0.2167,29.51,5.36,71.27,117.0,33,0,0.0
2024-01-01 00:06:13,373,Suspicious,AMI_Meter,30,0.2123,0.1476,0.0492,29.28,4.89,78.77,120.0,30,0,0.0
2024-01-01 00:06:13,373,Suspicious,PMU_Sensor,48,0.1243,0.1625,0.0542,49.33,8.18,87.57,102.0,48,0,0.0
2024-01-01 00:06:13,373,Suspicious,DER_Controller,46,0.2296,0.6635,0.1659,39.56,9.7,77.04,104.0,46,0,0.0
2024-01-01 00:06:13,373,Suspicious,EV_Charger_1,114,0.9703,2.9064,0.9688,44.88,23.78,2.97,0.0,2,111,0.974
2024-01-01 00:06:13,373,Suspicious,EV_Charger_2,33,0.266,0.6488,0.2163,29.52,5.36,73.4,117.0,33,0,0.0
2024-01-01 00:06:14,374,Suspicious,AMI_Meter,34,0.2449,0.9629,0.321,29.29,4.89,75.51,116.0,34,0,0.0
2024-01-01 00:06:14,374,Suspicious,PMU_Sensor,45,0.1399,0.5284,0.1761,49.32,8.17,86.01,105.0,45,0,0.0
2024-01-01 00:06:14,374,Suspicious,DER_Controller,33,0.2144,0.6748,0.1687,39.54,9.7,78.56,117.0,33,0,0.0
2024-01-01 00:06:14,374,Suspicious,EV_Charger_1,98,0.9008,2.2159,0.7386,45.02,23.91,9.92,0.0,9,88,0.8988
2024-01-01 00:06:14,374,Suspicious,EV_Charger_2,25,0.2704,0.8425,0.2808,29.51,5.36,72.96,125.0,25,0,0.0
2024-01-01 00:06:15,375,Suspicious,AMI_Meter,20,0.3602,1.8881,0.6294,29.27,4.91,63.98,130.0,20,0,0.0
2024-01-01 00:06:15,375,Suspicious,PMU_Sensor,55,0.1673,0.6942,0.2314,49.33,8.16,83.27,95.0,55,0,0.0
2024-01-01 00:06:15,375,Suspicious,DER_Controller,58,0.279,1.8916,0.4729,39.59,9.73,72.1,92.0,58,0,0.0
2024-01-01 00:06:15,375,Suspicious,EV_Charger_1,151,0.9306,4.3152,1.0,45.3,24.49,6.94,0.0,6,144,0.954
2024-01-01 00:06:15,375,Suspicious,EV_Charger_2,22,0.329,1.3971,0.4657,29.49,5.36,67.1,128.0,22,0,0.0
2024-01-01 00:06:16,376,Suspicious,AMI_Meter,33,0.3281,0.7593,0.2531,29.28,4.9,67.19,117.0,33,0,0.0
2024-01-01 00:06:16,376,Suspicious,PMU_Sensor,61,0.2595,1.4234,0.4745,49.36,8.18,74.05,89.0,61,0,0.0
2024-01-01 00:06:16,376,Suspicious,DER_Controller,35,0.2387,0.4712,0.1178,39.58,9.72,76.13,115.0,35,0,0.0
2024-01-01 00:06:16,376,Suspicious,EV_Charger_1,126,0.9514,3.2437,1.0,45.52,24.81,4.86,0.0,4,121,0.9614
2024-01-01 00:06:16,376,Suspicious,EV_Charger_2,19,0.4247,1.9441,0.648,29.46,5.38,57.53,131.0,19,0,0.0
2024-01-01 00:06:17,377,Suspicious,AMI_Meter,31,0.2648,0.351,0.117,29.28,4.9,73.52,119.0,31,0,0.0
2024-01-01 00:06:17,377,Suspicious,PMU_Sensor,41,0.2836,1.0202,0.3401,49.34,8.18,71.64,109.0,41,0,0.0
2024-01-01 00:06:17,377,Suspicious,DER_Controller,41,0.1882,0.1458,0.0364,39.58,9.71,81.18,109.0,41,0,0.0
2024-01-01 00:06:17,377,Suspicious,EV_Charger_1,93,0.8562,1.902,0.634,45.64,24.9,14.38,0.0,14,78,0.8454
2024-01-01 00:06:17,377,Suspicious,EV_Charger_2,35,0.3999,1.0257,0.3419,29.48,5.38,60.01,115.0,35,0,0.0
2024-01-01 00:06:18,378,Suspicious,AMI_Meter,35,0.3017,1.1639,0.388,29.3,4.9,69.83,115.0,35,0,0.0
2024-01-01 00:06:18,378,Suspicious,PMU_Sensor,43,0.2759,0.774,0.258,49.32,8.17,72.41,107.0,43,0,0.0
2024-01-01 00:06:18,378,Suspicious,DER_Controller,28,0.2155,1.1895,0.2974,39.55,9.71,78.45,122.0,28,0,0.0
2024-01-01 00:06:18,378,Suspicious,EV_Charger_1,82,0.7447,1.4542,0.4847,45.74,24.94,25.53,0.0,25,56,0.6887
2024-01-01 00:06:18,378,Suspicious,EV_Charger_2,30,0.2896,0.0967,0.0322,29.48,5.38,71.04,120.0,30,0,0.0
2024-01-01 00:06:19,379,Suspicious,AMI_Meter,27,0.258,0.4676,0.1559,29.29,4.9,74.2,123.0,27,0,0.0
2024-01-01 00:06:19,379,Suspicious,PMU_Sensor,37,0.3433,1.5017,0.5006,49.29,8.19,65.67,113.0,37,0,0.0
2024-01-01 00:06:19,379,Suspicious,DER_Controller,44,0.1902,0.457,0.1142,39.57,9.7,80.98,106.0,44,0,0.0
2024-01-01 00:06:19,379,Suspicious,EV_Charger_1,118,0.8076,2.8625,0.9542,45.93,25.18,19.24,0.0,19,98,0.8369
2024-01-01 00:06:19,379,Suspicious,EV_Charger_2,25,0.2859,0.8315,0.2772,29.47,5.37,71.41,125.0,25,0,0.0
2024-01-01 00:06:20,380,Suspicious,AMI_Meter,27,0.2273,0.4668,0.1556,29.28,4.89,77.27,123.0,27,0,0.0
2024-01-01 00:06:20,380,Suspicious,PMU_Sensor,58,0.3464,1.0609,0.3536,49.31,8.19,65.36,92.0,58,0,0.0
2024-01-01 00:06:20,380,Suspicious,DER_Controller,46,0.184,0.6618,0.1655,39.58,9.7,81.6,104.0,46,0,0.0
2024-01-01 00:06:20,380,Suspicious,EV_Charger_1,125,0.8653,3.0965,1.0,46.14,25.47,13.47,0.0,13,111,0.8922
2024-01-01 00:06:20,380,Suspicious,EV_Charger_2,35,0.3028,1.0266,0.3422,29.48,5.37,69.72,115.0,35,0,0.0
2024-01-01 00:06:21,381,Suspicious,AMI_Meter,24,0.2668,1.0771,0.359,29.27,4.89,73.32,126.0,24,0,0.0
2024-01-01 00:06:21,381,Suspicious,PMU_Sensor,50,0.2509,0.0836,0.0279,49.32,8.18,74.91,100.0,50,0,0.0
2024-01-01 00:06:21,381,Suspicious,DER_Controller,41,0.1471,0.146,0.0365,39.59,9.68,85.29,109.0,41,0,0.0
2024-01-01 00:06:21,381,Suspicious,EV_Charger_1,119,0.8884,2.827,0.9423,46.33,25.71,11.16,0.0,11,107,0.9062
2024-01-01 00:06:21,381,Suspicious,EV_Charger_2,34,0.2958,0.8386,0.2795,29.49,5.37,70.42,116.0,34,0,0.0
2024-01-01 00:06:22,382,Suspicious,AMI_Meter,26,0.2535,0.6671,0.2224,29.26,4.89,74.65,124.0,26,0,0.0
2024-01-01 00:06:22,382,Suspicious,PMU_Sensor,54,0.2328,0.5718,0.1906,49.33,8.17,76.72,96.0,54,0,0.0
2024-01-01 00:06:22,382,Suspicious,DER_Controller,45,0.1452,0.5581,0.1395,39.6,9.68,85.48,105.0,45,0,0.0
2024-01-01 00:06:22,382,Suspicious,EV_Charger_1,69,0.7099,0.8799,0.2933,46.39,25.7,29.01,0.0,29,39,0.5795
2024-01-01 00:06:22,382,Suspicious,EV_Charger_2,39,0.383,1.7599,0.5866,29.52,5.39,61.7,111.0,39,0,0.0
2024-01-01 00:06:23,383,Suspicious,AMI_Meter,14,0.4774,3.0787,1.0,29.22,4.94,52.26,136.0,14,0,0.0
2024-01-01 00:06:23,383,Suspicious,PMU_Sensor,45,0.2159,0.5291,0.1764,49.32,8.16,78.41,105.0,45,0,0.0
2024-01-01 00:06:23,383,Suspicious,DER_Controller,50,0.1759,1.0719,0.268,39.63,9.68,82.41,100.0,50,0,0.0
2024-01-01 00:06:23,383,Suspicious,EV_Charger_1,124,0.795,2.9808,0.9936,46.59,25.97,20.5,0.0,20,103,0.8347
2024-01-01 00:06:23,383,Suspicious,EV_Charger_2,23,0.3888,1.2064,0.4021,29.5,5.39,61.12,127.0,23,0,0.0
2024-01-01 00:06:24,384,Suspicious,AMI_Meter,24,0.4395,1.0532,0.3511,29.21,4.94,56.05,126.0,24,0,0.0
2024-01-01 00:06:24,384,Suspicious,PMU_Sensor,58,0.2572,1.0609,0.3536,49.34,8.16,74.28,92.0,58,0,0.0
2024-01-01 00:06:24,384,Suspicious,DER_Controller,20,0.2579,2.0149,0.5037,39.58,9.72,74.21,130.0,20,0,0.0
2024-01-01 00:06:24,384,Suspicious,EV_Charger_1,155,0.8565,4.0776,1.0,46.87,26.52,14.35,0.0,14,140,0.9074
2024-01-01 00:06:24,384,Suspicious,EV_Charger_2,31,0.2999,0.2774,0.0925,29.51,5.38,70.01,119.0,31,0,0.0
2024-01-01 00:06:25,385,Suspicious,AMI_Meter,24,0.4127,1.0503,0.3501,29.19,4.95,58.73,126.0,24,0,0.0
2024-01-01 00:06:25,385,Suspicious,PMU_Sensor,45,0.2331,0.5309,0.177,49.33,8.15,76.69,105.0,45,0,0.0
2024-01-01 00:06:25,385,Suspicious,DER_Controller,29,0.2612,1.0855,0.2714,39.55,9.72,73.88,121.0,29,0,0.0
2024-01-01 00:06:25,385,Suspicious,EV_Charger_1,151,0.8995,3.8455,1.0,47.14,27.01,10.05,0.0,10,140,0.9335
2024-01-01 00:06:25,385,Suspicious,EV_Charger_2,36,0.3301,1.2023,0.4008,29.52,5.39,66.99,114.0,36,0,0.0
2024-01-01 00:06:26,386,Suspicious,AMI_Meter,21,0.4538,1.6489,0.5496,29.17,4.96,54.62,129.0,21,0,0.0
2024-01-01 00:06:26,386,Suspicious,PMU_Sensor,46,0.2039,0.4076,0.1359,49.32,8.15,79.61,104.0,46,0,0.0
2024-01-01 00:06:26,386,Suspicious,DER_Controller,31,0.2508,0.8777,0.2194,39.53,9.72,74.92,119.0,31,0,0.0
2024-01-01 00:06:26,386,Suspicious,EV_Charger_1,161,0.9297,4.1166,1.0,47.43,27.59,7.03,0.0,7,153,0.9563
2024-01-01 00:06:26,386,Suspicious,EV_Charger_2,23,0.3518,1.2071,0.4024,29.51,5.39,64.82,127.0,23,0,0.0
2024-01-01 00:06:27,387,Suspicious,AMI_Meter,38,0.4948,1.7713,0.5904,29.2,4.97,50.52,112.0,38,0,0.0
2024-01-01 00:06:27,387,Suspicious,PMU_Sensor,49,0.1467,0.0393,0.0131,49.32,8.14,85.33,101.0,49,0,0.0
2024-01-01 00:06:27,387,Suspicious,DER_Controller,28,0.262,1.1828,0.2957,39.5,9.72,73.8,122.0,28,0,0.0
2024-01-01 00:06:27,387,Suspicious,EV_Charger_1,120,0.9112,2.6038,0.8679,47.62,27.8,8.88,0.0,8,111,0.926
2024-01-01 00:06:27,387,Suspicious,EV_Charger_2,27,0.2927,0.4643,0.1548,29.5,5.38,70.73,123.0,27,0,0.0
2024-01-01 00:06:28,388,Suspicious,AMI_Meter,23,0.4706,1.2424,0.4141,29.18,4.97,52.94,127.0,23,0,0.0
2024-01-01 00:06:28,388,Suspicious,PMU_Sensor,50,0.111,0.0835,0.0278,49.32,8.13,88.9,100.0,50,0,0.0
2024-01-01 00:06:28,388,Suspicious,DER_Controller,27,0.2766,1.2813,0.3203,39.47,9.73,72.34,123.0,27,0,0.0
2024-01-01 00:06:28,388,Suspicious,EV_Charger_1,88,0.7825,1.4468,0.4823,47.72,27.84,21.75,0.0,21,66,0.7528
2024-01-01 00:06:28,388,Suspicious,EV_Charger_2,29,0.2142,0.0927,0.0309,29.5,5.38,78.58,121.0,29,0,0.0
2024-01-01 00:06:29,389,Suspicious,AMI_Meter,20,0.5129,1.8352,0.6117,29.16,4.99,48.71,130.0,20,0,0.0
2024-01-01 00:06:29,389,Suspicious,PMU_Sensor,43,0.1554,0.7764,0.2588,49.31,8.12,84.46,107.0,43,0,0.0
2024-01-01 00:06:29,389,Suspicious,DER_Controller,30,0.2681,0.9705,0.2426,39.44,9.73,73.19,120.0,30,0,0.0
2024-01-01 00:06:29,389,Suspicious,EV_Charger_1,117,0.7943,2.4659,0.822,47.9,28.02,20.57,0.0,20,96,0.8242
2024-01-01 00:06:29,389,Suspicious,EV_Charger_2,44,0.4167,2.6682,0.8894,29.54,5.42,58.33,106.0,44,0,0.0
2024-01-01 00:06:30,390,Suspicious,AMI_Meter,30,0.3759,0.1689,0.0563,29.16,4.98,62.41,120.0,30,0,0.0
2024-01-01 00:06:30,390,Suspicious,PMU_Sensor,51,0.1296,0.2084,0.0695,49.31,8.11,87.04,99.0,51,0,0.0
2024-01-01 00:06:30,390,Suspicious,DER_Controller,22,0.3125,1.7833,0.4458,39.4,9.76,68.75,128.0,22,0,0.0
2024-01-01 00:06:30,390,Suspicious,EV_Charger_1,123,0.8213,2.6523,0.8841,48.09,28.24,17.87,0.0,17,105,0.8547
2024-01-01 00:06:30,390,Suspicious,EV_Charger_2,33,0.3555,0.6379,0.2126,29.54,5.42,64.45,117.0,33,0,0.0
2024-01-01 00:06:31,391,Suspicious,AMI_Meter,24,0.3664,1.0325,0.3442,29.15,4.98,63.36,126.0,24,0,0.0
2024-01-01 00:06:31,391,Suspicious,PMU_Sensor,57,0.1853,0.9459,0.3153,49.33,8.11,81.47,93.0,57,0,0.0
2024-01-01 00:06:31,391,Suspicious,DER_Controller,27,0.3136,1.2665,0.3166,39.36,9.76,68.64,123.0,27,0,0.0
2024-01-01 00:06:31,391,Suspicious,EV_Charger_1,132,0.8683,2.9342,0.9781,48.31,28.52,13.17,0.0,13,118,0.9002
2024-01-01 00:06:31,391,Suspicious,EV_Charger_2,28,0.2773,0.2848,0.0949,29.54,5.41,72.27,122.0,28,0,0.0
2024-01-01 00:06:32,392,Suspicious,AMI_Meter,30,0.2736,0.1713,0.0571,29.15,4.98,72.64,120.0,30,0,0.0
2024-01-01 00:06:32,392,Suspicious,PMU_Sensor,44,0.1953,0.6559,0.2186,49.32,8.1,80.47,106.0,44,0,0.0
2024-01-01 00:06:32,392,Suspicious,DER_Controller,37,0.2503,0.2419,0.0605,39.36,9.75,74.97,113.0,37,0,0.0
2024-01-01 00:06:32,392,Suspicious,EV_Charger_1,134,0.9045,2.9666,0.9889,48.53,28.81,9.55,0.0,9,124,0.9287
2024-01-01 00:06:32,392,Suspicious,EV_Charger_2,27,0.241,0.4689,0.1563,29.53,5.4,75.9,123.0,27,0,0.0
2024-01-01 00:06:33,393,Suspicious,AMI_Meter,32,0.2487,0.5721,0.1907,29.15,4.97,75.13,118.0,32,0,0.0
2024-01-01 00:06:33,393,Suspicious,PMU_Sensor,51,0.1575,0.2076,0.0692,49.32,8.09,84.25,99.0,51,0,0.0
2024-01-01 00:06:33,393,Suspicious,DER_Controller,39,0.19,0.0367,0.0092,39.36,9.74,81.0,111.0,39,0,0.0
2024-01-01 00:06:33,393,Suspicious,EV_Charger_1,130,0.9127,2.7959,0.932,48.73,29.07,8.73,0.0,8,121,0.9329
2024-01-01 00:06:33,393,Suspicious,EV_Charger_2,36,0.288,1.1926,0.3975,29.55,5.41,71.2,114.0,36,0,0.0
2024-01-01 00:06:34,394,Suspicious,AMI_Meter,28,0.1973,0.2319,0.0773,29.15,4.97,80.27,122.0,28,0,0.0
2024-01-01 00:06:34,394,Suspicious,PMU_Sensor,47,0.1389,0.2862,0.0954,49.31,8.08,86.11,103.0,47,0,0.0
2024-01-01 00:06:34,394,Suspicious,DER_Controller,41,0.153,0.1684,0.0421,39.36,9.73,84.7,109.0,41,0,0.0
2024-01-01 00:06:34,394,Suspicious,EV_Charger_1,179,0.9389,4.3661,1.0,49.06,29.76,6.11,0.0,6,172,0.9659
2024-01-01 00:06:34,394,Suspicious,EV_Charger_2,23,0.3223,1.2076,0.4025,29.53,5.41,67.77,127.0,23,0,0.0
2024-01-01 00:06:35,395,Suspicious,AMI_Meter,33,0.2154,0.7732,0.2577,29.16,4.96,78.46,117.0,33,0,0.0
2024-01-01 00:06:35,395,Suspicious,PMU_Sensor,34,0.2855,1.8833,0.6278,49.28,8.11,71.45,116.0,34,0,0.0
2024-01-01 00:06:35,395,Suspicious,DER_Controller,42,0.1317,0.2708,0.0677,39.37,9.72,86.83,108.0,42,0,0.0
2024-01-01 00:06:35,395,Suspicious,EV_Charger_1,177,0.9572,4.1964,1.0,49.39,30.41,4.28,0.0,4,172,0.9758
2024-01-01 00:06:35,395,Suspicious,EV_Charger_2,34,0.308,0.8236,0.2745,29.55,5.41,69.2,116.0,34,0,0.0
2024-01-01 00:06:36,396,Suspicious,AMI_Meter,30,0.1677,0.1687,0.0562,29.16,4.96,83.23,120.0,30,0,0.0
2024-01-01 00:06:36,396,Suspicious,PMU_Sensor,45,0.2525,0.5262,0.1754,49.26,8.1,74.75,105.0,45,0,0.0
2024-01-01 00:06:36,396,Suspicious,DER_Controller,40,0.1028,0.0649,0.0162,39.37,9.7,89.72,110.0,40,0,0.0
2024-01-01 00:06:36,396,Suspicious,EV_Charger_1,137,0.9548,2.8478,0.9493,49.61,30.69,4.52,0.0,4,132,0.967
2024-01-01 00:06:36,396,Suspicious,EV_Charger_2,27,0.2626,0.4699,0.1566,29.54,5.4,73.74,123.0,27,0,0.0
2024-01-01 00:06:37,397,Suspicious,AMI_Meter,28,0.1408,0.2344,0.0781,29.16,4.95,85.92,122.0,28,0,0.0
2024-01-01 00:06:37,397,Suspicious,PMU_Sensor,51,0.1981,0.2139,0.0713,49.27,8.09,80.19,99.0,51,0,0.0
2024-01-01 00:06:37,397,Suspicious,DER_Controller,32,0.1245,0.7581,0.1895,39.35,9.7,87.55,118.0,32,0,0.0
2024-01-01 00:06:37,397,Suspicious,EV_Charger_1,125,0.9119,2.4352,0.8117,49.8,30.88,8.81,0.0,8,116,0.9295
2024-01-01 00:06:37,397,Suspicious,EV_Charger_2,23,0.3044,1.2064,0.4021,29.52,5.41,69.56,127.0,23,0,0.0
2024-01-01 00:06:38,398,Suspicious,AMI_Meter,31,0.1356,0.3708,0.1236,29.17,4.95,86.44,119.0,31,0,0.0
2024-01-01 00:06:38,398,Suspicious,PMU_Sensor,54,0.197,0.5835,0.1945,49.28,8.09,80.3,96.0,54,0,0.0
2024-01-01 00:06:38,398,Suspicious,DER_Controller,42,0.1104,0.2727,0.0682,39.36,9.69,88.96,108.0,42,0,0.0
2024-01-01 00:06:38,398,Suspicious,EV_Charger_1,166,0.9383,3.693,1.0,50.09,31.39,6.17,0.0,6,159,0.9629
2024-01-01 00:06:38,398,Suspicious,EV_Charger_2,32,0.2589,0.4575,0.1525,29.53,5.4,74.11,118.0,32,0,0.0
2024-01-01 00:06:39,399,Suspicious,AMI_Meter,31,0.132,0.3703,0.1234,29.17,4.94,86.8,119.0,31,0,0.0
2024-01-01 00:06:39,399,Suspicious,PMU_Sensor,52,0.1715,0.3358,0.1119,49.29,8.08,82.85,98.0,52,0,0.0
2024-01-01 00:06:39,399,Suspicious,DER_Controller,39,0.0851,0.037,0.0092,39.36,9.67,91.49,111.0,39,0,0.0
2024-01-01 00:06:39,399,Suspicious,EV_Charger_1,133,0.9184,2.6156,0.8719,50.29,31.62,8.16,0.0,8,124,0.9386
2024-01-01 00:06:39,399,Suspicious,EV_Charger_2,45,0.4644,2.8318,0.9439,29.57,5.45,53.56,105.0,45,0,0.0
2024-01-01 00:06:40,400,Suspicious,AMI_Meter,27,0.1362,0.4385,0.1462,29.16,4.94,86.38,123.0,27,0,0.0
2024-01-01 00:06:40,400,Suspicious,PMU_Sensor,44,0.1854,0.6534,0.2178,49.27,8.07,81.46,106.0,44,0,0.0
2024-01-01 00:06:40,400,Suspicious,DER_Controller,44,0.0938,0.4791,0.1198,39.37,9.67,90.62,106.0,44,0,0.0
2024-01-01 00:06:40,400,Suspicious,EV_Charger_1,152,0.9429,3.1717,1.0,50.55,31.99,5.71,0.0,5,146,0.9624
2024-01-01 00:06:40,400,Suspicious,EV_Charger_2,23,0.4452,1.2014,0.4005,29.55,5.45,55.48,127.0,23,0,0.0
2024-01-01 00:06:41,401,Suspicious,AMI_Meter,35,0.2132,1.1785,0.3928,29.18,4.94,78.68,115.0,35,0,0.0
2024-01-01 00:06:41,401,Suspicious,PMU_Sensor,49,0.1332,0.0339,0.0113,49.27,8.06,86.68,101.0,49,0,0.0
2024-01-01 00:06:41,401,Suspicious,DER_Controller,28,0.1436,1.1728,0.2932,39.34,9.67,85.64,122.0,28,0,0.0
2024-01-01 00:06:41,401,Suspicious,EV_Charger_1,175,0.96,3.8146,1.0,50.86,32.54,4.0,0.0,3,171,0.9771
2024-01-01 00:06:41,401,Suspicious,EV_Charger_2,35,0.4113,0.9968,0.3323,29.56,5.45,58.87,115.0,35,0,0.0
2024-01-01 00:06:42,402,Suspicious,AMI_Meter,23,0.274,1.247,0.4157,29.16,4.94,72.6,127.0,23,0,0.0
2024-01-01 00:06:42,402,Suspicious,PMU_Sensor,64,0.2749,1.8168,0.6056,49.31,8.09,72.51,86.0,64,0,0.0
2024-01-01 00:06:42,402,Suspicious,DER_Controller,46,0.1507,0.6874,0.1718,39.36,9.66,84.93,104.0,46,0,0.0
2024-01-01 00:06:42,402,Suspicious,EV_Charger_1,148,0.9669,2.9487,0.9829,51.1,32.86,3.31,0.0,3,144,0.9776
2024-01-01 00:06:42,402,Suspicious,EV_Charger_2,41,0.4962,2.0832,0.6944,29.59,5.48,50.38,109.0,41,0,0.0
2024-01-01 00:06:43,403,Suspicious,AMI_Meter,30,0.2087,0.169,0.0563,29.17,4.94,79.13,120.0,30,0,0.0
2024-01-01 00:06:43,403,Suspicious,PMU_Sensor,49,0.1963,0.0383,0.0128,49.31,8.08,80.37,101.0,49,0,0.0
2024-01-01 00:06:43,403,Suspicious,DER_Controller,33,0.1541,0.6567,0.1642,39.34,9.66,84.59,117.0,33,0,0.0
2024-01-01 00:06:43,403,Suspicious,EV_Charger_1,163,0.9768,3.3531,1.0,51.38,33.29,2.32,0.0,2,160,0.9858
2024-01-01 00:06:43,403,Suspicious,EV_Charger_2,34,0.4277,0.8032,0.2677,29.6,5.47,57.23,116.0,34,0,0.0
2024-01-01 00:06:44,404,Suspicious,AMI_Meter,30,0.1629,0.1688,0.0563,29.17,4.93,83.71,120.0,30,0,0.0
2024-01-01 00:06:44,404,Suspicious,PMU_Sensor,43,0.2154,0.7797,0.2599,49.29,8.07,78.46,107.0,43,0,0.0
2024-01-01 00:06:44,404,Suspicious,DER_Controller,41,0.1263,0.1715,0.0429,39.35,9.65,87.37,109.0,41,0,0.0
2024-01-01 00:06:44,404,Suspicious,EV_Charger_1,148,0.9707,2.8692,0.9564,51.61,33.59,2.93,0.0,2,145,0.9802
2024-01-01 00:06:44,404,Suspicious,EV_Charger_2,23,0.4197,1.2029,0.401,29.59,5.48,58.03,127.0,23,0,0.0
2024-01-01 00:06:45,405,Suspicious,AMI_Meter,22,0.2589,1.4481,0.4827,29.15,4.94,74.11,128.0,22,0,0.0
2024-01-01 00:06:45,405,Suspicious,PMU_Sensor,54,0.209,0.5821,0.194,49.31,8.07,79.1,96.0,54,0,0.0
2024-01-01 00:06:45,405,Suspicious,DER_Controller,13,0.2637,2.7034,0.6758,39.28,9.72,73.63,137.0,13,0,0.0
2024-01-01 00:06:45,405,Suspicious,EV_Charger_1,156,0.9795,3.0671,1.0,51.87,33.95,2.05,0.0,2,153,0.9868
2024-01-01 00:06:45,405,Suspicious,EV_Charger_2,29,0.3045,0.1072,0.0357,29.59,5.47,69.55,121.0,29,0,0.0
2024-01-01 00:06:46,406,Suspicious,AMI_Meter,36,0.3194,1.3823,0.4608,29.17,4.94,68.06,114.0,36,0,0.0
2024-01-01 00:06:46,406,Suspicious,PMU_Sensor,46,0.1872,0.4093,0.1364,49.3,8.06,81.28,104.0,46,0,0.0
2024-01-01 00:06:46,406,Suspicious,DER_Controller,46,0.2409,0.6899,0.1725,39.3,9.72,75.91,104.0,46,0,0.0
2024-01-01 00:06:46,406,Suspicious,EV_Charger_1,142,0.9485,2.6288,0.8763,52.09,34.2,5.15,0.0,5,136,0.9637
2024-01-01 00:06:46,406,Suspicious,EV_Charger_2,32,0.2572,0.4407,0.1469,29.59,5.46,74.28,118.0,32,0,0.0
2024-01-01 00:06:47,407,Suspicious,AMI_Meter,33,0.301,0.7739,0.258,29.18,4.94,69.9,117.0,33,0,0.0
2024-01-01 00:06:47,407,Suspicious,PMU_Sensor,46,0.1719,0.4087,0.1362,49.29,8.05,82.81,104.0,46,0,0.0
2024-01-01 00:06:47,407,Suspicious,DER_Controller,49,0.2429,0.9963,0.2491,39.32,9.72,75.71,101.0,49,0,0.0
2024-01-01 00:06:47,407,Suspicious,EV_Charger_1,129,0.8872,2.2321,0.744,52.28,34.37,11.28,0.0,11,117,0.9125
2024-01-01 00:06:47,407,Suspicious,EV_Charger_2,33,0.2423,0.6226,0.2075,29.6,5.46,75.77,117.0,33,0,0.0
2024-01-01 00:06:48,408,Suspicious,AMI_Meter,34,0.3081,0.9739,0.3246,29.19,4.94,69.19,116.0,34,0,0.0
2024-01-01 00:06:48,408,Suspicious,PMU_Sensor,55,0.1912,0.7082,0.2361,49.3,8.04,80.88,95.0,55,0,0.0
2024-01-01 00:06:48,408,Suspicious,DER_Controller,59,0.308,2.013,0.5033,39.37,9.75,69.2,91.0,59,0,0.0
2024-01-01 00:06:48,408,Suspicious,EV_Charger_1,135,0.8597,2.3869,0.7956,52.48,34.57,14.03,0.0,14,120,0.8961
2024-01-01 00:06:48,408,Suspicious,EV_Charger_2,23,0.2901,1.2052,0.4017,29.58,5.46,70.99,127.0,23,0,0.0
2024-01-01 00:06:49,409,Suspicious,AMI_Meter,25,0.3003,0.846,0.282,29.18,4.94,69.97,125.0,25,0,0.0
2024-01-01 00:06:49,409,Suspicious,PMU_Sensor,55,0.2045,0.7069,0.2356,49.32,8.04,79.55,95.0,55,0,0.0
2024-01-01 00:06:49,409,Suspicious,DER_Controller,44,0.2606,0.4741,0.1185,39.38,9.74,73.94,106.0,44,0,0.0
2024-01-01 00:06:49,409,Suspicious,EV_Charger_1,157,0.9004,2.9864,0.9955,52.74,34.91,9.96,0.0,9,147,0.9366
2024-01-01 00:06:49,409,Suspicious,EV_Charger_2,25,0.2868,0.8374,0.2791,29.57,5.46,71.32,125.0,25,0,0.0
2024-01-01 00:06:50,410,Suspicious,AMI_Meter,33,0.2874,0.7724,0.2575,29.19,4.94,71.26,117.0,33,0,0.0
2024-01-01 00:06:50,410,Suspicious,PMU_Sensor,40,0.2587,1.1557,0.3852,49.29,8.04,74.13,110.0,40,0,0.0
2024-01-01 00:06:50,410,Suspicious,DER_Controller,51,0.2698,1.1891,0.2973,39.41,9.75,73.02,99.0,51,0,0.0
2024-01-01 00:06:50,410,Suspicious,EV_Charger_1,225,0.9303,4.788,1.0,53.16,35.89,6.97,0.0,6,218,0.969
2024-01-01 00:06:50,410,Suspicious,EV_Charger_2,34,0.2817,0.809,0.2697,29.58,5.46,71.83,116.0,34,0,0.0
2024-01-01 00:06:51,411,Suspicious,AMI_Meter,32,0.2581,0.5689,0.1896,29.19,4.93,74.19,118.0,32,0,0.0
2024-01-01 00:06:51,411,Suspicious,PMU_Sensor,46,0.222,0.4091,0.1364,49.29,8.03,77.8,104.0,46,0,0.0
2024-01-01 00:06:51,411,Suspicious,DER_Controller,21,0.3197,1.8781,0.4695,39.36,9.78,68.03,129.0,21,0,0.0
2024-01-01 00:06:51,411,Suspicious,EV_Charger_1,142,0.8966,2.4542,0.8181,53.37,36.11,10.34,0.0,10,131,0.9272
2024-01-01 00:06:51,411,Suspicious,EV_Charger_2,25,0.281,0.838,0.2793,29.57,5.46,71.9,125.0,25,0,0.0
2024-01-01 00:06:52,412,Suspicious,AMI_Meter,22,0.326,1.4531,0.4844,29.18,4.94,67.4,128.0,22,0,0.0
2024-01-01 00:06:52,412,Suspicious,PMU_Sensor,63,0.3253,1.6989,0.5663,49.32,8.05,67.47,87.0,63,0,0.0
2024-01-01 00:06:52,412,Suspicious,DER_Controller,42,0.2566,0.2692,0.0673,39.37,9.77,74.34,108.0,42,0,0.0
2024-01-01 00:06:52,412,Suspicious,EV_Charger_1,167,0.9276,3.1056,1.0,53.65,36.5,7.24,0.0,7,159,0.9567
2024-01-01 00:06:52,412,Suspicious,EV_Charger_2,30,0.2045,0.0782,0.0261,29.57,5.45,79.55,120.0,30,0,0.0
2024-01-01 00:06:53,413,Suspicious,AMI_Meter,29,0.2318,0.0357,0.0119,29.18,4.93,76.82,121.0,29,0,0.0
2024-01-01 00:06:53,413,Suspicious,PMU_Sensor,57,0.3229,0.9516,0.3172,49.34,8.05,67.71,93.0,57,0,0.0
2024-01-01 00:06:53,413,Suspicious,DER_Controller,39,0.1948,0.0379,0.0095,39.37,9.76,80.52,111.0,39,0,0.0
2024-01-01 00:06:53,413,Suspicious,EV_Charger_1,172,0.9493,3.1982,1.0,53.93,36.92,5.07,0.0,5,166,0.9706
2024-01-01 00:06:53,413,Suspicious,EV_Charger_2,30,0.151,0.0781,0.026,29.57,5.44,84.9,120.0,30,0,0.0
2024-01-01 00:06:54,414,Suspicious,AMI_Meter,28,0.186,0.2382,0.0794,29.17,4.93,81.4,122.0,28,0,0.0
2024-01-01 00:06:54,414,Suspicious,PMU_Sensor,38,0.3663,1.4031,0.4677,49.31,8.06,63.37,112.0,38,0,0.0
2024-01-01 00:06:54,414,Suspicious,DER_Controller,20,0.2695,1.9738,0.4935,39.32,9.79,73.05,130.0,20,0,0.0
2024-01-01 00:06:54,414,Suspicious,EV_Charger_1,153,0.9303,2.6573,0.8858,54.17,37.19,6.97,0.0,6,146,0.9544
2024-01-01 00:06:54,414,Suspicious,EV_Charger_2,32,0.1502,0.4448,0.1483,29.58,5.44,84.98,118.0,32,0,0.0
2024-01-01 00:06:55,415,Suspicious,AMI_Meter,23,0.2551,1.249,0.4163,29.16,4.93,74.49,127.0,23,0,0.0
2024-01-01 00:06:55,415,Suspicious,PMU_Sensor,49,0.2603,0.0385,0.0128,49.31,8.05,73.97,101.0,49,0,0.0
2024-01-01 00:06:55,415,Suspicious,DER_Controller,40,0.2064,0.0691,0.0173,39.32,9.78,79.36,110.0,40,0,0.0
2024-01-01 00:06:55,415,Suspicious,EV_Charger_1,107,0.7927,1.4153,0.4718,54.3,37.24,20.73,0.0,20,86,0.8063
2024-01-01 00:06:55,415,Suspicious,EV_Charger_2,26,0.1708,0.6573,0.2191,29.57,5.43,82.92,124.0,26,0,0.0
2024-01-01 00:06:56,416,Suspicious,AMI_Meter,32,0.2361,0.5753,0.1918,29.17,4.93,76.39,118.0,32,0,0.0
2024-01-01 00:06:56,416,Suspicious,PMU_Sensor,53,0.228,0.4576,0.1525,49.32,8.04,77.2,97.0,53,0,0.0
2024-01-01 00:06:56,416,Suspicious,DER_Controller,28,0.227,1.1549,0.2887,39.3,9.78,77.3,122.0,28,0,0.0
2024-01-01 00:06:56,416,Suspicious,EV_Charger_1,165,0.8487,2.9383,0.9794,54.57,37.58,15.13,0.0,15,149,0.9083
2024-01-01 00:06:56,416,Suspicious,EV_Charger_2,38,0.274,1.5444,0.5148,29.59,5.44,72.6,112.0,38,0,0.0
2024-01-01 00:06:57,417,Suspicious,AMI_Meter,33,0.243,0.7768,0.2589,29.17,4.92,75.7,117.0,33,0,0.0
2024-01-01 00:06:57,417,Suspicious,PMU_Sensor,49,0.1635,0.0396,0.0132,49.32,8.03,83.65,101.0,49,0,0.0
2024-01-01 00:06:57,417,Suspicious,DER_Controller,35,0.1977,0.4387,0.1097,39.29,9.77,80.23,115.0,35,0,0.0
2024-01-01 00:06:57,417,Suspicious,EV_Charger_1,146,0.8354,2.4128,0.8043,54.78,37.81,16.46,0.0,16,129,0.8873
2024-01-01 00:06:57,417,Suspicious,EV_Charger_2,34,0.2726,0.808,0.2693,29.6,5.44,72.74,116.0,34,0,0.0
2024-01-01 00:06:58,418,Suspicious,AMI_Meter,30,0.1868,0.1674,0.0558,29.18,4.92,81.32,120.0,30,0,0.0
2024-01-01 00:06:58,418,Suspicious,PMU_Sensor,55,0.1851,0.7059,0.2353,49.33,8.03,81.49,95.0,55,0,0.0
2024-01-01 00:06:58,418,Suspicious,DER_Controller,41,0.1592,0.1751,0.0438,39.29,9.76,84.08,109.0,41,0,0.0
2024-01-01 00:06:58,418,Suspicious,EV_Charger_1,184,0.8848,3.3671,1.0,55.09,38.28,11.52,0.0,11,172,0.9374
2024-01-01 00:06:58,418,Suspicious,EV_Charger_2,32,0.2348,0.4399,0.1466,29.61,5.44,76.52,118.0,32,0,0.0
2024-01-01 00:06:59,419,Suspicious,AMI_Meter,33,0.2084,0.7758,0.2586,29.19,4.92,79.16,117.0,33,0,0.0
2024-01-01 00:06:59,419,Suspicious,PMU_Sensor,56,0.2124,0.8288,0.2763,49.35,8.03,78.76,94.0,56,0,0.0
2024-01-01 00:06:59,419,Suspicious,DER_Controller,31,0.1724,0.8477,0.2119,39.27,9.76,82.76,119.0,31,0,0.0
2024-01-01 00:06:59,419,Suspicious,EV_Charger_1,118,0.7829,1.636,0.5453,55.24,38.36,21.71,0.0,21,96,0.816
2024-01-01 00:06:59,419,Suspicious,EV_Charger_2,41,0.3726,2.082,0.694,29.64,5.46,62.74,109.0,41,0,0.0
2024-01-01 00:07:00,420,Suspicious,AMI_Meter,31,0.1827,0.3685,0.1228,29.19,4.91,81.73,119.0,31,0,0.0
2024-01-01 00:07:00,420,Suspicious,PMU_Sensor,36,0.3143,1.6556,0.5519,49.32,8.04,68.57,114.0,36,0,0.0
2024-01-01 00:07:00,420,Suspicious,DER_Controller,32,0.1758,0.7438,0.186,39.25,9.75,82.42,118.0,32,0,0.0
2024-01-01 00:07:00,420,Suspicious,EV_Charger_1,185,0.8481,3.3334,1.0,55.55,38.83,15.19,0.0,15,169,0.9179
2024-01-01 00:07:00,420,Suspicious,EV_Charger_2,30,0.2675,0.0667,0.0222,29.64,5.45,73.25,120.0,30,0,0.0
2024-01-01 00:07:01,421,Suspicious,AMI_Meter,27,0.1724,0.4453,0.1484,29.18,4.91,82.76,123.0,27,0,0.0
2024-01-01 00:07:01,421,Suspicious,PMU_Sensor,61,0.3647,1.4473,0.4824,49.34,8.05,63.53,89.0,61,0,0.0
2024-01-01 00:07:01,421,Suspicious,DER_Controller,29,0.1974,1.0488,0.2622,39.23,9.75,80.26,121.0,29,0,0.0
2024-01-01 00:07:01,421,Suspicious,EV_Charger_1,145,0.8223,2.2863,0.7621,55.76,39.03,17.77,0.0,17,127,0.8774
2024-01-01 00:07:01,421,Suspicious,EV_Charger_2,33,0.2488,0.6159,0.2053,29.64,5.45,75.12,117.0,33,0,0.0
2024-01-01 00:07:02,422,Suspicious,AMI_Meter,31,0.1576,0.3694,0.1231,29.19,4.9,84.24,119.0,31,0,0.0
2024-01-01 00:07:02,422,Suspicious,PMU_Sensor,53,0.3006,0.4534,0.1511,49.35,8.05,69.94,97.0,53,0,0.0
2024-01-01 00:07:02,422,Suspicious,DER_Controller,49,0.2105,0.9993,0.2498,39.25,9.75,78.95,101.0,49,0,0.0
2024-01-01 00:07:02,422,Suspicious,EV_Charger_1,172,0.87,2.9438,0.9813,56.04,39.39,13.0,0.0,13,158,0.9244
2024-01-01 00:07:02,422,Suspicious,EV_Charger_2,34,0.254,0.7979,0.266,29.65,5.45,74.6,116.0,34,0,0.0
2024-01-01 00:07:03,423,Suspicious,AMI_Meter,28,0.1346,0.2423,0.0808,29.19,4.9,86.54,122.0,28,0,0.0
2024-01-01 00:07:03,423,Suspicious,PMU_Sensor,50,0.2185,0.0804,0.0268,49.35,8.04,78.15,100.0,50,0,0.0
2024-01-01 00:07:03,423,Suspicious,DER_Controller,41,0.169,0.1789,0.0447,39.26,9.74,83.1,109.0,41,0,0.0
2024-01-01 00:07:03,423,Suspicious,EV_Charger_1,173,0.9025,2.9352,0.9784,56.31,39.75,9.75,0.0,9,163,0.9436
2024-01-01 00:07:03,423,Suspicious,EV_Charger_2,36,0.294,1.162,0.3873,29.67,5.45,70.6,114.0,36,0,0.0
2024-01-01 00:07:04,424,Suspicious,AMI_Meter,32,0.1516,0.5738,0.1913,29.19,4.89,84.84,118.0,32,0,0.0
2024-01-01 00:07:04,424,Suspicious,PMU_Sensor,50,0.161,0.0803,0.0268,49.36,8.03,83.9,100.0,50,0,0.0
2024-01-01 00:07:04,424,Suspicious,DER_Controller,31,0.1796,0.8458,0.2115,39.24,9.74,82.04,119.0,31,0,0.0
2024-01-01 00:07:04,424,Suspicious,EV_Charger_1,170,0.9147,2.8292,0.9431,56.58,40.09,8.53,0.0,8,161,0.9498
2024-01-01 00:07:04,424,Suspicious,EV_Charger_2,31,0.2302,0.2439,0.0813,29.67,5.44,76.98,119.0,31,0,0.0
2024-01-01 00:07:05,425,Suspicious,AMI_Meter,30,0.1226,0.1648,0.0549,29.19,4.89,87.74,120.0,30,0,0.0
2024-01-01 00:07:05,425,Suspicious,PMU_Sensor,67,0.331,2.1831,0.7277,49.4,8.06,66.9,83.0,67,0,0.0
2024-01-01 00:07:05,425,Suspicious,DER_Controller,34,0.1683,0.537,0.1342,39.23,9.73,83.17,116.0,34,0,0.0
2024-01-01 00:07:05,425,Suspicious,EV_Charger_1,181,0.9403,3.0655,1.0,56.87,40.49,5.97,0.0,5,175,0.967
2024-01-01 00:07:05,425,Suspicious,EV_Charger_2,38,0.3135,1.5242,0.5081,29.69,5.45,68.65,112.0,38,0,0.0
2024-01-01 00:07:06,426,Suspicious,AMI_Meter,30,0.1023,0.1646,0.0549,29.2,4.88,89.77,120.0,30,0,0.0
2024-01-01 00:07:06,426,Suspicious,PMU_Sensor,68,0.4607,2.2902,0.7634,49.44,8.1,53.93,68.93,68,0,0.0
2024-01-01 00:07:06,426,Suspicious,DER_Controller,36,0.1469,0.331,0.0828,39.22,9.72,85.31,114.0,36,0,0.0
2024-01-01 00:07:06,426,Suspicious,EV_Charger_1,179,0.9563,2.9809,0.9936,57.16,40.87,4.37,0.0,4,174,0.9756
2024-01-01 00:07:06,426,Suspicious,EV_Charger_2,27,0.2688,0.4933,0.1644,29.69,5.45,73.12,123.0,27,0,0.0
2024-01-01 00:07:07,427,Suspicious,AMI_Meter,28,0.0961,0.2449,0.0816,29.19,4.88,90.39,122.0,28,0,0.0
2024-01-01 00:07:07,427,Suspicious,PMU_Sensor,51,0.3417,0.1922,0.0641,49.44,8.09,65.83,83.76,51,0,0.0
2024-01-01 00:07:07,427,Suspicious,DER_Controller,48,0.1665,0.9015,0.2254,39.24,9.72,83.35,102.0,48,0,0.0
2024-01-01 00:07:07,427,Suspicious,EV_Charger_1,180,0.9665,2.9706,0.9902,57.45,41.26,3.35,0.0,3,176,0.9814
2024-01-01 00:07:07,427,Suspicious,EV_Charger_2,39,0.3584,1.7026,0.5675,29.71,5.46,64.16,111.0,39,0,0.0
2024-01-01 00:07:08,428,Suspicious,AMI_Meter,29,0.0712,0.0397,0.0132,29.19,4.87,92.88,121.0,29,0,0.0
2024-01-01 00:07:08,428,Suspicious,PMU_Sensor,47,0.2694,0.3015,0.1005,49.44,8.09,73.06,103.0,47,0,0.0
2024-01-01 00:07:08,428,Suspicious,DER_Controller,67,0.3015,2.8263,0.7066,39.3,9.8,69.85,83.0,67,0,0.0
2024-01-01 00:07:08,428,Suspicious,EV_Charger_1,183,0.9765,3.0074,1.0,57.74,41.65,2.35,0.0,2,180,0.9872
2024-01-01 00:07:08,428,Suspicious,EV_Charger_2,27,0.3004,0.4955,0.1652,29.7,5.45,69.96,123.0,27,0,0.0
2024-01-01 00:07:09,429,Suspicious,AMI_Meter,26,0.1153,0.6547,0.2182,29.19,4.87,88.47,124.0,26,0,0.0
2024-01-01 00:07:09,429,Suspicious,PMU_Sensor,42,0.2803,0.9179,0.306,49.42,8.08,71.97,108.0,42,0,0.0
2024-01-01 00:07:09,429,Suspicious,DER_Controller,49,0.2879,0.9872,0.2468,39.33,9.8,71.21,101.0,49,0,0.0
2024-01-01 00:07:09,429,Suspicious,EV_Charger_1,164,0.9365,2.5292,0.8431,57.99,41.92,6.35,0.0,6,157,0.9613
2024-01-01 00:07:09,429,Suspicious,EV_Charger_2,32,0.2524,0.4209,0.1403,29.71,5.45,74.76,118.0,32,0,0.0
2024-01-01 00:07:10,430,Suspicious,AMI_Meter,29,0.0845,0.0382,0.0127,29.19,4.86,91.55,121.0,29,0,0.0
2024-01-01 00:07:10,430,Suspicious,PMU_Sensor,55,0.2651,0.6889,0.2296,49.43,8.08,73.49,95.0,55,0,0.0
2024-01-01 00:07:10,430,Suspicious,DER_Controller,31,0.2689,0.8479,0.212,39.31,9.8,73.11,119.0,31,0,0.0
2024-01-01 00:07:10,430,Suspicious,EV_Charger_1,145,0.8619,2.0632,0.6877,58.19,42.08,13.81,0.0,13,131,0.9047
2024-01-01 00:07:10,430,Suspicious,EV_Charger_2,33,0.237,0.6035,0.2012,29.71,5.44,76.3,117.0,33,0,0.0
2024-01-01 00:07:11,431,Suspicious,AMI_Meter,33,0.1375,0.7832,0.2611,29.19,4.86,86.25,117.0,33,0,0.0
2024-01-01 00:07:11,431,Suspicious,PMU_Sensor,52,0.2173,0.3172,0.1057,49.44,8.07,78.27,98.0,52,0,0.0
2024-01-01 00:07:11,431,Suspicious,DER_Controller,31,0.2546,0.8462,0.2116,39.29,9.79,74.54,119.0,31,0,0.0
2024-01-01 00:07:11,431,Suspicious,EV_Charger_1,193,0.9033,3.1628,1.0,58.5,42.53,9.67,0.0,9,183,0.9499
2024-01-01 00:07:11,431,Suspicious,EV_Charger_2,27,0.2157,0.498,0.166,29.71,5.44,78.43,123.0,27,0,0.0
2024-01-01 00:07:12,432,Suspicious,AMI_Meter,27,0.1414,0.451,0.1503,29.19,4.85,85.86,123.0,27,0,0.0
2024-01-01 00:07:12,432,Suspicious,PMU_Sensor,42,0.2441,0.9198,0.3066,49.42,8.07,75.59,108.0,42,0,0.0
2024-01-01 00:07:12,432,Suspicious,DER_Controller,53,0.2781,1.3955,0.3489,39.32,9.8,72.19,97.0,53,0,0.0
2024-01-01 00:07:12,432,Suspicious,EV_Charger_1,193,0.9323,3.1232,1.0,58.81,42.97,6.77,0.0,6,186,0.9649
2024-01-01 00:07:12,432,Suspicious,EV_Charger_2,35,0.2481,0.9708,0.3236,29.72,5.44,75.19,115.0,35,0,0.0
2024-01-01 00:07:13,433,Suspicious,AMI_Meter,36,0.2388,1.3982,0.4661,29.21,4.86,76.12,114.0,36,0,0.0
2024-01-01 00:07:13,433,Suspicious,PMU_Sensor,72,0.4478,2.7696,0.9232,49.47,8.13,55.22,78.0,72,0,0.0
2024-01-01 00:07:13,433,Suspicious,DER_Controller,22,0.3185,1.7582,0.4395,39.28,9.83,68.15,128.0,22,0,0.0
2024-01-01 00:07:13,433,Suspicious,EV_Charger_1,157,0.8795,2.269,0.7563,59.04,43.17,12.05,0.0,12,144,0.9233
2024-01-01 00:07:13,433,Suspicious,EV_Charger_2,28,0.2053,0.316,0.1053,29.72,5.43,79.47,122.0,28,0,0.0
2024-01-01 00:07:14,434,Suspicious,AMI_Meter,25,0.2535,0.8635,0.2878,29.2,4.86,74.65,125.0,25,0,0.0
2024-01-01 00:07:14,434,Suspicious,PMU_Sensor,41,0.4174,1.0395,0.3465,49.46,8.13,58.26,95.26,41,0,0.0
2024-01-01 00:07:14,434,Suspicious,DER_Controller,37,0.2533,0.2316,0.0579,39.27,9.82,74.67,113.0,37,0,0.0
2024-01-01 00:07:14,434,Suspicious,EV_Charger_1,145,0.8136,1.9798,0.6599,59.23,43.32,18.64,0.0,18,126,0.8715
2024-01-01 00:07:14,434,Suspicious,EV_Charger_2,34,0.2224,0.787,0.2623,29.73,5.43,77.76,116.0,34,0,0.0
2024-01-01 00:07:15,435,Suspicious,AMI_Meter,30,0.194,0.1654,0.0551,29.2,4.85,80.6,120.0,30,0,0.0
2024-01-01 00:07:15,435,Suspicious,PMU_Sensor,53,0.3357,0.4352,0.1451,49.46,8.13,66.43,97.0,53,0,0.0
2024-01-01 00:07:15,435,Suspicious,DER_Controller,45,0.2264,0.5824,0.1456,39.29,9.81,77.36,105.0,45,0,0.0
2024-01-01 00:07:15,435,Suspicious,EV_Charger_1,195,0.8695,3.0956,1.0,59.55,43.76,13.05,0.0,13,181,0.9331
2024-01-01 00:07:15,435,Suspicious,EV_Charger_2,29,0.169,0.1336,0.0445,29.72,5.42,83.1,121.0,29,0,0.0
2024-01-01 00:07:16,436,Suspicious,AMI_Meter,40,0.3569,2.2109,0.737,29.22,4.87,64.31,110.0,40,0,0.0
2024-01-01 00:07:16,436,Suspicious,PMU_Sensor,51,0.2539,0.1889,0.063,49.47,8.12,74.61,99.0,51,0,0.0
2024-01-01 00:07:16,436,Suspicious,DER_Controller,21,0.2857,1.8547,0.4637,39.24,9.84,71.43,129.0,21,0,0.0
2024-01-01 00:07:16,436,Suspicious,EV_Charger_1,152,0.8187,2.0998,0.6999,59.76,43.93,18.13,0.0,18,133,0.8807
2024-01-01 00:07:16,436,Suspicious,EV_Charger_2,21,0.2785,1.6019,0.534,29.7,5.43,72.15,129.0,21,0,0.0
2024-01-01 00:07:17,437,Suspicious,AMI_Meter,30,0.2658,0.1594,0.0531,29.22,4.87,73.42,120.0,30,0,0.0
2024-01-01 00:07:17,437,Suspicious,PMU_Sensor,49,0.1835,0.0574,0.0191,49.47,8.11,81.65,101.0,49,0,0.0
2024-01-01 00:07:17,437,Suspicious,DER_Controller,35,0.2412,0.4309,0.1077,39.24,9.83,75.88,115.0,35,0,0.0
2024-01-01 00:07:17,437,Suspicious,EV_Charger_1,237,0.8731,3.9571,1.0,60.16,44.69,12.69,0.0,12,224,0.9464
2024-01-01 00:07:17,437,Suspicious,EV_Charger_2,35,0.2922,0.9723,0.3241,29.72,5.43,70.78,115.0,35,0,0.0
2024-01-01 00:07:18,438,Suspicious,AMI_Meter,33,0.2634,0.7741,0.258,29.23,4.87,73.66,117.0,33,0,0.0
2024-01-01 00:07:18,438,Suspicious,PMU_Sensor,42,0.2203,0.9188,0.3063,49.45,8.11,77.97,108.0,42,0,0.0
2024-01-01 00:07:18,438,Suspicious,DER_Controller,30,0.2395,0.9377,0.2344,39.21,9.83,76.05,120.0,30,0,0.0
2024-01-01 00:07:18,438,Suspicious,EV_Charger_1,183,0.8834,2.7222,0.9074,60.44,45.02,11.66,0.0,11,171,0.9363
2024-01-01 00:07:18,438,Suspicious,EV_Charger_2,33,0.2649,0.6033,0.2011,29.72,5.43,73.51,117.0,33,0,0.0
2024-01-01 00:07:19,439,Suspicious,AMI_Meter,20,0.3731,1.887,0.629,29.21,4.88,62.69,130.0,20,0,0.0
2024-01-01 00:07:19,439,Suspicious,PMU_Sensor,48,0.1721,0.1785,0.0595,49.45,8.1,82.79,102.0,48,0,0.0
2024-01-01 00:07:19,439,Suspicious,DER_Controller,40,0.1846,0.0799,0.02,39.22,9.82,81.54,110.0,40,0,0.0
2024-01-01 00:07:19,439,Suspicious,EV_Charger_1,177,0.875,2.5665,0.8555,60.71,45.31,12.5,0.0,12,164,0.9294
2024-01-01 00:07:19,439,Suspicious,EV_Charger_2,27,0.2355,0.501,0.167,29.72,5.43,76.45,123.0,27,0,0.0
2024-01-01 00:07:20,440,Suspicious,AMI_Meter,27,0.3064,0.4524,0.1508,29.21,4.88,69.36,123.0,27,0,0.0
2024-01-01 00:07:20,440,Suspicious,PMU_Sensor,48,0.1383,0.1783,0.0594,49.44,8.09,86.17,102.0,48,0,0.0
2024-01-01 00:07:20,440,Suspicious,DER_Controller,40,0.1435,0.0798,0.0199,39.22,9.8,85.65,110.0,40,0,0.0
2024-01-01 00:07:20,440,Suspicious,EV_Charger_1,201,0.9125,3.0595,1.0,61.02,45.75,8.75,0.0,8,192,0.9565
2024-01-01 00:07:20,440,Suspicious,EV_Charger_2,38,0.3169,1.5208,0.5069,29.74,5.43,68.31,112.0,38,0,0.0
2024-01-01 00:07:21,441,Suspicious,AMI_Meter,28,0.2392,0.247,0.0823,29.2,4.87,76.08,122.0,28,0,0.0
2024-01-01 00:07:21,441,Suspicious,PMU_Sensor,46,0.1393,0.425,0.1417,49.43,8.08,86.07,104.0,46,0,0.0
2024-01-01 00:07:21,441,Suspicious,DER_Controller,44,0.138,0.4871,0.1218,39.23,9.8,86.2,106.0,44,0,0.0
2024-01-01 00:07:21,441,Suspicious,EV_Charger_1,202,0.9388,3.0453,1.0,61.34,46.19,6.12,0.0,6,195,0.9697
2024-01-01 00:07:21,441,Suspicious,EV_Charger_2,29,0.2354,0.1355,0.0452,29.74,5.43,76.46,121.0,29,0,0.0
2024-01-01 00:07:22,442,Suspicious,AMI_Meter,33,0.2452,0.7778,0.2593,29.21,4.87,75.48,117.0,33,0,0.0
2024-01-01 00:07:22,442,Suspicious,PMU_Sensor,57,0.1909,0.9342,0.3114,49.45,8.08,80.91,93.0,57,0,0.0
2024-01-01 00:07:22,442,Suspicious,DER_Controller,52,0.1848,1.2998,0.3249,39.26,9.8,81.52,98.0,52,0,0.0
2024-01-01 00:07:22,442,Suspicious,EV_Charger_1,236,0.9571,3.7175,1.0,61.74,46.88,4.29,0.0,4,231,0.9818
2024-01-01 00:07:22,442,Suspicious,EV_Charger_2,26,0.2335,0.6871,0.229,29.73,5.42,76.65,124.0,26,0,0.0
2024-01-01 00:07:23,443,Suspicious,AMI_Meter,30,0.1878,0.1616,0.0539,29.21,4.86,81.22,120.0,30,0,0.0
2024-01-01 00:07:23,443,Suspicious,PMU_Sensor,50,0.1404,0.0678,0.0226,49.45,8.07,85.96,100.0,50,0,0.0
2024-01-01 00:07:23,443,Suspicious,DER_Controller,39,0.1402,0.0262,0.0066,39.26,9.79,85.98,111.0,39,0,0.0
2024-01-01 00:07:23,443,Suspicious,EV_Charger_1,168,0.8951,2.2513,0.7504,61.98,47.09,10.49,0.0,10,157,0.9376
2024-01-01 00:07:23,443,Suspicious,EV_Charger_2,23,0.2871,1.2366,0.4122,29.71,5.43,71.29,127.0,23,0,0.0
2024-01-01 00:07:24,444,Suspicious,AMI_Meter,30,0.1476,0.1614,0.0538,29.22,4.86,85.24,120.0,30,0,0.0
2024-01-01 00:07:24,444,Suspicious,PMU_Sensor,43,0.1781,0.798,0.266,49.44,8.07,82.19,107.0,43,0,0.0
2024-01-01 00:07:24,444,Suspicious,DER_Controller,40,0.1099,0.0758,0.019,39.26,9.78,89.01,110.0,40,0,0.0
2024-01-01 00:07:24,444,Suspicious,EV_Charger_1,165,0.8439,2.1734,0.7245,62.21,47.29,15.61,0.0,15,149,0.9054
2024-01-01 00:07:24,444,Suspicious,EV_Charger_2,25,0.2876,0.8664,0.2888,29.7,5.43,71.24,125.0,25,0,0.0
2024-01-01 00:07:25,445,Suspicious,AMI_Meter,31,0.14,0.3667,0.1222,29.22,4.85,86.0,119.0,31,0,0.0
2024-01-01 00:07:25,445,Suspicious,PMU_Sensor,51,0.144,0.1934,0.0645,49.44,8.06,85.6,99.0,51,0,0.0
2024-01-01 00:07:25,445,Suspicious,DER_Controller,45,0.1191,0.5861,0.1465,39.27,9.77,88.09,105.0,45,0,0.0
2024-01-01 00:07:25,445,Suspicious,EV_Charger_1,251,0.8907,3.9178,1.0,62.63,48.08,10.93,0.0,10,240,0.9565
2024-01-01 00:07:25,445,Suspicious,EV_Charger_2,33,0.262,0.6071,0.2024,29.71,5.42,73.8,117.0,33,0,0.0
2024-01-01 00:07:26,446,Suspicious,AMI_Meter,32,0.1552,0.5719,0.1906,29.23,4.85,84.48,118.0,32,0,0.0
2024-01-01 00:07:26,446,Suspicious,PMU_Sensor,41,0.2053,1.045,0.3483,49.42,8.06,79.47,109.0,41,0,0.0
2024-01-01 00:07:26,446,Suspicious,DER_Controller,27,0.1675,1.2518,0.313,39.24,9.78,83.25,123.0,27,0,0.0
2024-01-01 00:07:26,446,Suspicious,EV_Charger_1,235,0.9235,3.5305,1.0,63.02,48.71,7.65,0.0,7,227,0.9675
2024-01-01 00:07:26,446,Suspicious,EV_Charger_2,26,0.2517,0.6829,0.2276,29.7,5.42,74.83,124.0,26,0,0.0
2024-01-01 00:07:27,447,Suspicious,AMI_Meter,24,0.2161,1.0748,0.3583,29.21,4.85,78.39,126.0,24,0,0.0
2024-01-01 00:07:27,447,Suspicious,PMU_Sensor,49,0.149,0.0524,0.0175,49.42,8.05,85.1,101.0,49,0,0.0
2024-01-01 00:07:27,447,Suspicious,DER_Controller,39,0.1272,0.0249,0.0062,39.24,9.77,87.28,111.0,39,0,0.0
2024-01-01 00:07:27,447,Suspicious,EV_Charger_1,164,0.8525,2.0608,0.6869,63.24,48.89,14.75,0.0,14,149,0.9101
2024-01-01 00:07:27,447,Suspicious,EV_Charger_2,30,0.1817,0.0553,0.0184,29.7,5.41,81.83,120.0,30,0,0.0
2024-01-01 00:07:28,448,Suspicious,AMI_Meter,36,0.2907,1.3941,0.4647,29.23,4.86,70.93,114.0,36,0,0.0
2024-01-01 00:07:28,448,Suspicious,PMU_Sensor,43,0.1839,0.7962,0.2654,49.41,8.05,81.61,107.0,43,0,0.0
2024-01-01 00:07:28,448,Suspicious,DER_Controller,26,0.1799,1.3512,0.3378,39.21,9.78,82.01,124.0,26,0,0.0
2024-01-01 00:07:28,448,Suspicious,EV_Charger_1,218,0.8968,3.127,1.0,63.59,49.38,10.32,0.0,10,207,0.9527
2024-01-01 00:07:28,448,Suspicious,EV_Charger_2,34,0.2065,0.7928,0.2643,29.71,5.41,79.35,116.0,34,0,0.0
2024-01-01 00:07:29,449,Suspicious,AMI_Meter,26,0.2699,0.6639,0.2213,29.22,4.85,73.01,124.0,26,0,0.0
2024-01-01 00:07:29,449,Suspicious,PMU_Sensor,37,0.2823,1.536,0.512,49.38,8.06,71.77,113.0,37,0,0.0
2024-01-01 00:07:29,449,Suspicious,DER_Controller,32,0.1809,0.7364,0.1841,39.2,9.77,81.91,118.0,32,0,0.0
2024-01-01 00:07:29,449,Suspicious,EV_Charger_1,190,0.8816,2.5387,0.8462,63.87,49.68,11.84,0.0,11,178,0.9377
2024-01-01 00:07:29,449,Suspicious,EV_Charger_2,38,0.2972,1.5264,0.5088,29.73,5.42,70.28,112.0,38,0,0.0
2024-01-01 00:07:30,450,Suspicious,AMI_Meter,24,0.2962,1.0734,0.3578,29.21,4.85,70.38,126.0,24,0,0.0
2024-01-01 00:07:30,450,Suspicious,PMU_Sensor,49,0.2023,0.0471,0.0157,49.38,8.05,79.77,101.0,49,0,0.0
2024-01-01 00:07:30,450,Suspicious,DER_Controller,46,0.1791,0.6948,0.1737,39.21,9.77,82.09,104.0,46,0,0.0
2024-01-01 00:07:30,450,Suspicious,EV_Charger_1,123,0.7358,1.187,0.3957,64.0,49.71,26.42,0.0,26,96,0.7852
2024-01-01 00:07:30,450,Suspicious,EV_Charger_2,38,0.3601,1.5208,0.5069,29.75,5.43,63.99,112.0,38,0,0.0
2024-01-01 00:07:31,451,Suspicious,AMI_Meter,24,0.3144,1.0708,0.3569,29.2,4.86,68.56,126.0,24,0,0.0
2024-01-01 00:07:31,451,Suspicious,PMU_Sensor,52,0.1741,0.3251,0.1084,49.38,8.04,82.59,98.0,52,0,0.0
2024-01-01 00:07:31,451,Suspicious,DER_Controller,42,0.1521,0.285,0.0712,39.22,9.76,84.79,108.0,42,0,0.0
2024-01-01 00:07:31,451,Suspicious,EV_Charger_1,226,0.8151,3.2179,1.0,64.36,50.23,18.49,0.0,18,207,0.9182
2024-01-01 00:07:31,451,Suspicious,EV_Charger_2,35,0.3487,0.9659,0.322,29.76,5.43,65.13,115.0,35,0,0.0
2024-01-01 00:07:32,452,Suspicious,AMI_Meter,18,0.4492,2.2906,0.7635,29.17,4.88,55.08,132.0,18,0,0.0
2024-01-01 00:07:32,452,Suspicious,PMU_Sensor,43,0.2011,0.7924,0.2641,49.37,8.04,79.89,107.0,43,0,0.0
2024-01-01 00:07:32,452,Suspicious,DER_Controller,41,0.1255,0.1823,0.0456,39.22,9.75,87.45,109.0,41,0,0.0
2024-01-01 00:07:32,452,Suspicious,EV_Charger_1,189,0.8167,2.4618,0.8206,64.63,50.52,18.33,0.0,18,170,0.903
2024-01-01 00:07:32,452,Suspicious,EV_Charger_2,34,0.3221,0.7802,0.2601,29.77,5.42,67.79,116.0,34,0,0.0
2024-01-01 00:07:33,453,Suspicious,AMI_Meter,33,0.3927,0.7828,0.2609,29.18,4.88,60.73,117.0,33,0,0.0
2024-01-01 00:07:33,453,Suspicious,PMU_Sensor,54,0.1983,0.5749,0.1916,49.38,8.03,80.17,96.0,54,0,0.0
2024-01-01 00:07:33,453,Suspicious,DER_Controller,37,0.1084,0.2278,0.0569,39.22,9.74,89.16,113.0,37,0,0.0
2024-01-01 00:07:33,453,Suspicious,EV_Charger_1,141,0.7223,1.5062,0.5021,64.8,50.59,27.77,0.0,27,113,0.8031
2024-01-01 00:07:33,453,Suspicious,EV_Charger_2,29,0.2396,0.1415,0.0472,29.77,5.42,76.04,121.0,29,0,0.0
2024-01-01 00:07:34,454,Suspicious,AMI_Meter,32,0.3326,0.5769,0.1923,29.19,4.87,66.74,118.0,32,0,0.0
2024-01-01 00:07:34,454,Suspicious,PMU_Sensor,41,0.2429,1.0408,0.3469,49.36,8.03,75.71,109.0,41,0,0.0
2024-01-01 00:07:34,454,Suspicious,DER_Controller,46,0.1247,0.6953,0.1738,39.23,9.73,87.53,104.0,46,0,0.0
2024-01-01 00:07:34,454,Suspicious,EV_Charger_1,224,0.8056,3.1097,1.0,65.15,51.08,19.44,0.0,19,204,0.9132
2024-01-01 00:07:34,454,Suspicious,EV_Charger_2,32,0.2089,0.4117,0.1372,29.77,5.41,79.11,118.0,32,0,0.0
2024-01-01 00:07:35,455,Suspicious,AMI_Meter,14,0.5328,3.081,1.0,29.16,4.92,46.72,136.0,14,0,0.0
2024-01-01 00:07:35,455,Suspicious,PMU_Sensor,39,0.2986,1.286,0.4287,49.34,8.04,70.14,111.0,39,0,0.0
2024-01-01 00:07:35,455,Suspicious,DER_Controller,58,0.2134,1.9184,0.4796,39.27,9.76,78.66,92.0,58,0,0.0
2024-01-01 00:07:35,455,Suspicious,EV_Charger_1,181,0.7892,2.2527,0.7509,65.41,51.31,21.08,0.0,21,159,0.8835
2024-01-01 00:07:35,455,Suspicious,EV_Charger_2,20,0.3259,1.7968,0.5989,29.75,5.43,67.41,130.0,20,0,0.0
2024-01-01 00:07:36,456,Suspicious,AMI_Meter,36,0.5117,1.3869,0.4623,29.17,4.92,48.83,114.0,36,0,0.0
2024-01-01 00:07:36,456,Suspicious,PMU_Sensor,50,0.2172,0.082,0.0273,49.34,8.03,78.28,100.0,50,0,0.0
2024-01-01 00:07:36,456,Suspicious,DER_Controller,51,0.235,1.1981,0.2995,39.3,9.77,76.5,99.0,51,0,0.0
2024-01-01 00:07:36,456,Suspicious,EV_Charger_1,207,0.8258,2.7337,0.9112,65.72,51.68,17.42,0.0,17,189,0.9159
2024-01-01 00:07:36,456,Suspicious,EV_Charger_2,34,0.3063,0.7818,0.2606,29.76,5.42,69.37,116.0,34,0,0.0
2024-01-01 00:07:37,457,Suspicious,AMI_Meter,31,0.3953,0.371,0.1237,29.17,4.92,60.47,119.0,31,0,0.0
2024-01-01 00:07:37,457,Suspicious,PMU_Sensor,55,0.2224,0.7034,0.2345,49.35,8.03,77.76,95.0,55,0,0.0
2024-01-01 00:07:37,457,Suspicious,DER_Controller,62,0.3205,2.3083,0.5771,39.35,9.81,67.95,88.0,62,0,0.0
2024-01-01 00:07:37,457,Suspicious,EV_Charger_1,229,0.8781,3.122,1.0,66.07,52.19,12.19,0.0,12,216,0.9468
2024-01-01 00:07:37,457,Suspicious,EV_Charger_2,22,0.357,1.4258,0.4753,29.74,5.43,64.3,128.0,22,0,0.0
2024-01-01 00:07:38,458,Suspicious,AMI_Meter,32,0.334,0.5735,0.1912,29.18,4.92,66.6,118.0,32,0,0.0
2024-01-01 00:07:38,458,Suspicious,PMU_Sensor,59,0.2755,1.1985,0.3995,49.37,8.03,72.45,91.0,59,0,0.0
2024-01-01 00:07:38,458,Suspicious,DER_Controller,52,0.3207,1.2855,0.3214,39.38,9.82,67.93,98.0,52,0,0.0
2024-01-01 00:07:38,458,Suspicious,EV_Charger_1,187,0.8448,2.3012,0.7671,66.34,52.43,15.52,0.0,15,171,0.917
2024-01-01 00:07:38,458,Suspicious,EV_Charger_2,38,0.4014,1.5152,0.5051,29.76,5.44,59.86,112.0,38,0,0.0
2024-01-01 00:07:39,459,Suspicious,AMI_Meter,34,0.3316,0.9782,0.3261,29.19,4.92,66.84,116.0,34,0,0.0
2024-01-01 00:07:39,459,Suspicious,PMU_Sensor,70,0.4476,2.5472,0.8491,49.42,8.08,55.24,76.24,70,0,0.0
2024-01-01 00:07:39,459,Suspicious,DER_Controller,32,0.2874,0.75,0.1875,39.36,9.82,71.26,118.0,32,0,0.0
2024-01-01 00:07:39,459,Suspicious,EV_Charger_1,186,0.818,2.2669,0.7556,66.6,52.67,18.2,0.0,18,167,0.9022
2024-01-01 00:07:39,459,Suspicious,EV_Charger_2,30,0.2854,0.044,0.0147,29.76,5.43,71.46,120.0,30,0,0.0
2024-01-01 00:07:40,460,Suspicious,AMI_Meter,27,0.2767,0.4452,0.1484,29.19,4.91,72.33,123.0,27,0,0.0
2024-01-01 00:07:40,460,Suspicious,PMU_Sensor,42,0.405,0.9165,0.3055,49.4,8.08,59.5,93.74,42,0,0.0
2024-01-01 00:07:40,460,Suspicious,DER_Controller,12,0.3881,2.7614,0.6903,39.3,9.89,61.19,138.0,12,0,0.0
2024-01-01 00:07:40,460,Suspicious,EV_Charger_1,189,0.8034,2.3078,0.7693,66.86,52.92,19.66,0.0,19,169,0.896
2024-01-01 00:07:40,460,Suspicious,EV_Charger_2,34,0.2777,0.779,0.2597,29.77,5.43,72.23,116.0,34,0,0.0
2024-01-01 00:07:41,461,Suspicious,AMI_Meter,27,0.2381,0.4446,0.1482,29.18,4.91,76.19,123.0,27,0,0.0
2024-01-01 00:07:41,461,Suspicious,PMU_Sensor,65,0.4756,1.9208,0.6403,49.44,8.1,52.44,81.19,65,0,0.0
2024-01-01 00:07:41,461,Suspicious,DER_Controller,40,0.2955,0.0706,0.0176,39.3,9.88,70.45,110.0,40,0,0.0
2024-01-01 00:07:41,461,Suspicious,EV_Charger_1,243,0.8624,3.2853,1.0,67.24,53.5,13.76,0.0,13,229,0.9434
2024-01-01 00:07:41,461,Suspicious,EV_Charger_2,33,0.2538,0.594,0.198,29.78,5.43,74.62,117.0,33,0,0.0
2024-01-01 00:07:42,462,Suspicious,AMI_Meter,34,0.2647,0.9798,0.3266,29.19,4.91,73.53,116.0,34,0,0.0
2024-01-01 00:07:42,462,Suspicious,PMU_Sensor,52,0.3645,0.3159,0.1053,49.44,8.09,63.55,92.74,52,0,0.0
2024-01-01 00:07:42,462,Suspicious,DER_Controller,53,0.308,1.3825,0.3456,39.33,9.89,69.2,97.0,53,0,0.0
2024-01-01 00:07:42,462,Suspicious,EV_Charger_1,206,0.8609,2.5722,0.8574,67.54,53.83,13.91,0.0,13,192,0.9325
2024-01-01 00:07:42,462,Suspicious,EV_Charger_2,34,0.2553,0.7769,0.259,29.79,5.42,74.47,116.0,34,0,0.0
2024-01-01 00:07:43,463,Suspicious,AMI_Meter,31,0.2221,0.368,0.1227,29.2,4.9,77.79,119.0,31,0,0.0
2024-01-01 00:07:43,463,Suspicious,PMU_Sensor,47,0.2853,0.3014,0.1005,49.44,8.09,71.47,103.0,47,0,0.0
2024-01-01 00:07:43,463,Suspicious,DER_Controller,44,0.2605,0.4715,0.1179,39.34,9.88,73.95,106.0,44,0,0.0
2024-01-01 00:07:43,463,Suspicious,EV_Charger_1,274,0.9026,3.7719,1.0,67.99,54.62,9.74,0.0,9,264,0.9645
2024-01-01 00:07:43,463,Suspicious,EV_Charger_2,30,0.1827,0.0394,0.0131,29.79,5.42,81.73,120.0,30,0,0.0
2024-01-01 00:07:44,464,Suspicious,AMI_Meter,32,0.2126,0.5711,0.1904,29.2,4.9,78.74,118.0,32,0,0.0
2024-01-01 00:07:44,464,Suspicious,PMU_Sensor,60,0.3299,1.3024,0.4341,49.46,8.09,67.01,90.0,60,0,0.0
2024-01-01 00:07:44,464,Suspicious,DER_Controller,51,0.2689,1.1771,0.2943,39.37,9.88,73.11,99.0,51,0,0.0
2024-01-01 00:07:44,464,Suspicious,EV_Charger_1,206,0.8825,2.507,0.8357,68.28,54.93,11.75,0.0,11,194,0.943
2024-01-01 00:07:44,464,Suspicious,EV_Charger_2,17,0.3622,2.3436,0.7812,29.76,5.44,63.78,133.0,17,0,0.0
2024-01-01 00:07:45,465,Suspicious,AMI_Meter,32,0.2058,0.5703,0.1901,29.21,4.9,79.42,118.0,32,0,0.0
2024-01-01 00:07:45,465,Suspicious,PMU_Sensor,32,0.4454,2.1446,0.7149,49.42,8.12,55.46,113.46,32,0,0.0
2024-01-01 00:07:45,465,Suspicious,DER_Controller,54,0.2939,1.4757,0.3689,39.4,9.89,70.61,96.0,54,0,0.0
2024-01-01 00:07:45,465,Suspicious,EV_Charger_1,212,0.8772,2.5944,0.8648,68.59,55.28,12.28,0.0,12,199,0.9421
2024-01-01 00:07:45,465,Suspicious,EV_Charger_2,37,0.3862,1.3261,0.442,29.77,5.45,61.38,113.0,37,0,0.0
2024-01-01 00:07:46,466,Suspicious,AMI_Meter,25,0.2299,0.858,0.286,29.2,4.89,77.01,125.0,25,0,0.0
2024-01-01 00:07:46,466,Suspicious,PMU_Sensor,37,0.4642,1.5237,0.5079,49.4,8.14,53.58,113.0,37,0,0.0
2024-01-01 00:07:46,466,Suspicious,DER_Controller,42,0.2369,0.2626,0.0656,39.4,9.88,76.31,108.0,42,0,0.0
2024-01-01 00:07:46,466,Suspicious,EV_Charger_1,207,0.8625,2.4846,0.8282,68.89,55.59,13.75,0.0,13,193,0.9336
2024-01-01 00:07:46,466,Suspicious,EV_Charger_2,29,0.2845,0.142,0.0473,29.77,5.44,71.55,121.0,29,0,0.0
2024-01-01 00:07:47,467,Suspicious,AMI_Meter,30,0.1773,0.1635,0.0545,29.2,4.89,82.27,120.0,30,0,0.0
2024-01-01 00:07:47,467,Suspicious,PMU_Sensor,72,0.6002,2.7528,0.9176,49.44,8.19,39.98,78.0,72,0,0.0
2024-01-01 00:07:47,467,Suspicious,DER_Controller,48,0.2319,0.8679,0.217,39.42,9.88,76.81,102.0,48,0,0.0
2024-01-01 00:07:47,467,Suspicious,EV_Charger_1,242,0.9038,3.0791,1.0,69.26,56.1,9.62,0.0,9,232,0.9602
2024-01-01 00:07:47,467,Suspicious,EV_Charger_2,37,0.3315,1.3238,0.4413,29.79,5.45,66.85,113.0,37,0,0.0
2024-01-01 00:07:48,468,Suspicious,AMI_Meter,37,0.283,1.5893,0.5298,29.22,4.9,71.7,113.0,37,0,0.0
2024-01-01 00:07:48,468,Suspicious,PMU_Sensor,48,0.4377,0.1761,0.0587,49.44,8.19,56.23,86.23,48,0,0.0
2024-01-01 00:07:48,468,Suspicious,DER_Controller,19,0.3024,2.0551,0.5138,39.38,9.92,69.76,131.0,19,0,0.0
2024-01-01 00:07:48,468,Suspicious,EV_Charger_1,204,0.8711,2.3846,0.7949,69.55,56.39,12.89,0.0,12,191,0.9368
2024-01-01 00:07:48,468,Suspicious,EV_Charger_2,36,0.3458,1.1375,0.3792,29.8,5.45,65.42,114.0,36,0,0.0
2024-01-01 00:07:49,469,Suspicious,AMI_Meter,25,0.2841,0.8597,0.2866,29.21,4.9,71.59,125.0,25,0,0.0
2024-01-01 00:07:49,469,Suspicious,PMU_Sensor,48,0.324,0.1759,0.0586,49.44,8.18,67.6,102.0,48,0,0.0
2024-01-01 00:07:49,469,Suspicious,DER_Controller,33,0.2669,0.6424,0.1606,39.37,9.91,73.31,117.0,33,0,0.0
2024-01-01 00:07:49,469,Suspicious,EV_Charger_1,258,0.9098,3.2997,1.0,69.95,56.99,9.02,0.0,9,248,0.965
2024-01-01 00:07:49,469,Suspicious,EV_Charger_2,36,0.3556,1.1347,0.3782,29.81,5.45,64.44,114.0,36,0,0.0
2024-01-01 00:07:50,470,Suspicious,AMI_Meter,33,0.2762,0.7732,0.2577,29.22,4.89,72.38,117.0,33,0,0.0
2024-01-01 00:07:50,470,Suspicious,PMU_Sensor,54,0.2825,0.5571,0.1857,49.45,8.17,71.75,96.0,54,0,0.0
2024-01-01 00:07:50,470,Suspicious,DER_Controller,39,0.2025,0.0369,0.0092,39.37,9.9,79.75,111.0,39,0,0.0
2024-01-01 00:07:50,470,Suspicious,EV_Charger_1,218,0.8945,2.5766,0.8589,70.26,57.34,10.55,0.0,10,207,0.9516
2024-01-01 00:07:50,470,Suspicious,EV_Charger_2,24,0.3553,1.0644,0.3548,29.8,5.45,64.47,126.0,24,0,0.0
2024-01-01 00:07:51,471,Suspicious,AMI_Meter,19,0.4009,2.0761,0.692,29.19,4.91,59.91,131.0,19,0,0.0
2024-01-01 00:07:51,471,Suspicious,PMU_Sensor,51,0.2167,0.1897,0.0632,49.45,8.16,78.33,99.0,51,0,0.0
2024-01-01 00:07:51,471,Suspicious,DER_Controller,43,0.1748,0.3667,0.0917,39.37,9.89,82.52,107.0,43,0,0.0
2024-01-01 00:07:51,471,Suspicious,EV_Charger_1,251,0.9261,3.1161,1.0,70.64,57.88,7.39,0.0,7,243,0.9706
2024-01-01 00:07:51,471,Suspicious,EV_Charger_2,41,0.453,2.0427,0.6809,29.83,5.47,54.7,109.0,41,0,0.0
2024-01-01 00:07:52,472,Suspicious,AMI_Meter,37,0.439,1.5835,0.5278,29.21,4.92,56.1,113.0,37,0,0.0
2024-01-01 00:07:52,472,Suspicious,PMU_Sensor,42,0.2428,0.9111,0.3037,49.44,8.16,75.72,108.0,42,0,0.0
2024-01-01 00:07:52,472,Suspicious,DER_Controller,36,0.1524,0.3406,0.0852,39.37,9.88,84.76,114.0,36,0,0.0
2024-01-01 00:07:52,472,Suspicious,EV_Charger_1,229,0.9195,2.7117,0.9039,70.98,58.27,8.05,0.0,8,220,0.9648
2024-01-01 00:07:52,472,Suspicious,EV_Charger_2,47,0.6171,3.104,1.0,29.86,5.52,38.29,100.29,47,0,0.0
2024-01-01 00:07:53,473,Suspicious,AMI_Meter,37,0.4651,1.5777,0.5259,29.23,4.93,53.49,113.0,37,0,0.0
2024-01-01 00:07:53,473,Suspicious,PMU_Sensor,58,0.2747,1.0471,0.349,49.45,8.16,72.53,92.0,58,0,0.0
2024-01-01 00:07:53,473,Suspicious,DER_Controller,36,0.1356,0.3402,0.0851,39.36,9.87,86.44,114.0,36,0,0.0
2024-01-01 00:07:53,473,Suspicious,EV_Charger_1,186,0.84,1.9637,0.6546,71.22,58.45,16.0,0.0,16,169,0.914
2024-01-01 00:07:53,473,Suspicious,EV_Charger_2,36,0.5429,1.109,0.3697,29.88,5.52,45.71,110.0,36,0,0.0
2024-01-01 00:07:54,474,Suspicious,AMI_Meter,24,0.4314,1.0588,0.3529,29.22,4.93,56.86,126.0,24,0,0.0
2024-01-01 00:07:54,474,Suspicious,PMU_Sensor,48,0.2101,0.1779,0.0593,49.45,8.15,78.99,102.0,48,0,0.0
2024-01-01 00:07:54,474,Suspicious,DER_Controller,38,0.1103,0.1375,0.0344,39.36,9.86,88.97,112.0,38,0,0.0
2024-01-01 00:07:54,474,Suspicious,EV_Charger_1,267,0.888,3.307,1.0,71.63,59.08,11.2,0.0,11,255,0.9581
2024-01-01 00:07:54,474,Suspicious,EV_Charger_2,29,0.3958,0.1584,0.0528,29.87,5.52,60.42,121.0,29,0,0.0
2024-01-01 00:07:55,475,Suspicious,AMI_Meter,17,0.5481,2.4611,0.8204,29.19,4.95,45.19,133.0,17,0,0.0
2024-01-01 00:07:55,475,Suspicious,PMU_Sensor,54,0.2028,0.5572,0.1857,49.46,8.15,79.72,96.0,54,0,0.0
2024-01-01 00:07:55,475,Suspicious,DER_Controller,33,0.1229,0.6435,0.1609,39.34,9.86,87.71,117.0,33,0,0.0
2024-01-01 00:07:55,475,Suspicious,EV_Charger_1,218,0.8675,2.4591,0.8197,71.94,59.39,13.25,0.0,13,204,0.9392
2024-01-01 00:07:55,475,Suspicious,EV_Charger_2,31,0.2975,0.2039,0.068,29.88,5.51,70.25,119.0,31,0,0.0
2024-01-01 00:07:56,476,Suspicious,AMI_Meter,28,0.4077,0.2402,0.0801,29.19,4.95,59.23,122.0,28,0,0.0
2024-01-01 00:07:56,476,Suspicious,PMU_Sensor,56,0.2221,0.8013,0.2671,49.47,8.14,77.79,94.0,56,0,0.0
2024-01-01 00:07:56,476,Suspicious,DER_Controller,24,0.1891,1.5511,0.3878,39.31,9.87,81.09,126.0,24,0,0.0
2024-01-01 00:07:56,476,Suspicious,EV_Charger_1,200,0.8216,2.1434,0.7145,72.21,59.62,17.84,0.0,17,182,0.9108
2024-01-01 00:07:56,476,Suspicious,EV_Charger_2,36,0.3191,1.1086,0.3695,29.89,5.51,68.09,114.0,36,0,0.0
2024-01-01 00:07:57,477,Suspicious,AMI_Meter,26,0.3497,0.6434,0.2145,29.18,4.95,65.03,124.0,26,0,0.0
2024-01-01 00:07:57,477,Suspicious,PMU_Sensor,37,0.3081,1.5262,0.5087,49.45,8.16,69.19,113.0,37,0,0.0
2024-01-01 00:07:57,477,Suspicious,DER_Controller,46,0.1841,0.6767,0.1692,39.32,9.86,81.59,104.0,46,0,0.0
2024-01-01 00:07:57,477,Suspicious,EV_Charger_1,255,0.8751,3.0329,1.0,72.59,60.14,12.49,0.0,12,242,0.951
2024-01-01 00:07:57,477,Suspicious,EV_Charger_2,31,0.2435,0.2013,0.0671,29.89,5.51,75.65,119.0,31,0,0.0
2024-01-01 00:07:58,478,Suspicious,AMI_Meter,20,0.4296,1.848,0.616,29.16,4.96,57.04,130.0,20,0,0.0
2024-01-01 00:07:58,478,Suspicious,PMU_Sensor,55,0.2836,0.6797,0.2266,49.46,8.15,71.64,95.0,55,0,0.0
2024-01-01 00:07:58,478,Suspicious,DER_Controller,23,0.2411,1.6484,0.4121,39.29,9.88,75.89,127.0,23,0,0.0
2024-01-01 00:07:58,478,Suspicious,EV_Charger_1,229,0.8706,2.5797,0.8599,72.92,60.5,12.94,0.0,12,216,0.9435
2024-01-01 00:07:58,478,Suspicious,EV_Charger_2,26,0.241,0.7055,0.2352,29.88,5.5,75.9,124.0,26,0,0.0
2024-01-01 00:07:59,479,Suspicious,AMI_Meter,24,0.4046,1.039,0.3463,29.15,4.96,59.54,126.0,24,0,0.0
2024-01-01 00:07:59,479,Suspicious,PMU_Sensor,46,0.2409,0.4239,0.1413,49.45,8.14,75.91,104.0,46,0,0.0
2024-01-01 00:07:59,479,Suspicious,DER_Controller,38,0.189,0.1304,0.0326,39.29,9.87,81.1,112.0,38,0,0.0
2024-01-01 00:07:59,479,Suspicious,EV_Charger_1,199,0.8166,2.0723,0.6908,73.18,60.71,18.34,0.0,18,180,0.9078
2024-01-01 00:07:59,479,Suspicious,EV_Charger_2,35,0.2615,0.9278,0.3093,29.89,5.5,73.85,115.0,35,0,0.0
2024-01-01 00:08:00,480,Suspicious,AMI_Meter,27,0.3266,0.4335,0.1445,29.15,4.95,67.34,123.0,27,0,0.0
2024-01-01 00:08:00,480,Suspicious,PMU_Sensor,57,0.2611,0.925,0.3083,49.47,8.14,73.89,93.0,57,0,0.0
2024-01-01 00:08:00,480,Suspicious,DER_Controller,42,0.1589,0.2744,0.0686,39.29,9.86,84.11,108.0,42,0,0.0
2024-01-01 00:08:00,480,Suspicious,EV_Charger_1,198,0.7761,2.0448,0.6816,73.44,60.92,22.39,0.0,22,175,0.8869
2024-01-01 00:08:00,480,Suspicious,EV_Charger_2,26,0.2537,0.7064,0.2355,29.89,5.5,74.63,124.0,26,0,0.0
2024-01-01 00:08:01,481,Suspicious,AMI_Meter,21,0.3924,1.6382,0.5461,29.13,4.96,60.76,129.0,21,0,0.0
2024-01-01 00:08:01,481,Suspicious,PMU_Sensor,52,0.2139,0.3106,0.1035,49.47,8.14,78.61,98.0,52,0,0.0
2024-01-01 00:08:01,481,Suspicious,DER_Controller,36,0.14,0.3335,0.0834,39.29,9.85,86.0,114.0,36,0,0.0
2024-01-01 00:08:01,481,Suspicious,EV_Charger_1,143,0.6572,1.1392,0.3797,73.59,60.94,34.28,0.0,34,108,0.7603
2024-01-01 00:08:01,481,Suspicious,EV_Charger_2,28,0.2118,0.3424,0.1141,29.88,5.5,78.82,122.0,28,0,0.0
2024-01-01 00:08:02,482,Suspicious,AMI_Meter,25,0.3578,0.8308,0.2769,29.12,4.96,64.22,125.0,25,0,0.0
2024-01-01 00:08:02,482,Suspicious,PMU_Sensor,62,0.3031,1.5344,0.5115,49.5,8.15,69.69,88.0,62,0,0.0
2024-01-01 00:08:02,482,Suspicious,DER_Controller,22,0.2142,1.7469,0.4367,39.25,9.88,78.58,128.0,22,0,0.0
2024-01-01 00:08:02,482,Suspicious,EV_Charger_1,175,0.6258,1.6578,0.5526,73.8,61.05,37.42,0.0,37,137,0.7862
2024-01-01 00:08:02,482,Suspicious,EV_Charger_2,38,0.2955,1.4724,0.4908,29.9,5.5,70.45,112.0,38,0,0.0
2024-01-01 00:08:03,483,Suspicious,AMI_Meter,36,0.3886,1.382,0.4607,29.14,4.97,61.14,114.0,36,0,0.0
2024-01-01 00:08:03,483,Suspicious,PMU_Sensor,44,0.2796,0.6739,0.2246,49.49,8.14,72.04,106.0,44,0,0.0
2024-01-01 00:08:03,483,Suspicious,DER_Controller,33,0.2001,0.632,0.158,39.24,9.87,79.99,117.0,33,0,0.0
2024-01-01 00:08:03,483,Suspicious,EV_Charger_1,244,0.7144,2.7631,0.921,74.15,61.47,28.56,0.0,28,215,0.8829
2024-01-01 00:08:03,483,Suspicious,EV_Charger_2,18,0.4218,2.1499,0.7166,29.87,5.52,57.82,132.0,18,0,0.0
2024-01-01 00:08:04,484,Suspicious,AMI_Meter,20,0.4552,1.8314,0.6105,29.12,4.98,54.48,130.0,20,0,0.0
2024-01-01 00:08:04,484,Suspicious,PMU_Sensor,47,0.2262,0.3052,0.1017,49.48,8.13,77.38,103.0,47,0,0.0
2024-01-01 00:08:04,484,Suspicious,DER_Controller,55,0.2496,1.5913,0.3978,39.27,9.88,75.04,95.0,55,0,0.0
2024-01-01 00:08:04,484,Suspicious,EV_Charger_1,210,0.7197,2.1967,0.7322,74.43,61.72,28.03,0.0,28,181,0.8665
2024-01-01 00:08:04,484,Suspicious,EV_Charger_2,32,0.3337,0.3845,0.1282,29.88,5.52,66.63,118.0,32,0,0.0
2024-01-01 00:08:05,485,Suspicious,AMI_Meter,35,0.4365,1.1787,0.3929,29.13,4.98,56.35,115.0,35,0,0.0
2024-01-01 00:08:05,485,Suspicious,PMU_Sensor,66,0.3603,2.0198,0.6733,49.52,8.16,63.97,84.0,66,0,0.0
2024-01-01 00:08:05,485,Suspicious,DER_Controller,34,0.2205,0.5325,0.1331,39.26,9.88,77.95,116.0,34,0,0.0
2024-01-01 00:08:05,485,Suspicious,EV_Charger_1,225,0.746,2.4224,0.8075,74.74,62.03,25.4,0.0,25,199,0.8871
2024-01-01 00:08:05,485,Suspicious,EV_Charger_2,42,0.452,2.1836,0.7279,29.9,5.54,54.8,108.0,42,0,0.0
2024-01-01 00:08:06,486,Suspicious,AMI_Meter,22,0.4483,1.427,0.4757,29.11,4.99,55.17,128.0,22,0,0.0
2024-01-01 00:08:06,486,Suspicious,PMU_Sensor,58,0.356,1.0373,0.3458,49.53,8.16,64.4,90.4,58,0,0.0
2024-01-01 00:08:06,486,Suspicious,DER_Controller,29,0.2301,1.0365,0.2591,39.24,9.88,76.99,121.0,29,0,0.0
2024-01-01 00:08:06,486,Suspicious,EV_Charger_1,230,0.7707,2.4844,0.8281,75.06,62.37,22.93,0.0,22,207,0.9003
2024-01-01 00:08:06,486,Suspicious,EV_Charger_2,30,0.3181,0.0174,0.0058,29.9,5.53,68.19,120.0,30,0,0.0
2024-01-01 00:08:07,487,Suspicious,AMI_Meter,25,0.3962,0.8239,0.2746,29.11,4.98,60.38,125.0,25,0,0.0
2024-01-01 00:08:07,487,Suspicious,PMU_Sensor,42,0.3413,0.9213,0.3071,49.52,8.16,65.87,108.0,42,0,0.0
2024-01-01 00:08:07,487,Suspicious,DER_Controller,42,0.19,0.2793,0.0698,39.24,9.87,81.0,108.0,42,0,0.0
2024-01-01 00:08:07,487,Suspicious,EV_Charger_1,261,0.8346,2.9516,0.9839,75.44,62.87,16.54,0.0,16,244,0.9366
2024-01-01 00:08:07,487,Suspicious,EV_Charger_2,31,0.2425,0.1979,0.066,29.91,5.53,75.75,119.0,31,0,0.0
2024-01-01 00:08:08,488,Suspicious,AMI_Meter,30,0.2952,0.1791,0.0597,29.11,4.98,70.48,120.0,30,0,0.0
2024-01-01 00:08:08,488,Suspicious,PMU_Sensor,54,0.2938,0.5485,0.1828,49.53,8.15,70.62,96.0,54,0,0.0
2024-01-01 00:08:08,488,Suspicious,DER_Controller,30,0.201,0.9349,0.2337,39.22,9.87,79.9,120.0,30,0,0.0
2024-01-01 00:08:08,488,Suspicious,EV_Charger_1,254,0.8657,2.8142,0.9381,75.8,63.32,13.43,0.0,13,240,0.9471
2024-01-01 00:08:08,488,Suspicious,EV_Charger_2,36,0.2797,1.0998,0.3666,29.92,5.53,72.03,114.0,36,0,0.0
2024-01-01 00:08:09,489,Suspicious,AMI_Meter,43,0.4832,2.7651,0.9217,29.14,5.01,51.68,107.0,43,0,0.0
2024-01-01 00:08:09,489,Suspicious,PMU_Sensor,46,0.2488,0.4321,0.144,49.52,8.15,75.12,104.0,46,0,0.0
2024-01-01 00:08:09,489,Suspicious,DER_Controller,35,0.1775,0.4277,0.1069,39.22,9.86,82.25,115.0,35,0,0.0
2024-01-01 00:08:09,489,Suspicious,EV_Charger_1,256,0.8879,2.8197,0.9399,76.17,63.78,11.21,0.0,11,244,0.9562
2024-01-01 00:08:09,489,Suspicious,EV_Charger_2,36,0.3055,1.0973,0.3658,29.93,5.53,69.45,114.0,36,0,0.0
2024-01-01 00:08:10,490,Suspicious,AMI_Meter,27,0.3808,0.4257,0.1419,29.13,5.01,61.92,123.0,27,0,0.0
2024-01-01 00:08:10,490,Suspicious,PMU_Sensor,46,0.2173,0.4316,0.1439,49.51,8.14,78.27,104.0,46,0,0.0
2024-01-01 00:08:10,490,Suspicious,DER_Controller,45,0.1697,0.5858,0.1465,39.23,9.85,83.03,105.0,45,0,0.0
2024-01-01 00:08:10,490,Suspicious,EV_Charger_1,202,0.8179,1.9632,0.6544,76.43,63.96,18.21,0.0,18,183,0.9098
2024-01-01 00:08:10,490,Suspicious,EV_Charger_2,29,0.2307,0.1681,0.056,29.93,5.53,76.93,121.0,29,0,0.0
2024-01-01 00:08:11,491,Suspicious,AMI_Meter,30,0.2839,0.173,0.0577,29.13,5.0,71.61,120.0,30,0,0.0
2024-01-01 00:08:11,491,Suspicious,PMU_Sensor,57,0.2439,0.9179,0.306,49.53,8.14,75.61,93.0,57,0,0.0
2024-01-01 00:08:11,491,Suspicious,DER_Controller,33,0.1667,0.6312,0.1578,39.22,9.85,83.33,117.0,33,0,0.0
2024-01-01 00:08:11,491,Suspicious,EV_Charger_1,168,0.7152,1.4272,0.4757,76.61,64.03,28.48,0.0,28,139,0.8305
2024-01-01 00:08:11,491,Suspicious,EV_Charger_2,20,0.3404,1.7892,0.5964,29.91,5.54,65.96,130.0,20,0,0.0
2024-01-01 00:08:12,492,Suspicious,AMI_Meter,23,0.321,1.2226,0.4075,29.12,5.01,67.9,127.0,23,0,0.0
2024-01-01 00:08:12,492,Suspicious,PMU_Sensor,39,0.2998,1.29,0.43,49.51,8.15,70.02,111.0,39,0,0.0
2024-01-01 00:08:12,492,Suspicious,DER_Controller,38,0.1328,0.1233,0.0308,39.21,9.84,86.72,112.0,38,0,0.0
2024-01-01 00:08:12,492,Suspicious,EV_Charger_1,191,0.6785,1.7788,0.5929,76.84,64.17,32.15,0.0,32,158,0.8317
2024-01-01 00:08:12,492,Suspicious,EV_Charger_2,27,0.2907,0.5245,0.1748,29.9,5.53,70.93,123.0,27,0,0.0
2024-01-01 00:08:13,493,Suspicious,AMI_Meter,26,0.2869,0.6226,0.2075,29.12,5.0,71.31,124.0,26,0,0.0
2024-01-01 00:08:13,493,Suspicious,PMU_Sensor,46,0.2528,0.4301,0.1434,49.5,8.14,74.72,104.0,46,0,0.0
2024-01-01 00:08:13,493,Suspicious,DER_Controller,53,0.1869,1.3974,0.3493,39.24,9.85,81.31,97.0,53,0,0.0
2024-01-01 00:08:13,493,Suspicious,EV_Charger_1,256,0.7517,2.7671,0.9224,77.21,64.61,24.83,0.0,24,231,0.903
2024-01-01 00:08:13,493,Suspicious,EV_Charger_2,32,0.2414,0.3786,0.1262,29.91,5.53,75.86,118.0,32,0,0.0
2024-01-01 00:08:14,494,Suspicious,AMI_Meter,27,0.2431,0.4222,0.1407,29.11,5.0,75.69,123.0,27,0,0.0
2024-01-01 00:08:14,494,Suspicious,PMU_Sensor,46,0.2199,0.4295,0.1432,49.49,8.13,78.01,104.0,46,0,0.0
2024-01-01 00:08:14,494,Suspicious,DER_Controller,43,0.164,0.3813,0.0953,39.25,9.84,83.6,107.0,43,0,0.0
2024-01-01 00:08:14,494,Suspicious,EV_Charger_1,254,0.7975,2.7129,0.9043,77.56,65.04,20.25,0.0,20,233,0.9203
2024-01-01 00:08:14,494,Suspicious,EV_Charger_2,26,0.2395,0.7055,0.2352,29.9,5.53,76.05,124.0,26,0,0.0
2024-01-01 00:08:15,495,Suspicious,AMI_Meter,30,0.1879,0.1776,0.0592,29.11,4.99,81.21,120.0,30,0,0.0
2024-01-01 00:08:15,495,Suspicious,PMU_Sensor,33,0.3557,2.0178,0.6726,49.46,8.16,64.43,117.0,33,0,0.0
2024-01-01 00:08:15,495,Suspicious,DER_Controller,42,0.1405,0.2794,0.0698,39.25,9.83,85.95,108.0,42,0,0.0
2024-01-01 00:08:15,495,Suspicious,EV_Charger_1,262,0.8393,2.8103,0.9368,77.94,65.5,16.07,0.0,16,245,0.9386
2024-01-01 00:08:15,495,Suspicious,EV_Charger_2,30,0.1695,0.0183,0.0061,29.9,5.52,83.05,120.0,30,0,0.0
2024-01-01 00:08:16,496,Suspicious,AMI_Meter,39,0.3285,1.9697,0.6566,29.13,5.01,67.15,111.0,39,0,0.0
2024-01-01 00:08:16,496,Suspicious,PMU_Sensor,42,0.3403,0.9128,0.3043,49.44,8.16,65.97,108.0,42,0,0.0
2024-01-01 00:08:16,496,Suspicious,DER_Controller,42,0.1228,0.2791,0.0698,39.26,9.82,87.72,108.0,42,0,0.0
2024-01-01 00:08:16,496,Suspicious,EV_Charger_1,235,0.8257,2.3819,0.794,78.25,65.81,17.43,0.0,17,217,0.9258
2024-01-01 00:08:16,496,Suspicious,EV_Charger_2,31,0.1386,0.1992,0.0664,29.9,5.52,86.14,119.0,31,0,0.0
2024-01-01 00:08:17,497,Suspicious,AMI_Meter,29,0.2326,0.0265,0.0088,29.13,5.0,76.74,121.0,29,0,0.0
2024-01-01 00:08:17,497,Suspicious,PMU_Sensor,50,0.245,0.068,0.0227,49.45,8.15,75.5,100.0,50,0,0.0
2024-01-01 00:08:17,497,Suspicious,DER_Controller,48,0.1476,0.8885,0.2221,39.28,9.82,85.24,102.0,48,0,0.0
2024-01-01 00:08:17,497,Suspicious,EV_Charger_1,285,0.878,3.1078,1.0,78.67,66.39,12.2,0.0,12,272,0.9572
2024-01-01 00:08:17,497,Suspicious,EV_Charger_2,31,0.1169,0.199,0.0663,29.9,5.51,88.31,119.0,31,0,0.0
2024-01-01 00:08:18,498,Suspicious,AMI_Meter,34,0.2599,0.9707,0.3236,29.14,5.0,74.01,116.0,34,0,0.0
2024-01-01 00:08:18,498,Suspicious,PMU_Sensor,44,0.2382,0.6674,0.2225,49.43,8.14,76.18,106.0,44,0,0.0
2024-01-01 00:08:18,498,Suspicious,DER_Controller,47,0.1598,0.7854,0.1963,39.29,9.81,84.02,103.0,47,0,0.0
2024-01-01 00:08:18,498,Suspicious,EV_Charger_1,211,0.8129,1.9833,0.6611,78.93,66.59,18.71,0.0,18,192,0.9113
2024-01-01 00:08:18,498,Suspicious,EV_Charger_2,38,0.2283,1.4647,0.4882,29.92,5.52,77.17,112.0,38,0,0.0
2024-01-01 00:08:19,499,Suspicious,AMI_Meter,41,0.4173,2.354,0.7847,29.17,5.03,58.27,109.0,41,0,0.0
2024-01-01 00:08:19,499,Suspicious,PMU_Sensor,49,0.1721,0.0533,0.0178,49.43,8.13,82.79,101.0,49,0,0.0
2024-01-01 00:08:19,499,Suspicious,DER_Controller,18,0.2547,2.1574,0.5393,39.25,9.85,74.53,132.0,18,0,0.0
2024-01-01 00:08:19,499,Suspicious,EV_Charger_1,219,0.7782,2.0921,0.6974,79.21,66.82,22.18,0.0,22,196,0.8987
2024-01-01 00:08:19,499,Suspicious,EV_Charger_2,39,0.3238,1.6399,0.5466,29.94,5.53,67.62,111.0,39,0,0.0
2024-01-01 00:08:20,500,Suspicious,AMI_Meter,32,0.3484,0.563,0.1877,29.17,5.02,65.16,118.0,32,0,0.0
2024-01-01 00:08:20,500,Suspicious,PMU_Sensor,51,0.1397,0.1923,0.0641,49.44,8.13,86.03,99.0,51,0,0.0
2024-01-01 00:08:20,500,Suspicious,DER_Controller,50,0.2591,1.089,0.2722,39.27,9.85,74.09,100.0,50,0,0.0
2024-01-01 00:08:20,500,Suspicious,EV_Charger_1,257,0.8087,2.6396,0.8799,79.57,67.22,19.13,0.0,19,237,0.9256
2024-01-01 00:08:20,500,Suspicious,EV_Charger_2,39,0.39,1.6339,0.5446,29.96,5.54,61.0,111.0,39,0,0.0
2024-01-01 00:08:21,501,Suspicious,AMI_Meter,34,0.3398,0.9593,0.3198,29.18,5.02,66.02,116.0,34,0,0.0
2024-01-01 00:08:21,501,Suspicious,PMU_Sensor,62,0.2519,1.5406,0.5135,49.46,8.14,74.81,88.0,62,0,0.0
2024-01-01 00:08:21,501,Suspicious,DER_Controller,43,0.2179,0.378,0.0945,39.28,9.84,78.21,107.0,43,0,0.0
2024-01-01 00:08:21,501,Suspicious,EV_Charger_1,273,0.8512,2.8513,0.9504,79.95,67.71,14.88,0.0,14,258,0.9455
2024-01-01 00:08:21,501,Suspicious,EV_Charger_2,30,0.2738,0.0079,0.0026,29.96,5.53,72.62,120.0,30,0,0.0
2024-01-01 00:08:22,502,Suspicious,AMI_Meter,26,0.3011,0.6324,0.2108,29.17,5.02,69.89,124.0,26,0,0.0
2024-01-01 00:08:22,502,Suspicious,PMU_Sensor,63,0.342,1.6572,0.5524,49.49,8.15,65.8,87.0,63,0,0.0
2024-01-01 00:08:22,502,Suspicious,DER_Controller,42,0.1807,0.2761,0.069,39.28,9.83,81.93,108.0,42,0,0.0
2024-01-01 00:08:22,502,Suspicious,EV_Charger_1,270,0.8741,2.7824,0.9275,80.33,68.17,12.59,0.0,12,257,0.9534
2024-01-01 00:08:22,502,Suspicious,EV_Charger_2,32,0.2286,0.3692,0.1231,29.96,5.52,77.14,118.0,32,0,0.0
2024-01-01 00:08:23,503,Suspicious,AMI_Meter,27,0.2541,0.4327,0.1442,29.17,5.02,74.59,123.0,27,0,0.0
2024-01-01 00:08:23,503,Suspicious,PMU_Sensor,50,0.2457,0.0626,0.0209,49.49,8.14,75.43,100.0,50,0,0.0
2024-01-01 00:08:23,503,Suspicious,DER_Controller,54,0.2288,1.4916,0.3729,39.31,9.85,77.12,96.0,54,0,0.0
2024-01-01 00:08:23,503,Suspicious,EV_Charger_1,262,0.8763,2.6438,0.8813,80.69,68.58,12.37,0.0,12,249,0.9528
2024-01-01 00:08:23,503,Suspicious,EV_Charger_2,21,0.3216,1.616,0.5387,29.94,5.53,67.84,129.0,21,0,0.0
2024-01-01 00:08:24,504,Suspicious,AMI_Meter,28,0.2011,0.2331,0.0777,29.17,5.01,79.89,122.0,28,0,0.0
2024-01-01 00:08:24,504,Suspicious,PMU_Sensor,64,0.3494,1.7742,0.5914,49.52,8.16,65.06,86.0,64,0,0.0
2024-01-01 00:08:24,504,Suspicious,DER_Controller,37,0.1862,0.2347,0.0587,39.31,9.84,81.38,113.0,37,0,0.0
2024-01-01 00:08:24,504,Suspicious,EV_Charger_1,178,0.7549,1.4147,0.4716,80.88,68.65,24.51,0.0,24,153,0.8623
2024-01-01 00:08:24,504,Suspicious,EV_Charger_2,43,0.4596,2.3444,0.7815,29.97,5.56,54.04,107.0,43,0,0.0
2024-01-01 00:08:25,505,Suspicious,AMI_Meter,33,0.2171,0.7634,0.2545,29.18,5.01,78.29,117.0,33,0,0.0
2024-01-01 00:08:25,505,Suspicious,PMU_Sensor,49,0.2509,0.0635,0.0212,49.52,8.15,74.91,101.0,49,0,0.0
2024-01-01 00:08:25,505,Suspicious,DER_Controller,36,0.1607,0.336,0.084,39.3,9.83,83.93,114.0,36,0,0.0
2024-01-01 00:08:25,505,Suspicious,EV_Charger_1,283,0.82,2.9164,0.9721,81.28,69.17,18.0,0.0,17,265,0.9364
2024-01-01 00:08:25,505,Suspicious,EV_Charger_2,28,0.3571,0.3537,0.1179,29.96,5.55,64.29,122.0,28,0,0.0
2024-01-01 00:08:26,506,Suspicious,AMI_Meter,35,0.268,1.1599,0.3866,29.19,5.01,73.2,115.0,35,0,0.0
2024-01-01 00:08:26,506,Suspicious,PMU_Sensor,54,0.2305,0.549,0.183,49.53,8.15,76.95,96.0,54,0,0.0
2024-01-01 00:08:26,506,Suspicious,DER_Controller,42,0.1376,0.2742,0.0685,39.31,9.82,86.24,108.0,42,0,0.0
2024-01-01 00:08:26,506,Suspicious,EV_Charger_1,250,0.8163,2.4227,0.8076,81.62,69.5,18.37,0.0,18,231,0.9265
2024-01-01 00:08:26,506,Suspicious,EV_Charger_2,30,0.2506,0.0064,0.0021,29.96,5.55,74.94,120.0,30,0,0.0
2024-01-01 00:08:27,507,Suspicious,AMI_Meter,35,0.3033,1.1572,0.3857,29.2,5.01,69.67,115.0,35,0,0.0
2024-01-01 00:08:27,507,Suspicious,PMU_Sensor,43,0.2414,0.7997,0.2666,49.51,8.15,75.86,107.0,43,0,0.0
2024-01-01 00:08:27,507,Suspicious,DER_Controller,23,0.2066,1.6546,0.4137,39.28,9.84,79.34,127.0,23,0,0.0
2024-01-01 00:08:27,507,Suspicious,EV_Charger_1,268,0.8374,2.6603,0.8868,81.98,69.92,16.26,0.0,16,251,0.9393
2024-01-01 00:08:27,507,Suspicious,EV_Charger_2,35,0.266,0.9059,0.302,29.97,5.55,73.4,115.0,35,0,0.0
2024-01-01 00:08:28,508,Suspicious,AMI_Meter,32,0.2681,0.5581,0.186,29.2,5.01,73.19,118.0,32,0,0.0
2024-01-01 00:08:28,508,Suspicious,PMU_Sensor,53,0.2117,0.4275,0.1425,49.52,8.14,78.83,97.0,53,0,0.0
2024-01-01 00:08:28,508,Suspicious,DER_Controller,36,0.1758,0.3326,0.0832,39.27,9.83,82.42,114.0,36,0,0.0
2024-01-01 00:08:28,508,Suspicious,EV_Charger_1,276,0.8613,2.7512,0.9171,82.36,70.38,13.87,0.0,13,262,0.9498
2024-01-01 00:08:28,508,Suspicious,EV_Charger_2,31,0.2047,0.1847,0.0616,29.98,5.54,79.53,119.0,31,0,0.0
2024-01-01 00:08:29,509,Suspicious,AMI_Meter,27,0.2316,0.4395,0.1465,29.2,5.01,76.84,123.0,27,0,0.0
2024-01-01 00:08:29,509,Suspicious,PMU_Sensor,47,0.1791,0.3094,0.1031,49.52,8.13,82.09,103.0,47,0,0.0
2024-01-01 00:08:29,509,Suspicious,DER_Controller,60,0.263,2.0982,0.5245,39.31,9.86,73.7,90.0,60,0,0.0
2024-01-01 00:08:29,509,Suspicious,EV_Charger_1,184,0.7469,1.4397,0.4799,82.56,70.46,25.31,0.0,25,158,0.8624
2024-01-01 00:08:29,509,Suspicious,EV_Charger_2,34,0.2158,0.7249,0.2416,29.98,5.54,78.42,116.0,34,0,0.0
2024-01-01 00:08:30,510,Suspicious,AMI_Meter,21,0.3254,1.6323,0.5441,29.18,5.01,67.46,129.0,21,0,0.0
2024-01-01 00:08:30,510,Suspicious,PMU_Sensor,49,0.1317,0.0634,0.0211,49.51,8.12,86.83,101.0,49,0,0.0
2024-01-01 00:08:30,510,Suspicious,DER_Controller,35,0.2245,0.4365,0.1091,39.3,9.85,77.55,115.0,35,0,0.0
2024-01-01 00:08:30,510,Suspicious,EV_Charger_1,172,0.6494,1.2661,0.422,82.74,70.5,35.06,0.0,35,136,0.7962
2024-01-01 00:08:30,510,Suspicious,EV_Charger_2,34,0.2234,0.7238,0.2413,29.99,5.54,77.66,116.0,34,0,0.0
2024-01-01 00:08:31,511,Suspicious,AMI_Meter,28,0.2514,0.2359,0.0786,29.18,5.01,74.86,122.0,28,0,0.0
2024-01-01 00:08:31,511,Suspicious,PMU_Sensor,33,0.2945,2.0227,0.6742,49.48,8.15,70.55,117.0,33,0,0.0
2024-01-01 00:08:31,511,Suspicious,DER_Controller,48,0.2235,0.8813,0.2203,39.32,9.85,77.65,102.0,48,0,0.0
2024-01-01 00:08:31,511,Suspicious,EV_Charger_1,303,0.7546,3.0919,1.0,83.17,71.1,24.54,0.0,24,278,0.919
2024-01-01 00:08:31,511,Suspicious,EV_Charger_2,40,0.3364,1.7999,0.6,30.01,5.55,66.36,110.0,40,0,0.0
2024-01-01 00:08:32,512,Suspicious,AMI_Meter,31,0.2122,0.3626,0.1209,29.19,5.0,78.78,119.0,31,0,0.0
2024-01-01 00:08:32,512,Suspicious,PMU_Sensor,50,0.2125,0.0635,0.0212,49.48,8.14,78.75,100.0,50,0,0.0
2024-01-01 00:08:32,512,Suspicious,DER_Controller,53,0.2542,1.3849,0.3462,39.35,9.86,74.58,97.0,53,0,0.0
2024-01-01 00:08:32,512,Suspicious,EV_Charger_1,313,0.8282,3.1969,1.0,83.62,71.75,17.18,0.0,17,295,0.9451
2024-01-01 00:08:32,512,Suspicious,EV_Charger_2,38,0.379,1.4352,0.4784,30.03,5.56,62.1,112.0,38,0,0.0
2024-01-01 00:08:33,513,Suspicious,AMI_Meter,25,0.232,0.8348,0.2783,29.18,5.0,76.8,125.0,25,0,0.0
2024-01-01 00:08:33,513,Suspicious,PMU_Sensor,51,0.1673,0.1861,0.062,49.49,8.13,83.27,99.0,51,0,0.0
2024-01-01 00:08:33,513,Suspicious,DER_Controller,44,0.2201,0.4715,0.1179,39.35,9.85,77.99,106.0,44,0,0.0
2024-01-01 00:08:33,513,Suspicious,EV_Charger_1,184,0.7193,1.395,0.465,83.81,71.82,28.07,0.0,28,155,0.8474
2024-01-01 00:08:33,513,Suspicious,EV_Charger_2,34,0.3367,0.7141,0.238,30.04,5.55,66.33,116.0,34,0,0.0
2024-01-01 00:08:34,514,Suspicious,AMI_Meter,41,0.3972,2.3479,0.7826,29.2,5.03,60.28,109.0,41,0,0.0
2024-01-01 00:08:34,514,Suspicious,PMU_Sensor,55,0.1848,0.677,0.2257,49.5,8.13,81.52,95.0,55,0,0.0
2024-01-01 00:08:34,514,Suspicious,DER_Controller,54,0.2577,1.4819,0.3705,39.38,9.86,74.23,96.0,54,0,0.0
2024-01-01 00:08:34,514,Suspicious,EV_Charger_1,259,0.7458,2.423,0.8077,84.15,72.16,25.42,0.0,25,233,0.9018
2024-01-01 00:08:34,514,Suspicious,EV_Charger_2,31,0.2531,0.1736,0.0579,30.04,5.55,74.69,119.0,31,0,0.0
2024-01-01 00:08:35,515,Suspicious,AMI_Meter,31,0.3138,0.3578,0.1193,29.2,5.02,68.62,119.0,31,0,0.0
2024-01-01 00:08:35,515,Suspicious,PMU_Sensor,43,0.2092,0.798,0.266,49.48,8.13,79.08,107.0,43,0,0.0
2024-01-01 00:08:35,515,Suspicious,DER_Controller,30,0.2526,0.9494,0.2374,39.36,9.86,74.74,120.0,30,0,0.0
2024-01-01 00:08:35,515,Suspicious,EV_Charger_1,301,0.8197,2.9761,0.992,84.57,72.72,18.03,0.0,18,282,0.9401
2024-01-01 00:08:35,515,Suspicious,EV_Charger_2,40,0.356,1.7887,0.5962,30.06,5.56,64.4,110.0,40,0,0.0
2024-01-01 00:08:36,516,Suspicious,AMI_Meter,25,0.3033,0.8357,0.2786,29.2,5.02,69.67,125.0,25,0,0.0
2024-01-01 00:08:36,516,Suspicious,PMU_Sensor,57,0.2388,0.9232,0.3077,49.5,8.12,76.12,93.0,57,0,0.0
2024-01-01 00:08:36,516,Suspicious,DER_Controller,39,0.1918,0.0369,0.0092,39.36,9.85,80.82,111.0,39,0,0.0
2024-01-01 00:08:36,516,Suspicious,EV_Charger_1,267,0.8229,2.491,0.8303,84.92,73.09,17.71,0.0,17,249,0.9337
2024-01-01 00:08:36,516,Suspicious,EV_Charger_2,34,0.32,0.7084,0.2361,30.06,5.56,68.0,116.0,34,0,0.0
2024-01-01 00:08:37,517,Suspicious,AMI_Meter,34,0.3078,0.9553,0.3184,29.2,5.02,69.22,116.0,34,0,0.0
2024-01-01 00:08:37,517,Suspicious,PMU_Sensor,50,0.1733,0.0616,0.0205,49.5,8.12,82.67,100.0,50,0,0.0
2024-01-01 00:08:37,517,Suspicious,DER_Controller,54,0.2364,1.4808,0.3702,39.39,9.86,76.36,96.0,54,0,0.0
2024-01-01 00:08:37,517,Suspicious,EV_Charger_1,267,0.8234,2.4738,0.8246,85.28,73.46,17.66,0.0,17,249,0.9339
2024-01-01 00:08:37,517,Suspicious,EV_Charger_2,35,0.3127,0.8868,0.2956,30.07,5.56,68.73,115.0,35,0,0.0
2024-01-01 00:08:38,518,Suspicious,AMI_Meter,25,0.2991,0.8363,0.2788,29.2,5.02,70.09,125.0,25,0,0.0
2024-01-01 00:08:38,518,Suspicious,PMU_Sensor,67,0.3357,2.1443,0.7148,49.53,8.15,66.43,83.0,67,0,0.0
2024-01-01 00:08:38,518,Suspicious,DER_Controller,44,0.2064,0.4666,0.1166,39.4,9.86,79.36,106.0,44,0,0.0
2024-01-01 00:08:38,518,Suspicious,EV_Charger_1,283,0.8434,2.6704,0.8901,85.66,73.9,15.66,0.0,15,267,0.9447
2024-01-01 00:08:38,518,Suspicious,EV_Charger_2,22,0.3638,1.4489,0.483,30.06,5.56,63.62,128.0,22,0,0.0
2024-01-01 00:08:39,519,Suspicious,AMI_Meter,25,0.2929,0.8349,0.2783,29.19,5.02,70.71,125.0,25,0,0.0
2024-01-01 00:08:39,519,Suspicious,PMU_Sensor,59,0.351,1.1596,0.3865,49.55,8.15,64.9,88.9,59,0,0.0
2024-01-01 00:08:39,519,Suspicious,DER_Controller,42,0.1713,0.2634,0.0659,39.41,9.85,82.87,108.0,42,0,0.0
2024-01-01 00:08:39,519,Suspicious,EV_Charger_1,185,0.7245,1.3407,0.4469,85.85,73.96,27.55,0.0,27,157,0.8511
2024-01-01 00:08:39,519,Suspicious,EV_Charger_2,38,0.3971,1.424,0.4747,30.07,5.57,60.29,112.0,38,0,0.0
2024-01-01 00:08:40,520,Suspicious,AMI_Meter,27,0.2486,0.4357,0.1452,29.18,5.01,75.14,123.0,27,0,0.0
2024-01-01 00:08:40,520,Suspicious,PMU_Sensor,61,0.3858,1.401,0.467,49.57,8.16,61.42,89.0,61,0,0.0
2024-01-01 00:08:40,520,Suspicious,DER_Controller,39,0.131,0.0412,0.0103,39.4,9.84,86.9,111.0,39,0,0.0
2024-01-01 00:08:40,520,Suspicious,EV_Charger_1,266,0.7491,2.4198,0.8066,86.19,74.31,25.09,0.0,25,240,0.9057
2024-01-01 00:08:40,520,Suspicious,EV_Charger_2,39,0.4378,1.5981,0.5327,30.09,5.58,56.22,111.0,39,0,0.0
2024-01-01 00:08:41,521,Suspicious,AMI_Meter,25,0.2573,0.8334,0.2778,29.18,5.01,74.27,125.0,25,0,0.0
2024-01-01 00:08:41,521,Suspicious,PMU_Sensor,42,0.3627,0.927,0.309,49.56,8.15,63.73,108.0,42,0,0.0
2024-01-01 00:08:41,521,Suspicious,DER_Controller,38,0.1072,0.1427,0.0357,39.4,9.83,89.28,112.0,38,0,0.0
2024-01-01 00:08:41,521,Suspicious,EV_Charger_1,291,0.7977,2.7338,0.9113,86.59,74.77,20.23,0.0,20,270,0.9305
2024-01-01 00:08:41,521,Suspicious,EV_Charger_2,24,0.4154,1.0901,0.3634,30.08,5.58,58.46,126.0,24,0,0.0
2024-01-01 00:08:42,522,Suspicious,AMI_Meter,21,0.3427,1.6259,0.542,29.16,5.02,65.73,129.0,21,0,0.0
2024-01-01 00:08:42,522,Suspicious,PMU_Sensor,56,0.3328,0.7886,0.2629,49.57,8.15,66.72,94.0,56,0,0.0
2024-01-01 00:08:42,522,Suspicious,DER_Controller,33,0.121,0.6504,0.1626,39.39,9.82,87.9,117.0,33,0,0.0
2024-01-01 00:08:42,522,Suspicious,EV_Charger_1,245,0.7692,2.1075,0.7025,86.89,75.02,23.08,0.0,23,221,0.9058
2024-01-01 00:08:42,522,Suspicious,EV_Charger_2,20,0.4708,1.8001,0.6,30.06,5.59,52.92,130.0,20,0,0.0
2024-01-01 00:08:43,523,Suspicious,AMI_Meter,26,0.3028,0.6289,0.2096,29.15,5.02,69.72,124.0,26,0,0.0
2024-01-01 00:08:43,523,Suspicious,PMU_Sensor,49,0.24,0.0701,0.0234,49.57,8.14,76.0,101.0,49,0,0.0
2024-01-01 00:08:43,523,Suspicious,DER_Controller,49,0.1518,0.9763,0.2441,39.41,9.82,84.82,101.0,49,0,0.0
2024-01-01 00:08:43,523,Suspicious,EV_Charger_1,231,0.7297,1.9123,0.6374,87.16,75.22,27.03,0.0,27,203,0.883
2024-01-01 00:08:43,523,Suspicious,EV_Charger_2,41,0.5245,1.9488,0.6496,30.08,5.6,47.55,109.0,41,0,0.0
2024-01-01 00:08:44,524,Suspicious,AMI_Meter,26,0.2748,0.628,0.2093,29.15,5.01,72.52,124.0,26,0,0.0
2024-01-01 00:08:44,524,Suspicious,PMU_Sensor,44,0.2363,0.6831,0.2277,49.56,8.14,76.37,106.0,44,0,0.0
2024-01-01 00:08:44,524,Suspicious,DER_Controller,55,0.2127,1.5818,0.3954,39.44,9.84,78.73,95.0,55,0,0.0
2024-01-01 00:08:44,524,Suspicious,EV_Charger_1,270,0.7523,2.415,0.805,87.51,75.57,24.77,0.0,24,245,0.9082
2024-01-01 00:08:44,524,Suspicious,EV_Charger_2,28,0.4042,0.3708,0.1236,30.08,5.6,59.58,122.0,28,0,0.0
2024-01-01 00:08:45,525,Suspicious,AMI_Meter,29,0.1953,0.0296,0.0099,29.15,5.01,80.47,121.0,29,0,0.0
2024-01-01 00:08:45,525,Suspicious,PMU_Sensor,60,0.2933,1.2794,0.4265,49.58,8.14,70.67,90.0,60,0,0.0
2024-01-01 00:08:45,525,Suspicious,DER_Controller,54,0.2518,1.4756,0.3689,39.47,9.85,74.82,96.0,54,0,0.0
2024-01-01 00:08:45,525,Suspicious,EV_Charger_1,231,0.7156,1.8906,0.6302,87.79,75.75,28.44,0.0,28,202,0.8769
2024-01-01 00:08:45,525,Suspicious,EV_Charger_2,31,0.2994,0.1648,0.0549,30.08,5.59,70.06,119.0,31,0,0.0
2024-01-01 00:08:46,526,Suspicious,AMI_Meter,30,0.1537,0.1699,0.0566,29.15,5.0,84.63,120.0,30,0,0.0
2024-01-01 00:08:46,526,Suspicious,PMU_Sensor,42,0.2982,0.929,0.3097,49.57,8.14,70.18,108.0,42,0,0.0
2024-01-01 00:08:46,526,Suspicious,DER_Controller,39,0.1918,0.0472,0.0118,39.46,9.84,80.82,111.0,39,0,0.0
2024-01-01 00:08:46,526,Suspicious,EV_Charger_1,264,0.7322,2.3121,0.7707,88.12,76.07,26.78,0.0,26,237,0.8985
2024-01-01 00:08:46,526,Suspicious,EV_Charger_2,38,0.3508,1.4123,0.4708,30.09,5.6,64.92,112.0,38,0,0.0
2024-01-01 00:08:47,527,Suspicious,AMI_Meter,36,0.2441,1.3652,0.4551,29.16,5.01,75.59,114.0,36,0,0.0
2024-01-01 00:08:47,527,Suspicious,PMU_Sensor,47,0.2402,0.3147,0.1049,49.56,8.14,75.98,103.0,47,0,0.0
2024-01-01 00:08:47,527,Suspicious,DER_Controller,37,0.1595,0.2502,0.0626,39.46,9.83,84.05,113.0,37,0,0.0
2024-01-01 00:08:47,527,Suspicious,EV_Charger_1,291,0.7772,2.6467,0.8822,88.5,76.51,22.28,0.0,22,268,0.9234
2024-01-01 00:08:47,527,Suspicious,EV_Charger_2,28,0.2829,0.3734,0.1245,30.09,5.59,71.71,122.0,28,0,0.0
2024-01-01 00:08:48,528,Suspicious,AMI_Meter,32,0.2275,0.5658,0.1886,29.17,5.0,77.25,118.0,32,0,0.0
2024-01-01 00:08:48,528,Suspicious,PMU_Sensor,49,0.175,0.0688,0.0229,49.56,8.13,82.5,101.0,49,0,0.0
2024-01-01 00:08:48,528,Suspicious,DER_Controller,30,0.1796,0.9605,0.2401,39.44,9.83,82.04,120.0,30,0,0.0
2024-01-01 00:08:48,528,Suspicious,EV_Charger_1,228,0.7256,1.8159,0.6053,88.77,76.68,27.44,0.0,27,200,0.8797
2024-01-01 00:08:48,528,Suspicious,EV_Charger_2,40,0.3745,1.7647,0.5882,30.11,5.61,62.55,110.0,40,0,0.0
2024-01-01 00:08:49,529,Suspicious,AMI_Meter,29,0.1626,0.0336,0.0112,29.17,5.0,83.74,121.0,29,0,0.0
2024-01-01 00:08:49,529,Suspicious,PMU_Sensor,63,0.2873,1.6476,0.5492,49.58,8.14,71.27,87.0,63,0,0.0
2024-01-01 00:08:49,529,Suspicious,DER_Controller,34,0.1693,0.5529,0.1382,39.43,9.82,83.07,116.0,34,0,0.0
2024-01-01 00:08:49,529,Suspicious,EV_Charger_1,278,0.7531,2.4516,0.8172,89.12,77.04,24.69,0.0,24,253,0.9112
2024-01-01 00:08:49,529,Suspicious,EV_Charger_2,46,0.5433,2.8111,0.937,30.14,5.64,45.67,104.0,46,0,0.0
2024-01-01 00:08:50,530,Suspicious,AMI_Meter,24,0.217,1.0315,0.3438,29.16,5.0,78.3,126.0,24,0,0.0
2024-01-01 00:08:50,530,Suspicious,PMU_Sensor,34,0.3917,1.9057,0.6352,49.56,8.16,60.83,113.83,34,0,0.0
2024-01-01 00:08:50,530,Suspicious,DER_Controller,52,0.2067,1.2761,0.319,39.46,9.83,79.33,98.0,52,0,0.0
2024-01-01 00:08:50,530,Suspicious,EV_Charger_1,235,0.7157,1.8853,0.6284,89.4,77.23,28.43,0.0,28,206,0.879
2024-01-01 00:08:50,530,Suspicious,EV_Charger_2,31,0.3956,0.1527,0.0509,30.14,5.64,60.44,119.0,31,0,0.0
2024-01-01 00:08:51,531,Suspicious,AMI_Meter,27,0.195,0.4311,0.1437,29.15,5.0,80.5,123.0,27,0,0.0
2024-01-01 00:08:51,531,Suspicious,PMU_Sensor,52,0.3041,0.2992,0.0997,49.56,8.16,69.59,98.0,52,0,0.0
2024-01-01 00:08:51,531,Suspicious,DER_Controller,30,0.2151,0.9602,0.24,39.44,9.83,78.49,120.0,30,0,0.0
2024-01-01 00:08:51,531,Suspicious,EV_Charger_1,261,0.7219,2.2096,0.7365,89.72,77.52,27.81,0.0,27,233,0.8935
2024-01-01 00:08:51,531,Suspicious,EV_Charger_2,34,0.3453,0.6839,0.228,30.15,5.63,65.47,116.0,34,0,0.0
2024-01-01 00:08:52,532,Suspicious,AMI_Meter,24,0.2394,1.0295,0.3432,29.14,5.0,76.06,126.0,24,0,0.0
2024-01-01 00:08:52,532,Suspicious,PMU_Sensor,44,0.2809,0.6808,0.2269,49.55,8.15,71.91,106.0,44,0,0.0
2024-01-01 00:08:52,532,Suspicious,DER_Controller,36,0.1831,0.3494,0.0873,39.43,9.82,81.69,114.0,36,0,0.0
2024-01-01 00:08:52,532,Suspicious,EV_Charger_1,213,0.6639,1.5851,0.5284,89.95,77.63,33.61,0.0,33,179,0.8422
2024-01-01 00:08:52,532,Suspicious,EV_Charger_2,29,0.262,0.2033,0.0678,30.14,5.63,73.8,121.0,29,0,0.0
2024-01-01 00:08:53,533,Suspicious,AMI_Meter,30,0.1847,0.171,0.057,29.15,4.99,81.53,120.0,30,0,0.0
2024-01-01 00:08:53,533,Suspicious,PMU_Sensor,46,0.2402,0.435,0.145,49.54,8.15,75.98,104.0,46,0,0.0
2024-01-01 00:08:53,533,Suspicious,DER_Controller,37,0.1528,0.2473,0.0618,39.43,9.81,84.72,113.0,37,0,0.0
2024-01-01 00:08:53,533,Suspicious,EV_Charger_1,269,0.694,2.293,0.7643,90.29,77.94,30.6,0.0,30,238,0.8862
2024-01-01 00:08:53,533,Suspicious,EV_Charger_2,28,0.2215,0.3805,0.1268,30.14,5.63,77.85,122.0,28,0,0.0
2024-01-01 00:08:54,534,Suspicious,AMI_Meter,33,0.2064,0.7708,0.2569,29.15,4.99,79.36,117.0,33,0,0.0
2024-01-01 00:08:54,534,Suspicious,PMU_Sensor,61,0.3084,1.4027,0.4676,49.56,8.15,69.16,89.0,61,0,0.0
2024-01-01 00:08:54,534,Suspicious,DER_Controller,35,0.1428,0.4506,0.1127,39.42,9.81,85.72,115.0,35,0,0.0
2024-01-01 00:08:54,534,Suspicious,EV_Charger_1,291,0.7415,2.557,0.8523,90.66,78.35,25.85,0.0,25,265,0.9112
2024-01-01 00:08:54,534,Suspicious,EV_Charger_2,30,0.1575,0.0249,0.0083,30.14,5.62,84.25,120.0,30,0,0.0
2024-01-01 00:08:55,535,Suspicious,AMI_Meter,31,0.1814,0.3697,0.1232,29.16,4.99,81.86,119.0,31,0,0.0
2024-01-01 00:08:55,535,Suspicious,PMU_Sensor,62,0.3679,1.5206,0.5069,49.59,8.16,63.21,88.0,62,0,0.0
2024-01-01 00:08:55,535,Suspicious,DER_Controller,45,0.1426,0.5685,0.1421,39.43,9.8,85.74,105.0,45,0,0.0
2024-01-01 00:08:55,535,Suspicious,EV_Charger_1,201,0.6595,1.4044,0.4681,90.87,78.42,34.05,0.0,34,166,0.8306
2024-01-01 00:08:55,535,Suspicious,EV_Charger_2,34,0.1789,0.6859,0.2286,30.15,5.62,82.11,116.0,34,0,0.0
2024-01-01 00:08:56,536,Suspicious,AMI_Meter,36,0.2639,1.3687,0.4562,29.17,4.99,73.61,114.0,36,0,0.0
2024-01-01 00:08:56,536,Suspicious,PMU_Sensor,48,0.277,0.1943,0.0648,49.58,8.16,72.3,102.0,48,0,0.0
2024-01-01 00:08:56,536,Suspicious,DER_Controller,49,0.1679,0.9749,0.2437,39.45,9.8,83.21,101.0,49,0,0.0
2024-01-01 00:08:56,536,Suspicious,EV_Charger_1,245,0.6573,1.9566,0.6522,91.16,78.63,34.27,0.0,34,210,0.8601
2024-01-01 00:08:56,536,Suspicious,EV_Charger_2,23,0.2521,1.2694,0.4231,30.13,5.62,74.79,127.0,23,0,0.0
2024-01-01 00:08:57,537,Suspicious,AMI_Meter,30,0.2013,0.1663,0.0554,29.17,4.99,79.87,120.0,30,0,0.0
2024-01-01 00:08:57,537,Suspicious,PMU_Sensor,35,0.372,1.7814,0.5938,49.56,8.17,62.8,115.0,35,0,0.0
2024-01-01 00:08:57,537,Suspicious,DER_Controller,37,0.1415,0.2495,0.0624,39.44,9.79,85.85,113.0,37,0,0.0
2024-01-01 00:08:57,537,Suspicious,EV_Charger_1,326,0.7561,2.9595,0.9865,91.59,79.21,24.39,0.0,24,301,0.9252
2024-01-01 00:08:57,537,Suspicious,EV_Charger_2,20,0.3561,1.7961,0.5987,30.12,5.63,64.39,130.0,20,0,0.0
2024-01-01 00:08:58,538,Suspicious,AMI_Meter,23,0.2644,1.2347,0.4116,29.16,4.99,73.56,127.0,23,0,0.0
2024-01-01 00:08:58,538,Suspicious,PMU_Sensor,41,0.3649,1.0451,0.3484,49.54,8.17,63.51,109.0,41,0,0.0
2024-01-01 00:08:58,538,Suspicious,DER_Controller,39,0.109,0.0451,0.0113,39.44,9.78,89.1,111.0,39,0,0.0
2024-01-01 00:08:58,538,Suspicious,EV_Charger_1,260,0.7408,2.1154,0.7051,91.91,79.46,25.92,0.0,25,234,0.9003
2024-01-01 00:08:58,538,Suspicious,EV_Charger_2,40,0.4241,1.7485,0.5828,30.13,5.64,57.59,110.0,40,0,0.0
2024-01-01 00:08:59,539,Suspicious,AMI_Meter,34,0.2819,0.9686,0.3229,29.17,4.99,71.81,116.0,34,0,0.0
2024-01-01 00:08:59,539,Suspicious,PMU_Sensor,53,0.2977,0.4227,0.1409,49.55,8.17,70.23,97.0,53,0,0.0
2024-01-01 00:08:59,539,Suspicious,DER_Controller,41,0.0917,0.1592,0.0398,39.44,9.77,90.83,109.0,41,0,0.0
2024-01-01 00:08:59,539,Suspicious,EV_Charger_1,292,0.7687,2.5011,0.8337,92.28,79.86,23.13,0.0,23,268,0.9208
2024-01-01 00:08:59,539,Suspicious,EV_Charger_2,26,0.37,0.7315,0.2438,30.13,5.64,63.0,124.0,26,0,0.0
2024-01-01 00:09:00,540,Suspicious,AMI_Meter,34,0.294,0.9668,0.3223,29.18,4.99,70.6,116.0,34,0,0.0
2024-01-01 00:09:00,540,Suspicious,PMU_Sensor,41,0.3129,1.0447,0.3482,49.53,8.17,68.71,109.0,41,0,0.0
2024-01-01 00:09:00,540,Suspicious,DER_Controller,48,0.1234,0.8741,0.2185,39.46,9.77,87.66,102.0,48,0,0.0
2024-01-01 00:09:00,540,Suspicious,EV_Charger_1,325,0.827,2.889,0.963,92.71,80.41,17.3,0.0,17,307,0.9468
2024-01-01 00:09:00,540,Suspicious,EV_Charger_2,33,0.3099,0.509,0.1697,30.13,5.64,69.01,117.0,33,0,0.0
2024-01-01 00:09:01,541,Suspicious,AMI_Meter,29,0.2094,0.0355,0.0118,29.18,4.98,79.06,121.0,29,0,0.0
2024-01-01 00:09:01,541,Suspicious,PMU_Sensor,53,0.2614,0.4241,0.1414,49.54,8.16,73.86,97.0,53,0,0.0
2024-01-01 00:09:01,541,Suspicious,DER_Controller,11,0.273,2.8878,0.7219,39.41,9.84,72.7,139.0,11,0,0.0
2024-01-01 00:09:01,541,Suspicious,EV_Charger_1,290,0.8227,2.4379,0.8126,93.07,80.78,17.73,0.0,17,272,0.9388
2024-01-01 00:09:01,541,Suspicious,EV_Charger_2,31,0.2323,0.154,0.0513,30.13,5.63,76.77,119.0,31,0,0.0
2024-01-01 00:09:02,542,Suspicious,AMI_Meter,29,0.1501,0.0355,0.0118,29.18,4.98,84.99,121.0,29,0,0.0
2024-01-01 00:09:02,542,Suspicious,PMU_Sensor,55,0.2498,0.6683,0.2228,49.55,8.16,75.02,95.0,55,0,0.0
2024-01-01 00:09:02,542,Suspicious,DER_Controller,39,0.2074,0.0414,0.0104,39.41,9.83,79.26,111.0,39,0,0.0
2024-01-01 00:09:02,542,Suspicious,EV_Charger_1,232,0.7472,1.7137,0.5712,93.33,80.92,25.28,0.0,25,206,0.891
2024-01-01 00:09:02,542,Suspicious,EV_Charger_2,31,0.178,0.1538,0.0513,30.13,5.63,82.2,119.0,31,0,0.0
2024-01-01 00:09:03,543,Suspicious,AMI_Meter,30,0.1216,0.1652,0.0551,29.18,4.97,87.84,120.0,30,0,0.0
2024-01-01 00:09:03,543,Suspicious,PMU_Sensor,50,0.1804,0.0553,0.0184,49.55,8.15,81.96,100.0,50,0,0.0
2024-01-01 00:09:03,543,Suspicious,DER_Controller,41,0.1656,0.1619,0.0405,39.41,9.82,83.44,109.0,41,0,0.0
2024-01-01 00:09:03,543,Suspicious,EV_Charger_1,322,0.8033,2.8027,0.9342,93.75,81.44,19.67,0.0,19,302,0.9389
2024-01-01 00:09:03,543,Suspicious,EV_Charger_2,25,0.2157,0.911,0.3037,30.12,5.63,78.43,125.0,25,0,0.0
2024-01-01 00:09:04,544,Suspicious,AMI_Meter,30,0.1016,0.165,0.055,29.18,4.97,89.84,120.0,30,0,0.0
2024-01-01 00:09:04,544,Suspicious,PMU_Sensor,60,0.2542,1.2792,0.4264,49.57,8.15,74.58,90.0,60,0,0.0
2024-01-01 00:09:04,544,Suspicious,DER_Controller,22,0.2346,1.7663,0.4416,39.38,9.84,76.54,128.0,22,0,0.0
2024-01-01 00:09:04,544,Suspicious,EV_Charger_1,288,0.7994,2.3707,0.7902,94.1,81.79,20.06,0.0,20,267,0.9303
2024-01-01 00:09:04,544,Suspicious,EV_Charger_2,28,0.1887,0.3774,0.1258,30.12,5.62,81.13,122.0,28,0,0.0
2024-01-01 00:09:05,545,Suspicious,AMI_Meter,28,0.0949,0.2372,0.0791,29.18,4.97,90.51,122.0,28,0,0.0
2024-01-01 00:09:05,545,Suspicious,PMU_Sensor,42,0.2706,0.9266,0.3089,49.55,8.15,72.94,108.0,42,0,0.0
2024-01-01 00:09:05,545,Suspicious,DER_Controller,38,0.1847,0.1399,0.035,39.38,9.83,81.53,112.0,38,0,0.0
2024-01-01 00:09:05,545,Suspicious,EV_Charger_1,357,0.8596,3.1813,1.0,94.58,82.49,14.04,0.0,14,342,0.9607
2024-01-01 00:09:05,545,Suspicious,EV_Charger_2,24,0.2408,1.0868,0.3623,30.11,5.62,75.92,126.0,24,0,0.0
2024-01-01 00:09:06,546,Suspicious,AMI_Meter,24,0.1705,1.0407,0.3469,29.17,4.97,82.95,126.0,24,0,0.0
2024-01-01 00:09:06,546,Suspicious,PMU_Sensor,39,0.3186,1.2914,0.4305,49.54,8.16,68.14,111.0,39,0,0.0
2024-01-01 00:09:06,546,Suspicious,DER_Controller,57,0.2502,1.7861,0.4465,39.41,9.85,74.98,93.0,57,0,0.0
2024-01-01 00:09:06,546,Suspicious,EV_Charger_1,263,0.8049,2.0321,0.6774,94.89,82.72,19.51,0.0,19,243,0.9258
2024-01-01 00:09:06,546,Suspicious,EV_Charger_2,31,0.1844,0.1582,0.0527,30.11,5.62,81.56,119.0,31,0,0.0
2024-01-01 00:09:07,547,Suspicious,AMI_Meter,27,0.1629,0.4361,0.1454,29.16,4.96,83.71,123.0,27,0,0.0
2024-01-01 00:09:07,547,Suspicious,PMU_Sensor,42,0.3152,0.9221,0.3074,49.52,8.16,68.48,108.0,42,0,0.0
2024-01-01 00:09:07,547,Suspicious,DER_Controller,37,0.2029,0.2442,0.0611,39.4,9.84,79.71,113.0,37,0,0.0
2024-01-01 00:09:07,547,Suspicious,EV_Charger_1,385,0.8634,3.465,1.0,95.42,83.57,13.66,0.0,13,371,0.9645
2024-01-01 00:09:07,547,Suspicious,EV_Charger_2,40,0.3045,1.7539,0.5846,30.13,5.63,69.55,110.0,40,0,0.0
2024-01-01 00:09:08,548,Suspicious,AMI_Meter,25,0.1978,0.8379,0.2793,29.16,4.96,80.22,125.0,25,0,0.0
2024-01-01 00:09:08,548,Suspicious,PMU_Sensor,55,0.2877,0.6707,0.2236,49.53,8.15,71.23,95.0,55,0,0.0
2024-01-01 00:09:08,548,Suspicious,DER_Controller,31,0.2054,0.8525,0.2131,39.39,9.84,79.46,119.0,31,0,0.0
2024-01-01 00:09:08,548,Suspicious,EV_Charger_1,210,0.7412,1.3674,0.4558,95.63,83.64,25.88,0.0,25,184,0.8767
2024-01-01 00:09:08,548,Suspicious,EV_Charger_2,38,0.3526,1.3948,0.4649,30.14,5.63,64.74,112.0,38,0,0.0
2024-01-01 00:09:09,549,Suspicious,AMI_Meter,35,0.256,1.1753,0.3918,29.17,4.96,74.4,115.0,35,0,0.0
2024-01-01 00:09:09,549,Suspicious,PMU_Sensor,58,0.3051,1.0367,0.3456,49.55,8.15,69.49,92.0,58,0,0.0
2024-01-01 00:09:09,549,Suspicious,DER_Controller,35,0.1819,0.4455,0.1114,39.38,9.83,81.81,115.0,35,0,0.0
2024-01-01 00:09:09,549,Suspicious,EV_Charger_1,278,0.7357,2.1691,0.723,95.96,83.92,26.43,0.0,26,251,0.9049
2024-01-01 00:09:09,549,Suspicious,EV_Charger_2,36,0.3506,1.0377,0.3459,30.15,5.63,64.94,114.0,36,0,0.0
2024-01-01 00:09:10,550,Suspicious,AMI_Meter,31,0.2161,0.3689,0.123,29.17,4.96,78.39,119.0,31,0,0.0
2024-01-01 00:09:10,550,Suspicious,PMU_Sensor,46,0.257,0.4346,0.1449,49.54,8.15,74.3,104.0,46,0,0.0
2024-01-01 00:09:10,550,Suspicious,DER_Controller,23,0.2402,1.6604,0.4151,39.35,9.85,75.98,127.0,23,0,0.0
2024-01-01 00:09:10,550,Suspicious,EV_Charger_1,291,0.7461,2.3106,0.7702,96.32,84.26,25.39,0.0,25,265,0.9127
2024-01-01 00:09:10,550,Suspicious,EV_Charger_2,38,0.3843,1.3891,0.463,30.17,5.64,61.57,112.0,38,0,0.0
2024-01-01 00:09:11,551,Suspicious,AMI_Meter,24,0.2554,1.0408,0.3469,29.16,4.96,74.46,126.0,24,0,0.0
2024-01-01 00:09:11,551,Suspicious,PMU_Sensor,55,0.2468,0.6692,0.2231,49.55,8.14,75.32,95.0,55,0,0.0
2024-01-01 00:09:11,551,Suspicious,DER_Controller,43,0.2033,0.3702,0.0926,39.36,9.84,79.67,107.0,43,0,0.0
2024-01-01 00:09:11,551,Suspicious,EV_Charger_1,319,0.7846,2.6239,0.8746,96.72,84.71,21.54,0.0,21,297,0.9325
2024-01-01 00:09:11,551,Suspicious,EV_Charger_2,37,0.3899,1.209,0.403,30.18,5.64,61.01,113.0,37,0,0.0
2024-01-01 00:09:12,552,Suspicious,AMI_Meter,26,0.2424,0.6366,0.2122,29.16,4.96,75.76,124.0,26,0,0.0
2024-01-01 00:09:12,552,Suspicious,PMU_Sensor,37,0.3264,1.5365,0.5122,49.53,8.15,67.36,113.0,37,0,0.0
2024-01-01 00:09:12,552,Suspicious,DER_Controller,34,0.1865,0.5438,0.1359,39.35,9.83,81.35,116.0,34,0,0.0
2024-01-01 00:09:12,552,Suspicious,EV_Charger_1,325,0.8167,2.6748,0.8916,97.13,85.19,18.33,0.0,18,306,0.9436
2024-01-01 00:09:12,552,Suspicious,EV_Charger_2,28,0.3116,0.3863,0.1288,30.18,5.64,68.84,122.0,28,0,0.0
2024-01-01 00:09:13,553,Suspicious,AMI_Meter,26,0.2333,0.6358,0.2119,29.15,4.95,76.67,124.0,26,0,0.0
2024-01-01 00:09:13,553,Suspicious,PMU_Sensor,35,0.406,1.7751,0.5917,49.5,8.17,59.4,115.0,35,0,0.0
2024-01-01 00:09:13,553,Suspicious,DER_Controller,57,0.2516,1.7884,0.4471,39.38,9.85,74.84,93.0,57,0,0.0
2024-01-01 00:09:13,553,Suspicious,EV_Charger_1,324,0.8361,2.6437,0.8812,97.54,85.66,16.39,0.0,16,307,0.9494
2024-01-01 00:09:13,553,Suspicious,EV_Charger_2,36,0.3212,1.0313,0.3438,30.19,5.64,67.88,114.0,36,0,0.0
2024-01-01 00:09:14,554,Suspicious,AMI_Meter,34,0.261,0.9774,0.3258,29.16,4.95,73.9,116.0,34,0,0.0
2024-01-01 00:09:14,554,Suspicious,PMU_Sensor,54,0.3392,0.55,0.1833,49.51,8.16,66.08,96.0,54,0,0.0
2024-01-01 00:09:14,554,Suspicious,DER_Controller,37,0.2038,0.2412,0.0603,39.37,9.84,79.62,113.0,37,0,0.0
2024-01-01 00:09:14,554,Suspicious,EV_Charger_1,283,0.8007,2.154,0.718,97.88,85.94,19.93,0.0,19,263,0.9296
2024-01-01 00:09:14,554,Suspicious,EV_Charger_2,29,0.2459,0.2105,0.0702,30.19,5.63,75.41,121.0,29,0,0.0
2024-01-01 00:09:15,555,Suspicious,AMI_Meter,43,0.4599,2.7723,0.9241,29.18,4.98,54.01,107.0,43,0,0.0
2024-01-01 00:09:15,555,Suspicious,PMU_Sensor,54,0.2924,0.5493,0.1831,49.52,8.16,70.76,96.0,54,0,0.0
2024-01-01 00:09:15,555,Suspicious,DER_Controller,35,0.1806,0.4439,0.111,39.37,9.84,81.94,115.0,35,0,0.0
2024-01-01 00:09:15,555,Suspicious,EV_Charger_1,311,0.8069,2.464,0.8213,98.26,86.34,19.31,0.0,19,291,0.9379
2024-01-01 00:09:15,555,Suspicious,EV_Charger_2,25,0.2641,0.9193,0.3064,30.18,5.63,73.59,125.0,25,0,0.0
2024-01-01 00:09:16,556,Suspicious,AMI_Meter,37,0.4783,1.5635,0.5212,29.2,4.99,52.17,113.0,37,0,0.0
2024-01-01 00:09:16,556,Suspicious,PMU_Sensor,44,0.2722,0.6754,0.2251,49.51,8.16,72.78,106.0,44,0,0.0
2024-01-01 00:09:16,556,Suspicious,DER_Controller,45,0.1712,0.5719,0.143,39.38,9.83,82.88,105.0,45,0,0.0
2024-01-01 00:09:16,556,Suspicious,EV_Charger_1,337,0.8392,2.7438,0.9146,98.69,86.85,16.08,0.0,16,320,0.9523
2024-01-01 00:09:16,556,Suspicious,EV_Charger_2,34,0.2527,0.6782,0.2261,30.18,5.63,74.73,116.0,34,0,0.0
2024-01-01 00:09:17,557,Suspicious,AMI_Meter,30,0.3509,0.1607,0.0536,29.2,4.99,64.91,120.0,30,0,0.0
2024-01-01 00:09:17,557,Suspicious,PMU_Sensor,50,0.1966,0.0603,0.0201,49.51,8.15,80.34,100.0,50,0,0.0
2024-01-01 00:09:17,557,Suspicious,DER_Controller,39,0.1308,0.0383,0.0096,39.38,9.82,86.92,111.0,39,0,0.0
2024-01-01 00:09:17,557,Suspicious,EV_Charger_1,268,0.7815,1.941,0.647,98.99,87.07,21.85,0.0,21,246,0.9185
2024-01-01 00:09:17,557,Suspicious,EV_Charger_2,29,0.1979,0.21,0.07,30.18,5.62,80.21,121.0,29,0,0.0
2024-01-01 00:09:18,558,Suspicious,AMI_Meter,37,0.4016,1.5598,0.5199,29.21,4.99,59.84,113.0,37,0,0.0
2024-01-01 00:09:18,558,Suspicious,PMU_Sensor,49,0.1438,0.0624,0.0208,49.51,8.14,85.62,101.0,49,0,0.0
2024-01-01 00:09:18,558,Suspicious,DER_Controller,32,0.145,0.7499,0.1875,39.36,9.82,85.5,118.0,32,0,0.0
2024-01-01 00:09:18,558,Suspicious,EV_Charger_1,271,0.7438,1.9669,0.6556,99.3,87.3,25.62,0.0,25,245,0.9054
2024-01-01 00:09:18,558,Suspicious,EV_Charger_2,38,0.2772,1.3869,0.4623,30.19,5.63,72.28,112.0,38,0,0.0
2024-01-01 00:09:19,559,Suspicious,AMI_Meter,33,0.3569,0.7575,0.2525,29.22,4.99,64.31,117.0,33,0,0.0
2024-01-01 00:09:19,559,Suspicious,PMU_Sensor,54,0.1558,0.5511,0.1837,49.52,8.14,84.42,96.0,54,0,0.0
2024-01-01 00:09:19,559,Suspicious,DER_Controller,37,0.1237,0.2404,0.0601,39.36,9.81,87.63,113.0,37,0,0.0
2024-01-01 00:09:19,559,Suspicious,EV_Charger_1,319,0.7707,2.5004,0.8335,99.69,87.71,22.93,0.0,22,296,0.9281
2024-01-01 00:09:19,559,Suspicious,EV_Charger_2,28,0.233,0.3896,0.1299,30.19,5.62,76.7,122.0,28,0,0.0
2024-01-01 00:09:20,560,DDoS Attack,AMI_Meter,28,0.2742,0.2442,0.0814,29.22,4.99,72.58,122.0,28,0,0.0
2024-01-01 00:09:20,560,DDoS Attack,PMU_Sensor,57,0.2009,0.9184,0.3061,49.53,8.13,79.91,93.0,57,0,0.0
2024-01-01 00:09:20,560,DDoS Attack,DER_Controller,48,0.1478,0.8794,0.2198,39.37,9.81,85.22,102.0,48,0,0.0
2024-01-01 00:09:20,560,DDoS Attack,EV_Charger_1,340,0.8114,2.7192,0.9064,100.12,88.22,18.86,0.0,18,321,0.9445
2024-01-01 00:09:20,560,DDoS Attack,EV_Charger_2,316,0.4631,21.4339,1.0,30.7,13.31,53.69,0.0,150,166,0.5253
2024-01-01 00:09:21,561,DDoS Attack,AMI_Meter,30,0.2076,0.1568,0.0523,29.22,4.98,79.24,120.0,30,0,0.0
2024-01-01 00:09:21,561,DDoS Attack,PMU_Sensor,63,0.3057,1.6505,0.5502,49.55,8.15,69.43,87.0,63,0,0.0
2024-01-01 00:09:21,561,DDoS Attack,DER_Controller,20,0.2337,1.9666,0.4917,39.34,9.83,76.63,130.0,20,0,0.0
2024-01-01 00:09:21,561,DDoS Attack,EV_Charger_1,391,0.868,3.2629,1.0,100.64,88.99,13.2,0.0,13,377,0.9662
2024-01-01 00:09:21,561,DDoS Attack,EV_Charger_2,293,0.6242,15.1351,1.0,31.17,17.3,37.58,0.0,37,255,0.8717
2024-01-01 00:09:22,562,DDoS Attack,AMI_Meter,26,0.2099,0.6453,0.2151,29.21,4.98,79.01,124.0,26,0,0.0
2024-01-01 00:09:22,562,DDoS Attack,PMU_Sensor,47,0.2453,0.3131,0.1044,49.55,8.14,75.47,103.0,47,0,0.0
2024-01-01 00:09:22,562,DDoS Attack,DER_Controller,35,0.2029,0.4408,0.1102,39.33,9.83,79.71,115.0,35,0,0.0
2024-01-01 00:09:22,562,DDoS Attack,EV_Charger_1,358,0.8944,2.8682,0.9561,101.09,89.57,10.56,0.0,10,347,0.9705
2024-01-01 00:09:22,562,DDoS Attack,EV_Charger_2,355,0.7369,14.6782,1.0,31.74,22.02,26.31,0.0,26,328,0.9259
2024-01-01 00:09:23,563,DDoS Attack,AMI_Meter,27,0.1913,0.444,0.148,29.21,4.98,80.87,123.0,27,0,0.0
2024-01-01 00:09:23,563,DDoS Attack,PMU_Sensor,38,0.3132,1.4149,0.4716,49.53,8.15,68.68,112.0,38,0,0.0
2024-01-01 00:09:23,563,DDoS Attack,DER_Controller,47,0.2008,0.7792,0.1948,39.35,9.82,79.92,103.0,47,0,0.0
2024-01-01 00:09:23,563,DDoS Attack,EV_Charger_1,410,0.9261,3.4099,1.0,101.64,90.43,7.39,0.0,7,402,0.982
2024-01-01 00:09:23,563,DDoS Attack,EV_Charger_2,392,0.8158,13.4559,1.0,32.38,26.73,18.42,0.0,18,373,0.953
2024-01-01 00:09:24,564,DDoS Attack,AMI_Meter,22,0.2784,1.4449,0.4816,29.2,4.98,72.16,128.0,22,0,0.0
2024-01-01 00:09:24,564,DDoS Attack,PMU_Sensor,52,0.2495,0.3031,0.101,49.53,8.14,75.05,98.0,52,0,0.0
2024-01-01 00:09:24,564,DDoS Attack,DER_Controller,46,0.1929,0.6765,0.1691,39.36,9.82,80.71,104.0,46,0,0.0
2024-01-01 00:09:24,564,DDoS Attack,EV_Charger_1,338,0.9078,2.5957,0.8652,102.06,90.9,9.22,0.0,9,328,0.9727
2024-01-01 00:09:24,564,DDoS Attack,EV_Charger_2,355,0.8711,10.7515,1.0,32.95,29.95,12.89,0.0,12,342,0.9637
2024-01-01 00:09:25,565,DDoS Attack,AMI_Meter,29,0.1988,0.0394,0.0131,29.2,4.98,80.12,121.0,29,0,0.0
2024-01-01 00:09:25,565,DDoS Attack,PMU_Sensor,64,0.3517,1.7705,0.5902,49.56,8.16,64.83,86.0,64,0,0.0
2024-01-01 00:09:25,565,DDoS Attack,DER_Controller,59,0.2692,1.9917,0.4979,39.39,9.84,73.08,91.0,59,0,0.0
2024-01-01 00:09:25,565,DDoS Attack,EV_Charger_1,313,0.8662,2.3077,0.7692,102.43,91.25,13.38,0.0,13,299,0.9573
2024-01-01 00:09:25,565,DDoS Attack,EV_Charger_2,467,0.9098,12.3619,1.0,33.72,35.05,9.02,0.0,9,457,0.9807
2024-01-01 00:09:26,566,DDoS Attack,AMI_Meter,25,0.2234,0.842,0.2807,29.19,4.97,77.66,125.0,25,0,0.0
2024-01-01 00:09:26,566,DDoS Attack,PMU_Sensor,57,0.3373,0.9109,0.3036,49.57,8.16,66.27,93.0,57,0,0.0
2024-01-01 00:09:26,566,DDoS Attack,DER_Controller,49,0.2628,0.9743,0.2436,39.41,9.84,73.72,101.0,49,0,0.0
2024-01-01 00:09:26,566,DDoS Attack,EV_Charger_1,340,0.865,2.5858,0.8619,102.85,91.71,13.5,0.0,13,326,0.9603
2024-01-01 00:09:26,566,DDoS Attack,EV_Charger_2,377,0.9368,9.0487,1.0,34.32,37.87,6.32,0.0,6,370,0.9832
2024-01-01 00:09:27,567,DDoS Attack,AMI_Meter,29,0.1602,0.0379,0.0126,29.19,4.97,83.98,121.0,29,0,0.0
2024-01-01 00:09:27,567,DDoS Attack,PMU_Sensor,54,0.2903,0.5424,0.1808,49.58,8.15,70.97,96.0,54,0,0.0
2024-01-01 00:09:27,567,DDoS Attack,DER_Controller,42,0.2135,0.2629,0.0657,39.41,9.84,78.65,108.0,42,0,0.0
2024-01-01 00:09:27,567,DDoS Attack,EV_Charger_1,427,0.9055,3.4931,1.0,103.42,92.63,9.45,0.0,9,417,0.9779
2024-01-01 00:09:27,567,DDoS Attack,EV_Charger_2,358,0.9558,8.0374,1.0,34.89,40.2,4.42,0.0,4,353,0.9876
2024-01-01 00:09:28,568,DDoS Attack,AMI_Meter,29,0.1159,0.0379,0.0126,29.19,4.97,88.41,121.0,29,0,0.0
2024-01-01 00:09:28,568,DDoS Attack,PMU_Sensor,58,0.3064,1.0313,0.3438,49.59,8.15,69.36,92.0,58,0,0.0
2024-01-01 00:09:28,568,DDoS Attack,DER_Controller,45,0.1956,0.5673,0.1418,39.42,9.83,80.44,105.0,45,0,0.0
2024-01-01 00:09:28,568,DDoS Attack,EV_Charger_1,409,0.9338,3.2648,1.0,103.96,93.43,6.62,0.0,6,402,0.9838
2024-01-01 00:09:28,568,DDoS Attack,EV_Charger_2,325,0.969,6.9007,1.0,35.4,41.97,3.1,0.0,3,321,0.9905
2024-01-01 00:09:29,569,DDoS Attack,AMI_Meter,24,0.1854,1.0427,0.3476,29.18,4.97,81.46,126.0,24,0,0.0
2024-01-01 00:09:29,569,DDoS Attack,PMU_Sensor,45,0.2708,0.563,0.1877,49.59,8.15,72.92,105.0,45,0,0.0
2024-01-01 00:09:29,569,DDoS Attack,DER_Controller,33,0.1875,0.6526,0.1632,39.41,9.83,81.25,117.0,33,0,0.0
2024-01-01 00:09:29,569,DDoS Attack,EV_Charger_1,411,0.9537,3.2526,1.0,104.5,94.23,4.63,0.0,4,406,0.9887
2024-01-01 00:09:29,569,DDoS Attack,EV_Charger_2,398,0.9783,8.1166,1.0,36.04,44.59,2.17,0.0,2,395,0.9946
2024-01-01 00:09:30,570,DDoS Attack,AMI_Meter,29,0.1334,0.036,0.012,29.18,4.96,86.66,121.0,29,0,0.0
2024-01-01 00:09:30,570,DDoS Attack,PMU_Sensor,61,0.3293,1.3975,0.4658,49.61,8.15,67.07,89.0,61,0,0.0
2024-01-01 00:09:30,570,DDoS Attack,DER_Controller,53,0.2268,1.3794,0.3448,39.44,9.83,77.32,97.0,53,0,0.0
2024-01-01 00:09:30,570,DDoS Attack,EV_Charger_1,389,0.9668,2.9926,0.9975,105.0,94.9,3.32,0.0,3,385,0.9915
2024-01-01 00:09:30,570,DDoS Attack,EV_Charger_2,318,0.9848,6.1067,1.0,36.53,46.09,1.52,0.0,1,316,0.9952
2024-01-01 00:09:31,571,DDoS Attack,AMI_Meter,37,0.2505,1.5714,0.5238,29.19,4.97,74.95,113.0,37,0,0.0
2024-01-01 00:09:31,571,DDoS Attack,PMU_Sensor,49,0.2379,0.0743,0.0248,49.6,8.15,76.21,101.0,49,0,0.0
2024-01-01 00:09:31,571,DDoS Attack,DER_Controller,41,0.18,0.1589,0.0397,39.44,9.82,82.0,109.0,41,0,0.0
2024-01-01 00:09:31,571,DDoS Attack,EV_Charger_1,366,0.9498,2.7298,0.9099,105.45,95.44,5.02,0.0,5,360,0.9863
2024-01-01 00:09:31,571,DDoS Attack,EV_Charger_2,314,0.9894,5.8324,1.0,37.02,47.49,1.06,0.0,1,312,0.9966
2024-01-01 00:09:32,572,DDoS Attack,AMI_Meter,22,0.3197,1.4436,0.4812,29.18,4.97,68.03,128.0,22,0,0.0
2024-01-01 00:09:32,572,DDoS Attack,PMU_Sensor,55,0.2327,0.6615,0.2205,49.61,8.14,76.73,95.0,55,0,0.0
2024-01-01 00:09:32,572,DDoS Attack,DER_Controller,32,0.1823,0.7561,0.189,39.43,9.82,81.77,118.0,32,0,0.0
2024-01-01 00:09:32,572,DDoS Attack,EV_Charger_1,502,0.9648,4.0899,1.0,106.14,96.79,3.52,0.0,3,498,0.993
2024-01-01 00:09:32,572,DDoS Attack,EV_Charger_2,306,0.9926,5.5067,1.0,37.49,48.76,0.74,0.0,0,305,0.9976
2024-01-01 00:09:33,573,DDoS Attack,AMI_Meter,23,0.3478,1.2398,0.4133,29.17,4.98,65.22,127.0,23,0,0.0
2024-01-01 00:09:33,573,DDoS Attack,PMU_Sensor,54,0.2167,0.5381,0.1794,49.62,8.14,78.33,96.0,54,0,0.0
2024-01-01 00:09:33,573,DDoS Attack,DER_Controller,55,0.2355,1.5809,0.3952,39.45,9.83,76.45,95.0,55,0,0.0
2024-01-01 00:09:33,573,DDoS Attack,EV_Charger_1,382,0.9582,2.8276,0.9425,106.63,97.39,4.18,0.0,4,377,0.989
2024-01-01 00:09:33,573,DDoS Attack,EV_Charger_2,380,0.9948,6.7342,1.0,38.09,50.77,0.52,0.0,0,379,0.9986
2024-01-01 00:09:34,574,DDoS Attack,AMI_Meter,20,0.427,1.8357,0.6119,29.15,4.99,57.3,130.0,20,0,0.0
2024-01-01 00:09:34,574,DDoS Attack,PMU_Sensor,44,0.2207,0.69,0.23,49.61,8.13,77.93,106.0,44,0,0.0
2024-01-01 00:09:34,574,DDoS Attack,DER_Controller,29,0.243,1.061,0.2652,39.43,9.84,75.7,121.0,29,0,0.0
2024-01-01 00:09:34,574,DDoS Attack,EV_Charger_1,304,0.8725,2.0177,0.6726,106.97,97.65,12.75,0.0,12,291,0.9581
2024-01-01 00:09:34,574,DDoS Attack,EV_Charger_2,360,0.9964,6.124,1.0,38.65,52.47,0.36,0.0,0,359,0.999
2024-01-01 00:09:35,575,DDoS Attack,AMI_Meter,18,0.5214,2.2252,0.7417,29.13,5.0,47.86,132.0,18,0,0.0
2024-01-01 00:09:35,575,DDoS Attack,PMU_Sensor,39,0.2847,1.3018,0.4339,49.59,8.14,71.53,111.0,39,0,0.0
2024-01-01 00:09:35,575,DDoS Attack,DER_Controller,34,0.2167,0.552,0.138,39.43,9.83,78.33,116.0,34,0,0.0
2024-01-01 00:09:35,575,DDoS Attack,EV_Charger_1,346,0.854,2.4331,0.811,107.38,98.07,14.6,0.0,14,331,0.9578
2024-01-01 00:09:35,575,DDoS Attack,EV_Charger_2,372,0.9975,6.1355,1.0,39.22,54.24,0.25,0.0,0,371,0.9993
2024-01-01 00:09:36,576,DDoS Attack,AMI_Meter,31,0.4023,0.3726,0.1242,29.14,5.0,59.77,119.0,31,0,0.0
2024-01-01 00:09:36,576,DDoS Attack,PMU_Sensor,57,0.2901,0.9086,0.3029,49.61,8.14,70.99,93.0,57,0,0.0
2024-01-01 00:09:36,576,DDoS Attack,DER_Controller,47,0.2106,0.7696,0.1924,39.44,9.83,78.94,103.0,47,0,0.0
2024-01-01 00:09:36,576,DDoS Attack,EV_Charger_1,425,0.8978,3.2067,1.0,107.93,98.87,10.22,0.0,10,414,0.976
2024-01-01 00:09:36,576,DDoS Attack,EV_Charger_2,354,0.9982,5.6362,1.0,39.77,55.75,0.18,0.0,0,353,0.9995
2024-01-01 00:09:37,577,DDoS Attack,AMI_Meter,31,0.3188,0.3723,0.1241,29.14,5.0,68.12,119.0,31,0,0.0
2024-01-01 00:09:37,577,DDoS Attack,PMU_Sensor,54,0.257,0.5393,0.1798,49.61,8.13,74.3,96.0,54,0,0.0
2024-01-01 00:09:37,577,DDoS Attack,DER_Controller,41,0.1679,0.1588,0.0397,39.44,9.82,83.21,109.0,41,0,0.0
2024-01-01 00:09:37,577,DDoS Attack,EV_Charger_1,364,0.8857,2.5727,0.8576,108.38,99.36,11.43,0.0,11,352,0.9686
2024-01-01 00:09:37,577,DDoS Attack,EV_Charger_2,340,0.9988,5.2501,1.0,40.29,57.09,0.12,0.0,0,339,0.9996
2024-01-01 00:09:38,578,DDoS Attack,AMI_Meter,25,0.3059,0.8275,0.2758,29.13,4.99,69.41,125.0,25,0,0.0
2024-01-01 00:09:38,578,DDoS Attack,PMU_Sensor,53,0.2215,0.4159,0.1386,49.62,8.13,77.85,97.0,53,0,0.0
2024-01-01 00:09:38,578,DDoS Attack,DER_Controller,39,0.1287,0.0449,0.0112,39.44,9.81,87.13,111.0,39,0,0.0
2024-01-01 00:09:38,578,DDoS Attack,EV_Charger_1,353,0.8647,2.447,0.8157,108.8,99.79,13.53,0.0,13,339,0.9617
2024-01-01 00:09:38,578,DDoS Attack,EV_Charger_2,325,0.9991,4.8791,1.0,40.78,58.25,0.09,0.0,0,324,0.9997
2024-01-01 00:09:39,579,DDoS Attack,AMI_Meter,23,0.3367,1.2253,0.4084,29.12,5.0,66.33,127.0,23,0,0.0
2024-01-01 00:09:39,579,DDoS Attack,PMU_Sensor,57,0.2457,0.9068,0.3023,49.63,8.12,75.43,93.0,57,0,0.0
2024-01-01 00:09:39,579,DDoS Attack,DER_Controller,40,0.1001,0.057,0.0142,39.44,9.8,89.99,110.0,40,0,0.0
2024-01-01 00:09:39,579,DDoS Attack,EV_Charger_1,345,0.8407,2.3535,0.7845,109.21,100.19,15.93,0.0,15,329,0.9538
2024-01-01 00:09:39,579,DDoS Attack,EV_Charger_2,391,0.9994,5.8278,1.0,41.38,59.99,0.06,0.0,0,390,0.9998
2024-01-01 00:09:40,580,DDoS Attack,AMI_Meter,27,0.2781,0.4243,0.1414,29.12,4.99,72.19,123.0,27,0,0.0
2024-01-01 00:09:40,580,DDoS Attack,PMU_Sensor,38,0.3148,1.428,0.476,49.61,8.13,68.52,112.0,38,0,0.0
2024-01-01 00:09:40,580,DDoS Attack,DER_Controller,50,0.1423,1.0754,0.2688,39.46,9.8,85.77,100.0,50,0,0.0
2024-01-01 00:09:40,580,DDoS Attack,EV_Charger_1,358,0.8353,2.468,0.8227,109.64,100.63,16.47,0.0,16,341,0.954
2024-01-01 00:09:40,580,DDoS Attack,EV_Charger_2,336,0.9996,4.8079,1.0,41.89,61.17,0.04,0.0,0,335,0.9999
2024-01-01 00:09:41,581,DDoS Attack,AMI_Meter,30,0.2123,0.1763,0.0588,29.12,4.99,78.77,120.0,30,0,0.0
2024-01-01 00:09:41,581,DDoS Attack,PMU_Sensor,59,0.3356,1.152,0.384,49.63,8.13,66.44,91.0,59,0,0.0
2024-01-01 00:09:41,581,DDoS Attack,DER_Controller,40,0.1102,0.0551,0.0138,39.46,9.79,88.98,110.0,40,0,0.0
2024-01-01 00:09:41,581,DDoS Attack,EV_Charger_1,332,0.8045,2.1985,0.7328,110.02,100.97,19.55,0.0,19,312,0.9411
2024-01-01 00:09:41,581,DDoS Attack,EV_Charger_2,379,0.9997,5.3676,1.0,42.47,62.7,0.03,0.0,0,378,0.9999
2024-01-01 00:09:42,582,DDoS Attack,AMI_Meter,27,0.1911,0.4246,0.1415,29.12,4.99,80.89,123.0,27,0,0.0
2024-01-01 00:09:42,582,DDoS Attack,PMU_Sensor,65,0.4231,1.8823,0.6274,49.66,8.15,57.69,83.69,65,0,0.0
2024-01-01 00:09:42,582,DDoS Attack,DER_Controller,39,0.0856,0.047,0.0117,39.46,9.79,91.44,111.0,39,0,0.0
2024-01-01 00:09:42,582,DDoS Attack,EV_Charger_1,290,0.7408,1.7762,0.5921,110.33,101.16,25.92,0.0,25,264,0.9106
2024-01-01 00:09:42,582,DDoS Attack,EV_Charger_2,371,0.9998,5.1162,1.0,43.03,64.1,0.02,0.0,0,370,0.9999
2024-01-01 00:09:43,583,DDoS Attack,AMI_Meter,39,0.3312,1.9741,0.658,29.13,5.0,66.88,111.0,39,0,0.0
2024-01-01 00:09:43,583,DDoS Attack,PMU_Sensor,62,0.4472,1.51,0.5033,49.68,8.16,55.28,76.97,62,0,0.0
2024-01-01 00:09:43,583,DDoS Attack,DER_Controller,58,0.1821,1.8873,0.4718,39.49,9.81,81.79,92.0,58,0,0.0
2024-01-01 00:09:43,583,DDoS Attack,EV_Charger_1,339,0.7434,2.2488,0.7496,110.72,101.51,25.66,0.0,25,313,0.9243
2024-01-01 00:09:43,583,DDoS Attack,EV_Charger_2,396,0.9999,5.3638,1.0,43.64,65.69,0.01,0.0,0,395,1.0
2024-01-01 00:09:44,584,DDoS Attack,AMI_Meter,26,0.2944,0.6262,0.2087,29.13,5.0,70.56,124.0,26,0,0.0
2024-01-01 00:09:44,584,DDoS Attack,PMU_Sensor,51,0.3292,0.162,0.054,49.68,8.15,67.08,93.04,51,0,0.0
2024-01-01 00:09:44,584,DDoS Attack,DER_Controller,27,0.216,1.2709,0.3177,39.47,9.81,78.4,123.0,27,0,0.0
2024-01-01 00:09:44,584,DDoS Attack,EV_Charger_1,354,0.7587,2.3828,0.7943,111.13,101.92,24.13,0.0,24,329,0.9318
2024-01-01 00:09:44,584,DDoS Attack,EV_Charger_2,324,0.9999,4.1991,1.0,44.12,66.65,0.01,0.0,0,323,1.0
2024-01-01 00:09:45,585,DDoS Attack,AMI_Meter,34,0.3035,0.9736,0.3245,29.14,5.0,69.65,116.0,34,0,0.0
2024-01-01 00:09:45,585,DDoS Attack,PMU_Sensor,56,0.3079,0.7741,0.258,49.69,8.15,69.21,94.0,56,0,0.0
2024-01-01 00:09:45,585,DDoS Attack,DER_Controller,42,0.1781,0.2576,0.0644,39.47,9.8,82.19,108.0,42,0,0.0
2024-01-01 00:09:45,585,DDoS Attack,EV_Charger_1,325,0.74,2.0887,0.6962,111.5,102.22,26.0,0.0,26,298,0.92
2024-01-01 00:09:45,585,DDoS Attack,EV_Charger_2,340,0.9999,4.3625,1.0,44.62,67.71,0.01,0.0,0,339,1.0
2024-01-01 00:09:46,586,DDoS Attack,AMI_Meter,26,0.2751,0.6272,0.2091,29.13,4.99,72.49,124.0,26,0,0.0
2024-01-01 00:09:46,586,DDoS Attack,PMU_Sensor,56,0.2928,0.7731,0.2577,49.7,8.15,70.72,94.0,56,0,0.0
2024-01-01 00:09:46,586,DDoS Attack,DER_Controller,51,0.2069,1.1732,0.2933,39.49,9.81,79.31,99.0,51,0,0.0
2024-01-01 00:09:46,586,DDoS Attack,EV_Charger_1,422,0.818,3.0114,1.0,112.03,102.93,18.2,0.0,18,403,0.9569
2024-01-01 00:09:46,586,DDoS Attack,EV_Charger_2,321,0.9999,4.0217,1.0,45.09,68.6,0.01,0.0,0,320,1.0
2024-01-01 00:09:47,587,DDoS Attack,AMI_Meter,16,0.4539,2.6125,0.8708,29.11,5.02,54.61,134.0,16,0,0.0
2024-01-01 00:09:47,587,DDoS Attack,PMU_Sensor,35,0.3847,1.7974,0.5991,49.68,8.16,61.53,115.0,35,0,0.0
2024-01-01 00:09:47,587,DDoS Attack,DER_Controller,54,0.2474,1.4751,0.3688,39.52,9.82,75.26,96.0,54,0,0.0
2024-01-01 00:09:47,587,DDoS Attack,EV_Charger_1,363,0.815,2.4239,0.808,112.45,103.36,18.5,0.0,18,344,0.949
2024-01-01 00:09:47,587,DDoS Attack,EV_Charger_2,321,1.0,3.964,1.0,45.56,69.48,0.0,0.0,0,320,1.0
2024-01-01 00:09:48,588,DDoS Attack,AMI_Meter,38,0.4943,1.7658,0.5886,29.12,5.03,50.57,112.0,38,0,0.0
2024-01-01 00:09:48,588,DDoS Attack,PMU_Sensor,60,0.3955,1.2618,0.4206,49.69,8.17,60.45,90.0,60,0,0.0
2024-01-01 00:09:48,588,DDoS Attack,DER_Controller,40,0.1886,0.049,0.0122,39.52,9.81,81.14,110.0,40,0,0.0
2024-01-01 00:09:48,588,DDoS Attack,EV_Charger_1,368,0.8162,2.4575,0.8192,112.89,103.81,18.38,0.0,18,349,0.9501
2024-01-01 00:09:48,588,DDoS Attack,EV_Charger_2,349,1.0,4.2942,1.0,46.08,70.54,0.0,0.0,0,348,1.0
2024-01-01 00:09:49,589,DDoS Attack,AMI_Meter,31,0.3833,0.3729,0.1243,29.13,5.02,61.67,119.0,31,0,0.0
2024-01-01 00:09:49,589,DDoS Attack,PMU_Sensor,62,0.4271,1.5025,0.5008,49.71,8.18,57.29,85.29,62,0,0.0
2024-01-01 00:09:49,589,DDoS Attack,DER_Controller,44,0.17,0.4563,0.1141,39.53,9.8,83.0,106.0,44,0,0.0
2024-01-01 00:09:49,589,DDoS Attack,EV_Charger_1,409,0.8544,2.8305,0.9435,113.39,104.44,14.56,0.0,14,394,0.9644
2024-01-01 00:09:49,589,DDoS Attack,EV_Charger_2,407,1.0,5.0021,1.0,46.69,72.03,0.0,0.0,0,406,1.0
2024-01-01 00:09:50,590,DDoS Attack,AMI_Meter,24,0.3702,1.0189,0.3396,29.12,5.02,62.98,126.0,24,0,0.0
2024-01-01 00:09:50,590,DDoS Attack,PMU_Sensor,56,0.3757,0.7677,0.2559,49.72,8.17,62.43,91.72,56,0,0.0
2024-01-01 00:09:50,590,DDoS Attack,DER_Controller,37,0.1436,0.2576,0.0644,39.52,9.79,85.64,113.0,37,0,0.0
2024-01-01 00:09:50,590,DDoS Attack,EV_Charger_1,279,0.7562,1.581,0.527,113.67,104.57,24.38,0.0,24,254,0.9126
2024-01-01 00:09:50,590,DDoS Attack,EV_Charger_2,259,0.9923,2.9235,0.9745,47.05,72.5,0.77,0.0,0,258,0.997
2024-01-01 00:09:51,591,DDoS Attack,AMI_Meter,24,0.3608,1.0172,0.3391,29.11,5.02,63.92,126.0,24,0,0.0
2024-01-01 00:09:51,591,DDoS Attack,PMU_Sensor,54,0.3153,0.5225,0.1742,49.73,8.17,68.47,96.0,54,0,0.0
2024-01-01 00:09:51,591,DDoS Attack,DER_Controller,41,0.1171,0.1507,0.0377,39.53,9.79,88.29,109.0,41,0,0.0
2024-01-01 00:09:51,591,DDoS Attack,EV_Charger_1,387,0.789,2.5967,0.8656,114.13,105.08,21.1,0.0,21,365,0.9455
2024-01-01 00:09:51,591,DDoS Attack,EV_Charger_2,442,0.9946,5.3114,1.0,47.72,74.23,0.54,0.0,0,441,0.9988
2024-01-01 00:09:52,592,DDoS Attack,AMI_Meter,23,0.374,1.2137,0.4046,29.1,5.03,62.6,127.0,23,0,0.0
2024-01-01 00:09:52,592,DDoS Attack,PMU_Sensor,49,0.2296,0.0895,0.0298,49.73,8.16,77.04,101.0,49,0,0.0
2024-01-01 00:09:52,592,DDoS Attack,DER_Controller,43,0.11,0.3547,0.0887,39.53,9.78,89.0,107.0,43,0,0.0
2024-01-01 00:09:52,592,DDoS Attack,EV_Charger_1,350,0.7756,2.2332,0.7444,114.53,105.44,22.44,0.0,22,327,0.9359
2024-01-01 00:09:52,592,DDoS Attack,EV_Charger_2,356,0.9962,4.0902,1.0,48.24,75.24,0.38,0.0,0,355,0.9989
2024-01-01 00:09:53,593,DDoS Attack,AMI_Meter,22,0.4027,1.4091,0.4697,29.09,5.03,59.73,128.0,22,0,0.0
2024-01-01 00:09:53,593,DDoS Attack,PMU_Sensor,61,0.2985,1.3773,0.4591,49.75,8.17,70.15,89.0,61,0,0.0
2024-01-01 00:09:53,593,DDoS Attack,DER_Controller,33,0.1242,0.6671,0.1668,39.52,9.77,87.58,117.0,33,0,0.0
2024-01-01 00:09:53,593,DDoS Attack,EV_Charger_1,461,0.8429,3.2537,1.0,115.11,106.31,15.71,0.0,15,445,0.9659
2024-01-01 00:09:53,593,DDoS Attack,EV_Charger_2,353,0.9974,3.9921,1.0,48.75,76.21,0.26,0.0,0,352,0.9993
2024-01-01 00:09:54,594,DDoS Attack,AMI_Meter,35,0.3992,1.1732,0.3911,29.1,5.03,60.08,115.0,35,0,0.0
2024-01-01 00:09:54,594,DDoS Attack,PMU_Sensor,49,0.2181,0.0916,0.0305,49.75,8.16,78.19,101.0,49,0,0.0
2024-01-01 00:09:54,594,DDoS Attack,DER_Controller,39,0.0965,0.0532,0.0133,39.52,9.77,90.35,111.0,39,0,0.0
2024-01-01 00:09:54,594,DDoS Attack,EV_Charger_1,356,0.8155,2.2543,0.7514,115.52,106.68,18.45,0.0,18,337,0.9482
2024-01-01 00:09:54,594,DDoS Attack,EV_Charger_2,360,0.9982,4.0244,1.0,49.27,77.21,0.18,0.0,0,359,0.9995
2024-01-01 00:09:55,595,DDoS Attack,AMI_Meter,31,0.3172,0.3778,0.1259,29.1,5.03,68.28,119.0,31,0,0.0
2024-01-01 00:09:55,595,DDoS Attack,PMU_Sensor,43,0.2352,0.8256,0.2752,49.74,8.16,76.48,107.0,43,0,0.0
2024-01-01 00:09:55,595,DDoS Attack,DER_Controller,38,0.0821,0.1554,0.0389,39.52,9.76,91.79,112.0,38,0,0.0
2024-01-01 00:09:55,595,DDoS Attack,EV_Charger_1,355,0.7942,2.2336,0.7445,115.92,107.04,20.58,0.0,20,334,0.942
2024-01-01 00:09:55,595,DDoS Attack,EV_Charger_2,458,0.9987,5.1689,1.0,49.96,78.94,0.13,0.0,0,457,0.9997
2024-01-01 00:09:56,596,DDoS Attack,AMI_Meter,29,0.2241,0.02,0.0067,29.1,5.02,77.59,121.0,29,0,0.0
2024-01-01 00:09:56,596,DDoS Attack,PMU_Sensor,62,0.3145,1.4988,0.4996,49.76,8.17,68.55,88.0,62,0,0.0
2024-01-01 00:09:56,596,DDoS Attack,DER_Controller,38,0.0713,0.1553,0.0388,39.51,9.75,92.87,112.0,38,0,0.0
2024-01-01 00:09:56,596,DDoS Attack,EV_Charger_1,390,0.8104,2.5445,0.8482,116.38,107.53,18.96,0.0,18,371,0.9514
2024-01-01 00:09:56,596,DDoS Attack,EV_Charger_2,295,0.9991,3.0767,1.0,50.37,79.51,0.09,0.0,0,294,0.9997
2024-01-01 00:09:57,597,DDoS Attack,AMI_Meter,27,0.1986,0.4177,0.1392,29.1,5.02,80.14,123.0,27,0,0.0
2024-01-01 00:09:57,597,DDoS Attack,PMU_Sensor,51,0.2354,0.152,0.0507,49.76,8.16,76.46,99.0,51,0,0.0
2024-01-01 00:09:57,597,DDoS Attack,DER_Controller,55,0.1524,1.5836,0.3959,39.54,9.76,84.76,95.0,55,0,0.0
2024-01-01 00:09:57,597,DDoS Attack,EV_Charger_1,388,0.8183,2.5104,0.8368,116.83,108.02,18.17,0.0,18,369,0.9532
2024-01-01 00:09:57,597,DDoS Attack,EV_Charger_2,417,0.9994,4.5274,1.0,50.98,80.85,0.06,0.0,0,416,0.9998
2024-01-01 00:09:58,598,DDoS Attack,AMI_Meter,33,0.2167,0.7765,0.2588,29.1,5.02,78.33,117.0,33,0,0.0
2024-01-01 00:09:58,598,DDoS Attack,PMU_Sensor,63,0.3265,1.6174,0.5391,49.78,8.17,67.35,87.0,63,0,0.0
2024-01-01 00:09:58,598,DDoS Attack,DER_Controller,39,0.1178,0.0553,0.0138,39.54,9.75,88.22,111.0,39,0,0.0
2024-01-01 00:09:58,598,DDoS Attack,EV_Charger_1,475,0.8728,3.2831,1.0,117.43,108.91,12.72,0.0,12,462,0.9732
2024-01-01 00:09:58,598,DDoS Attack,EV_Charger_2,333,0.9996,3.4505,1.0,51.45,81.6,0.04,0.0,0,332,0.9999
2024-01-01 00:09:59,599,DDoS Attack,AMI_Meter,26,0.2134,0.6177,0.2059,29.1,5.02,78.66,124.0,26,0,0.0
2024-01-01 00:09:59,599,DDoS Attack,PMU_Sensor,40,0.348,1.1944,0.3981,49.76,8.18,65.2,110.0,40,0,0.0
2024-01-01 00:09:59,599,DDoS Attack,DER_Controller,63,0.2378,2.3916,0.5979,39.58,9.79,76.22,87.0,63,0,0.0
2024-01-01 00:09:59,599,DDoS Attack,EV_Charger_1,412,0.8796,2.686,0.8953,117.92,109.48,12.04,0.0,12,399,0.9708
2024-01-01 00:09:59,599,DDoS Attack,EV_Charger_2,339,0.9997,3.4852,1.0,51.93,82.37,0.03,0.0,0,338,0.9999
2024-01-01 00:10:00,600,DDoS Attack,AMI_Meter,36,0.2867,1.3727,0.4576,29.11,5.02,71.33,114.0,36,0,0.0
2024-01-01 00:10:00,600,DDoS Attack,PMU_Sensor,55,0.3075,0.6395,0.2132,49.77,8.17,69.25,95.0,55,0,0.0
2024-01-01 00:10:00,600,DDoS Attack,DER_Controller,59,0.3018,1.975,0.4938,39.61,9.82,69.82,91.0,59,0,0.0
2024-01-01 00:10:00,600,DDoS Attack,EV_Charger_1,318,0.7978,1.8209,0.607,118.25,109.7,20.22,0.0,20,297,0.9364
2024-01-01 00:10:00,600,DDoS Attack,EV_Charger_2,343,0.9998,3.4946,1.0,52.42,83.15,0.02,0.0,0,342,0.9999
2024-01-01 00:10:01,601,DDoS Attack,AMI_Meter,27,0.2427,0.4199,0.14,29.11,5.02,75.73,123.0,27,0,0.0
2024-01-01 00:10:01,601,DDoS Attack,PMU_Sensor,34,0.4076,1.9227,0.6409,49.75,8.19,59.24,116.0,34,0,0.0
2024-01-01 00:10:01,601,DDoS Attack,DER_Controller,50,0.2924,1.0564,0.2641,39.63,9.82,70.76,100.0,50,0,0.0
2024-01-01 00:10:01,601,DDoS Attack,EV_Charger_1,369,0.7859,2.274,0.758,118.67,110.08,21.41,0.0,21,347,0.942
2024-01-01 00:10:01,601,DDoS Attack,EV_Charger_2,388,0.9998,3.9789,1.0,52.97,84.2,0.02,0.0,0,387,1.0
2024-01-01 00:10:02,602,DDoS Attack,AMI_Meter,41,0.4057,2.3582,0.7861,29.13,5.04,59.43,109.0,41,0,0.0
2024-01-01 00:10:02,602,DDoS Attack,PMU_Sensor,47,0.3188,0.3351,0.1117,49.74,8.18,68.12,103.0,47,0,0.0
2024-01-01 00:10:02,602,DDoS Attack,DER_Controller,35,0.2487,0.4709,0.1177,39.62,9.81,75.13,115.0,35,0,0.0
2024-01-01 00:10:02,602,DDoS Attack,EV_Charger_1,384,0.7898,2.3968,0.7989,119.11,110.52,21.02,0.0,21,362,0.9453
2024-01-01 00:10:02,602,DDoS Attack,EV_Charger_2,399,0.9999,4.0497,1.0,53.55,85.3,0.01,0.0,0,398,1.0
2024-01-01 00:10:03,603,DDoS Attack,AMI_Meter,27,0.3262,0.4218,0.1406,29.12,5.03,67.38,123.0,27,0,0.0
2024-01-01 00:10:03,603,DDoS Attack,PMU_Sensor,44,0.2932,0.7008,0.2336,49.73,8.18,70.68,106.0,44,0,0.0
2024-01-01 00:10:03,603,DDoS Attack,DER_Controller,50,0.2525,1.056,0.264,39.64,9.81,74.75,100.0,50,0,0.0
2024-01-01 00:10:03,603,DDoS Attack,EV_Charger_1,395,0.801,2.4814,0.8271,119.57,111.0,19.9,0.0,19,375,0.9496
2024-01-01 00:10:03,603,DDoS Attack,EV_Charger_2,262,0.9429,2.4297,0.8099,53.89,85.65,5.71,0.0,5,256,0.9782
2024-01-01 00:10:04,604,DDoS Attack,AMI_Meter,23,0.3497,1.2143,0.4048,29.11,5.03,65.03,127.0,23,0,0.0
2024-01-01 00:10:04,604,DDoS Attack,PMU_Sensor,62,0.3548,1.4954,0.4985,49.75,8.19,64.52,88.0,62,0,0.0
2024-01-01 00:10:04,604,DDoS Attack,DER_Controller,44,0.2172,0.4441,0.111,39.64,9.81,78.28,106.0,44,0,0.0
2024-01-01 00:10:04,604,DDoS Attack,EV_Charger_1,349,0.7665,2.058,0.686,119.95,111.3,23.35,0.0,23,325,0.9331
2024-01-01 00:10:04,604,DDoS Attack,EV_Charger_2,347,0.96,3.3865,1.0,54.38,86.41,4.0,0.0,3,343,0.9885
2024-01-01 00:10:05,605,DDoS Attack,AMI_Meter,30,0.2624,0.1762,0.0587,29.11,5.03,73.76,120.0,30,0,0.0
2024-01-01 00:10:05,605,DDoS Attack,PMU_Sensor,55,0.3124,0.6399,0.2133,49.76,8.19,68.76,95.0,55,0,0.0
2024-01-01 00:10:05,605,DDoS Attack,DER_Controller,26,0.2496,1.3881,0.347,39.62,9.81,75.04,124.0,26,0,0.0
2024-01-01 00:10:05,605,DDoS Attack,EV_Charger_1,346,0.7388,2.0225,0.6742,120.32,111.58,26.12,0.0,26,319,0.9245
2024-01-01 00:10:05,605,DDoS Attack,EV_Charger_2,367,0.972,3.5765,1.0,54.89,87.27,2.8,0.0,2,364,0.9924
2024-01-01 00:10:06,606,DDoS Attack,AMI_Meter,29,0.186,0.0226,0.0075,29.11,5.03,81.4,121.0,29,0,0.0
2024-01-01 00:10:06,606,DDoS Attack,PMU_Sensor,54,0.2704,0.5172,0.1724,49.77,8.18,72.96,96.0,54,0,0.0
2024-01-01 00:10:06,606,DDoS Attack,DER_Controller,27,0.2674,1.2833,0.3208,39.6,9.82,73.26,123.0,27,0,0.0
2024-01-01 00:10:06,606,DDoS Attack,EV_Charger_1,394,0.761,2.4386,0.8129,120.77,112.04,23.9,0.0,23,370,0.9393
2024-01-01 00:10:06,606,DDoS Attack,EV_Charger_2,404,0.9804,3.9455,1.0,55.47,88.34,1.96,0.0,1,402,0.9952
2024-01-01 00:10:07,607,DDoS Attack,AMI_Meter,32,0.1875,0.5737,0.1912,29.12,5.02,81.25,118.0,32,0,0.0
2024-01-01 00:10:07,607,DDoS Attack,PMU_Sensor,51,0.2043,0.1503,0.0501,49.77,8.17,79.57,99.0,51,0,0.0
2024-01-01 00:10:07,607,DDoS Attack,DER_Controller,39,0.2044,0.0612,0.0153,39.6,9.81,79.56,111.0,39,0,0.0
2024-01-01 00:10:07,607,DDoS Attack,EV_Charger_1,346,0.7329,2.0019,0.6673,121.14,112.32,26.71,0.0,26,319,0.9228
2024-01-01 00:10:07,607,DDoS Attack,EV_Charger_2,351,0.9863,3.3124,1.0,55.95,89.07,1.37,0.0,1,349,0.9961
2024-01-01 00:10:08,608,DDoS Attack,AMI_Meter,36,0.268,1.3668,0.4556,29.13,5.03,73.2,114.0,36,0,0.0
2024-01-01 00:10:08,608,DDoS Attack,PMU_Sensor,49,0.1524,0.0943,0.0314,49.77,8.17,84.76,101.0,49,0,0.0
2024-01-01 00:10:08,608,DDoS Attack,DER_Controller,31,0.208,0.8753,0.2188,39.59,9.81,79.2,119.0,31,0,0.0
2024-01-01 00:10:08,608,DDoS Attack,EV_Charger_1,360,0.7247,2.1169,0.7056,121.53,112.65,27.53,0.0,27,332,0.9235
2024-01-01 00:10:08,608,DDoS Attack,EV_Charger_2,364,0.9904,3.422,1.0,56.46,89.87,0.96,0.0,0,363,0.9974
2024-01-01 00:10:09,609,DDoS Attack,AMI_Meter,28,0.21,0.2246,0.0749,29.13,5.02,79.0,122.0,28,0,0.0
2024-01-01 00:10:09,609,DDoS Attack,PMU_Sensor,53,0.1462,0.3951,0.1317,49.78,8.16,85.38,97.0,53,0,0.0
2024-01-01 00:10:09,609,DDoS Attack,DER_Controller,45,0.1905,0.5513,0.1378,39.6,9.8,80.95,105.0,45,0,0.0
2024-01-01 00:10:09,609,DDoS Attack,EV_Charger_1,415,0.7662,2.5887,0.8629,122.01,113.18,23.38,0.0,23,391,0.9437
2024-01-01 00:10:09,609,DDoS Attack,EV_Charger_2,419,0.9933,3.9779,1.0,57.05,90.99,0.67,0.0,0,418,0.9984
2024-01-01 00:10:10,610,DDoS Attack,AMI_Meter,34,0.2439,0.9685,0.3228,29.14,5.02,75.61,116.0,34,0,0.0
2024-01-01 00:10:10,610,DDoS Attack,PMU_Sensor,42,0.1975,0.9512,0.3171,49.76,8.16,80.25,108.0,42,0,0.0
2024-01-01 00:10:10,610,DDoS Attack,DER_Controller,30,0.2039,0.9772,0.2443,39.58,9.8,79.61,120.0,30,0,0.0
2024-01-01 00:10:10,610,DDoS Attack,EV_Charger_1,376,0.7596,2.2331,0.7444,122.43,113.55,24.04,0.0,24,351,0.9361
2024-01-01 00:10:10,610,DDoS Attack,EV_Charger_2,334,0.9953,3.0184,1.0,57.51,91.6,0.47,0.0,0,333,0.9986
2024-01-01 00:10:11,611,DDoS Attack,AMI_Meter,24,0.2728,1.0209,0.3403,29.13,5.02,72.72,126.0,24,0,0.0
2024-01-01 00:10:11,611,DDoS Attack,PMU_Sensor,46,0.1843,0.4606,0.1535,49.76,8.16,81.57,104.0,46,0,0.0
2024-01-01 00:10:11,611,DDoS Attack,DER_Controller,35,0.1821,0.4667,0.1167,39.57,9.8,81.79,115.0,35,0,0.0
2024-01-01 00:10:11,611,DDoS Attack,EV_Charger_1,353,0.7339,2.022,0.674,122.81,113.84,26.61,0.0,26,326,0.9246
2024-01-01 00:10:11,611,DDoS Attack,EV_Charger_2,340,0.9967,3.0576,1.0,57.97,92.24,0.33,0.0,0,339,0.999
2024-01-01 00:10:12,612,DDoS Attack,AMI_Meter,35,0.3077,1.167,0.389,29.14,5.02,69.23,115.0,35,0,0.0
2024-01-01 00:10:12,612,DDoS Attack,PMU_Sensor,51,0.1442,0.1523,0.0508,49.76,8.15,85.58,99.0,51,0,0.0
2024-01-01 00:10:12,612,DDoS Attack,DER_Controller,64,0.2915,2.4789,0.6197,39.61,9.84,70.85,86.0,64,0,0.0
2024-01-01 00:10:12,612,DDoS Attack,EV_Charger_1,386,0.7438,2.3,0.7667,123.24,114.24,25.62,0.0,25,360,0.9336
2024-01-01 00:10:12,612,DDoS Attack,EV_Charger_2,341,0.9977,3.0427,1.0,58.43,92.87,0.23,0.0,0,340,0.9993
2024-01-01 00:10:13,613,DDoS Attack,AMI_Meter,30,0.2325,0.1716,0.0572,29.14,5.02,76.75,120.0,30,0,0.0
2024-01-01 00:10:13,613,DDoS Attack,PMU_Sensor,52,0.1284,0.2748,0.0916,49.76,8.14,87.16,98.0,52,0,0.0
2024-01-01 00:10:13,613,DDoS Attack,DER_Controller,44,0.2465,0.4456,0.1114,39.62,9.83,75.35,106.0,44,0,0.0
2024-01-01 00:10:13,613,DDoS Attack,EV_Charger_1,463,0.8157,2.9504,0.9835,123.79,114.97,18.43,0.0,18,444,0.9602
2024-01-01 00:10:13,613,DDoS Attack,EV_Charger_2,316,0.9738,2.754,0.918,58.85,93.37,2.62,0.0,2,313,0.9917
2024-01-01 00:10:14,614,DDoS Attack,AMI_Meter,34,0.2595,0.9669,0.3223,29.15,5.02,74.05,116.0,34,0,0.0
2024-01-01 00:10:14,614,DDoS Attack,PMU_Sensor,51,0.1051,0.1519,0.0506,49.76,8.14,89.49,99.0,51,0,0.0
2024-01-01 00:10:14,614,DDoS Attack,DER_Controller,24,0.2839,1.584,0.396,39.59,9.84,71.61,126.0,24,0,0.0
2024-01-01 00:10:14,614,DDoS Attack,EV_Charger_1,410,0.8185,2.4749,0.825,124.26,115.46,18.15,0.0,18,391,0.9557
2024-01-01 00:10:14,614,DDoS Attack,EV_Charger_2,412,0.9817,3.7358,1.0,59.42,94.38,1.83,0.0,1,410,0.9955
2024-01-01 00:10:15,615,DDoS Attack,AMI_Meter,25,0.2641,0.8249,0.275,29.14,5.02,73.59,125.0,25,0,0.0
2024-01-01 00:10:15,615,DDoS Attack,PMU_Sensor,49,0.083,0.0939,0.0313,49.76,8.13,91.7,101.0,49,0,0.0
2024-01-01 00:10:15,615,DDoS Attack,DER_Controller,22,0.3242,1.7811,0.4453,39.56,9.86,67.58,128.0,22,0,0.0
2024-01-01 00:10:15,615,DDoS Attack,EV_Charger_1,329,0.7497,1.7674,0.5891,124.59,115.66,25.03,0.0,25,303,0.9239
2024-01-01 00:10:15,615,DDoS Attack,EV_Charger_2,402,0.9872,3.5886,1.0,59.98,95.31,1.28,0.0,1,400,0.9968
2024-01-01 00:10:16,616,DDoS Attack,AMI_Meter,27,0.2275,0.426,0.142,29.14,5.02,77.25,123.0,27,0,0.0
2024-01-01 00:10:16,616,DDoS Attack,PMU_Sensor,41,0.1657,1.076,0.3587,49.75,8.13,83.43,109.0,41,0,0.0
2024-01-01 00:10:16,616,DDoS Attack,DER_Controller,42,0.2586,0.2467,0.0617,39.57,9.85,74.14,108.0,42,0,0.0
2024-01-01 00:10:16,616,DDoS Attack,EV_Charger_1,359,0.7266,2.0184,0.6728,124.97,115.95,27.34,0.0,27,331,0.9238
2024-01-01 00:10:16,616,DDoS Attack,EV_Charger_2,333,0.9754,2.8435,0.9478,60.42,95.86,2.46,0.0,2,330,0.9926
2024-01-01 00:10:17,617,DDoS Attack,AMI_Meter,33,0.2362,0.7695,0.2565,29.14,5.01,76.38,117.0,33,0,0.0
2024-01-01 00:10:17,617,DDoS Attack,PMU_Sensor,40,0.2356,1.1966,0.3989,49.73,8.13,76.44,110.0,40,0,0.0
2024-01-01 00:10:17,617,DDoS Attack,DER_Controller,30,0.2545,0.9695,0.2424,39.55,9.85,74.55,120.0,30,0,0.0
2024-01-01 00:10:17,617,DDoS Attack,EV_Charger_1,386,0.7327,2.2403,0.7468,125.39,116.33,26.73,0.0,26,359,0.9307
2024-01-01 00:10:17,617,DDoS Attack,EV_Charger_2,398,0.9827,3.4839,1.0,60.97,96.74,1.73,0.0,1,396,0.9957
2024-01-01 00:10:18,618,DDoS Attack,AMI_Meter,36,0.3018,1.3647,0.4549,29.15,5.02,69.82,114.0,36,0,0.0
2024-01-01 00:10:18,618,DDoS Attack,PMU_Sensor,44,0.2353,0.704,0.2347,49.72,8.13,76.47,106.0,44,0,0.0
2024-01-01 00:10:18,618,DDoS Attack,DER_Controller,49,0.2507,0.9572,0.2393,39.57,9.85,74.93,101.0,49,0,0.0
2024-01-01 00:10:18,618,DDoS Attack,EV_Charger_1,348,0.7035,1.9064,0.6355,125.75,116.58,29.65,0.0,29,318,0.9148
2024-01-01 00:10:18,618,DDoS Attack,EV_Charger_2,437,0.9879,3.8372,1.0,61.58,97.84,1.21,0.0,1,435,0.9972
2024-01-01 00:10:19,619,DDoS Attack,AMI_Meter,24,0.3138,1.0255,0.3418,29.15,5.02,68.62,126.0,24,0,0.0
2024-01-01 00:10:19,619,DDoS Attack,PMU_Sensor,60,0.2909,1.2613,0.4204,49.74,8.13,70.91,90.0,60,0,0.0
2024-01-01 00:10:19,619,DDoS Attack,DER_Controller,33,0.2297,0.6659,0.1665,39.56,9.85,77.03,117.0,33,0,0.0
2024-01-01 00:10:19,619,DDoS Attack,EV_Charger_1,460,0.7771,2.846,0.9487,126.29,117.26,22.29,0.0,22,437,0.9515
2024-01-01 00:10:19,619,DDoS Attack,EV_Charger_2,381,0.9915,3.2345,1.0,62.09,98.6,0.85,0.0,0,380,0.9978
2024-01-01 00:10:20,620,DDoS Attack,AMI_Meter,24,0.3221,1.0238,0.3413,29.14,5.02,67.79,126.0,24,0,0.0
2024-01-01 00:10:20,620,DDoS Attack,PMU_Sensor,45,0.2618,0.5821,0.194,49.73,8.13,73.82,105.0,45,0,0.0
2024-01-01 00:10:20,620,DDoS Attack,DER_Controller,47,0.2194,0.7547,0.1887,39.57,9.85,78.06,103.0,47,0,0.0
2024-01-01 00:10:20,620,DDoS Attack,EV_Charger_1,422,0.7946,2.5071,0.8357,126.76,117.76,20.54,0.0,20,401,0.9513
2024-01-01 00:10:20,620,DDoS Attack,EV_Charger_2,351,0.9849,2.9078,0.9693,62.56,99.2,1.51,0.0,1,349,0.9957
2024-01-01 00:10:21,621,DDoS Attack,AMI_Meter,30,0.2426,0.1719,0.0573,29.14,5.01,75.74,120.0,30,0,0.0
2024-01-01 00:10:21,621,DDoS Attack,PMU_Sensor,56,0.2603,0.7699,0.2566,49.74,8.13,73.97,94.0,56,0,0.0
2024-01-01 00:10:21,621,DDoS Attack,DER_Controller,41,0.1736,0.1451,0.0363,39.57,9.84,82.64,109.0,41,0,0.0
2024-01-01 00:10:21,621,DDoS Attack,EV_Charger_1,328,0.7266,1.7035,0.5678,127.09,117.94,27.34,0.0,27,300,0.9166
2024-01-01 00:10:21,621,DDoS Attack,EV_Charger_2,318,0.9453,2.5594,0.8531,62.97,99.64,5.47,0.0,5,312,0.9828
2024-01-01 00:10:22,622,DDoS Attack,AMI_Meter,31,0.2069,0.371,0.1237,29.14,5.01,79.31,119.0,31,0,0.0
2024-01-01 00:10:22,622,DDoS Attack,PMU_Sensor,59,0.2959,1.1369,0.379,49.76,8.13,70.41,91.0,59,0,0.0
2024-01-01 00:10:22,622,DDoS Attack,DER_Controller,56,0.2343,1.6648,0.4162,39.6,9.85,76.57,94.0,56,0,0.0
2024-01-01 00:10:22,622,DDoS Attack,EV_Charger_1,411,0.748,2.3942,0.7981,127.54,118.39,25.2,0.0,25,385,0.9387
2024-01-01 00:10:22,622,DDoS Attack,EV_Charger_2,367,0.9617,3.0262,1.0,63.46,100.31,3.83,0.0,3,363,0.9896
2024-01-01 00:10:23,623,DDoS Attack,AMI_Meter,33,0.2218,0.7692,0.2564,29.15,5.01,77.82,117.0,33,0,0.0
2024-01-01 00:10:23,623,DDoS Attack,PMU_Sensor,44,0.2779,0.7074,0.2358,49.75,8.13,72.21,106.0,44,0,0.0
2024-01-01 00:10:23,623,DDoS Attack,DER_Controller,38,0.1858,0.1621,0.0405,39.6,9.84,81.42,112.0,38,0,0.0
2024-01-01 00:10:23,623,DDoS Attack,EV_Charger_1,347,0.7083,1.847,0.6157,127.9,118.63,29.17,0.0,29,317,0.9159
2024-01-01 00:10:23,623,DDoS Attack,EV_Charger_2,298,0.9058,2.3262,0.7754,63.83,100.66,9.42,0.0,9,288,0.9684
2024-01-01 00:10:24,624,DDoS Attack,AMI_Meter,31,0.1922,0.3696,0.1232,29.15,5.0,80.78,119.0,31,0,0.0
2024-01-01 00:10:24,624,DDoS Attack,PMU_Sensor,51,0.2099,0.1539,0.0513,49.75,8.12,79.01,99.0,51,0,0.0
2024-01-01 00:10:24,624,DDoS Attack,DER_Controller,46,0.18,0.6498,0.1624,39.61,9.84,82.0,104.0,46,0,0.0
2024-01-01 00:10:24,624,DDoS Attack,EV_Charger_1,401,0.7249,2.2907,0.7636,128.33,119.03,27.51,0.0,27,373,0.9314
2024-01-01 00:10:24,624,DDoS Attack,EV_Charger_2,365,0.9309,2.9682,0.9894,64.31,101.3,6.91,0.0,6,358,0.9811
2024-01-01 00:10:25,625,DDoS Attack,AMI_Meter,32,0.1914,0.5688,0.1896,29.15,5.0,80.86,118.0,32,0,0.0
2024-01-01 00:10:25,625,DDoS Attack,PMU_Sensor,49,0.1562,0.0923,0.0308,49.75,8.11,84.38,101.0,49,0,0.0
2024-01-01 00:10:25,625,DDoS Attack,DER_Controller,44,0.1629,0.4461,0.1115,39.61,9.83,83.71,106.0,44,0,0.0
2024-01-01 00:10:25,625,DDoS Attack,EV_Charger_1,350,0.693,1.8556,0.6185,128.69,119.27,30.7,0.0,30,319,0.9123
2024-01-01 00:10:25,625,DDoS Attack,EV_Charger_2,371,0.9516,3.0031,1.0,64.8,101.96,4.84,0.0,4,366,0.987
2024-01-01 00:10:26,626,DDoS Attack,AMI_Meter,33,0.2108,0.7677,0.2559,29.16,5.0,78.92,117.0,33,0,0.0
2024-01-01 00:10:26,626,DDoS Attack,PMU_Sensor,44,0.1801,0.7078,0.2359,49.74,8.11,81.99,106.0,44,0,0.0
2024-01-01 00:10:26,626,DDoS Attack,DER_Controller,40,0.1246,0.0393,0.0098,39.61,9.83,87.54,110.0,40,0,0.0
2024-01-01 00:10:26,626,DDoS Attack,EV_Charger_1,355,0.6742,1.8906,0.6302,129.05,119.51,32.58,0.0,32,322,0.9082
2024-01-01 00:10:26,626,DDoS Attack,EV_Charger_2,331,0.9256,2.5946,0.8649,65.23,102.43,7.44,0.0,7,323,0.9775
2024-01-01 00:10:27,627,DDoS Attack,AMI_Meter,24,0.2506,1.0304,0.3435,29.15,5.0,74.94,126.0,24,0,0.0
2024-01-01 00:10:27,627,DDoS Attack,PMU_Sensor,60,0.2523,1.2625,0.4208,49.76,8.11,74.77,90.0,60,0,0.0
2024-01-01 00:10:27,627,DDoS Attack,DER_Controller,50,0.1594,1.0553,0.2638,39.63,9.83,84.06,100.0,50,0,0.0
2024-01-01 00:10:27,627,DDoS Attack,EV_Charger_1,401,0.6983,2.2643,0.7548,129.48,119.91,30.17,0.0,30,370,0.9248
2024-01-01 00:10:27,627,DDoS Attack,EV_Charger_2,443,0.9479,3.6457,1.0,65.83,103.46,5.21,0.0,5,437,0.9882
2024-01-01 00:10:28,628,DDoS Attack,AMI_Meter,29,0.1785,0.0305,0.0102,29.15,5.0,82.15,121.0,29,0,0.0
2024-01-01 00:10:28,628,DDoS Attack,PMU_Sensor,74,0.4731,2.9646,0.9882,49.79,8.16,52.69,68.69,74,0,0.0
2024-01-01 00:10:28,628,DDoS Attack,DER_Controller,37,0.1363,0.2675,0.0669,39.63,9.82,86.37,113.0,37,0,0.0
2024-01-01 00:10:28,628,DDoS Attack,EV_Charger_1,390,0.7051,2.1628,0.7209,129.9,120.26,29.49,0.0,29,360,0.9244
2024-01-01 00:10:28,628,DDoS Attack,EV_Charger_2,337,0.924,2.6048,0.8683,66.26,103.94,7.6,0.0,7,329,0.9775
2024-01-01 00:10:29,629,DDoS Attack,AMI_Meter,31,0.1619,0.3694,0.1231,29.16,4.99,83.81,119.0,31,0,0.0
2024-01-01 00:10:29,629,DDoS Attack,PMU_Sensor,56,0.4071,0.759,0.253,49.8,8.16,59.29,71.99,56,0,0.0
2024-01-01 00:10:29,629,DDoS Attack,DER_Controller,38,0.1126,0.1655,0.0414,39.62,9.81,88.74,112.0,38,0,0.0
2024-01-01 00:10:29,629,DDoS Attack,EV_Charger_1,451,0.7589,2.6529,0.8843,130.4,120.85,24.11,0.0,24,426,0.9465
2024-01-01 00:10:29,629,DDoS Attack,EV_Charger_2,365,0.9321,2.8533,0.9511,66.73,104.53,6.79,0.0,6,358,0.9814
2024-01-01 00:10:30,630,DDoS Attack,AMI_Meter,31,0.1502,0.3691,0.123,29.16,4.99,84.98,119.0,31,0,0.0
2024-01-01 00:10:30,630,DDoS Attack,PMU_Sensor,42,0.3804,0.9548,0.3183,49.79,8.16,61.96,91.95,42,0,0.0
2024-01-01 00:10:30,630,DDoS Attack,DER_Controller,44,0.1123,0.4456,0.1114,39.63,9.81,88.77,106.0,44,0,0.0
2024-01-01 00:10:30,630,DDoS Attack,EV_Charger_1,374,0.732,2.0077,0.6692,130.79,121.14,26.8,0.0,26,347,0.9283
2024-01-01 00:10:30,630,DDoS Attack,EV_Charger_2,327,0.9001,2.4756,0.8252,67.15,104.96,9.99,0.0,9,317,0.9694
2024-01-01 00:10:31,631,DDoS Attack,AMI_Meter,26,0.1684,0.6323,0.2108,29.15,4.99,83.16,124.0,26,0,0.0
2024-01-01 00:10:31,631,DDoS Attack,PMU_Sensor,71,0.5246,2.5827,0.8609,49.83,8.2,47.54,68.49,71,0,0.0
2024-01-01 00:10:31,631,DDoS Attack,DER_Controller,37,0.101,0.2681,0.067,39.63,9.8,89.9,113.0,37,0,0.0
2024-01-01 00:10:31,631,DDoS Attack,EV_Charger_1,321,0.669,1.5659,0.522,131.09,121.28,33.1,0.0,33,287,0.8969
2024-01-01 00:10:31,631,DDoS Attack,EV_Charger_2,323,0.8725,2.4242,0.8081,67.55,105.37,12.75,0.0,12,310,0.9605
2024-01-01 00:10:32,632,DDoS Attack,AMI_Meter,29,0.1209,0.0307,0.0102,29.15,4.98,87.91,121.0,29,0,0.0
2024-01-01 00:10:32,632,DDoS Attack,PMU_Sensor,54,0.4181,0.5086,0.1695,49.83,8.19,58.19,72.68,54,0,0.0
2024-01-01 00:10:32,632,DDoS Attack,DER_Controller,45,0.11,0.5479,0.137,39.64,9.79,89.0,105.0,45,0,0.0
2024-01-01 00:10:32,632,DDoS Attack,EV_Charger_1,407,0.6947,2.2639,0.7546,131.53,121.68,30.53,0.0,30,376,0.925
2024-01-01 00:10:32,632,DDoS Attack,EV_Charger_2,325,0.8537,2.4298,0.8099,67.96,105.79,14.63,0.0,14,310,0.955
2024-01-01 00:10:33,633,DDoS Attack,AMI_Meter,31,0.1217,0.3702,0.1234,29.16,4.98,87.83,119.0,31,0,0.0
2024-01-01 00:10:33,633,DDoS Attack,PMU_Sensor,42,0.3881,0.9545,0.3182,49.82,8.19,61.19,91.88,42,0,0.0
2024-01-01 00:10:33,633,DDoS Attack,DER_Controller,33,0.1248,0.6768,0.1692,39.62,9.79,87.52,117.0,33,0,0.0
2024-01-01 00:10:33,633,DDoS Attack,EV_Charger_1,343,0.6595,1.7324,0.5775,131.86,121.87,34.05,0.0,34,308,0.9007
2024-01-01 00:10:33,633,DDoS Attack,EV_Charger_2,301,0.8169,2.1928,0.7309,68.33,106.11,18.31,0.0,18,282,0.9392
2024-01-01 00:10:34,634,DDoS Attack,AMI_Meter,35,0.2023,1.1712,0.3904,29.17,4.98,79.77,115.0,35,0,0.0
2024-01-01 00:10:34,634,DDoS Attack,PMU_Sensor,55,0.3348,0.6315,0.2105,49.83,8.19,66.52,95.0,55,0,0.0
2024-01-01 00:10:34,634,DDoS Attack,DER_Controller,49,0.1533,0.9564,0.2391,39.64,9.79,84.67,101.0,49,0,0.0
2024-01-01 00:10:34,634,DDoS Attack,EV_Charger_1,381,0.6653,2.0359,0.6786,132.25,122.18,33.47,0.0,33,347,0.9121
2024-01-01 00:10:34,634,DDoS Attack,EV_Charger_2,389,0.8716,2.9983,0.9994,68.83,106.78,12.84,0.0,12,376,0.967
2024-01-01 00:10:35,635,DDoS Attack,AMI_Meter,21,0.305,1.6344,0.5448,29.15,4.99,69.5,129.0,21,0,0.0
2024-01-01 00:10:35,635,DDoS Attack,PMU_Sensor,56,0.3096,0.7527,0.2509,49.84,8.19,69.04,94.0,56,0,0.0
2024-01-01 00:10:35,635,DDoS Attack,DER_Controller,41,0.1237,0.1389,0.0347,39.64,9.78,87.63,109.0,41,0,0.0
2024-01-01 00:10:35,635,DDoS Attack,EV_Charger_1,405,0.6879,2.2219,0.7406,132.68,122.56,31.21,0.0,31,373,0.9229
2024-01-01 00:10:35,635,DDoS Attack,EV_Charger_2,372,0.8921,2.819,0.9397,69.31,107.37,10.79,0.0,10,361,0.971
2024-01-01 00:10:36,636,DDoS Attack,AMI_Meter,25,0.2967,0.8314,0.2771,29.15,4.99,70.33,125.0,25,0,0.0
2024-01-01 00:10:36,636,DDoS Attack,PMU_Sensor,38,0.361,1.4426,0.4809,49.82,8.19,63.9,112.0,38,0,0.0
2024-01-01 00:10:36,636,DDoS Attack,DER_Controller,32,0.1415,0.7804,0.1951,39.63,9.78,85.85,118.0,32,0,0.0
2024-01-01 00:10:36,636,DDoS Attack,EV_Charger_1,402,0.7002,2.1874,0.7291,133.11,122.93,29.98,0.0,29,372,0.9254
2024-01-01 00:10:36,636,DDoS Attack,EV_Charger_2,386,0.9172,2.9271,0.9757,69.81,108.02,8.28,0.0,8,377,0.9785
2024-01-01 00:10:37,637,DDoS Attack,AMI_Meter,23,0.3307,1.23,0.41,29.14,4.99,66.93,127.0,23,0,0.0
2024-01-01 00:10:37,637,DDoS Attack,PMU_Sensor,42,0.348,0.9529,0.3176,49.81,8.19,65.2,108.0,42,0,0.0
2024-01-01 00:10:37,637,DDoS Attack,DER_Controller,32,0.1549,0.7794,0.1948,39.62,9.77,84.51,118.0,32,0,0.0
2024-01-01 00:10:37,637,DDoS Attack,EV_Charger_1,365,0.6781,1.8797,0.6266,133.47,123.17,32.19,0.0,32,332,0.9118
2024-01-01 00:10:37,637,DDoS Attack,EV_Charger_2,293,0.8478,2.0577,0.6859,70.16,108.3,15.22,0.0,15,277,0.948
2024-01-01 00:10:38,638,DDoS Attack,AMI_Meter,22,0.3742,1.427,0.4757,29.13,4.99,62.58,128.0,22,0,0.0
2024-01-01 00:10:38,638,DDoS Attack,PMU_Sensor,43,0.3266,0.8298,0.2766,49.8,8.19,67.34,107.0,43,0,0.0
2024-01-01 00:10:38,638,DDoS Attack,DER_Controller,40,0.1186,0.0391,0.0098,39.62,9.77,88.14,110.0,40,0,0.0
2024-01-01 00:10:38,638,DDoS Attack,EV_Charger_1,332,0.6354,1.6073,0.5358,133.78,123.33,36.46,0.0,36,295,0.8902
2024-01-01 00:10:38,638,DDoS Attack,EV_Charger_2,349,0.8494,2.5595,0.8532,70.59,108.77,15.06,0.0,15,333,0.9568
2024-01-01 00:10:39,639,DDoS Attack,AMI_Meter,35,0.3794,1.1744,0.3915,29.13,4.99,62.06,115.0,35,0,0.0
2024-01-01 00:10:39,639,DDoS Attack,PMU_Sensor,39,0.3601,1.3153,0.4384,49.78,8.2,63.99,111.0,39,0,0.0
2024-01-01 00:10:39,639,DDoS Attack,DER_Controller,37,0.1057,0.2679,0.067,39.61,9.76,89.43,113.0,37,0,0.0
2024-01-01 00:10:39,639,DDoS Attack,EV_Charger_1,420,0.6757,2.3093,0.7698,134.23,123.75,32.43,0.0,32,387,0.9228
2024-01-01 00:10:39,639,DDoS Attack,EV_Charger_2,336,0.8373,2.4268,0.8089,71.01,109.19,16.27,0.0,16,319,0.9516
2024-01-01 00:10:40,640,DDoS Attack,AMI_Meter,27,0.3082,0.4269,0.1423,29.13,4.99,69.18,123.0,27,0,0.0
2024-01-01 00:10:40,640,DDoS Attack,PMU_Sensor,59,0.3644,1.123,0.3743,49.79,8.2,63.56,91.0,59,0,0.0
2024-01-01 00:10:40,640,DDoS Attack,DER_Controller,36,0.1024,0.37,0.0925,39.61,9.75,89.76,114.0,36,0,0.0
2024-01-01 00:10:40,640,DDoS Attack,EV_Charger_1,424,0.706,2.3298,0.7766,134.68,124.18,29.4,0.0,29,394,0.9307
2024-01-01 00:10:40,640,DDoS Attack,EV_Charger_2,374,0.8617,2.7561,0.9187,71.48,109.76,13.83,0.0,13,360,0.963
2024-01-01 00:10:41,641,DDoS Attack,AMI_Meter,28,0.2384,0.2264,0.0755,29.13,4.99,76.16,122.0,28,0,0.0
2024-01-01 00:10:41,641,DDoS Attack,PMU_Sensor,53,0.2942,0.3907,0.1302,49.8,8.19,70.58,97.0,53,0,0.0
2024-01-01 00:10:41,641,DDoS Attack,DER_Controller,43,0.0985,0.3475,0.0869,39.61,9.75,90.15,107.0,43,0,0.0
2024-01-01 00:10:41,641,DDoS Attack,EV_Charger_1,420,0.7228,2.2864,0.7621,135.12,124.59,27.72,0.0,27,392,0.934
2024-01-01 00:10:41,641,DDoS Attack,EV_Charger_2,330,0.8375,2.3433,0.7811,71.88,110.15,16.25,0.0,16,313,0.9508
2024-01-01 00:10:42,642,DDoS Attack,AMI_Meter,30,0.1843,0.1744,0.0581,29.13,4.98,81.57,120.0,30,0,0.0
2024-01-01 00:10:42,642,DDoS Attack,PMU_Sensor,49,0.2157,0.0975,0.0325,49.8,8.19,78.43,101.0,49,0,0.0
2024-01-01 00:10:42,642,DDoS Attack,DER_Controller,47,0.1212,0.757,0.1892,39.63,9.74,87.88,103.0,47,0,0.0
2024-01-01 00:10:42,642,DDoS Attack,EV_Charger_1,338,0.6684,1.6237,0.5412,135.44,124.75,33.16,0.0,33,304,0.9019
2024-01-01 00:10:42,642,DDoS Attack,EV_Charger_2,400,0.8819,2.9561,0.9854,72.39,110.82,11.81,0.0,11,388,0.9705
2024-01-01 00:10:43,643,DDoS Attack,AMI_Meter,32,0.1865,0.5751,0.1917,29.14,4.98,81.35,118.0,32,0,0.0
2024-01-01 00:10:43,643,DDoS Attack,PMU_Sensor,39,0.2826,1.3163,0.4388,49.78,8.19,71.74,111.0,39,0,0.0
2024-01-01 00:10:43,643,DDoS Attack,DER_Controller,52,0.1701,1.2676,0.3169,39.64,9.75,82.99,98.0,52,0,0.0
2024-01-01 00:10:43,643,DDoS Attack,EV_Charger_1,469,0.7335,2.657,0.8857,135.96,125.35,26.65,0.0,26,442,0.9432
2024-01-01 00:10:43,643,DDoS Attack,EV_Charger_2,400,0.9107,2.934,0.978,72.9,111.49,8.93,0.0,8,391,0.9777
2024-01-01 00:10:44,644,DDoS Attack,AMI_Meter,37,0.288,1.5746,0.5249,29.15,4.99,71.2,113.0,37,0,0.0
2024-01-01 00:10:44,644,DDoS Attack,PMU_Sensor,50,0.2005,0.0267,0.0089,49.78,8.18,79.95,100.0,50,0,0.0
2024-01-01 00:10:44,644,DDoS Attack,DER_Controller,23,0.234,1.7024,0.4256,39.62,9.76,76.6,127.0,23,0,0.0
2024-01-01 00:10:44,644,DDoS Attack,EV_Charger_1,306,0.6488,1.3536,0.4512,136.22,125.43,35.12,0.0,35,270,0.8852
2024-01-01 00:10:44,644,DDoS Attack,EV_Charger_2,366,0.8988,2.613,0.871,73.36,112.0,10.12,0.0,10,355,0.9723
2024-01-01 00:10:45,645,DDoS Attack,AMI_Meter,27,0.2446,0.4302,0.1434,29.14,4.98,75.54,123.0,27,0,0.0
2024-01-01 00:10:45,645,DDoS Attack,PMU_Sensor,42,0.2353,0.9494,0.3165,49.77,8.18,76.47,108.0,42,0,0.0
2024-01-01 00:10:45,645,DDoS Attack,DER_Controller,39,0.1794,0.0633,0.0158,39.62,9.75,82.06,111.0,39,0,0.0
2024-01-01 00:10:45,645,DDoS Attack,EV_Charger_1,404,0.6668,2.1258,0.7086,136.63,125.77,33.32,0.0,33,370,0.9175
2024-01-01 00:10:45,645,DDoS Attack,EV_Charger_2,289,0.821,1.9185,0.6395,73.69,112.23,17.9,0.0,17,271,0.9381
2024-01-01 00:10:46,646,DDoS Attack,AMI_Meter,27,0.2142,0.4298,0.1433,29.14,4.98,78.58,123.0,27,0,0.0
2024-01-01 00:10:46,646,DDoS Attack,PMU_Sensor,62,0.3138,1.4909,0.497,49.79,8.19,68.62,88.0,62,0,0.0
2024-01-01 00:10:46,646,DDoS Attack,DER_Controller,29,0.2025,1.0867,0.2717,39.6,9.76,79.75,121.0,29,0,0.0
2024-01-01 00:10:46,646,DDoS Attack,EV_Charger_1,414,0.6863,2.1953,0.7318,137.06,126.15,31.37,0.0,31,382,0.9242
2024-01-01 00:10:46,646,DDoS Attack,EV_Charger_2,333,0.8046,2.2993,0.7664,74.09,112.61,19.54,0.0,19,313,0.9413
2024-01-01 00:10:47,647,DDoS Attack,AMI_Meter,32,0.2073,0.5735,0.1912,29.15,4.98,79.27,118.0,32,0,0.0
2024-01-01 00:10:47,647,DDoS Attack,PMU_Sensor,58,0.3197,1.001,0.3337,49.8,8.19,68.03,92.0,58,0,0.0
2024-01-01 00:10:47,647,DDoS Attack,DER_Controller,47,0.1992,0.7575,0.1894,39.61,9.75,80.08,103.0,47,0,0.0
2024-01-01 00:10:47,647,DDoS Attack,EV_Charger_1,416,0.7005,2.2012,0.7337,137.49,126.53,29.95,0.0,29,386,0.928
2024-01-01 00:10:47,647,DDoS Attack,EV_Charger_2,303,0.7657,2.0248,0.6749,74.44,112.88,23.43,0.0,23,279,0.9227
2024-01-01 00:10:48,648,DDoS Attack,AMI_Meter,35,0.2625,1.174,0.3913,29.15,4.98,73.75,115.0,35,0,0.0
2024-01-01 00:10:48,648,DDoS Attack,PMU_Sensor,43,0.3067,0.8292,0.2764,49.79,8.19,69.33,107.0,43,0,0.0
2024-01-01 00:10:48,648,DDoS Attack,DER_Controller,42,0.1647,0.2446,0.0611,39.62,9.75,83.53,108.0,42,0,0.0
2024-01-01 00:10:48,648,DDoS Attack,EV_Charger_1,390,0.6892,1.988,0.6627,137.88,126.82,31.08,0.0,31,358,0.9203
2024-01-01 00:10:48,648,DDoS Attack,EV_Charger_2,376,0.8015,2.6549,0.885,74.91,113.41,19.85,0.0,19,356,0.9472
2024-01-01 00:10:49,649,DDoS Attack,AMI_Meter,31,0.2208,0.3704,0.1235,29.16,4.98,77.92,119.0,31,0,0.0
2024-01-01 00:10:49,649,DDoS Attack,PMU_Sensor,43,0.2975,0.8281,0.276,49.78,8.19,70.25,107.0,43,0,0.0
2024-01-01 00:10:49,649,DDoS Attack,DER_Controller,26,0.2107,1.394,0.3485,39.6,9.75,78.93,124.0,26,0,0.0
2024-01-01 00:10:49,649,DDoS Attack,EV_Charger_1,414,0.6992,2.1677,0.7226,138.31,127.18,30.08,0.0,30,383,0.9273
2024-01-01 00:10:49,649,DDoS Attack,EV_Charger_2,363,0.8136,2.5258,0.8419,75.35,113.88,18.64,0.0,18,344,0.9487
2024-01-01 00:10:50,650,DDoS Attack,AMI_Meter,35,0.2718,1.172,0.3907,29.17,4.98,72.82,115.0,35,0,0.0
2024-01-01 00:10:50,650,DDoS Attack,PMU_Sensor,49,0.2178,0.0952,0.0317,49.78,8.18,78.22,101.0,49,0,0.0
2024-01-01 00:10:50,650,DDoS Attack,DER_Controller,25,0.2513,1.4929,0.3732,39.57,9.76,74.87,125.0,25,0,0.0
2024-01-01 00:10:50,650,DDoS Attack,EV_Charger_1,418,0.7084,2.1893,0.7298,138.74,127.56,29.16,0.0,29,388,0.9302
2024-01-01 00:10:50,650,DDoS Attack,EV_Charger_2,338,0.7991,2.2951,0.765,75.75,114.26,20.09,0.0,20,317,0.9405
2024-01-01 00:10:51,651,DDoS Attack,AMI_Meter,31,0.227,0.3681,0.1227,29.17,4.97,77.3,119.0,31,0,0.0
2024-01-01 00:10:51,651,DDoS Attack,PMU_Sensor,44,0.223,0.7056,0.2352,49.77,8.18,77.7,106.0,44,0,0.0
2024-01-01 00:10:51,651,DDoS Attack,DER_Controller,56,0.2933,1.6779,0.4195,39.6,9.78,70.67,94.0,56,0,0.0
2024-01-01 00:10:51,651,DDoS Attack,EV_Charger_1,344,0.6563,1.6048,0.5349,139.05,127.71,34.37,0.0,34,309,0.9001
2024-01-01 00:10:51,651,DDoS Attack,EV_Charger_2,339,0.7886,2.2928,0.7643,76.16,114.64,21.14,0.0,21,317,0.9376
2024-01-01 00:10:52,652,DDoS Attack,AMI_Meter,30,0.1756,0.167,0.0557,29.17,4.97,82.44,120.0,30,0,0.0
2024-01-01 00:10:52,652,DDoS Attack,PMU_Sensor,41,0.2632,1.0707,0.3569,49.76,8.18,73.68,109.0,41,0,0.0
2024-01-01 00:10:52,652,DDoS Attack,DER_Controller,43,0.2417,0.3477,0.0869,39.6,9.77,75.83,107.0,43,0,0.0
2024-01-01 00:10:52,652,DDoS Attack,EV_Charger_1,444,0.697,2.3756,0.7919,139.52,128.17,30.3,0.0,30,413,0.9318
2024-01-01 00:10:52,652,DDoS Attack,EV_Charger_2,332,0.7742,2.2216,0.7405,76.55,114.99,22.58,0.0,22,309,0.932
2024-01-01 00:10:53,653,DDoS Attack,AMI_Meter,31,0.1597,0.3678,0.1226,29.17,4.97,84.03,119.0,31,0,0.0
2024-01-01 00:10:53,653,DDoS Attack,PMU_Sensor,28,0.4486,2.6438,0.8813,49.72,8.22,55.14,122.0,28,0,0.0
2024-01-01 00:10:53,653,DDoS Attack,DER_Controller,39,0.1852,0.0617,0.0154,39.6,9.76,81.48,111.0,39,0,0.0
2024-01-01 00:10:53,653,DDoS Attack,EV_Charger_1,367,0.6648,1.7692,0.5897,139.87,128.38,33.52,0.0,33,333,0.9087
2024-01-01 00:10:53,653,DDoS Attack,EV_Charger_2,318,0.751,2.0912,0.6971,76.92,115.29,24.9,0.0,24,293,0.9217
2024-01-01 00:10:54,654,DDoS Attack,AMI_Meter,35,0.2289,1.1709,0.3903,29.18,4.97,77.11,115.0,35,0,0.0
2024-01-01 00:10:54,654,DDoS Attack,PMU_Sensor,47,0.3471,0.3312,0.1104,49.72,8.21,65.29,103.0,47,0,0.0
2024-01-01 00:10:54,654,DDoS Attack,DER_Controller,38,0.1491,0.164,0.041,39.6,9.75,85.09,112.0,38,0,0.0
2024-01-01 00:10:54,654,DDoS Attack,EV_Charger_1,364,0.6394,1.7405,0.5802,140.21,128.58,36.06,0.0,36,327,0.9009
2024-01-01 00:10:54,654,DDoS Attack,EV_Charger_2,268,0.691,1.6527,0.5509,77.21,115.44,30.9,0.0,30,237,0.8847
2024-01-01 00:10:55,655,DDoS Attack,AMI_Meter,24,0.2643,1.0412,0.3471,29.17,4.97,73.57,126.0,24,0,0.0
2024-01-01 00:10:55,655,DDoS Attack,PMU_Sensor,57,0.3316,0.8855,0.2952,49.73,8.21,66.84,93.0,57,0,0.0
2024-01-01 00:10:55,655,DDoS Attack,DER_Controller,18,0.2496,2.2045,0.5511,39.57,9.78,75.04,132.0,18,0,0.0
2024-01-01 00:10:55,655,DDoS Attack,EV_Charger_1,349,0.6095,1.6193,0.5398,140.53,128.74,39.05,0.0,39,309,0.8881
2024-01-01 00:10:55,655,DDoS Attack,EV_Charger_2,337,0.7077,2.2401,0.7467,77.61,115.8,29.23,0.0,29,307,0.9133
2024-01-01 00:10:56,656,DDoS Attack,AMI_Meter,38,0.3621,1.7706,0.5902,29.19,4.98,63.79,112.0,38,0,0.0
2024-01-01 00:10:56,656,DDoS Attack,PMU_Sensor,56,0.3084,0.7628,0.2543,49.74,8.21,69.16,94.0,56,0,0.0
2024-01-01 00:10:56,656,DDoS Attack,DER_Controller,34,0.2227,0.5685,0.1421,39.56,9.78,77.73,116.0,34,0,0.0
2024-01-01 00:10:56,656,DDoS Attack,EV_Charger_1,432,0.652,2.2535,0.7512,140.97,129.14,34.8,0.0,34,397,0.9194
2024-01-01 00:10:56,656,DDoS Attack,EV_Charger_2,321,0.7047,2.0933,0.6978,77.98,116.1,29.53,0.0,29,291,0.908
2024-01-01 00:10:57,657,DDoS Attack,AMI_Meter,35,0.37,1.1657,0.3886,29.2,4.98,63.0,115.0,35,0,0.0
2024-01-01 00:10:57,657,DDoS Attack,PMU_Sensor,39,0.3464,1.3059,0.4353,49.72,8.21,65.36,111.0,39,0,0.0
2024-01-01 00:10:57,657,DDoS Attack,DER_Controller,50,0.2337,1.0661,0.2665,39.57,9.78,76.63,100.0,50,0,0.0
2024-01-01 00:10:57,657,DDoS Attack,EV_Charger_1,363,0.6278,1.7141,0.5714,141.31,129.34,37.22,0.0,37,325,0.8975
2024-01-01 00:10:57,657,DDoS Attack,EV_Charger_2,308,0.6907,1.9739,0.658,78.33,116.36,30.93,0.0,30,277,0.8996
2024-01-01 00:10:58,658,DDoS Attack,AMI_Meter,28,0.283,0.24,0.08,29.19,4.98,71.7,122.0,28,0,0.0
2024-01-01 00:10:58,658,DDoS Attack,PMU_Sensor,52,0.2702,0.277,0.0923,49.73,8.21,72.98,98.0,52,0,0.0
2024-01-01 00:10:58,658,DDoS Attack,DER_Controller,35,0.2045,0.4674,0.1168,39.57,9.77,79.55,115.0,35,0,0.0
2024-01-01 00:10:58,658,DDoS Attack,EV_Charger_1,402,0.6403,2.0079,0.6693,141.7,129.64,35.97,0.0,35,366,0.9105
2024-01-01 00:10:58,658,DDoS Attack,EV_Charger_2,328,0.6972,2.1367,0.7122,78.71,116.67,30.28,0.0,30,297,0.9077
2024-01-01 00:10:59,659,DDoS Attack,AMI_Meter,33,0.2745,0.764,0.2547,29.2,4.97,72.55,117.0,33,0,0.0
2024-01-01 00:10:59,659,DDoS Attack,PMU_Sensor,53,0.229,0.3985,0.1328,49.73,8.2,77.1,97.0,53,0,0.0
2024-01-01 00:10:59,659,DDoS Attack,DER_Controller,39,0.157,0.058,0.0145,39.57,9.77,84.3,111.0,39,0,0.0
2024-01-01 00:10:59,659,DDoS Attack,EV_Charger_1,362,0.6176,1.6944,0.5648,142.04,129.82,38.24,0.0,38,323,0.8944
2024-01-01 00:10:59,659,DDoS Attack,EV_Charger_2,361,0.7287,2.407,0.8023,79.13,117.1,27.13,0.0,27,333,0.9249
2024-01-01 00:11:00,660,DDoS Attack,AMI_Meter,32,0.2484,0.5624,0.1875,29.2,4.97,75.16,118.0,32,0,0.0
2024-01-01 00:11:00,660,DDoS Attack,PMU_Sensor,66,0.3579,1.9764,0.6588,49.76,8.22,64.21,84.0,66,0,0.0
2024-01-01 00:11:00,660,DDoS Attack,DER_Controller,49,0.178,0.9645,0.2411,39.58,9.77,82.2,101.0,49,0,0.0
2024-01-01 00:11:00,660,DDoS Attack,EV_Charger_1,419,0.6448,2.1245,0.7082,142.46,130.17,35.52,0.0,35,383,0.9152
2024-01-01 00:11:00,660,DDoS Attack,EV_Charger_2,493,0.8101,3.4987,1.0,79.76,118.11,18.99,0.0,18,474,0.9615
2024-01-01 00:11:01,661,DDoS Attack,AMI_Meter,32,0.2301,0.5619,0.1873,29.21,4.97,76.99,118.0,32,0,0.0
2024-01-01 00:11:01,661,DDoS Attack,PMU_Sensor,53,0.29,0.3943,0.1314,49.76,8.21,71.0,97.0,53,0,0.0
2024-01-01 00:11:01,661,DDoS Attack,DER_Controller,47,0.1809,0.7588,0.1897,39.59,9.76,81.91,103.0,47,0,0.0
2024-01-01 00:11:01,661,DDoS Attack,EV_Charger_1,339,0.602,1.5062,0.5021,142.75,130.29,39.8,0.0,39,299,0.8826
2024-01-01 00:11:01,661,DDoS Attack,EV_Charger_2,335,0.7822,2.1517,0.7172,80.15,118.44,21.78,0.0,21,313,0.935
2024-01-01 00:11:02,662,DDoS Attack,AMI_Meter,27,0.2055,0.4441,0.148,29.21,4.97,79.45,123.0,27,0,0.0
2024-01-01 00:11:02,662,DDoS Attack,PMU_Sensor,55,0.2667,0.6371,0.2124,49.77,8.21,73.33,95.0,55,0,0.0
2024-01-01 00:11:02,662,DDoS Attack,DER_Controller,38,0.1459,0.163,0.0407,39.59,9.76,85.41,112.0,38,0,0.0
2024-01-01 00:11:02,662,DDoS Attack,EV_Charger_1,385,0.6067,1.853,0.6177,143.12,130.54,39.33,0.0,39,345,0.8978
2024-01-01 00:11:02,662,DDoS Attack,EV_Charger_2,403,0.8184,2.7087,0.9029,80.63,119.01,18.16,0.0,18,384,0.9549
2024-01-01 00:11:03,663,DDoS Attack,AMI_Meter,34,0.2402,0.9642,0.3214,29.21,4.97,75.98,116.0,34,0,0.0
2024-01-01 00:11:03,663,DDoS Attack,PMU_Sensor,48,0.2082,0.2153,0.0718,49.77,8.2,79.18,102.0,48,0,0.0
2024-01-01 00:11:03,663,DDoS Attack,DER_Controller,33,0.1516,0.6748,0.1687,39.58,9.75,84.84,117.0,33,0,0.0
2024-01-01 00:11:03,663,DDoS Attack,EV_Charger_1,425,0.6397,2.1503,0.7168,143.54,130.89,36.03,0.0,36,388,0.9152
2024-01-01 00:11:03,663,DDoS Attack,EV_Charger_2,389,0.8305,2.5761,0.8587,81.1,119.52,16.95,0.0,16,372,0.9564
2024-01-01 00:11:04,664,DDoS Attack,AMI_Meter,21,0.3331,1.6493,0.5498,29.2,4.97,66.69,129.0,21,0,0.0
2024-01-01 00:11:04,664,DDoS Attack,PMU_Sensor,47,0.1795,0.337,0.1123,49.76,8.2,82.05,103.0,47,0,0.0
2024-01-01 00:11:04,664,DDoS Attack,DER_Controller,41,0.1228,0.1455,0.0364,39.58,9.74,87.72,109.0,41,0,0.0
2024-01-01 00:11:04,664,DDoS Attack,EV_Charger_1,411,0.6513,2.0354,0.6785,143.95,131.21,34.87,0.0,34,376,0.9152
2024-01-01 00:11:04,664,DDoS Attack,EV_Charger_2,395,0.8424,2.6108,0.8703,81.57,120.05,15.76,0.0,15,379,0.9601
2024-01-01 00:11:05,665,DDoS Attack,AMI_Meter,31,0.2693,0.3617,0.1206,29.2,4.97,73.07,119.0,31,0,0.0
2024-01-01 00:11:05,665,DDoS Attack,PMU_Sensor,54,0.1773,0.5164,0.1721,49.77,8.19,82.27,96.0,54,0,0.0
2024-01-01 00:11:05,665,DDoS Attack,DER_Controller,40,0.0948,0.0429,0.0107,39.58,9.74,90.52,110.0,40,0,0.0
2024-01-01 00:11:05,665,DDoS Attack,EV_Charger_1,353,0.6148,1.5891,0.5297,144.26,131.36,38.52,0.0,38,314,0.8909
2024-01-01 00:11:05,665,DDoS Attack,EV_Charger_2,343,0.8065,2.1683,0.7228,81.96,120.39,19.35,0.0,19,323,0.9436
2024-01-01 00:11:06,666,DDoS Attack,AMI_Meter,30,0.2046,0.1603,0.0534,29.2,4.96,79.54,120.0,30,0,0.0
2024-01-01 00:11:06,666,DDoS Attack,PMU_Sensor,49,0.1335,0.0938,0.0313,49.77,8.19,86.65,101.0,49,0,0.0
2024-01-01 00:11:06,666,DDoS Attack,DER_Controller,21,0.1899,1.9019,0.4755,39.55,9.76,81.01,129.0,21,0,0.0
2024-01-01 00:11:06,666,DDoS Attack,EV_Charger_1,364,0.5972,1.6681,0.556,144.59,131.53,40.28,0.0,40,323,0.8893
2024-01-01 00:11:06,666,DDoS Attack,EV_Charger_2,357,0.792,2.274,0.758,82.37,120.77,20.8,0.0,20,336,0.9417
2024-01-01 00:11:07,667,DDoS Attack,AMI_Meter,28,0.1674,0.2423,0.0808,29.2,4.96,83.26,122.0,28,0,0.0
2024-01-01 00:11:07,667,DDoS Attack,PMU_Sensor,48,0.115,0.2157,0.0719,49.76,8.18,88.5,102.0,48,0,0.0
2024-01-01 00:11:07,667,DDoS Attack,DER_Controller,44,0.1709,0.4552,0.1138,39.56,9.75,82.91,106.0,44,0,0.0
2024-01-01 00:11:07,667,DDoS Attack,EV_Charger_1,336,0.5632,1.4518,0.4839,144.88,131.64,43.68,0.0,43,292,0.87
2024-01-01 00:11:07,667,DDoS Attack,EV_Charger_2,281,0.7184,1.6401,0.5467,82.67,120.92,28.16,0.0,28,252,0.8998
2024-01-01 00:11:08,668,DDoS Attack,AMI_Meter,28,0.1414,0.2421,0.0807,29.2,4.96,85.86,122.0,28,0,0.0
2024-01-01 00:11:08,668,DDoS Attack,PMU_Sensor,56,0.1566,0.7612,0.2537,49.77,8.18,84.34,94.0,56,0,0.0
2024-01-01 00:11:08,668,DDoS Attack,DER_Controller,56,0.2333,1.6812,0.4203,39.59,9.76,76.67,94.0,56,0,0.0
2024-01-01 00:11:08,668,DDoS Attack,EV_Charger_1,411,0.5956,2.0139,0.6713,145.27,131.95,40.44,0.0,40,370,0.9016
2024-01-01 00:11:08,668,DDoS Attack,EV_Charger_2,288,0.6722,1.6931,0.5644,82.98,121.09,32.78,0.0,32,255,0.8862
2024-01-01 00:11:09,669,DDoS Attack,AMI_Meter,28,0.1232,0.2419,0.0806,29.2,4.95,87.68,122.0,28,0,0.0
2024-01-01 00:11:09,669,DDoS Attack,PMU_Sensor,52,0.1368,0.2719,0.0906,49.78,8.17,86.32,98.0,52,0,0.0
2024-01-01 00:11:09,669,DDoS Attack,DER_Controller,41,0.184,0.1447,0.0362,39.59,9.76,81.6,109.0,41,0,0.0
2024-01-01 00:11:09,669,DDoS Attack,EV_Charger_1,401,0.6101,1.9312,0.6437,145.66,132.22,38.99,0.0,38,362,0.9028
2024-01-01 00:11:09,669,DDoS Attack,EV_Charger_2,313,0.6598,1.893,0.631,83.32,121.33,34.02,0.0,34,278,0.8913
2024-01-01 00:11:10,670,DDoS Attack,AMI_Meter,30,0.1024,0.1617,0.0539,29.2,4.95,89.76,120.0,30,0,0.0
2024-01-01 00:11:10,670,DDoS Attack,PMU_Sensor,53,0.1352,0.3939,0.1313,49.78,8.17,86.48,97.0,53,0,0.0
2024-01-01 00:11:10,670,DDoS Attack,DER_Controller,48,0.1918,0.8611,0.2153,39.6,9.75,80.82,102.0,48,0,0.0
2024-01-01 00:11:10,670,DDoS Attack,EV_Charger_1,347,0.579,1.5191,0.5064,145.96,132.35,42.1,0.0,42,304,0.8787
2024-01-01 00:11:10,670,DDoS Attack,EV_Charger_2,339,0.6718,2.0988,0.6996,83.7,121.64,32.82,0.0,32,306,0.9032
2024-01-01 00:11:11,671,DDoS Attack,AMI_Meter,16,0.3367,2.6503,0.8834,29.18,4.97,66.33,134.0,16,0,0.0
2024-01-01 00:11:11,671,DDoS Attack,PMU_Sensor,45,0.1531,0.5849,0.195,49.78,8.16,84.69,105.0,45,0,0.0
2024-01-01 00:11:11,671,DDoS Attack,DER_Controller,34,0.1797,0.5736,0.1434,39.59,9.75,82.03,116.0,34,0,0.0
2024-01-01 00:11:11,671,DDoS Attack,EV_Charger_1,339,0.5508,1.4552,0.4851,146.24,132.46,44.92,0.0,44,294,0.8675
2024-01-01 00:11:11,671,DDoS Attack,EV_Charger_2,362,0.698,2.2773,0.7591,84.12,122.02,30.2,0.0,30,331,0.9166
2024-01-01 00:11:12,672,DDoS Attack,AMI_Meter,29,0.2393,0.0362,0.0121,29.18,4.97,76.07,121.0,29,0,0.0
2024-01-01 00:11:12,672,DDoS Attack,PMU_Sensor,31,0.3361,2.289,0.763,49.75,8.19,66.39,119.0,31,0,0.0
2024-01-01 00:11:12,672,DDoS Attack,DER_Controller,42,0.1502,0.2468,0.0617,39.6,9.74,84.98,108.0,42,0,0.0
2024-01-01 00:11:12,672,DDoS Attack,EV_Charger_1,342,0.533,1.4744,0.4915,146.53,132.58,46.7,0.0,46,295,0.8634
2024-01-01 00:11:12,672,DDoS Attack,EV_Charger_2,376,0.7266,2.3802,0.7934,84.55,122.45,27.34,0.0,27,348,0.9273
2024-01-01 00:11:13,673,DDoS Attack,AMI_Meter,23,0.2916,1.2412,0.4137,29.17,4.97,70.84,127.0,23,0,0.0
2024-01-01 00:11:13,673,DDoS Attack,PMU_Sensor,50,0.2383,0.0308,0.0103,49.75,8.18,76.17,100.0,50,0,0.0
2024-01-01 00:11:13,673,DDoS Attack,DER_Controller,37,0.1293,0.2662,0.0666,39.59,9.74,87.07,113.0,37,0,0.0
2024-01-01 00:11:13,673,DDoS Attack,EV_Charger_1,392,0.5576,1.8455,0.6152,146.9,132.81,44.24,0.0,44,347,0.8872
2024-01-01 00:11:13,673,DDoS Attack,EV_Charger_2,360,0.7326,2.2394,0.7465,84.96,122.82,26.74,0.0,26,333,0.9257
2024-01-01 00:11:14,674,DDoS Attack,AMI_Meter,28,0.2277,0.2353,0.0784,29.17,4.97,77.23,122.0,28,0,0.0
2024-01-01 00:11:14,674,DDoS Attack,PMU_Sensor,37,0.3222,1.5536,0.5179,49.73,8.19,67.78,113.0,37,0,0.0
2024-01-01 00:11:14,674,DDoS Attack,DER_Controller,25,0.1904,1.4952,0.3738,39.57,9.74,80.96,125.0,25,0,0.0
2024-01-01 00:11:14,674,DDoS Attack,EV_Charger_1,356,0.5474,1.5703,0.5234,147.21,132.96,45.26,0.0,45,310,0.8729
2024-01-01 00:11:14,674,DDoS Attack,EV_Charger_2,354,0.7309,2.1812,0.7271,85.36,123.16,26.91,0.0,26,327,0.924
2024-01-01 00:11:15,675,DDoS Attack,AMI_Meter,26,0.2231,0.6372,0.2124,29.16,4.97,77.69,124.0,26,0,0.0
2024-01-01 00:11:15,675,DDoS Attack,PMU_Sensor,55,0.2898,0.6427,0.2142,49.74,8.19,71.02,95.0,55,0,0.0
2024-01-01 00:11:15,675,DDoS Attack,DER_Controller,37,0.1593,0.2636,0.0659,39.57,9.74,84.07,113.0,37,0,0.0
2024-01-01 00:11:15,675,DDoS Attack,EV_Charger_1,341,0.5286,1.4542,0.4847,147.49,133.07,47.14,0.0,47,293,0.8618
2024-01-01 00:11:15,675,DDoS Attack,EV_Charger_2,342,0.7192,2.0756,0.6919,85.74,123.47,28.08,0.0,28,313,0.9179
2024-01-01 00:11:16,676,DDoS Attack,AMI_Meter,31,0.1931,0.3694,0.1231,29.17,4.96,80.69,119.0,31,0,0.0
2024-01-01 00:11:16,676,DDoS Attack,PMU_Sensor,52,0.2305,0.2762,0.0921,49.74,8.18,76.95,98.0,52,0,0.0
2024-01-01 00:11:16,676,DDoS Attack,DER_Controller,58,0.2374,1.8865,0.4716,39.59,9.76,76.26,92.0,58,0,0.0
2024-01-01 00:11:16,676,DDoS Attack,EV_Charger_1,353,0.5241,1.5405,0.5135,147.8,133.21,47.59,0.0,47,305,0.8652
2024-01-01 00:11:16,676,DDoS Attack,EV_Charger_2,351,0.7174,2.1396,0.7132,86.13,123.8,28.26,0.0,28,322,0.9195
2024-01-01 00:11:17,677,DDoS Attack,AMI_Meter,32,0.1922,0.5703,0.1901,29.17,4.96,80.78,118.0,32,0,0.0
2024-01-01 00:11:17,677,DDoS Attack,PMU_Sensor,49,0.1704,0.0904,0.0301,49.74,8.18,82.96,101.0,49,0,0.0
2024-01-01 00:11:17,677,DDoS Attack,DER_Controller,34,0.2138,0.5728,0.1432,39.59,9.75,78.62,116.0,34,0,0.0
2024-01-01 00:11:17,677,DDoS Attack,EV_Charger_1,318,0.4944,1.2753,0.4251,148.05,133.27,50.56,0.0,50,267,0.841
2024-01-01 00:11:17,677,DDoS Attack,EV_Charger_2,332,0.7001,1.9789,0.6596,86.49,124.06,29.99,0.0,29,302,0.9097
2024-01-01 00:11:18,678,DDoS Attack,AMI_Meter,24,0.2386,1.0409,0.347,29.16,4.96,76.14,126.0,24,0,0.0
2024-01-01 00:11:18,678,DDoS Attack,PMU_Sensor,36,0.2868,1.6753,0.5584,49.72,8.19,71.32,114.0,36,0,0.0
2024-01-01 00:11:18,678,DDoS Attack,DER_Controller,32,0.2089,0.7769,0.1942,39.57,9.75,79.11,118.0,32,0,0.0
2024-01-01 00:11:18,678,DDoS Attack,EV_Charger_1,338,0.4883,1.4222,0.4741,148.33,133.37,51.17,0.0,51,286,0.8486
2024-01-01 00:11:18,678,DDoS Attack,EV_Charger_2,381,0.7263,2.3623,0.7874,86.92,124.49,27.37,0.0,27,353,0.9282
2024-01-01 00:11:19,679,DDoS Attack,AMI_Meter,33,0.2443,0.7725,0.2575,29.17,4.96,75.57,117.0,33,0,0.0
2024-01-01 00:11:19,679,DDoS Attack,PMU_Sensor,42,0.2949,0.9413,0.3138,49.71,8.19,70.51,108.0,42,0,0.0
2024-01-01 00:11:19,679,DDoS Attack,DER_Controller,37,0.1732,0.2639,0.066,39.57,9.74,82.68,113.0,37,0,0.0
2024-01-01 00:11:19,679,DDoS Attack,EV_Charger_1,305,0.4591,1.1727,0.3909,148.56,133.41,54.09,0.0,54,250,0.8226
2024-01-01 00:11:19,679,DDoS Attack,EV_Charger_2,332,0.7046,1.9616,0.6539,87.29,124.75,29.54,0.0,29,302,0.911
2024-01-01 00:11:20,680,DDoS Attack,AMI_Meter,31,0.2079,0.3689,0.123,29.17,4.96,79.21,119.0,31,0,0.0
2024-01-01 00:11:20,680,DDoS Attack,PMU_Sensor,56,0.2832,0.7676,0.2559,49.72,8.19,71.68,94.0,56,0,0.0
2024-01-01 00:11:20,680,DDoS Attack,DER_Controller,32,0.1784,0.7762,0.194,39.56,9.74,82.16,118.0,32,0,0.0
2024-01-01 00:11:20,680,DDoS Attack,EV_Charger_1,422,0.5255,2.0419,0.6806,148.96,133.72,47.45,0.0,47,374,0.8876
2024-01-01 00:11:20,680,DDoS Attack,EV_Charger_2,286,0.6521,1.5888,0.5296,87.58,124.89,34.79,0.0,34,251,0.8783
2024-01-01 00:11:21,681,DDoS Attack,AMI_Meter,23,0.2698,1.243,0.4143,29.16,4.96,73.02,127.0,23,0,0.0
2024-01-01 00:11:21,681,DDoS Attack,PMU_Sensor,55,0.2627,0.6448,0.2149,49.72,8.18,73.73,95.0,55,0,0.0
2024-01-01 00:11:21,681,DDoS Attack,DER_Controller,56,0.239,1.6833,0.4208,39.58,9.75,76.1,94.0,56,0,0.0
2024-01-01 00:11:21,681,DDoS Attack,EV_Charger_1,399,0.5542,1.8637,0.6212,149.33,133.96,44.58,0.0,44,354,0.8883
2024-01-01 00:11:21,681,DDoS Attack,EV_Charger_2,353,0.6681,2.1167,0.7056,87.97,125.21,33.19,0.0,33,319,0.906
2024-01-01 00:11:22,682,DDoS Attack,AMI_Meter,19,0.3931,2.0421,0.6807,29.15,4.97,60.69,131.0,19,0,0.0
2024-01-01 00:11:22,682,DDoS Attack,PMU_Sensor,33,0.3875,2.0363,0.6788,49.7,8.2,61.25,117.0,33,0,0.0
2024-01-01 00:11:22,682,DDoS Attack,DER_Controller,41,0.1883,0.1451,0.0363,39.59,9.75,81.17,109.0,41,0,0.0
2024-01-01 00:11:22,682,DDoS Attack,EV_Charger_1,365,0.5485,1.6057,0.5352,149.64,134.12,45.15,0.0,45,319,0.8763
2024-01-01 00:11:22,682,DDoS Attack,EV_Charger_2,305,0.6405,1.7283,0.5761,88.28,125.4,35.95,0.0,35,269,0.8821
2024-01-01 00:11:23,683,DDoS Attack,AMI_Meter,30,0.2923,0.1713,0.0571,29.15,4.97,70.77,120.0,30,0,0.0
2024-01-01 00:11:23,683,DDoS Attack,PMU_Sensor,50,0.2749,0.0366,0.0122,49.7,8.2,72.51,100.0,50,0,0.0
2024-01-01 00:11:23,683,DDoS Attack,DER_Controller,49,0.2015,0.9646,0.2412,39.6,9.75,79.85,101.0,49,0,0.0
2024-01-01 00:11:23,683,DDoS Attack,EV_Charger_1,385,0.5589,1.7496,0.5832,149.99,134.32,44.11,0.0,44,340,0.8854
2024-01-01 00:11:23,683,DDoS Attack,EV_Charger_2,410,0.7035,2.5515,0.8505,88.75,125.91,29.65,0.0,29,380,0.9277
2024-01-01 00:11:24,684,DDoS Attack,AMI_Meter,30,0.2217,0.1712,0.0571,29.15,4.96,77.83,120.0,30,0,0.0
2024-01-01 00:11:24,684,DDoS Attack,PMU_Sensor,49,0.201,0.0854,0.0285,49.7,8.19,79.9,101.0,49,0,0.0
2024-01-01 00:11:24,684,DDoS Attack,DER_Controller,50,0.2177,1.0656,0.2664,39.61,9.75,78.23,100.0,50,0,0.0
2024-01-01 00:11:24,684,DDoS Attack,EV_Charger_1,340,0.5324,1.4115,0.4705,150.26,134.42,46.76,0.0,46,293,0.8625
2024-01-01 00:11:24,684,DDoS Attack,EV_Charger_2,481,0.7925,3.0913,1.0,89.33,126.7,20.75,0.0,20,460,0.9569
2024-01-01 00:11:25,685,DDoS Attack,AMI_Meter,31,0.1925,0.3724,0.1241,29.15,4.96,80.75,119.0,31,0,0.0
2024-01-01 00:11:25,685,DDoS Attack,PMU_Sensor,53,0.181,0.4027,0.1342,49.7,8.18,81.9,97.0,53,0,0.0
2024-01-01 00:11:25,685,DDoS Attack,DER_Controller,45,0.1978,0.552,0.138,39.62,9.74,80.22,105.0,45,0,0.0
2024-01-01 00:11:25,685,DDoS Attack,EV_Charger_1,455,0.5984,2.2569,0.7523,150.71,134.83,40.16,0.0,40,414,0.9117
2024-01-01 00:11:25,685,DDoS Attack,EV_Charger_2,390,0.7909,2.3616,0.7872,89.77,127.13,20.91,0.0,20,369,0.9464
2024-01-01 00:11:26,686,DDoS Attack,AMI_Meter,21,0.2987,1.6396,0.5465,29.14,4.97,70.13,129.0,21,0,0.0
2024-01-01 00:11:26,686,DDoS Attack,PMU_Sensor,61,0.2644,1.3773,0.4591,49.72,8.19,73.56,89.0,61,0,0.0
2024-01-01 00:11:26,686,DDoS Attack,DER_Controller,36,0.1716,0.3716,0.0929,39.62,9.74,82.84,114.0,36,0,0.0
2024-01-01 00:11:26,686,DDoS Attack,EV_Charger_1,384,0.5914,1.7253,0.5751,151.05,135.02,40.86,0.0,40,343,0.8936
2024-01-01 00:11:26,686,DDoS Attack,EV_Charger_2,297,0.7162,1.6258,0.5419,90.07,127.28,28.38,0.0,28,268,0.9044
2024-01-01 00:11:27,687,DDoS Attack,AMI_Meter,32,0.2666,0.5752,0.1917,29.15,4.96,73.34,118.0,32,0,0.0
2024-01-01 00:11:27,687,DDoS Attack,PMU_Sensor,44,0.2549,0.6978,0.2326,49.71,8.19,74.51,106.0,44,0,0.0
2024-01-01 00:11:27,687,DDoS Attack,DER_Controller,41,0.1376,0.1419,0.0355,39.62,9.73,86.24,109.0,41,0,0.0
2024-01-01 00:11:27,687,DDoS Attack,EV_Charger_1,368,0.5742,1.6026,0.5342,151.36,135.18,42.58,0.0,42,325,0.8843
2024-01-01 00:11:27,687,DDoS Attack,EV_Charger_2,441,0.7753,2.74,0.9133,90.58,127.89,22.47,0.0,22,418,0.9491
2024-01-01 00:11:28,688,DDoS Attack,AMI_Meter,39,0.3845,1.9785,0.6595,29.16,4.97,61.55,111.0,39,0,0.0
2024-01-01 00:11:28,688,DDoS Attack,PMU_Sensor,50,0.1819,0.0351,0.0117,49.71,8.18,81.81,100.0,50,0,0.0
2024-01-01 00:11:28,688,DDoS Attack,DER_Controller,40,0.1056,0.0391,0.0098,39.62,9.72,89.44,110.0,40,0,0.0
2024-01-01 00:11:28,688,DDoS Attack,EV_Charger_1,365,0.5596,1.5764,0.5255,151.67,135.32,44.04,0.0,44,320,0.8793
2024-01-01 00:11:28,688,DDoS Attack,EV_Charger_2,404,0.7866,2.4383,0.8128,91.03,128.36,21.34,0.0,21,382,0.9472
2024-01-01 00:11:29,689,DDoS Attack,AMI_Meter,28,0.2924,0.233,0.0777,29.16,4.97,70.76,122.0,28,0,0.0
2024-01-01 00:11:29,689,DDoS Attack,PMU_Sensor,46,0.1727,0.4534,0.1511,49.71,8.18,82.73,104.0,46,0,0.0
2024-01-01 00:11:29,689,DDoS Attack,DER_Controller,49,0.1394,0.9636,0.2409,39.63,9.72,86.06,101.0,49,0,0.0
2024-01-01 00:11:29,689,DDoS Attack,EV_Charger_1,358,0.5438,1.521,0.507,151.97,135.45,45.62,0.0,45,312,0.8726
2024-01-01 00:11:29,689,DDoS Attack,EV_Charger_2,353,0.7539,2.0333,0.6778,91.41,128.65,24.61,0.0,24,328,0.9303
2024-01-01 00:11:30,690,DDoS Attack,AMI_Meter,22,0.3484,1.437,0.479,29.15,4.97,65.16,128.0,22,0,0.0
2024-01-01 00:11:30,690,DDoS Attack,PMU_Sensor,55,0.1856,0.6467,0.2156,49.71,8.17,81.44,95.0,55,0,0.0
2024-01-01 00:11:30,690,DDoS Attack,DER_Controller,59,0.2286,1.9852,0.4963,39.66,9.74,77.14,91.0,59,0,0.0
2024-01-01 00:11:30,690,DDoS Attack,EV_Charger_1,408,0.5691,1.8839,0.628,152.34,135.7,43.09,0.0,43,364,0.8944
2024-01-01 00:11:30,690,DDoS Attack,EV_Charger_2,420,0.7818,2.5403,0.8468,91.89,129.16,21.82,0.0,21,398,0.948
2024-01-01 00:11:31,691,DDoS Attack,AMI_Meter,25,0.3272,0.8328,0.2776,29.14,4.97,67.28,125.0,25,0,0.0
2024-01-01 00:11:31,691,DDoS Attack,PMU_Sensor,51,0.1456,0.1571,0.0524,49.72,8.17,85.44,99.0,51,0,0.0
2024-01-01 00:11:31,691,DDoS Attack,DER_Controller,30,0.2334,0.9904,0.2476,39.65,9.74,76.66,120.0,30,0,0.0
2024-01-01 00:11:31,691,DDoS Attack,EV_Charger_1,370,0.5583,1.5998,0.5333,152.66,135.86,44.17,0.0,44,325,0.8806
2024-01-01 00:11:31,691,DDoS Attack,EV_Charger_2,389,0.7762,2.2899,0.7633,92.32,129.56,22.38,0.0,22,366,0.9425
2024-01-01 00:11:32,692,DDoS Attack,AMI_Meter,30,0.2463,0.1725,0.0575,29.14,4.97,75.37,120.0,30,0,0.0
2024-01-01 00:11:32,692,DDoS Attack,PMU_Sensor,38,0.2451,1.4316,0.4772,49.7,8.17,75.49,112.0,38,0,0.0
2024-01-01 00:11:32,692,DDoS Attack,DER_Controller,26,0.2624,1.398,0.3495,39.63,9.75,73.76,124.0,26,0,0.0
2024-01-01 00:11:32,692,DDoS Attack,EV_Charger_1,324,0.5167,1.2588,0.4196,152.9,135.92,48.33,0.0,48,275,0.8508
2024-01-01 00:11:32,692,DDoS Attack,EV_Charger_2,377,0.7622,2.1881,0.7294,92.73,129.92,23.78,0.0,23,353,0.9369
2024-01-01 00:11:33,693,DDoS Attack,AMI_Meter,40,0.39,2.1757,0.7252,29.16,4.98,61.0,110.0,40,0,0.0
2024-01-01 00:11:33,693,DDoS Attack,PMU_Sensor,60,0.2973,1.258,0.4193,49.71,8.18,70.27,90.0,60,0,0.0
2024-01-01 00:11:33,693,DDoS Attack,DER_Controller,21,0.3158,1.9045,0.4761,39.6,9.77,68.42,129.0,21,0,0.0
2024-01-01 00:11:33,693,DDoS Attack,EV_Charger_1,436,0.5692,2.0749,0.6916,153.31,136.24,43.08,0.0,43,392,0.9012
2024-01-01 00:11:33,693,DDoS Attack,EV_Charger_2,397,0.7666,2.3311,0.777,93.17,130.34,23.34,0.0,23,373,0.9412
2024-01-01 00:11:34,694,DDoS Attack,AMI_Meter,22,0.4163,1.4335,0.4778,29.15,4.99,58.37,128.0,22,0,0.0
2024-01-01 00:11:34,694,DDoS Attack,PMU_Sensor,47,0.2413,0.3318,0.1106,49.71,8.17,75.87,103.0,47,0,0.0
2024-01-01 00:11:34,694,DDoS Attack,DER_Controller,50,0.3033,1.0631,0.2658,39.62,9.77,69.67,100.0,50,0,0.0
2024-01-01 00:11:34,694,DDoS Attack,EV_Charger_1,402,0.5804,1.8197,0.6066,153.67,136.47,41.96,0.0,41,360,0.8956
2024-01-01 00:11:34,694,DDoS Attack,EV_Charger_2,296,0.6919,1.5524,0.5175,93.46,130.47,30.81,0.0,30,265,0.8959
2024-01-01 00:11:35,695,DDoS Attack,AMI_Meter,33,0.3686,0.7715,0.2572,29.15,4.99,63.14,117.0,33,0,0.0
2024-01-01 00:11:35,695,DDoS Attack,PMU_Sensor,32,0.3848,2.1587,0.7196,49.69,8.19,61.52,118.0,32,0,0.0
2024-01-01 00:11:35,695,DDoS Attack,DER_Controller,37,0.2442,0.2676,0.0669,39.61,9.76,75.58,113.0,37,0,0.0
2024-01-01 00:11:35,695,DDoS Attack,EV_Charger_1,425,0.6044,1.9811,0.6604,154.06,136.76,39.56,0.0,39,385,0.9069
2024-01-01 00:11:35,695,DDoS Attack,EV_Charger_2,355,0.6841,1.9974,0.6658,93.83,130.75,31.59,0.0,31,323,0.911
2024-01-01 00:11:36,696,DDoS Attack,AMI_Meter,27,0.3012,0.4317,0.1439,29.15,4.98,69.88,123.0,27,0,0.0
2024-01-01 00:11:36,696,DDoS Attack,PMU_Sensor,57,0.3585,0.8917,0.2972,49.7,8.19,64.15,93.0,57,0,0.0
2024-01-01 00:11:36,696,DDoS Attack,DER_Controller,49,0.2432,0.9604,0.2401,39.63,9.76,75.68,101.0,49,0,0.0
2024-01-01 00:11:36,696,DDoS Attack,EV_Charger_1,432,0.6256,2.0249,0.675,154.46,137.07,37.44,0.0,37,394,0.9133
2024-01-01 00:11:36,696,DDoS Attack,EV_Charger_2,394,0.7074,2.2854,0.7618,94.26,131.15,29.26,0.0,29,364,0.9257
2024-01-01 00:11:37,697,DDoS Attack,AMI_Meter,35,0.328,1.172,0.3907,29.16,4.98,67.2,115.0,35,0,0.0
2024-01-01 00:11:37,697,DDoS Attack,PMU_Sensor,55,0.3157,0.6469,0.2156,49.7,8.19,68.43,95.0,55,0,0.0
2024-01-01 00:11:37,697,DDoS Attack,DER_Controller,42,0.1976,0.2431,0.0608,39.63,9.75,80.24,108.0,42,0,0.0
2024-01-01 00:11:37,697,DDoS Attack,EV_Charger_1,383,0.6042,1.6629,0.5543,154.79,137.24,39.58,0.0,39,343,0.8967
2024-01-01 00:11:37,697,DDoS Attack,EV_Charger_2,344,0.6849,1.8979,0.6326,94.62,131.4,31.51,0.0,31,312,0.9084
2024-01-01 00:11:38,698,DDoS Attack,AMI_Meter,23,0.353,1.2336,0.4112,29.15,4.99,64.7,127.0,23,0,0.0
2024-01-01 00:11:38,698,DDoS Attack,PMU_Sensor,42,0.3149,0.9395,0.3132,49.69,8.19,68.51,108.0,42,0,0.0
2024-01-01 00:11:38,698,DDoS Attack,DER_Controller,37,0.165,0.2693,0.0673,39.63,9.75,83.5,113.0,37,0,0.0
2024-01-01 00:11:38,698,DDoS Attack,EV_Charger_1,389,0.5931,1.7018,0.5673,155.12,137.43,40.69,0.0,40,348,0.8954
2024-01-01 00:11:38,698,DDoS Attack,EV_Charger_2,419,0.7251,2.4562,0.8187,95.09,131.88,27.49,0.0,27,391,0.9344
2024-01-01 00:11:39,699,DDoS Attack,AMI_Meter,29,0.2501,0.0301,0.01,29.15,4.98,74.99,121.0,29,0,0.0
2024-01-01 00:11:39,699,DDoS Attack,PMU_Sensor,58,0.3218,1.0132,0.3377,49.7,8.19,67.82,92.0,58,0,0.0
2024-01-01 00:11:39,699,DDoS Attack,DER_Controller,50,0.1902,1.0627,0.2657,39.64,9.75,80.98,100.0,50,0,0.0
2024-01-01 00:11:39,699,DDoS Attack,EV_Charger_1,370,0.5711,1.5597,0.5199,155.43,137.57,42.89,0.0,42,327,0.8841
2024-01-01 00:11:39,699,DDoS Attack,EV_Charger_2,381,0.7235,2.1592,0.7197,95.49,132.23,27.65,0.0,27,353,0.9274
2024-01-01 00:11:40,700,DDoS Attack,AMI_Meter,28,0.1981,0.2307,0.0769,29.15,4.98,80.19,122.0,28,0,0.0
2024-01-01 00:11:40,700,DDoS Attack,PMU_Sensor,60,0.3507,1.2552,0.4184,49.72,8.19,64.93,90.0,60,0,0.0
2024-01-01 00:11:40,700,DDoS Attack,DER_Controller,46,0.1834,0.6517,0.1629,39.65,9.74,81.66,104.0,46,0,0.0
2024-01-01 00:11:40,700,DDoS Attack,EV_Charger_1,332,0.5279,1.2811,0.427,155.68,137.63,47.21,0.0,47,284,0.8578
2024-01-01 00:11:40,700,DDoS Attack,EV_Charger_2,362,0.7073,2.0083,0.6694,95.87,132.51,29.27,0.0,29,332,0.9191
2024-01-01 00:11:41,701,DDoS Attack,AMI_Meter,38,0.316,1.7727,0.5909,29.16,4.99,68.4,112.0,38,0,0.0
2024-01-01 00:11:41,701,DDoS Attack,PMU_Sensor,48,0.2665,0.2097,0.0699,49.72,8.19,73.35,102.0,48,0,0.0
2024-01-01 00:11:41,701,DDoS Attack,DER_Controller,44,0.1654,0.4461,0.1115,39.66,9.74,83.46,106.0,44,0,0.0
2024-01-01 00:11:41,701,DDoS Attack,EV_Charger_1,401,0.5473,1.7771,0.5924,156.03,137.85,45.27,0.0,45,355,0.8871
2024-01-01 00:11:41,701,DDoS Attack,EV_Charger_2,308,0.6548,1.5967,0.5322,96.18,132.66,34.52,0.0,34,273,0.8879
2024-01-01 00:11:42,702,DDoS Attack,AMI_Meter,32,0.2781,0.5688,0.1896,29.17,4.98,72.19,118.0,32,0,0.0
2024-01-01 00:11:42,702,DDoS Attack,PMU_Sensor,38,0.3294,1.4283,0.4761,49.7,8.19,67.06,112.0,38,0,0.0
2024-01-01 00:11:42,702,DDoS Attack,DER_Controller,33,0.1667,0.6827,0.1707,39.65,9.74,83.33,117.0,33,0,0.0
2024-01-01 00:11:42,702,DDoS Attack,EV_Charger_1,423,0.5761,1.9302,0.6434,156.41,138.12,42.39,0.0,42,380,0.8998
2024-01-01 00:11:42,702,DDoS Attack,EV_Charger_2,371,0.6647,2.0638,0.6879,96.57,132.97,33.53,0.0,33,337,0.9096
2024-01-01 00:11:43,703,DDoS Attack,AMI_Meter,28,0.218,0.2336,0.0779,29.16,4.98,78.2,122.0,28,0,0.0
2024-01-01 00:11:43,703,DDoS Attack,PMU_Sensor,53,0.2708,0.4025,0.1342,49.7,8.19,72.92,97.0,53,0,0.0
2024-01-01 00:11:43,703,DDoS Attack,DER_Controller,39,0.1292,0.0663,0.0166,39.64,9.73,87.08,111.0,39,0,0.0
2024-01-01 00:11:43,703,DDoS Attack,EV_Charger_1,380,0.5647,1.6147,0.5382,156.73,138.27,43.53,0.0,43,336,0.8855
2024-01-01 00:11:43,703,DDoS Attack,EV_Charger_2,384,0.6806,2.1529,0.7176,96.98,133.32,31.94,0.0,31,352,0.9168
2024-01-01 00:11:44,704,DDoS Attack,AMI_Meter,26,0.216,0.6345,0.2115,29.16,4.98,78.4,124.0,26,0,0.0
2024-01-01 00:11:44,704,DDoS Attack,PMU_Sensor,50,0.1932,0.0361,0.012,49.7,8.18,80.68,100.0,50,0,0.0
2024-01-01 00:11:44,704,DDoS Attack,DER_Controller,36,0.1203,0.3744,0.0936,39.64,9.72,87.97,114.0,36,0,0.0
2024-01-01 00:11:44,704,DDoS Attack,EV_Charger_1,316,0.5103,1.15,0.3833,156.95,138.31,48.97,0.0,48,267,0.845
2024-01-01 00:11:44,704,DDoS Attack,EV_Charger_2,313,0.638,1.6162,0.5387,97.28,133.47,36.2,0.0,36,276,0.8844
2024-01-01 00:11:45,705,DDoS Attack,AMI_Meter,37,0.3084,1.5712,0.5237,29.17,4.98,69.16,113.0,37,0,0.0
2024-01-01 00:11:45,705,DDoS Attack,PMU_Sensor,53,0.1755,0.4024,0.1341,49.71,8.18,82.45,97.0,53,0,0.0
2024-01-01 00:11:45,705,DDoS Attack,DER_Controller,26,0.1777,1.4,0.35,39.62,9.73,82.23,124.0,26,0,0.0
2024-01-01 00:11:45,705,DDoS Attack,EV_Charger_1,318,0.4735,1.1625,0.3875,157.18,138.34,52.65,0.0,52,265,0.8344
2024-01-01 00:11:45,705,DDoS Attack,EV_Charger_2,349,0.6346,1.8799,0.6266,97.64,133.71,36.54,0.0,36,312,0.8953
2024-01-01 00:11:46,706,DDoS Attack,AMI_Meter,37,0.3726,1.5673,0.5224,29.18,4.99,62.74,113.0,37,0,0.0
2024-01-01 00:11:46,706,DDoS Attack,PMU_Sensor,48,0.1437,0.209,0.0697,49.71,8.17,85.63,102.0,48,0,0.0
2024-01-01 00:11:46,706,DDoS Attack,DER_Controller,53,0.2191,1.3724,0.3431,39.64,9.74,78.09,97.0,53,0,0.0
2024-01-01 00:11:46,706,DDoS Attack,EV_Charger_1,394,0.5021,1.7071,0.569,157.52,138.53,49.79,0.0,49,344,0.8736
2024-01-01 00:11:46,706,DDoS Attack,EV_Charger_2,376,0.6516,2.074,0.6913,98.03,134.03,34.84,0.0,34,341,0.9073
2024-01-01 00:11:47,707,DDoS Attack,AMI_Meter,23,0.3845,1.2368,0.4123,29.17,4.99,61.55,127.0,23,0,0.0
2024-01-01 00:11:47,707,DDoS Attack,PMU_Sensor,57,0.1898,0.8915,0.2972,49.72,8.17,81.02,93.0,57,0,0.0
2024-01-01 00:11:47,707,DDoS Attack,DER_Controller,36,0.1876,0.3735,0.0934,39.63,9.73,81.24,114.0,36,0,0.0
2024-01-01 00:11:47,707,DDoS Attack,EV_Charger_1,414,0.5361,1.8457,0.6152,157.88,138.77,46.39,0.0,46,367,0.8879
2024-01-01 00:11:47,707,DDoS Attack,EV_Charger_2,318,0.6198,1.6369,0.5456,98.34,134.19,38.02,0.0,38,279,0.8804
2024-01-01 00:11:48,708,DDoS Attack,AMI_Meter,30,0.2857,0.1657,0.0552,29.17,4.99,71.43,120.0,30,0,0.0
2024-01-01 00:11:48,708,DDoS Attack,PMU_Sensor,52,0.1607,0.2792,0.0931,49.72,8.16,83.93,98.0,52,0,0.0
2024-01-01 00:11:48,708,DDoS Attack,DER_Controller,38,0.1512,0.1678,0.042,39.63,9.72,84.88,112.0,38,0,0.0
2024-01-01 00:11:48,708,DDoS Attack,EV_Charger_1,396,0.5464,1.7112,0.5704,158.21,138.96,45.36,0.0,45,350,0.8854
2024-01-01 00:11:48,708,DDoS Attack,EV_Charger_2,343,0.6157,1.8177,0.6059,98.69,134.41,38.43,0.0,38,304,0.8879
2024-01-01 00:11:49,709,DDoS Attack,AMI_Meter,26,0.2636,0.6357,0.2119,29.17,4.99,73.64,124.0,26,0,0.0
2024-01-01 00:11:49,709,DDoS Attack,PMU_Sensor,62,0.2626,1.5007,0.5002,49.74,8.17,73.74,88.0,62,0,0.0
2024-01-01 00:11:49,709,DDoS Attack,DER_Controller,50,0.18,1.0648,0.2662,39.65,9.72,82.0,100.0,50,0,0.0
2024-01-01 00:11:49,709,DDoS Attack,EV_Charger_1,349,0.5195,1.3702,0.4567,158.48,139.04,48.05,0.0,48,300,0.8623
2024-01-01 00:11:49,709,DDoS Attack,EV_Charger_2,380,0.6395,2.0851,0.695,99.08,134.73,36.05,0.0,36,343,0.9051
2024-01-01 00:11:50,710,DDoS Attack,AMI_Meter,26,0.248,0.6351,0.2117,29.16,4.98,75.2,124.0,26,0,0.0
2024-01-01 00:11:50,710,DDoS Attack,PMU_Sensor,40,0.3028,1.1897,0.3966,49.72,8.17,69.72,110.0,40,0,0.0
2024-01-01 00:11:50,710,DDoS Attack,DER_Controller,50,0.2014,1.0632,0.2658,39.66,9.72,79.86,100.0,50,0,0.0
2024-01-01 00:11:50,710,DDoS Attack,EV_Charger_1,311,0.4732,1.0952,0.3651,158.7,139.06,52.68,0.0,52,258,0.8306
2024-01-01 00:11:50,710,DDoS Attack,EV_Charger_2,396,0.6671,2.1948,0.7316,99.5,135.09,33.29,0.0,33,362,0.9159
2024-01-01 00:11:51,711,DDoS Attack,AMI_Meter,28,0.197,0.2335,0.0778,29.16,4.98,80.3,122.0,28,0,0.0
2024-01-01 00:11:51,711,DDoS Attack,PMU_Sensor,48,0.233,0.2108,0.0703,49.72,8.17,76.7,102.0,48,0,0.0
2024-01-01 00:11:51,711,DDoS Attack,DER_Controller,44,0.1789,0.4458,0.1115,39.67,9.72,82.11,106.0,44,0,0.0
2024-01-01 00:11:51,711,DDoS Attack,EV_Charger_1,403,0.5064,1.7517,0.5839,159.04,139.27,49.36,0.0,49,353,0.8775
2024-01-01 00:11:51,711,DDoS Attack,EV_Charger_2,317,0.6276,1.606,0.5353,99.81,135.24,37.24,0.0,37,279,0.8825
2024-01-01 00:11:52,712,DDoS Attack,AMI_Meter,33,0.2148,0.7697,0.2566,29.17,4.98,78.52,117.0,33,0,0.0
2024-01-01 00:11:52,712,DDoS Attack,PMU_Sensor,50,0.1665,0.034,0.0113,49.72,8.16,83.35,100.0,50,0,0.0
2024-01-01 00:11:52,712,DDoS Attack,DER_Controller,27,0.2155,1.3009,0.3252,39.65,9.72,78.45,123.0,27,0,0.0
2024-01-01 00:11:52,712,DDoS Attack,EV_Charger_1,373,0.5077,1.5327,0.5109,159.34,139.4,49.23,0.0,49,323,0.868
2024-01-01 00:11:52,712,DDoS Attack,EV_Charger_2,417,0.6728,2.3347,0.7782,100.25,135.67,32.72,0.0,32,384,0.9215
2024-01-01 00:11:53,713,DDoS Attack,AMI_Meter,38,0.3273,1.7689,0.5896,29.18,4.99,67.27,112.0,38,0,0.0
2024-01-01 00:11:53,713,DDoS Attack,PMU_Sensor,55,0.1812,0.646,0.2153,49.73,8.16,81.88,95.0,55,0,0.0
2024-01-01 00:11:53,713,DDoS Attack,DER_Controller,28,0.2364,1.196,0.299,39.63,9.73,76.36,122.0,28,0,0.0
2024-01-01 00:11:53,713,DDoS Attack,EV_Charger_1,399,0.5269,1.7145,0.5715,159.68,139.59,47.31,0.0,47,351,0.8814
2024-01-01 00:11:53,713,DDoS Attack,EV_Charger_2,393,0.6859,2.1493,0.7164,100.66,136.02,31.41,0.0,31,361,0.9201
2024-01-01 00:11:54,714,DDoS Attack,AMI_Meter,33,0.3056,0.7652,0.2551,29.19,4.98,69.44,117.0,33,0,0.0
2024-01-01 00:11:54,714,DDoS Attack,PMU_Sensor,56,0.2036,0.7677,0.2559,49.74,8.16,79.64,94.0,56,0,0.0
2024-01-01 00:11:54,714,DDoS Attack,DER_Controller,43,0.1989,0.3459,0.0865,39.64,9.72,80.11,107.0,43,0,0.0
2024-01-01 00:11:54,714,DDoS Attack,EV_Charger_1,377,0.5241,1.5532,0.5177,159.98,139.73,47.59,0.0,47,329,0.8738
2024-01-01 00:11:54,714,DDoS Attack,EV_Charger_2,327,0.6461,1.6597,0.5532,100.98,136.18,35.39,0.0,35,291,0.8918
2024-01-01 00:11:55,715,DDoS Attack,AMI_Meter,20,0.3977,1.8373,0.6124,29.17,4.99,60.23,130.0,20,0,0.0
2024-01-01 00:11:55,715,DDoS Attack,PMU_Sensor,52,0.1702,0.2771,0.0924,49.74,8.15,82.98,98.0,52,0,0.0
2024-01-01 00:11:55,715,DDoS Attack,DER_Controller,41,0.1579,0.14,0.035,39.64,9.71,84.21,109.0,41,0,0.0
2024-01-01 00:11:55,715,DDoS Attack,EV_Charger_1,402,0.5396,1.7272,0.5757,160.32,139.92,46.04,0.0,46,355,0.8855
2024-01-01 00:11:55,715,DDoS Attack,EV_Charger_2,294,0.5937,1.4144,0.4715,101.25,136.28,40.63,0.0,40,253,0.8618
2024-01-01 00:11:56,716,DDoS Attack,AMI_Meter,33,0.3549,0.7656,0.2552,29.18,4.99,64.51,117.0,33,0,0.0
2024-01-01 00:11:56,716,DDoS Attack,PMU_Sensor,66,0.3179,1.9877,0.6626,49.76,8.17,68.21,84.0,66,0,0.0
2024-01-01 00:11:56,716,DDoS Attack,DER_Controller,40,0.1208,0.0371,0.0093,39.64,9.71,87.92,110.0,40,0,0.0
2024-01-01 00:11:56,716,DDoS Attack,EV_Charger_1,377,0.5322,1.5449,0.515,160.62,140.06,46.78,0.0,46,330,0.8759
2024-01-01 00:11:56,716,DDoS Attack,EV_Charger_2,368,0.6107,1.9508,0.6503,101.62,136.55,38.93,0.0,38,329,0.8942
2024-01-01 00:11:57,717,DDoS Attack,AMI_Meter,40,0.4644,2.1595,0.7198,29.19,5.0,53.56,110.0,40,0,0.0
2024-01-01 00:11:57,717,DDoS Attack,PMU_Sensor,41,0.3297,1.0714,0.3571,49.75,8.17,67.03,109.0,41,0,0.0
2024-01-01 00:11:57,717,DDoS Attack,DER_Controller,42,0.1058,0.2429,0.0607,39.64,9.7,89.42,108.0,42,0,0.0
2024-01-01 00:11:57,717,DDoS Attack,EV_Charger_1,348,0.5061,1.3353,0.4451,160.88,140.14,49.39,0.0,49,298,0.8581
2024-01-01 00:11:57,717,DDoS Attack,EV_Charger_2,330,0.5943,1.6681,0.556,101.94,136.72,40.57,0.0,40,289,0.8771
2024-01-01 00:11:58,718,DDoS Attack,AMI_Meter,29,0.3289,0.0387,0.0129,29.19,5.0,67.11,121.0,29,0,0.0
2024-01-01 00:11:58,718,DDoS Attack,PMU_Sensor,60,0.356,1.2522,0.4174,49.77,8.17,64.4,90.0,60,0,0.0
2024-01-01 00:11:58,718,DDoS Attack,DER_Controller,58,0.1972,1.8863,0.4716,39.67,9.72,80.28,92.0,58,0,0.0
2024-01-01 00:11:58,718,DDoS Attack,EV_Charger_1,397,0.5223,1.6804,0.5601,161.21,140.32,47.77,0.0,47,349,0.8797
2024-01-01 00:11:58,718,DDoS Attack,EV_Charger_2,338,0.5882,1.7219,0.574,102.27,136.91,41.18,0.0,41,296,0.8782
2024-01-01 00:11:59,719,DDoS Attack,AMI_Meter,42,0.485,2.5477,0.8492,29.21,5.02,51.5,108.0,42,0,0.0
2024-01-01 00:11:59,719,DDoS Attack,PMU_Sensor,46,0.2952,0.4605,0.1535,49.76,8.17,70.48,104.0,46,0,0.0
2024-01-01 00:11:59,719,DDoS Attack,DER_Controller,34,0.1843,0.5828,0.1457,39.66,9.71,81.57,116.0,34,0,0.0
2024-01-01 00:11:59,719,DDoS Attack,EV_Charger_1,309,0.4708,1.0517,0.3506,161.42,140.33,52.92,0.0,52,256,0.8287
2024-01-01 00:11:59,719,DDoS Attack,EV_Charger_2,417,0.6406,2.2889,0.763,102.7,137.31,35.94,0.0,35,381,0.9138
2024-01-01 00:12:00,720,DDoS Attack,AMI_Meter,34,0.4348,0.9527,0.3176,29.22,5.02,56.52,116.0,34,0,0.0
2024-01-01 00:12:00,720,DDoS Attack,PMU_Sensor,69,0.4412,2.3448,0.7816,49.79,8.19,55.88,81.0,69,0,0.0
2024-01-01 00:12:00,720,DDoS Attack,DER_Controller,26,0.226,1.4035,0.3509,39.64,9.72,77.4,124.0,26,0,0.0
2024-01-01 00:12:00,720,DDoS Attack,EV_Charger_1,438,0.526,1.9644,0.6548,161.8,140.61,47.4,0.0,47,390,0.8918
2024-01-01 00:12:00,720,DDoS Attack,EV_Charger_2,358,0.6338,1.8535,0.6178,103.06,137.55,36.62,0.0,36,321,0.8977
2024-01-01 00:12:01,721,DDoS Attack,AMI_Meter,34,0.3995,0.9515,0.3172,29.22,5.02,60.05,116.0,34,0,0.0
2024-01-01 00:12:01,721,DDoS Attack,PMU_Sensor,36,0.4766,1.6783,0.5594,49.77,8.2,52.34,97.34,36,0,0.0
2024-01-01 00:12:01,721,DDoS Attack,DER_Controller,54,0.2616,1.4739,0.3685,39.66,9.73,73.84,96.0,54,0,0.0
2024-01-01 00:12:01,721,DDoS Attack,EV_Charger_1,411,0.5449,1.7673,0.5891,162.14,140.81,45.51,0.0,45,365,0.8893
2024-01-01 00:12:01,721,DDoS Attack,EV_Charger_2,353,0.6248,1.8117,0.6039,103.4,137.77,37.52,0.0,37,315,0.8937
2024-01-01 00:12:02,722,DDoS Attack,AMI_Meter,33,0.3548,0.7514,0.2505,29.23,5.02,64.52,117.0,33,0,0.0
2024-01-01 00:12:02,722,DDoS Attack,PMU_Sensor,43,0.4161,0.8241,0.2747,49.76,8.2,58.39,107.0,43,0,0.0
2024-01-01 00:12:02,722,DDoS Attack,DER_Controller,34,0.2325,0.5815,0.1454,39.65,9.72,76.75,116.0,34,0,0.0
2024-01-01 00:12:02,722,DDoS Attack,EV_Charger_1,361,0.5224,1.4093,0.4698,162.42,140.91,47.76,0.0,47,313,0.8677
2024-01-01 00:12:02,722,DDoS Attack,EV_Charger_2,271,0.5588,1.2144,0.4048,103.64,137.81,44.12,0.0,44,226,0.8372
2024-01-01 00:12:03,723,DDoS Attack,AMI_Meter,34,0.3433,0.9495,0.3165,29.24,5.02,65.67,116.0,34,0,0.0
2024-01-01 00:12:03,723,DDoS Attack,PMU_Sensor,59,0.4037,1.1249,0.375,49.77,8.2,59.63,91.0,59,0,0.0
2024-01-01 00:12:03,723,DDoS Attack,DER_Controller,32,0.2235,0.7863,0.1966,39.64,9.72,77.65,118.0,32,0,0.0
2024-01-01 00:12:03,723,DDoS Attack,EV_Charger_1,393,0.5289,1.6322,0.5441,162.74,141.07,47.11,0.0,47,345,0.8801
2024-01-01 00:12:03,723,DDoS Attack,EV_Charger_2,343,0.5644,1.7321,0.5774,103.97,138.0,43.56,0.0,43,299,0.873
2024-01-01 00:12:04,724,DDoS Attack,AMI_Meter,31,0.2754,0.3513,0.1171,29.24,5.01,72.46,119.0,31,0,0.0
2024-01-01 00:12:04,724,DDoS Attack,PMU_Sensor,44,0.3529,0.7029,0.2343,49.76,8.2,64.71,106.0,44,0,0.0
2024-01-01 00:12:04,724,DDoS Attack,DER_Controller,31,0.2232,0.8881,0.222,39.63,9.72,77.68,119.0,31,0,0.0
2024-01-01 00:12:04,724,DDoS Attack,EV_Charger_1,422,0.5534,1.8322,0.6107,163.1,141.3,44.66,0.0,44,377,0.8942
2024-01-01 00:12:04,724,DDoS Attack,EV_Charger_2,352,0.5743,1.7921,0.5974,104.31,138.21,42.57,0.0,42,309,0.8791
2024-01-01 00:12:05,725,DDoS Attack,AMI_Meter,40,0.4066,2.1379,0.7126,29.25,5.03,59.34,110.0,40,0,0.0
2024-01-01 00:12:05,725,DDoS Attack,PMU_Sensor,50,0.2499,0.0287,0.0096,49.76,8.2,75.01,100.0,50,0,0.0
2024-01-01 00:12:05,725,DDoS Attack,DER_Controller,30,0.2292,0.9896,0.2474,39.62,9.72,77.08,120.0,30,0,0.0
2024-01-01 00:12:05,725,DDoS Attack,EV_Charger_1,429,0.575,1.8759,0.6253,163.46,141.55,42.5,0.0,42,386,0.9009
2024-01-01 00:12:05,725,DDoS Attack,EV_Charger_2,383,0.6029,2.0093,0.6698,104.69,138.51,39.71,0.0,39,343,0.8963
2024-01-01 00:12:06,726,DDoS Attack,AMI_Meter,33,0.3591,0.7445,0.2482,29.26,5.03,64.09,117.0,33,0,0.0
2024-01-01 00:12:06,726,DDoS Attack,PMU_Sensor,59,0.2875,1.1252,0.3751,49.78,8.2,71.25,91.0,59,0,0.0
2024-01-01 00:12:06,726,DDoS Attack,DER_Controller,33,0.2144,0.6803,0.1701,39.61,9.72,78.56,117.0,33,0,0.0
2024-01-01 00:12:06,726,DDoS Attack,EV_Charger_1,374,0.5509,1.4841,0.4947,163.75,141.67,44.91,0.0,44,329,0.8799
2024-01-01 00:12:06,726,DDoS Attack,EV_Charger_2,347,0.5965,1.7446,0.5815,105.03,138.7,40.35,0.0,40,306,0.8837
2024-01-01 00:12:07,727,DDoS Attack,AMI_Meter,23,0.3757,1.2433,0.4144,29.25,5.03,62.43,127.0,23,0,0.0
2024-01-01 00:12:07,727,DDoS Attack,PMU_Sensor,47,0.2351,0.3386,0.1129,49.77,8.19,76.49,103.0,47,0,0.0
2024-01-01 00:12:07,727,DDoS Attack,DER_Controller,53,0.2468,1.3755,0.3439,39.63,9.72,75.32,97.0,53,0,0.0
2024-01-01 00:12:07,727,DDoS Attack,EV_Charger_1,389,0.5442,1.5861,0.5287,164.06,141.82,45.58,0.0,45,343,0.8828
2024-01-01 00:12:07,727,DDoS Attack,EV_Charger_2,294,0.5535,1.3598,0.4533,105.29,138.78,44.65,0.0,44,249,0.8481
2024-01-01 00:12:08,728,DDoS Attack,AMI_Meter,22,0.4069,1.4391,0.4797,29.24,5.03,59.31,128.0,22,0,0.0
2024-01-01 00:12:08,728,DDoS Attack,PMU_Sensor,63,0.3256,1.6107,0.5369,49.79,8.2,67.44,87.0,63,0,0.0
2024-01-01 00:12:08,728,DDoS Attack,DER_Controller,39,0.1891,0.0645,0.0161,39.63,9.72,81.09,111.0,39,0,0.0
2024-01-01 00:12:08,728,DDoS Attack,EV_Charger_1,354,0.5146,1.3368,0.4456,164.32,141.9,48.54,0.0,48,305,0.8629
2024-01-01 00:12:08,728,DDoS Attack,EV_Charger_2,342,0.5576,1.7011,0.567,105.61,138.97,44.24,0.0,44,297,0.8706
2024-01-01 00:12:09,729,DDoS Attack,AMI_Meter,22,0.4284,1.4361,0.4787,29.23,5.03,57.16,128.0,22,0,0.0
2024-01-01 00:12:09,729,DDoS Attack,PMU_Sensor,61,0.3643,1.3641,0.4547,49.81,8.21,63.57,89.0,61,0,0.0
2024-01-01 00:12:09,729,DDoS Attack,DER_Controller,36,0.1652,0.373,0.0933,39.62,9.71,83.48,114.0,36,0,0.0
2024-01-01 00:12:09,729,DDoS Attack,EV_Charger_1,434,0.5497,1.8946,0.6315,164.69,142.15,45.03,0.0,45,388,0.8962
2024-01-01 00:12:09,729,DDoS Attack,EV_Charger_2,357,0.5707,1.8037,0.6012,105.95,139.18,42.93,0.0,42,314,0.8797
2024-01-01 00:12:10,730,DDoS Attack,AMI_Meter,37,0.4539,1.5398,0.5133,29.24,5.04,54.61,113.0,37,0,0.0
2024-01-01 00:12:10,730,DDoS Attack,PMU_Sensor,52,0.2817,0.2671,0.089,49.81,8.2,71.83,98.0,52,0,0.0
2024-01-01 00:12:10,730,DDoS Attack,DER_Controller,48,0.1777,0.8618,0.2155,39.63,9.71,82.23,102.0,48,0,0.0
2024-01-01 00:12:10,730,DDoS Attack,EV_Charger_1,408,0.5555,1.7071,0.569,165.02,142.34,44.45,0.0,44,363,0.8911
2024-01-01 00:12:10,730,DDoS Attack,EV_Charger_2,383,0.5979,1.9838,0.6613,106.33,139.46,40.21,0.0,40,342,0.895
2024-01-01 00:12:11,731,DDoS Attack,AMI_Meter,31,0.3526,0.3488,0.1163,29.24,5.04,64.74,119.0,31,0,0.0
2024-01-01 00:12:11,731,DDoS Attack,PMU_Sensor,48,0.2193,0.2205,0.0735,49.81,8.19,78.07,102.0,48,0,0.0
2024-01-01 00:12:11,731,DDoS Attack,DER_Controller,59,0.2576,1.9882,0.497,39.66,9.73,74.24,91.0,59,0,0.0
2024-01-01 00:12:11,731,DDoS Attack,EV_Charger_1,343,0.5137,1.2482,0.4161,165.27,142.39,48.63,0.0,48,294,0.8582
2024-01-01 00:12:11,731,DDoS Attack,EV_Charger_2,355,0.5963,1.778,0.5927,106.67,139.67,40.37,0.0,40,314,0.8863
2024-01-01 00:12:12,732,DDoS Attack,AMI_Meter,30,0.2618,0.1502,0.0501,29.24,5.03,73.82,120.0,30,0,0.0
2024-01-01 00:12:12,732,DDoS Attack,PMU_Sensor,53,0.1924,0.3893,0.1298,49.81,8.19,80.76,97.0,53,0,0.0
2024-01-01 00:12:12,732,DDoS Attack,DER_Controller,35,0.2231,0.4786,0.1197,39.65,9.72,77.69,115.0,35,0,0.0
2024-01-01 00:12:12,732,DDoS Attack,EV_Charger_1,392,0.5184,1.5885,0.5295,165.58,142.54,48.16,0.0,48,343,0.8771
2024-01-01 00:12:12,732,DDoS Attack,EV_Charger_2,347,0.589,1.716,0.572,107.0,139.86,41.1,0.0,41,305,0.8816
2024-01-01 00:12:13,733,DDoS Attack,AMI_Meter,22,0.3269,1.4364,0.4788,29.23,5.04,67.31,128.0,22,0,0.0
2024-01-01 00:12:13,733,DDoS Attack,PMU_Sensor,50,0.137,0.023,0.0077,49.81,8.18,86.3,100.0,50,0,0.0
2024-01-01 00:12:13,733,DDoS Attack,DER_Controller,28,0.2421,1.1966,0.2992,39.64,9.73,75.79,122.0,28,0,0.0
2024-01-01 00:12:13,733,DDoS Attack,EV_Charger_1,310,0.4641,1.0118,0.3373,165.77,142.54,53.59,0.0,53,256,0.8271
2024-01-01 00:12:13,733,DDoS Attack,EV_Charger_2,361,0.5934,1.8108,0.6036,107.35,140.08,40.66,0.0,40,320,0.8874
2024-01-01 00:12:14,734,DDoS Attack,AMI_Meter,32,0.2837,0.5486,0.1829,29.24,5.03,71.63,118.0,32,0,0.0
2024-01-01 00:12:14,734,DDoS Attack,PMU_Sensor,54,0.147,0.5113,0.1704,49.82,8.18,85.3,96.0,54,0,0.0
2024-01-01 00:12:14,734,DDoS Attack,DER_Controller,45,0.216,0.5509,0.1377,39.64,9.72,78.4,105.0,45,0,0.0
2024-01-01 00:12:14,734,DDoS Attack,EV_Charger_1,302,0.4203,0.9545,0.3182,165.96,142.53,57.97,0.0,57,244,0.808
2024-01-01 00:12:14,734,DDoS Attack,EV_Charger_2,293,0.5477,1.3229,0.441,107.6,140.15,45.23,0.0,45,247,0.8456
2024-01-01 00:12:15,735,DDoS Attack,AMI_Meter,39,0.3919,1.9329,0.6443,29.25,5.04,60.81,111.0,39,0,0.0
2024-01-01 00:12:15,735,DDoS Attack,PMU_Sensor,41,0.2105,1.0763,0.3588,49.81,8.18,78.95,109.0,41,0,0.0
2024-01-01 00:12:15,735,DDoS Attack,DER_Controller,46,0.2028,0.6531,0.1633,39.65,9.72,79.72,104.0,46,0,0.0
2024-01-01 00:12:15,735,DDoS Attack,EV_Charger_1,352,0.4245,1.3029,0.4343,166.21,142.6,57.55,0.0,57,294,0.8365
2024-01-01 00:12:15,735,DDoS Attack,EV_Charger_2,358,0.5615,1.7816,0.5939,107.94,140.36,43.85,0.0,43,314,0.8775
2024-01-01 00:12:16,736,DDoS Attack,AMI_Meter,26,0.3387,0.644,0.2147,29.25,5.04,66.13,124.0,26,0,0.0
2024-01-01 00:12:16,736,DDoS Attack,PMU_Sensor,54,0.1986,0.5122,0.1707,49.81,8.18,80.14,96.0,54,0,0.0
2024-01-01 00:12:16,736,DDoS Attack,DER_Controller,41,0.1608,0.1385,0.0346,39.66,9.71,83.92,109.0,41,0,0.0
2024-01-01 00:12:16,736,DDoS Attack,EV_Charger_1,362,0.4342,1.3703,0.4568,166.48,142.69,56.58,0.0,56,305,0.8437
2024-01-01 00:12:16,736,DDoS Attack,EV_Charger_2,307,0.5346,1.4154,0.4718,108.21,140.45,46.54,0.0,46,260,0.8484
2024-01-01 00:12:17,737,DDoS Attack,AMI_Meter,31,0.2719,0.3475,0.1158,29.25,5.04,72.81,119.0,31,0,0.0
2024-01-01 00:12:17,737,DDoS Attack,PMU_Sensor,40,0.2588,1.1979,0.3993,49.8,8.18,74.12,110.0,40,0,0.0
2024-01-01 00:12:17,737,DDoS Attack,DER_Controller,44,0.1485,0.4471,0.1118,39.66,9.71,85.15,106.0,44,0,0.0
2024-01-01 00:12:17,737,DDoS Attack,EV_Charger_1,485,0.5263,2.2233,0.7411,166.91,143.07,47.37,0.0,47,437,0.9023
2024-01-01 00:12:17,737,DDoS Attack,EV_Charger_2,415,0.5918,2.1758,0.7253,108.63,140.81,40.82,0.0,40,374,0.9016
2024-01-01 00:12:18,738,DDoS Attack,AMI_Meter,33,0.2647,0.7436,0.2479,29.25,5.04,73.53,117.0,33,0,0.0
2024-01-01 00:12:18,738,DDoS Attack,PMU_Sensor,49,0.1909,0.0975,0.0325,49.8,8.17,80.91,101.0,49,0,0.0
2024-01-01 00:12:18,738,DDoS Attack,DER_Controller,20,0.2376,2.0189,0.5047,39.63,9.73,76.24,130.0,20,0,0.0
2024-01-01 00:12:18,738,DDoS Attack,EV_Charger_1,327,0.4801,1.1173,0.3724,167.12,143.1,51.99,0.0,51,275,0.841
2024-01-01 00:12:18,738,DDoS Attack,EV_Charger_2,412,0.6289,2.1463,0.7154,109.04,141.16,37.11,0.0,37,374,0.9099
2024-01-01 00:12:19,739,DDoS Attack,AMI_Meter,26,0.2498,0.6455,0.2152,29.25,5.04,75.02,124.0,26,0,0.0
2024-01-01 00:12:19,739,DDoS Attack,PMU_Sensor,44,0.2045,0.7085,0.2362,49.79,8.17,79.55,106.0,44,0,0.0
2024-01-01 00:12:19,739,DDoS Attack,DER_Controller,38,0.1887,0.168,0.042,39.63,9.72,81.13,112.0,38,0,0.0
2024-01-01 00:12:19,739,DDoS Attack,EV_Charger_1,337,0.4546,1.1852,0.3951,167.35,143.14,54.54,0.0,54,282,0.8382
2024-01-01 00:12:19,739,DDoS Attack,EV_Charger_2,299,0.5745,1.3432,0.4477,109.29,141.23,42.55,0.0,42,256,0.8577
2024-01-01 00:12:20,740,DDoS Attack,AMI_Meter,29,0.1798,0.0496,0.0165,29.25,5.03,82.02,121.0,29,0,0.0
2024-01-01 00:12:20,740,DDoS Attack,PMU_Sensor,42,0.2383,0.952,0.3173,49.78,8.17,76.17,108.0,42,0,0.0
2024-01-01 00:12:20,740,DDoS Attack,DER_Controller,32,0.1905,0.7844,0.1961,39.62,9.72,80.95,118.0,32,0,0.0
2024-01-01 00:12:20,740,DDoS Attack,EV_Charger_1,348,0.4442,1.2599,0.42,167.6,143.19,55.58,0.0,55,292,0.8403
2024-01-01 00:12:20,740,DDoS Attack,EV_Charger_2,378,0.5918,1.8967,0.6322,109.66,141.48,40.82,0.0,40,337,0.892
2024-01-01 00:12:21,741,DDoS Attack,AMI_Meter,28,0.1507,0.2482,0.0827,29.25,5.03,84.93,122.0,28,0,0.0
2024-01-01 00:12:21,741,DDoS Attack,PMU_Sensor,48,0.1886,0.2175,0.0725,49.78,8.17,81.14,102.0,48,0,0.0
2024-01-01 00:12:21,741,DDoS Attack,DER_Controller,45,0.1775,0.553,0.1382,39.63,9.71,82.25,105.0,45,0,0.0
2024-01-01 00:12:21,741,DDoS Attack,EV_Charger_1,374,0.4548,1.4384,0.4795,167.88,143.3,54.52,0.0,54,319,0.8542
2024-01-01 00:12:21,741,DDoS Attack,EV_Charger_2,342,0.5781,1.6381,0.546,109.97,141.64,42.19,0.0,42,299,0.8766
2024-01-01 00:12:22,742,DDoS Attack,AMI_Meter,32,0.1602,0.5468,0.1823,29.25,5.03,83.98,118.0,32,0,0.0
2024-01-01 00:12:22,742,DDoS Attack,PMU_Sensor,55,0.1959,0.6391,0.213,49.78,8.16,80.41,95.0,55,0,0.0
2024-01-01 00:12:22,742,DDoS Attack,DER_Controller,38,0.1436,0.1677,0.0419,39.63,9.71,85.64,112.0,38,0,0.0
2024-01-01 00:12:22,742,DDoS Attack,EV_Charger_1,383,0.4681,1.498,0.4993,168.17,143.42,53.19,0.0,53,329,0.8611
2024-01-01 00:12:22,742,DDoS Attack,EV_Charger_2,319,0.5519,1.4726,0.4909,110.25,141.76,44.81,0.0,44,274,0.8595
2024-01-01 00:12:23,743,DDoS Attack,AMI_Meter,25,0.1966,0.845,0.2817,29.25,5.03,80.34,125.0,25,0,0.0
2024-01-01 00:12:23,743,DDoS Attack,PMU_Sensor,56,0.2132,0.7608,0.2536,49.79,8.16,78.68,94.0,56,0,0.0
2024-01-01 00:12:23,743,DDoS Attack,DER_Controller,44,0.1358,0.4502,0.1125,39.63,9.7,86.42,106.0,44,0,0.0
2024-01-01 00:12:23,743,DDoS Attack,EV_Charger_1,398,0.4876,1.5987,0.5329,168.47,143.57,51.24,0.0,51,346,0.8713
2024-01-01 00:12:23,743,DDoS Attack,EV_Charger_2,367,0.567,1.806,0.602,110.6,141.97,43.3,0.0,43,323,0.882
2024-01-01 00:12:24,744,DDoS Attack,AMI_Meter,30,0.1526,0.15,0.05,29.25,5.02,84.74,120.0,30,0,0.0
2024-01-01 00:12:24,744,DDoS Attack,PMU_Sensor,55,0.213,0.6377,0.2126,49.8,8.16,78.7,95.0,55,0,0.0
2024-01-01 00:12:24,744,DDoS Attack,DER_Controller,49,0.1621,0.9644,0.2411,39.65,9.7,83.79,101.0,49,0,0.0
2024-01-01 00:12:24,744,DDoS Attack,EV_Charger_1,416,0.5133,1.7195,0.5732,168.81,143.76,48.67,0.0,48,367,0.883
2024-01-01 00:12:24,744,DDoS Attack,EV_Charger_2,350,0.5651,1.6819,0.5606,110.92,142.15,43.49,0.0,43,306,0.8757
2024-01-01 00:12:25,745,DDoS Attack,AMI_Meter,36,0.2411,1.3422,0.4474,29.26,5.02,75.89,114.0,36,0,0.0
2024-01-01 00:12:25,745,DDoS Attack,PMU_Sensor,51,0.1638,0.1472,0.0491,49.8,8.15,83.62,99.0,51,0,0.0
2024-01-01 00:12:25,745,DDoS Attack,DER_Controller,46,0.1625,0.6545,0.1636,39.65,9.7,83.75,104.0,46,0,0.0
2024-01-01 00:12:25,745,DDoS Attack,EV_Charger_1,391,0.5135,1.5421,0.514,169.1,143.89,48.65,0.0,48,342,0.8756
2024-01-01 00:12:25,745,DDoS Attack,EV_Charger_2,366,0.5745,1.7894,0.5965,111.26,142.36,42.55,0.0,42,323,0.8837
2024-01-01 00:12:26,746,DDoS Attack,AMI_Meter,26,0.2335,0.6474,0.2158,29.25,5.02,76.65,124.0,26,0,0.0
2024-01-01 00:12:26,746,DDoS Attack,PMU_Sensor,55,0.1784,0.6373,0.2124,49.81,8.15,82.16,95.0,55,0,0.0
2024-01-01 00:12:26,746,DDoS Attack,DER_Controller,68,0.3034,2.9048,0.7262,39.69,9.75,69.66,82.0,68,0,0.0
2024-01-01 00:12:26,746,DDoS Attack,EV_Charger_1,365,0.4953,1.3588,0.4529,169.37,143.97,50.47,0.0,50,314,0.8617
2024-01-01 00:12:26,746,DDoS Attack,EV_Charger_2,358,0.575,1.7286,0.5762,111.59,142.55,42.5,0.0,42,315,0.8813
2024-01-01 00:12:27,747,DDoS Attack,AMI_Meter,27,0.2082,0.448,0.1493,29.25,5.02,79.18,123.0,27,0,0.0
2024-01-01 00:12:27,747,DDoS Attack,PMU_Sensor,46,0.1716,0.4669,0.1556,49.8,8.14,82.84,104.0,46,0,0.0
2024-01-01 00:12:27,747,DDoS Attack,DER_Controller,55,0.3255,1.5672,0.3918,39.71,9.75,67.45,94.45,55,0,0.0
2024-01-01 00:12:27,747,DDoS Attack,EV_Charger_1,353,0.474,1.2732,0.4244,169.61,144.03,52.6,0.0,52,300,0.851
2024-01-01 00:12:27,747,DDoS Attack,EV_Charger_2,333,0.5575,1.5497,0.5166,111.89,142.69,44.25,0.0,44,288,0.8671
2024-01-01 00:12:28,748,DDoS Attack,AMI_Meter,22,0.2899,1.441,0.4803,29.24,5.02,71.01,128.0,22,0,0.0
2024-01-01 00:12:28,748,DDoS Attack,PMU_Sensor,43,0.2035,0.8343,0.2781,49.79,8.14,79.65,107.0,43,0,0.0
2024-01-01 00:12:28,748,DDoS Attack,DER_Controller,22,0.3573,1.8106,0.4526,39.69,9.77,64.27,128.0,22,0,0.0
2024-01-01 00:12:28,748,DDoS Attack,EV_Charger_1,405,0.4949,1.6303,0.5434,169.93,144.19,50.51,0.0,50,354,0.8753
2024-01-01 00:12:28,748,DDoS Attack,EV_Charger_2,480,0.6469,2.5668,0.8556,112.38,143.22,35.31,0.0,35,444,0.9264
2024-01-01 00:12:29,749,DDoS Attack,AMI_Meter,28,0.2276,0.2465,0.0822,29.24,5.02,77.24,122.0,28,0,0.0
2024-01-01 00:12:29,749,DDoS Attack,PMU_Sensor,36,0.3114,1.6896,0.5632,49.77,8.15,68.86,114.0,36,0,0.0
2024-01-01 00:12:29,749,DDoS Attack,DER_Controller,48,0.3211,0.8497,0.2124,39.7,9.77,67.89,102.0,48,0,0.0
2024-01-01 00:12:29,749,DDoS Attack,EV_Charger_1,350,0.4711,1.2467,0.4156,170.17,144.25,52.89,0.0,52,297,0.8489
2024-01-01 00:12:29,749,DDoS Attack,EV_Charger_2,413,0.662,2.0914,0.6971,112.78,143.55,33.8,0.0,33,379,0.9182
2024-01-01 00:12:30,750,DDoS Attack,AMI_Meter,28,0.1839,0.2463,0.0821,29.24,5.02,81.61,122.0,28,0,0.0
2024-01-01 00:12:30,750,DDoS Attack,PMU_Sensor,44,0.2888,0.7076,0.2359,49.77,8.15,71.12,106.0,44,0,0.0
2024-01-01 00:12:30,750,DDoS Attack,DER_Controller,38,0.2517,0.1739,0.0435,39.7,9.76,74.83,112.0,38,0,0.0
2024-01-01 00:12:30,750,DDoS Attack,EV_Charger_1,410,0.4956,1.6585,0.5528,170.49,144.42,50.44,0.0,50,359,0.877
2024-01-01 00:12:30,750,DDoS Attack,EV_Charger_2,344,0.6241,1.6069,0.5356,113.09,143.7,37.59,0.0,37,306,0.8907
2024-01-01 00:12:31,751,DDoS Attack,AMI_Meter,27,0.1733,0.4452,0.1484,29.23,5.01,82.67,123.0,27,0,0.0
2024-01-01 00:12:31,751,DDoS Attack,PMU_Sensor,48,0.2238,0.2167,0.0722,49.76,8.14,77.62,102.0,48,0,0.0
2024-01-01 00:12:31,751,DDoS Attack,DER_Controller,27,0.2699,1.2985,0.3246,39.68,9.77,73.01,123.0,27,0,0.0
2024-01-01 00:12:31,751,DDoS Attack,EV_Charger_1,395,0.502,1.5511,0.517,170.78,144.55,49.8,0.0,49,345,0.8739
2024-01-01 00:12:31,751,DDoS Attack,EV_Charger_2,274,0.5487,1.1181,0.3727,113.3,143.72,45.13,0.0,45,228,0.8353
2024-01-01 00:12:32,752,DDoS Attack,AMI_Meter,27,0.1658,0.4449,0.1483,29.23,5.01,83.42,123.0,27,0,0.0
2024-01-01 00:12:32,752,DDoS Attack,PMU_Sensor,56,0.2331,0.7648,0.2549,49.77,8.14,76.69,94.0,56,0,0.0
2024-01-01 00:12:32,752,DDoS Attack,DER_Controller,43,0.2237,0.3396,0.0849,39.69,9.76,77.63,107.0,43,0,0.0
2024-01-01 00:12:32,752,DDoS Attack,EV_Charger_1,403,0.5117,1.6026,0.5342,171.09,144.7,48.83,0.0,48,354,0.8788
2024-01-01 00:12:32,752,DDoS Attack,EV_Charger_2,352,0.5497,1.6567,0.5522,113.62,143.89,45.03,0.0,45,306,0.8721
2024-01-01 00:12:33,753,DDoS Attack,AMI_Meter,35,0.231,1.1495,0.3832,29.24,5.01,76.9,115.0,35,0,0.0
2024-01-01 00:12:33,753,DDoS Attack,PMU_Sensor,57,0.2519,0.8865,0.2955,49.78,8.14,74.81,93.0,57,0,0.0
2024-01-01 00:12:33,753,DDoS Attack,DER_Controller,44,0.1954,0.4417,0.1104,39.69,9.76,80.46,106.0,44,0,0.0
2024-01-01 00:12:33,753,DDoS Attack,EV_Charger_1,417,0.5277,1.695,0.565,171.42,144.89,47.23,0.0,47,369,0.8867
2024-01-01 00:12:33,753,DDoS Attack,EV_Charger_2,388,0.5749,1.901,0.6337,113.98,144.14,42.51,0.0,42,345,0.8904
2024-01-01 00:12:34,754,DDoS Attack,AMI_Meter,27,0.2063,0.446,0.1487,29.23,5.01,79.37,123.0,27,0,0.0
2024-01-01 00:12:34,754,DDoS Attack,PMU_Sensor,39,0.3085,1.322,0.4407,49.77,8.15,69.15,111.0,39,0,0.0
2024-01-01 00:12:34,754,DDoS Attack,DER_Controller,44,0.1741,0.4414,0.1103,39.7,9.75,82.59,106.0,44,0,0.0
2024-01-01 00:12:34,754,DDoS Attack,EV_Charger_1,401,0.5275,1.5809,0.527,171.72,145.03,47.25,0.0,47,353,0.8822
2024-01-01 00:12:34,754,DDoS Attack,EV_Charger_2,404,0.603,2.0053,0.6684,114.36,144.43,39.7,0.0,39,364,0.9017
2024-01-01 00:12:35,755,DDoS Attack,AMI_Meter,25,0.2288,0.8442,0.2814,29.23,5.01,77.12,125.0,25,0,0.0
2024-01-01 00:12:35,755,DDoS Attack,PMU_Sensor,42,0.3112,0.9525,0.3175,49.76,8.14,68.88,108.0,42,0,0.0
2024-01-01 00:12:35,755,DDoS Attack,DER_Controller,44,0.1581,0.441,0.1103,39.7,9.74,84.19,106.0,44,0,0.0
2024-01-01 00:12:35,755,DDoS Attack,EV_Charger_1,377,0.5105,1.4126,0.4709,171.99,145.13,48.95,0.0,48,328,0.8702
2024-01-01 00:12:35,755,DDoS Attack,EV_Charger_2,270,0.5297,1.076,0.3587,114.57,144.45,47.03,0.0,47,222,0.8258
2024-01-01 00:12:36,756,DDoS Attack,AMI_Meter,31,0.1955,0.3533,0.1178,29.23,5.01,80.45,119.0,31,0,0.0
2024-01-01 00:12:36,756,DDoS Attack,PMU_Sensor,35,0.3985,1.8068,0.6023,49.74,8.16,60.15,115.0,35,0,0.0
2024-01-01 00:12:36,756,DDoS Attack,DER_Controller,30,0.1808,0.9943,0.2486,39.69,9.74,81.92,120.0,30,0,0.0
2024-01-01 00:12:36,756,DDoS Attack,EV_Charger_1,434,0.5374,1.8003,0.6001,172.34,145.34,46.26,0.0,46,387,0.8934
2024-01-01 00:12:36,756,DDoS Attack,EV_Charger_2,437,0.5931,2.2234,0.7411,115.0,144.83,40.69,0.0,40,396,0.9069
2024-01-01 00:12:37,757,DDoS Attack,AMI_Meter,23,0.2611,1.2425,0.4142,29.22,5.01,73.89,127.0,23,0,0.0
2024-01-01 00:12:37,757,DDoS Attack,PMU_Sensor,47,0.3125,0.3355,0.1118,49.73,8.15,68.75,103.0,47,0,0.0
2024-01-01 00:12:37,757,DDoS Attack,DER_Controller,40,0.1376,0.0318,0.008,39.69,9.74,86.24,110.0,40,0,0.0
2024-01-01 00:12:37,757,DDoS Attack,EV_Charger_1,451,0.5673,1.9114,0.6371,172.71,145.6,43.27,0.0,43,407,0.9041
2024-01-01 00:12:37,757,DDoS Attack,EV_Charger_2,332,0.5647,1.4952,0.4984,115.28,144.95,43.53,0.0,43,288,0.8689
2024-01-01 00:12:38,758,DDoS Attack,AMI_Meter,27,0.2271,0.4435,0.1478,29.22,5.01,77.29,123.0,27,0,0.0
2024-01-01 00:12:38,758,DDoS Attack,PMU_Sensor,62,0.3689,1.5013,0.5004,49.75,8.16,63.11,88.0,62,0,0.0
2024-01-01 00:12:38,758,DDoS Attack,DER_Controller,36,0.1268,0.3786,0.0947,39.69,9.73,87.32,114.0,36,0,0.0
2024-01-01 00:12:38,758,DDoS Attack,EV_Charger_1,408,0.5583,1.6122,0.5374,173.02,145.75,44.17,0.0,44,363,0.8917
2024-01-01 00:12:38,758,DDoS Attack,EV_Charger_2,288,0.5143,1.1897,0.3966,115.51,144.99,48.57,0.0,48,239,0.8313
2024-01-01 00:12:39,759,DDoS Attack,AMI_Meter,29,0.1634,0.0439,0.0146,29.22,5.0,83.66,121.0,29,0,0.0
2024-01-01 00:12:39,759,DDoS Attack,PMU_Sensor,36,0.4263,1.6811,0.5604,49.73,8.17,57.37,109.37,36,0,0.0
2024-01-01 00:12:39,759,DDoS Attack,DER_Controller,29,0.1636,1.0963,0.2741,39.67,9.73,83.64,121.0,29,0,0.0
2024-01-01 00:12:39,759,DDoS Attack,EV_Charger_1,413,0.5551,1.6425,0.5475,173.33,145.92,44.49,0.0,44,368,0.8923
2024-01-01 00:12:39,759,DDoS Attack,EV_Charger_2,352,0.5227,1.6272,0.5424,115.82,145.14,47.73,0.0,47,304,0.8644
2024-01-01 00:12:40,760,DDoS Attack,AMI_Meter,28,0.1387,0.2437,0.0812,29.22,5.0,86.13,122.0,28,0,0.0
2024-01-01 00:12:40,760,DDoS Attack,PMU_Sensor,44,0.3685,0.7011,0.2337,49.73,8.17,63.15,106.0,44,0,0.0
2024-01-01 00:12:40,760,DDoS Attack,DER_Controller,37,0.1399,0.2742,0.0686,39.67,9.73,86.01,113.0,37,0,0.0
2024-01-01 00:12:40,760,DDoS Attack,EV_Charger_1,392,0.5381,1.4954,0.4985,173.62,146.04,46.19,0.0,46,345,0.8822
2024-01-01 00:12:40,760,DDoS Attack,EV_Charger_2,399,0.5604,1.9449,0.6483,116.19,145.41,43.96,0.0,43,355,0.8898
2024-01-01 00:12:41,761,DDoS Attack,AMI_Meter,16,0.3601,2.6303,0.8768,29.2,5.02,63.99,134.0,16,0,0.0
2024-01-01 00:12:41,761,DDoS Attack,PMU_Sensor,43,0.3402,0.8227,0.2742,49.72,8.16,65.98,107.0,43,0,0.0
2024-01-01 00:12:41,761,DDoS Attack,DER_Controller,41,0.1135,0.1369,0.0342,39.67,9.72,88.65,109.0,41,0,0.0
2024-01-01 00:12:41,761,DDoS Attack,EV_Charger_1,376,0.515,1.3832,0.4611,173.89,146.12,48.5,0.0,48,327,0.871
2024-01-01 00:12:41,761,DDoS Attack,EV_Charger_2,373,0.5684,1.7613,0.5871,116.53,145.61,43.16,0.0,43,329,0.8843
2024-01-01 00:12:42,762,DDoS Attack,AMI_Meter,31,0.2879,0.3582,0.1194,29.2,5.02,71.21,119.0,31,0,0.0
2024-01-01 00:12:42,762,DDoS Attack,PMU_Sensor,47,0.2714,0.3325,0.1108,49.71,8.16,72.86,103.0,47,0,0.0
2024-01-01 00:12:42,762,DDoS Attack,DER_Controller,34,0.1215,0.5826,0.1457,39.66,9.72,87.85,116.0,34,0,0.0
2024-01-01 00:12:42,762,DDoS Attack,EV_Charger_1,370,0.4944,1.3396,0.4465,174.14,146.2,50.56,0.0,50,319,0.8634
2024-01-01 00:12:42,762,DDoS Attack,EV_Charger_2,406,0.596,1.9815,0.6605,116.91,145.9,40.4,0.0,40,365,0.9005
2024-01-01 00:12:43,763,DDoS Attack,AMI_Meter,26,0.2653,0.638,0.2127,29.2,5.01,73.47,124.0,26,0,0.0
2024-01-01 00:12:43,763,DDoS Attack,PMU_Sensor,49,0.1987,0.0873,0.0291,49.71,8.15,80.13,101.0,49,0,0.0
2024-01-01 00:12:43,763,DDoS Attack,DER_Controller,41,0.0997,0.1376,0.0344,39.66,9.71,90.03,109.0,41,0,0.0
2024-01-01 00:12:43,763,DDoS Attack,EV_Charger_1,442,0.5288,1.8269,0.609,174.49,146.43,47.12,0.0,47,394,0.8934
2024-01-01 00:12:43,763,DDoS Attack,EV_Charger_2,341,0.5705,1.5326,0.5109,117.2,146.02,42.95,0.0,42,298,0.874
2024-01-01 00:12:44,764,DDoS Attack,AMI_Meter,34,0.2814,0.9563,0.3188,29.21,5.01,71.86,116.0,34,0,0.0
2024-01-01 00:12:44,764,DDoS Attack,PMU_Sensor,59,0.2528,1.1373,0.3791,49.72,8.16,74.72,91.0,59,0,0.0
2024-01-01 00:12:44,764,DDoS Attack,DER_Controller,39,0.0791,0.0683,0.0171,39.66,9.71,92.09,111.0,39,0,0.0
2024-01-01 00:12:44,764,DDoS Attack,EV_Charger_1,371,0.5041,1.3396,0.4465,174.75,146.5,49.59,0.0,49,321,0.8663
2024-01-01 00:12:44,764,DDoS Attack,EV_Charger_2,340,0.5516,1.5224,0.5075,117.49,146.15,44.84,0.0,44,295,0.8681
2024-01-01 00:12:45,765,DDoS Attack,AMI_Meter,28,0.221,0.2402,0.0801,29.2,5.01,77.9,122.0,28,0,0.0
2024-01-01 00:12:45,765,DDoS Attack,PMU_Sensor,56,0.2539,0.7687,0.2562,49.73,8.15,74.61,94.0,56,0,0.0
2024-01-01 00:12:45,765,DDoS Attack,DER_Controller,42,0.0743,0.2407,0.0602,39.67,9.7,92.57,108.0,42,0,0.0
2024-01-01 00:12:45,765,DDoS Attack,EV_Charger_1,389,0.4988,1.4594,0.4865,175.03,146.61,50.12,0.0,50,338,0.8712
2024-01-01 00:12:45,765,DDoS Attack,EV_Charger_2,304,0.5135,1.2739,0.4246,117.74,146.21,48.65,0.0,48,255,0.84
2024-01-01 00:12:46,766,DDoS Attack,AMI_Meter,25,0.2385,0.838,0.2793,29.2,5.01,76.15,125.0,25,0,0.0
2024-01-01 00:12:46,766,DDoS Attack,PMU_Sensor,67,0.3887,2.1102,0.7034,49.75,8.17,61.13,83.0,67,0,0.0
2024-01-01 00:12:46,766,DDoS Attack,DER_Controller,38,0.0665,0.1716,0.0429,39.66,9.69,93.35,112.0,38,0,0.0
2024-01-01 00:12:46,766,DDoS Attack,EV_Charger_1,349,0.4677,1.1847,0.3949,175.26,146.65,53.23,0.0,53,295,0.8475
2024-01-01 00:12:46,766,DDoS Attack,EV_Charger_2,419,0.5648,2.0534,0.6845,118.13,146.52,43.52,0.0,43,375,0.8961
2024-01-01 00:12:47,767,DDoS Attack,AMI_Meter,31,0.2029,0.3594,0.1198,29.2,5.01,79.71,119.0,31,0,0.0
2024-01-01 00:12:47,767,DDoS Attack,PMU_Sensor,54,0.324,0.519,0.173,49.76,8.17,67.6,96.0,54,0,0.0
2024-01-01 00:12:47,767,DDoS Attack,DER_Controller,38,0.0606,0.1715,0.0429,39.66,9.69,93.94,112.0,38,0,0.0
2024-01-01 00:12:47,767,DDoS Attack,EV_Charger_1,367,0.4579,1.3052,0.4351,175.51,146.72,54.21,0.0,54,312,0.8523
2024-01-01 00:12:47,767,DDoS Attack,EV_Charger_2,347,0.5512,1.5585,0.5195,118.43,146.66,44.88,0.0,44,302,0.8707
2024-01-01 00:12:48,768,DDoS Attack,AMI_Meter,23,0.2657,1.2364,0.4121,29.19,5.01,73.43,127.0,23,0,0.0
2024-01-01 00:12:48,768,DDoS Attack,PMU_Sensor,49,0.2361,0.093,0.031,49.76,8.16,76.39,101.0,49,0,0.0
2024-01-01 00:12:48,768,DDoS Attack,DER_Controller,42,0.0605,0.2413,0.0603,39.66,9.68,93.95,108.0,42,0,0.0
2024-01-01 00:12:48,768,DDoS Attack,EV_Charger_1,454,0.5098,1.8925,0.6308,175.87,146.97,49.02,0.0,49,404,0.892
2024-01-01 00:12:48,768,DDoS Attack,EV_Charger_2,358,0.5488,1.6297,0.5432,118.74,146.82,45.12,0.0,45,312,0.874
2024-01-01 00:12:49,769,DDoS Attack,AMI_Meter,18,0.4086,2.226,0.742,29.18,5.02,59.14,132.0,18,0,0.0
2024-01-01 00:12:49,769,DDoS Attack,PMU_Sensor,49,0.1746,0.093,0.031,49.76,8.16,82.54,101.0,49,0,0.0
2024-01-01 00:12:49,769,DDoS Attack,DER_Controller,67,0.2208,2.8073,0.7018,39.7,9.72,77.92,83.0,67,0,0.0
2024-01-01 00:12:49,769,DDoS Attack,EV_Charger_1,414,0.5185,1.6165,0.5388,176.18,147.12,48.15,0.0,48,365,0.8837
2024-01-01 00:12:49,769,DDoS Attack,EV_Charger_2,318,0.5196,1.3547,0.4516,119.0,146.9,48.04,0.0,48,269,0.8489
2024-01-01 00:12:50,770,DDoS Attack,AMI_Meter,32,0.3421,0.5615,0.1872,29.18,5.02,65.79,118.0,32,0,0.0
2024-01-01 00:12:50,770,DDoS Attack,PMU_Sensor,44,0.1927,0.7052,0.2351,49.75,8.16,80.73,106.0,44,0,0.0
2024-01-01 00:12:50,770,DDoS Attack,DER_Controller,26,0.2535,1.4061,0.3515,39.68,9.73,74.65,124.0,26,0,0.0
2024-01-01 00:12:50,770,DDoS Attack,EV_Charger_1,366,0.4917,1.288,0.4293,176.43,147.18,50.83,0.0,50,315,0.8611
2024-01-01 00:12:50,770,DDoS Attack,EV_Charger_2,359,0.5267,1.6299,0.5433,119.31,147.06,47.33,0.0,47,311,0.8682
2024-01-01 00:12:51,771,DDoS Attack,AMI_Meter,20,0.4219,1.8241,0.608,29.17,5.03,57.81,130.0,20,0,0.0
2024-01-01 00:12:51,771,DDoS Attack,PMU_Sensor,40,0.2543,1.1938,0.3979,49.74,8.16,74.57,110.0,40,0,0.0
2024-01-01 00:12:51,771,DDoS Attack,DER_Controller,40,0.1922,0.0326,0.0082,39.68,9.72,80.78,110.0,40,0,0.0
2024-01-01 00:12:51,771,DDoS Attack,EV_Charger_1,363,0.4708,1.2655,0.4218,176.67,147.24,52.92,0.0,52,310,0.8542
2024-01-01 00:12:51,771,DDoS Attack,EV_Charger_2,372,0.5401,1.7139,0.5713,119.64,147.24,45.99,0.0,45,326,0.8764
2024-01-01 00:12:52,772,DDoS Attack,AMI_Meter,23,0.4179,1.2254,0.4085,29.16,5.03,58.21,127.0,23,0,0.0
2024-01-01 00:12:52,772,DDoS Attack,PMU_Sensor,55,0.2424,0.6444,0.2148,49.75,8.15,75.76,95.0,55,0,0.0
2024-01-01 00:12:52,772,DDoS Attack,DER_Controller,28,0.2191,1.1995,0.2999,39.67,9.73,78.09,122.0,28,0,0.0
2024-01-01 00:12:52,772,DDoS Attack,EV_Charger_1,445,0.5113,1.8173,0.6058,177.01,147.46,48.87,0.0,48,396,0.8902
2024-01-01 00:12:52,772,DDoS Attack,EV_Charger_2,277,0.4848,1.0673,0.3558,119.84,147.25,51.52,0.0,51,225,0.814
2024-01-01 00:12:53,773,DDoS Attack,AMI_Meter,24,0.395,1.0251,0.3417,29.16,5.03,60.5,126.0,24,0,0.0
2024-01-01 00:12:53,773,DDoS Attack,PMU_Sensor,53,0.2096,0.3989,0.133,49.75,8.15,79.04,97.0,53,0,0.0
2024-01-01 00:12:53,773,DDoS Attack,DER_Controller,56,0.269,1.6749,0.4187,39.69,9.74,73.1,94.0,56,0,0.0
2024-01-01 00:12:53,773,DDoS Attack,EV_Charger_1,392,0.5034,1.455,0.485,177.29,147.57,49.66,0.0,49,342,0.8733
2024-01-01 00:12:53,773,DDoS Attack,EV_Charger_2,380,0.5156,1.762,0.5873,120.18,147.46,48.44,0.0,48,331,0.8725
2024-01-01 00:12:54,774,DDoS Attack,AMI_Meter,30,0.2933,0.1679,0.056,29.16,5.03,70.67,120.0,30,0,0.0
2024-01-01 00:12:54,774,DDoS Attack,PMU_Sensor,41,0.2539,1.0721,0.3574,49.74,8.15,74.61,109.0,41,0,0.0
2024-01-01 00:12:54,774,DDoS Attack,DER_Controller,35,0.2318,0.4811,0.1203,39.68,9.73,76.82,115.0,35,0,0.0
2024-01-01 00:12:54,774,DDoS Attack,EV_Charger_1,331,0.4564,1.0402,0.3467,177.49,147.58,54.36,0.0,54,276,0.8358
2024-01-01 00:12:54,774,DDoS Attack,EV_Charger_2,297,0.4806,1.1973,0.3991,120.41,147.5,51.94,0.0,51,245,0.8251
2024-01-01 00:12:55,775,DDoS Attack,AMI_Meter,32,0.2619,0.5654,0.1885,29.16,5.02,73.81,118.0,32,0,0.0
2024-01-01 00:12:55,775,DDoS Attack,PMU_Sensor,41,0.2848,1.0706,0.3569,49.73,8.15,71.52,109.0,41,0,0.0
2024-01-01 00:12:55,775,DDoS Attack,DER_Controller,43,0.1952,0.3406,0.0851,39.69,9.73,80.48,107.0,43,0,0.0
2024-01-01 00:12:55,775,DDoS Attack,EV_Charger_1,327,0.4207,1.0118,0.3373,177.68,147.58,57.93,0.0,57,269,0.8228
2024-01-01 00:12:55,775,DDoS Attack,EV_Charger_2,368,0.5039,1.6745,0.5582,120.72,147.67,49.61,0.0,49,318,0.8652
2024-01-01 00:12:56,776,DDoS Attack,AMI_Meter,27,0.2263,0.4296,0.1432,29.16,5.02,77.37,123.0,27,0,0.0
2024-01-01 00:12:56,776,DDoS Attack,PMU_Sensor,61,0.3374,1.3804,0.4601,49.74,8.16,66.26,89.0,61,0,0.0
2024-01-01 00:12:56,776,DDoS Attack,DER_Controller,43,0.1676,0.3403,0.0851,39.69,9.72,83.24,107.0,43,0,0.0
2024-01-01 00:12:56,776,DDoS Attack,EV_Charger_1,429,0.4643,1.6987,0.5662,178.01,147.76,53.57,0.0,53,375,0.8751
2024-01-01 00:12:56,776,DDoS Attack,EV_Charger_2,320,0.4874,1.347,0.449,120.98,147.75,51.26,0.0,51,268,0.8398
2024-01-01 00:12:57,777,DDoS Attack,AMI_Meter,30,0.1752,0.1678,0.0559,29.16,5.02,82.48,120.0,30,0,0.0
2024-01-01 00:12:57,777,DDoS Attack,PMU_Sensor,42,0.331,0.948,0.316,49.73,8.16,66.9,108.0,42,0,0.0
2024-01-01 00:12:57,777,DDoS Attack,DER_Controller,35,0.1559,0.4821,0.1205,39.69,9.72,84.41,115.0,35,0,0.0
2024-01-01 00:12:57,777,DDoS Attack,EV_Charger_1,369,0.4541,1.2904,0.4301,178.25,147.82,54.59,0.0,54,314,0.852
2024-01-01 00:12:57,777,DDoS Attack,EV_Charger_2,322,0.477,1.3581,0.4527,121.24,147.83,52.3,0.0,52,269,0.8376
2024-01-01 00:12:58,778,DDoS Attack,AMI_Meter,23,0.2451,1.2253,0.4084,29.15,5.02,75.49,127.0,23,0,0.0
2024-01-01 00:12:58,778,DDoS Attack,PMU_Sensor,38,0.3752,1.4356,0.4785,49.72,8.16,62.48,112.0,38,0,0.0
2024-01-01 00:12:58,778,DDoS Attack,DER_Controller,16,0.2685,2.4265,0.6066,39.65,9.75,73.15,134.0,16,0,0.0
2024-01-01 00:12:58,778,DDoS Attack,EV_Charger_1,337,0.4251,1.0724,0.3575,178.46,147.84,57.49,0.0,57,279,0.8294
2024-01-01 00:12:58,778,DDoS Attack,EV_Charger_2,383,0.5105,1.766,0.5887,121.58,148.03,48.95,0.0,48,334,0.8722
2024-01-01 00:12:59,779,DDoS Attack,AMI_Meter,22,0.3138,1.4218,0.4739,29.14,5.02,68.62,128.0,22,0,0.0
2024-01-01 00:12:59,779,DDoS Attack,PMU_Sensor,39,0.3937,1.3108,0.4369,49.7,8.17,60.63,111.0,39,0,0.0
2024-01-01 00:12:59,779,DDoS Attack,DER_Controller,57,0.3123,1.7745,0.4436,39.68,9.76,68.77,93.0,57,0,0.0
2024-01-01 00:12:59,779,DDoS Attack,EV_Charger_1,354,0.4161,1.1856,0.3952,178.68,147.88,58.39,0.0,58,295,0.8351
2024-01-01 00:12:59,779,DDoS Attack,EV_Charger_2,369,0.5241,1.6674,0.5558,121.89,148.2,47.59,0.0,47,321,0.871
2024-01-01 00:13:00,780,DDoS Attack,AMI_Meter,33,0.2964,0.7676,0.2559,29.15,5.02,70.36,117.0,33,0,0.0
2024-01-01 00:13:00,780,DDoS Attack,PMU_Sensor,55,0.3404,0.6482,0.2161,49.71,8.16,65.96,95.0,55,0,0.0
2024-01-01 00:13:00,780,DDoS Attack,DER_Controller,24,0.3344,1.6022,0.4006,39.66,9.77,66.56,126.0,24,0,0.0
2024-01-01 00:13:00,780,DDoS Attack,EV_Charger_1,370,0.4204,1.2916,0.4305,178.93,147.94,57.96,0.0,57,312,0.8434
2024-01-01 00:13:00,780,DDoS Attack,EV_Charger_2,282,0.4747,1.0788,0.3596,122.1,148.22,52.53,0.0,52,229,0.8137
2024-01-01 00:13:01,781,DDoS Attack,AMI_Meter,42,0.4623,2.5477,0.8492,29.16,5.04,53.77,108.0,42,0,0.0
2024-01-01 00:13:01,781,DDoS Attack,PMU_Sensor,37,0.3937,1.5537,0.5179,49.69,8.17,60.63,113.0,37,0,0.0
2024-01-01 00:13:01,781,DDoS Attack,DER_Controller,29,0.3188,1.089,0.2723,39.64,9.77,68.12,121.0,29,0,0.0
2024-01-01 00:13:01,781,DDoS Attack,EV_Charger_1,338,0.4017,1.0738,0.3579,179.13,147.95,59.83,0.0,59,278,0.823
2024-01-01 00:13:01,781,DDoS Attack,EV_Charger_2,287,0.4434,1.111,0.3703,122.31,148.24,55.66,0.0,55,231,0.8061
2024-01-01 00:13:02,782,DDoS Attack,AMI_Meter,36,0.459,1.3545,0.4515,29.17,5.04,54.1,114.0,36,0,0.0
2024-01-01 00:13:02,782,DDoS Attack,PMU_Sensor,69,0.5109,2.3534,0.7845,49.72,8.19,48.91,81.0,69,0,0.0
2024-01-01 00:13:02,782,DDoS Attack,DER_Controller,35,0.2688,0.4747,0.1187,39.64,9.77,73.12,115.0,35,0,0.0
2024-01-01 00:13:02,782,DDoS Attack,EV_Charger_1,327,0.381,0.9982,0.3327,179.32,147.95,61.9,0.0,61,265,0.8107
2024-01-01 00:13:02,782,DDoS Attack,EV_Charger_2,254,0.3991,0.8874,0.2958,122.48,148.22,60.09,0.0,60,193,0.7634
2024-01-01 00:13:03,783,DDoS Attack,AMI_Meter,28,0.3445,0.2321,0.0774,29.17,5.04,65.55,122.0,28,0,0.0
2024-01-01 00:13:03,783,DDoS Attack,PMU_Sensor,47,0.3908,0.3315,0.1105,49.71,8.19,60.92,94.92,47,0,0.0
2024-01-01 00:13:03,783,DDoS Attack,DER_Controller,33,0.244,0.6788,0.1697,39.63,9.76,75.6,117.0,33,0,0.0
2024-01-01 00:13:03,783,DDoS Attack,EV_Charger_1,388,0.4075,1.4078,0.4693,179.58,148.05,59.25,0.0,59,328,0.8473
2024-01-01 00:13:03,783,DDoS Attack,EV_Charger_2,372,0.4473,1.6794,0.5598,122.79,148.39,55.27,0.0,55,316,0.8514
2024-01-01 00:13:04,784,DDoS Attack,AMI_Meter,31,0.2775,0.363,0.121,29.17,5.04,72.25,119.0,31,0,0.0
2024-01-01 00:13:04,784,DDoS Attack,PMU_Sensor,47,0.3067,0.3312,0.1104,49.71,8.18,69.33,103.0,47,0,0.0
2024-01-01 00:13:04,784,DDoS Attack,DER_Controller,28,0.2573,1.189,0.2973,39.61,9.77,74.27,122.0,28,0,0.0
2024-01-01 00:13:04,784,DDoS Attack,EV_Charger_1,406,0.4378,1.5261,0.5087,179.87,148.17,56.22,0.0,56,349,0.8615
2024-01-01 00:13:04,784,DDoS Attack,EV_Charger_2,355,0.4693,1.5614,0.5205,123.09,148.53,53.07,0.0,53,301,0.8505
2024-01-01 00:13:05,785,DDoS Attack,AMI_Meter,34,0.29,0.9576,0.3192,29.18,5.04,71.0,116.0,34,0,0.0
2024-01-01 00:13:05,785,DDoS Attack,PMU_Sensor,56,0.2914,0.7677,0.2559,49.72,8.18,70.86,94.0,56,0,0.0
2024-01-01 00:13:05,785,DDoS Attack,DER_Controller,25,0.2863,1.4931,0.3733,39.6,9.78,71.37,125.0,25,0,0.0
2024-01-01 00:13:05,785,DDoS Attack,EV_Charger_1,322,0.4023,0.958,0.3193,180.05,148.17,59.77,0.0,59,262,0.8144
2024-01-01 00:13:05,785,DDoS Attack,EV_Charger_2,321,0.4615,1.3301,0.4434,123.34,148.6,53.85,0.0,53,267,0.8322
2024-01-01 00:13:06,786,DDoS Attack,AMI_Meter,24,0.3057,1.027,0.3423,29.17,5.04,69.43,126.0,24,0,0.0
2024-01-01 00:13:06,786,DDoS Attack,PMU_Sensor,56,0.2807,0.7669,0.2556,49.73,8.18,71.93,94.0,56,0,0.0
2024-01-01 00:13:06,786,DDoS Attack,DER_Controller,43,0.2365,0.348,0.087,39.6,9.77,76.35,107.0,43,0,0.0
2024-01-01 00:13:06,786,DDoS Attack,EV_Charger_1,423,0.4452,1.6359,0.5453,180.36,148.32,55.48,0.0,55,367,0.8688
2024-01-01 00:13:06,786,DDoS Attack,EV_Charger_2,372,0.49,1.6693,0.5564,123.66,148.77,51.0,0.0,51,320,0.8629
2024-01-01 00:13:07,787,DDoS Attack,AMI_Meter,31,0.2503,0.3628,0.1209,29.17,5.03,74.97,119.0,31,0,0.0
2024-01-01 00:13:07,787,DDoS Attack,PMU_Sensor,59,0.3097,1.132,0.3773,49.74,8.18,69.03,91.0,59,0,0.0
2024-01-01 00:13:07,787,DDoS Attack,DER_Controller,44,0.2055,0.45,0.1125,39.61,9.76,79.45,106.0,44,0,0.0
2024-01-01 00:13:07,787,DDoS Attack,EV_Charger_1,382,0.4473,1.357,0.4523,180.62,148.4,55.27,0.0,55,326,0.8553
2024-01-01 00:13:07,787,DDoS Attack,EV_Charger_2,421,0.5422,1.9923,0.6641,124.04,149.05,45.78,0.0,45,375,0.8913
2024-01-01 00:13:08,788,DDoS Attack,AMI_Meter,30,0.1916,0.164,0.0547,29.17,5.03,80.84,120.0,30,0,0.0
2024-01-01 00:13:08,788,DDoS Attack,PMU_Sensor,47,0.2502,0.3345,0.1115,49.74,8.18,74.98,103.0,47,0,0.0
2024-01-01 00:13:08,788,DDoS Attack,DER_Controller,31,0.2091,0.8803,0.2201,39.59,9.76,79.09,119.0,31,0,0.0
2024-01-01 00:13:08,788,DDoS Attack,EV_Charger_1,408,0.466,1.5289,0.5096,180.91,148.53,53.4,0.0,53,354,0.8691
2024-01-01 00:13:08,788,DDoS Attack,EV_Charger_2,410,0.5708,1.9129,0.6376,124.4,149.31,42.92,0.0,42,367,0.8953
2024-01-01 00:13:09,789,DDoS Attack,AMI_Meter,29,0.1376,0.0348,0.0116,29.17,5.03,86.24,121.0,29,0,0.0
2024-01-01 00:13:09,789,DDoS Attack,PMU_Sensor,60,0.3005,1.2533,0.4178,49.75,8.18,69.95,90.0,60,0,0.0
2024-01-01 00:13:09,789,DDoS Attack,DER_Controller,20,0.2819,2.0005,0.5001,39.57,9.78,71.81,130.0,20,0,0.0
2024-01-01 00:13:09,789,DDoS Attack,EV_Charger_1,377,0.458,1.3179,0.4393,181.15,148.6,54.2,0.0,54,322,0.8562
2024-01-01 00:13:09,789,DDoS Attack,EV_Charger_2,353,0.5524,1.5279,0.5093,124.69,149.43,44.76,0.0,44,308,0.8732
2024-01-01 00:13:10,790,DDoS Attack,AMI_Meter,26,0.1594,0.631,0.2103,29.17,5.02,84.06,124.0,26,0,0.0
2024-01-01 00:13:10,790,DDoS Attack,PMU_Sensor,69,0.4447,2.344,0.7813,49.77,8.2,55.53,76.53,69,0,0.0
2024-01-01 00:13:10,790,DDoS Attack,DER_Controller,39,0.2151,0.0582,0.0145,39.57,9.78,78.49,111.0,39,0,0.0
2024-01-01 00:13:10,790,DDoS Attack,EV_Charger_1,363,0.4428,1.2218,0.4073,181.38,148.65,55.72,0.0,55,307,0.8465
2024-01-01 00:13:10,790,DDoS Attack,EV_Charger_2,356,0.5411,1.5446,0.5149,124.98,149.57,45.89,0.0,45,310,0.8711
2024-01-01 00:13:11,791,DDoS Attack,AMI_Meter,19,0.3134,2.0176,0.6725,29.16,5.03,68.66,131.0,19,0,0.0
2024-01-01 00:13:11,791,DDoS Attack,PMU_Sensor,43,0.3938,0.8247,0.2749,49.76,8.2,60.62,94.15,43,0,0.0
2024-01-01 00:13:11,791,DDoS Attack,DER_Controller,49,0.2215,0.9635,0.2409,39.58,9.78,77.85,101.0,49,0,0.0
2024-01-01 00:13:11,791,DDoS Attack,EV_Charger_1,354,0.4259,1.1595,0.3865,181.6,148.68,57.41,0.0,57,296,0.8378
2024-01-01 00:13:11,791,DDoS Attack,EV_Charger_2,317,0.507,1.2817,0.4272,125.22,149.63,49.3,0.0,49,267,0.8445
2024-01-01 00:13:12,792,DDoS Attack,AMI_Meter,36,0.355,1.3566,0.4522,29.17,5.04,64.5,114.0,36,0,0.0
2024-01-01 00:13:12,792,DDoS Attack,PMU_Sensor,60,0.4003,1.2461,0.4154,49.78,8.2,59.97,90.0,60,0,0.0
2024-01-01 00:13:12,792,DDoS Attack,DER_Controller,45,0.2008,0.5539,0.1385,39.59,9.77,79.92,105.0,45,0,0.0
2024-01-01 00:13:12,792,DDoS Attack,EV_Charger_1,361,0.4186,1.2047,0.4016,181.83,148.72,58.14,0.0,58,302,0.8389
2024-01-01 00:13:12,792,DDoS Attack,EV_Charger_2,344,0.5008,1.4593,0.4864,125.5,149.73,49.92,0.0,49,294,0.8549
2024-01-01 00:13:13,793,DDoS Attack,AMI_Meter,25,0.3311,0.8263,0.2754,29.16,5.04,66.89,125.0,25,0,0.0
2024-01-01 00:13:13,793,DDoS Attack,PMU_Sensor,42,0.3749,0.9468,0.3156,49.77,8.2,62.51,108.0,42,0,0.0
2024-01-01 00:13:13,793,DDoS Attack,DER_Controller,29,0.2182,1.0821,0.2705,39.57,9.77,78.18,121.0,29,0,0.0
2024-01-01 00:13:13,793,DDoS Attack,EV_Charger_1,355,0.4093,1.1627,0.3876,182.05,148.76,59.07,0.0,59,295,0.8336
2024-01-01 00:13:13,793,DDoS Attack,EV_Charger_2,308,0.4723,1.2169,0.4056,125.73,149.78,52.77,0.0,52,255,0.8287
2024-01-01 00:13:14,794,DDoS Attack,AMI_Meter,22,0.3737,1.4192,0.4731,29.15,5.04,62.63,128.0,22,0,0.0
2024-01-01 00:13:14,794,DDoS Attack,PMU_Sensor,51,0.2774,0.1502,0.0501,49.77,8.2,72.26,99.0,51,0,0.0
2024-01-01 00:13:14,794,DDoS Attack,DER_Controller,42,0.1791,0.2481,0.062,39.58,9.77,82.09,108.0,42,0,0.0
2024-01-01 00:13:14,794,DDoS Attack,EV_Charger_1,448,0.4648,1.7831,0.5944,182.38,148.96,53.52,0.0,53,394,0.8805
2024-01-01 00:13:14,794,DDoS Attack,EV_Charger_2,324,0.4627,1.3215,0.4405,125.98,149.85,53.73,0.0,53,270,0.8342
2024-01-01 00:13:15,795,DDoS Attack,AMI_Meter,31,0.2982,0.3664,0.1221,29.15,5.04,70.18,119.0,31,0,0.0
2024-01-01 00:13:15,795,DDoS Attack,PMU_Sensor,52,0.2214,0.272,0.0907,49.77,8.19,77.86,98.0,52,0,0.0
2024-01-01 00:13:15,795,DDoS Attack,DER_Controller,37,0.1508,0.2637,0.0659,39.57,9.76,84.92,113.0,37,0,0.0
2024-01-01 00:13:15,795,DDoS Attack,EV_Charger_1,409,0.4772,1.5182,0.5061,182.67,149.08,52.28,0.0,52,356,0.8722
2024-01-01 00:13:15,795,DDoS Attack,EV_Charger_2,389,0.499,1.7507,0.5836,126.31,150.05,50.1,0.0,50,338,0.8712
2024-01-01 00:13:16,796,DDoS Attack,AMI_Meter,31,0.2454,0.3661,0.122,29.16,5.03,75.46,119.0,31,0,0.0
2024-01-01 00:13:16,796,DDoS Attack,PMU_Sensor,47,0.1888,0.338,0.1127,49.77,8.19,81.12,103.0,47,0,0.0
2024-01-01 00:13:16,796,DDoS Attack,DER_Controller,36,0.136,0.3659,0.0915,39.57,9.76,86.4,114.0,36,0,0.0
2024-01-01 00:13:16,796,DDoS Attack,EV_Charger_1,325,0.4294,0.9536,0.3179,182.84,149.08,57.06,0.0,57,267,0.8244
2024-01-01 00:13:16,796,DDoS Attack,EV_Charger_2,318,0.4768,1.2755,0.4252,126.55,150.11,52.32,0.0,52,265,0.8355
2024-01-01 00:13:17,797,DDoS Attack,AMI_Meter,26,0.2344,0.6266,0.2089,29.15,5.03,76.56,124.0,26,0,0.0
2024-01-01 00:13:17,797,DDoS Attack,PMU_Sensor,41,0.2391,1.0692,0.3564,49.76,8.19,76.09,109.0,41,0,0.0
2024-01-01 00:13:17,797,DDoS Attack,DER_Controller,44,0.1304,0.4538,0.1134,39.58,9.75,86.96,106.0,44,0,0.0
2024-01-01 00:13:17,797,DDoS Attack,EV_Charger_1,427,0.464,1.634,0.5447,183.15,149.23,53.6,0.0,53,373,0.8745
2024-01-01 00:13:17,797,DDoS Attack,EV_Charger_2,314,0.4585,1.2468,0.4156,126.78,150.16,54.15,0.0,54,259,0.8275
2024-01-01 00:13:18,798,DDoS Attack,AMI_Meter,31,0.2008,0.3668,0.1223,29.16,5.03,79.92,119.0,31,0,0.0
2024-01-01 00:13:18,798,DDoS Attack,PMU_Sensor,41,0.2741,1.0678,0.3559,49.75,8.19,72.59,109.0,41,0,0.0
2024-01-01 00:13:18,798,DDoS Attack,DER_Controller,36,0.1207,0.3664,0.0916,39.57,9.75,87.93,114.0,36,0,0.0
2024-01-01 00:13:18,798,DDoS Attack,EV_Charger_1,352,0.4378,1.1298,0.3766,183.36,149.26,56.22,0.0,56,295,0.8403
2024-01-01 00:13:18,798,DDoS Attack,EV_Charger_2,382,0.4905,1.6955,0.5652,127.1,150.33,50.95,0.0,50,331,0.8666
2024-01-01 00:13:19,799,DDoS Attack,AMI_Meter,26,0.2032,0.6268,0.2089,29.15,5.03,79.68,124.0,26,0,0.0
2024-01-01 00:13:19,799,DDoS Attack,PMU_Sensor,58,0.2925,1.0065,0.3355,49.76,8.19,70.75,92.0,58,0,0.0
2024-01-01 00:13:19,799,DDoS Attack,DER_Controller,37,0.107,0.2636,0.0659,39.57,9.74,89.3,113.0,37,0,0.0
2024-01-01 00:13:19,799,DDoS Attack,EV_Charger_1,354,0.4206,1.1416,0.3805,183.57,149.29,57.94,0.0,57,296,0.8363
2024-01-01 00:13:19,799,DDoS Attack,EV_Charger_2,298,0.4568,1.1352,0.3784,127.32,150.36,54.32,0.0,54,243,0.8177
2024-01-01 00:13:20,800,DDoS Attack,AMI_Meter,31,0.179,0.3675,0.1225,29.15,5.02,82.1,119.0,31,0,0.0
2024-01-01 00:13:20,800,DDoS Attack,PMU_Sensor,57,0.2931,0.8834,0.2945,49.77,8.19,70.69,93.0,57,0,0.0
2024-01-01 00:13:20,800,DDoS Attack,DER_Controller,42,0.0958,0.2496,0.0624,39.57,9.73,90.42,108.0,42,0,0.0
2024-01-01 00:13:20,800,DDoS Attack,EV_Charger_1,469,0.4851,1.9064,0.6355,183.93,149.53,51.49,0.0,51,417,0.8902
2024-01-01 00:13:20,800,DDoS Attack,EV_Charger_2,419,0.5132,1.9341,0.6447,127.68,150.62,48.68,0.0,48,370,0.8838
2024-01-01 00:13:21,801,DDoS Attack,AMI_Meter,28,0.1482,0.2294,0.0765,29.15,5.02,85.18,122.0,28,0,0.0
2024-01-01 00:13:21,801,DDoS Attack,PMU_Sensor,47,0.2389,0.3374,0.1125,49.76,8.19,76.11,103.0,47,0,0.0
2024-01-01 00:13:21,801,DDoS Attack,DER_Controller,44,0.1003,0.4547,0.1137,39.58,9.73,89.97,106.0,44,0,0.0
2024-01-01 00:13:21,801,DDoS Attack,EV_Charger_1,346,0.4478,1.0824,0.3608,184.13,149.55,55.22,0.0,55,290,0.8404
2024-01-01 00:13:21,801,DDoS Attack,EV_Charger_2,407,0.5442,1.8493,0.6164,128.03,150.85,45.58,0.0,45,361,0.888
2024-01-01 00:13:22,802,DDoS Attack,AMI_Meter,31,0.1405,0.3677,0.1226,29.15,5.02,85.95,119.0,31,0,0.0
2024-01-01 00:13:22,802,DDoS Attack,PMU_Sensor,52,0.1946,0.2733,0.0911,49.76,8.18,80.54,98.0,52,0,0.0
2024-01-01 00:13:22,802,DDoS Attack,DER_Controller,46,0.1165,0.6597,0.1649,39.58,9.73,88.35,104.0,46,0,0.0
2024-01-01 00:13:22,802,DDoS Attack,EV_Charger_1,448,0.4894,1.7599,0.5866,184.46,149.75,51.06,0.0,51,396,0.886
2024-01-01 00:13:22,802,DDoS Attack,EV_Charger_2,362,0.5357,1.5477,0.5159,128.32,150.98,46.43,0.0,46,315,0.8717
2024-01-01 00:13:23,803,DDoS Attack,AMI_Meter,29,0.1015,0.0307,0.0102,29.15,5.02,89.85,121.0,29,0,0.0
2024-01-01 00:13:23,803,DDoS Attack,PMU_Sensor,62,0.2855,1.4927,0.4976,49.78,8.19,71.45,88.0,62,0,0.0
2024-01-01 00:13:23,803,DDoS Attack,DER_Controller,49,0.1478,0.967,0.2417,39.6,9.73,85.22,101.0,49,0,0.0
2024-01-01 00:13:23,803,DDoS Attack,EV_Charger_1,367,0.4643,1.2171,0.4057,184.69,149.79,53.57,0.0,53,313,0.854
2024-01-01 00:13:23,803,DDoS Attack,EV_Charger_2,355,0.5248,1.4983,0.4994,128.6,151.1,47.52,0.0,47,307,0.8661
2024-01-01 00:13:24,804,DDoS Attack,AMI_Meter,30,0.0879,0.1685,0.0562,29.16,5.01,91.21,120.0,30,0,0.0
2024-01-01 00:13:24,804,DDoS Attack,PMU_Sensor,52,0.2269,0.271,0.0903,49.78,8.18,77.31,98.0,52,0,0.0
2024-01-01 00:13:24,804,DDoS Attack,DER_Controller,26,0.198,1.3954,0.3489,39.58,9.73,80.2,124.0,26,0,0.0
2024-01-01 00:13:24,804,DDoS Attack,EV_Charger_1,318,0.4139,0.889,0.2963,184.85,149.77,58.61,0.0,58,259,0.8157
2024-01-01 00:13:24,804,DDoS Attack,EV_Charger_2,315,0.4905,1.2317,0.4106,128.83,151.15,50.95,0.0,50,264,0.8383
2024-01-01 00:13:25,805,DDoS Attack,AMI_Meter,25,0.1443,0.8281,0.276,29.15,5.01,85.57,125.0,25,0,0.0
2024-01-01 00:13:25,805,DDoS Attack,PMU_Sensor,44,0.2295,0.7061,0.2354,49.78,8.18,77.05,106.0,44,0,0.0
2024-01-01 00:13:25,805,DDoS Attack,DER_Controller,46,0.1897,0.6593,0.1648,39.59,9.73,81.03,104.0,46,0,0.0
2024-01-01 00:13:25,805,DDoS Attack,EV_Charger_1,373,0.4152,1.2542,0.4181,185.09,149.83,58.48,0.0,58,314,0.8432
2024-01-01 00:13:25,805,DDoS Attack,EV_Charger_2,363,0.498,1.546,0.5153,129.12,151.28,50.2,0.0,50,312,0.8617
2024-01-01 00:13:26,806,DDoS Attack,AMI_Meter,23,0.2235,1.2252,0.4084,29.14,5.01,77.65,127.0,23,0,0.0
2024-01-01 00:13:26,806,DDoS Attack,PMU_Sensor,46,0.2067,0.4612,0.1537,49.77,8.18,79.33,104.0,46,0,0.0
2024-01-01 00:13:26,806,DDoS Attack,DER_Controller,45,0.1771,0.556,0.139,39.59,9.72,82.29,105.0,45,0,0.0
2024-01-01 00:13:26,806,DDoS Attack,EV_Charger_1,403,0.4358,1.4516,0.4839,185.36,149.93,56.42,0.0,56,346,0.86
2024-01-01 00:13:26,806,DDoS Attack,EV_Charger_2,322,0.4759,1.2729,0.4243,129.36,151.34,52.41,0.0,52,269,0.8372
2024-01-01 00:13:27,807,DDoS Attack,AMI_Meter,30,0.1736,0.1709,0.057,29.14,5.01,82.64,120.0,30,0,0.0
2024-01-01 00:13:27,807,DDoS Attack,PMU_Sensor,67,0.3548,2.1003,0.7001,49.79,8.19,64.52,83.0,67,0,0.0
2024-01-01 00:13:27,807,DDoS Attack,DER_Controller,39,0.1366,0.061,0.0153,39.59,9.72,86.34,111.0,39,0,0.0
2024-01-01 00:13:27,807,DDoS Attack,EV_Charger_1,352,0.416,1.1099,0.37,185.56,149.95,58.4,0.0,58,293,0.8341
2024-01-01 00:13:27,807,DDoS Attack,EV_Charger_2,347,0.4766,1.4354,0.4785,129.63,151.44,52.34,0.0,52,294,0.8492
2024-01-01 00:13:28,808,DDoS Attack,AMI_Meter,30,0.1386,0.1708,0.0569,29.14,5.01,86.14,120.0,30,0,0.0
2024-01-01 00:13:28,808,DDoS Attack,PMU_Sensor,48,0.2702,0.2186,0.0729,49.79,8.19,72.98,102.0,48,0,0.0
2024-01-01 00:13:28,808,DDoS Attack,DER_Controller,39,0.1063,0.061,0.0152,39.59,9.71,89.37,111.0,39,0,0.0
2024-01-01 00:13:28,808,DDoS Attack,EV_Charger_1,322,0.3821,0.9088,0.3029,185.73,149.94,61.79,0.0,61,260,0.8081
2024-01-01 00:13:28,808,DDoS Attack,EV_Charger_2,311,0.4532,1.1958,0.3986,129.86,151.48,54.68,0.0,54,256,0.8242
2024-01-01 00:13:29,809,DDoS Attack,AMI_Meter,29,0.0999,0.0289,0.0096,29.14,5.0,90.01,121.0,29,0,0.0
2024-01-01 00:13:29,809,DDoS Attack,PMU_Sensor,48,0.211,0.2185,0.0728,49.79,8.18,78.9,102.0,48,0,0.0
2024-01-01 00:13:29,809,DDoS Attack,DER_Controller,34,0.1157,0.5753,0.1438,39.59,9.71,88.43,116.0,34,0,0.0
2024-01-01 00:13:29,809,DDoS Attack,EV_Charger_1,372,0.3915,1.2404,0.4135,185.96,149.99,60.85,0.0,60,311,0.8364
2024-01-01 00:13:29,809,DDoS Attack,EV_Charger_2,357,0.4669,1.4965,0.4988,130.14,151.59,53.31,0.0,53,303,0.8507
2024-01-01 00:13:30,810,DDoS Attack,AMI_Meter,34,0.1668,0.9691,0.323,29.15,5.0,83.32,116.0,34,0,0.0
2024-01-01 00:13:30,810,DDoS Attack,PMU_Sensor,49,0.1573,0.0962,0.0321,49.79,8.18,84.27,101.0,49,0,0.0
2024-01-01 00:13:30,810,DDoS Attack,DER_Controller,43,0.1087,0.3515,0.0879,39.59,9.7,89.13,107.0,43,0,0.0
2024-01-01 00:13:30,810,DDoS Attack,EV_Charger_1,358,0.3886,1.1454,0.3818,186.18,150.01,61.14,0.0,61,296,0.8292
2024-01-01 00:13:30,810,DDoS Attack,EV_Charger_2,380,0.4913,1.6445,0.5482,130.45,151.75,50.87,0.0,50,329,0.8661
2024-01-01 00:13:31,811,DDoS Attack,AMI_Meter,31,0.1537,0.3693,0.1231,29.15,5.0,84.63,119.0,31,0,0.0
2024-01-01 00:13:31,811,DDoS Attack,PMU_Sensor,56,0.186,0.759,0.253,49.79,8.18,81.4,94.0,56,0,0.0
2024-01-01 00:13:31,811,DDoS Attack,DER_Controller,47,0.1292,0.7631,0.1908,39.6,9.7,87.08,103.0,47,0,0.0
2024-01-01 00:13:31,811,DDoS Attack,EV_Charger_1,403,0.4163,1.4426,0.4809,186.44,150.11,58.37,0.0,58,344,0.8552
2024-01-01 00:13:31,811,DDoS Attack,EV_Charger_2,350,0.4883,1.444,0.4813,130.72,151.86,51.17,0.0,51,298,0.8538
2024-01-01 00:13:32,812,DDoS Attack,AMI_Meter,31,0.1445,0.3691,0.123,29.15,5.0,85.55,119.0,31,0,0.0
2024-01-01 00:13:32,812,DDoS Attack,PMU_Sensor,58,0.2304,1.0024,0.3341,49.8,8.18,76.96,92.0,58,0,0.0
2024-01-01 00:13:32,812,DDoS Attack,DER_Controller,33,0.1394,0.6797,0.1699,39.59,9.7,86.06,117.0,33,0,0.0
2024-01-01 00:13:32,812,DDoS Attack,EV_Charger_1,354,0.4029,1.1147,0.3716,186.65,150.14,59.71,0.0,59,294,0.8313
2024-01-01 00:13:32,812,DDoS Attack,EV_Charger_2,363,0.4945,1.5265,0.5088,131.0,151.98,50.55,0.0,50,312,0.8607
2024-01-01 00:13:33,813,DDoS Attack,AMI_Meter,32,0.158,0.5687,0.1896,29.16,5.0,84.2,118.0,32,0,0.0
2024-01-01 00:13:33,813,DDoS Attack,PMU_Sensor,43,0.2444,0.8314,0.2771,49.8,8.17,75.56,107.0,43,0,0.0
2024-01-01 00:13:33,813,DDoS Attack,DER_Controller,39,0.1084,0.0609,0.0152,39.59,9.69,89.16,111.0,39,0,0.0
2024-01-01 00:13:33,813,DDoS Attack,EV_Charger_1,376,0.4079,1.2592,0.4197,186.88,150.19,59.21,0.0,59,316,0.8425
2024-01-01 00:13:33,813,DDoS Attack,EV_Charger_2,255,0.4276,0.815,0.2717,131.15,151.95,57.24,0.0,57,197,0.7755
2024-01-01 00:13:34,814,DDoS Attack,AMI_Meter,28,0.1338,0.2317,0.0772,29.16,4.99,86.62,122.0,28,0,0.0
2024-01-01 00:13:34,814,DDoS Attack,PMU_Sensor,48,0.1931,0.2196,0.0732,49.79,8.17,80.69,102.0,48,0,0.0
2024-01-01 00:13:34,814,DDoS Attack,DER_Controller,38,0.0915,0.1639,0.041,39.59,9.68,90.85,112.0,38,0,0.0
2024-01-01 00:13:34,814,DDoS Attack,EV_Charger_1,436,0.451,1.6549,0.5516,187.19,150.35,54.9,0.0,54,381,0.8741
2024-01-01 00:13:34,814,DDoS Attack,EV_Charger_2,300,0.4103,1.1097,0.3699,131.36,151.97,58.97,0.0,58,241,0.8034
2024-01-01 00:13:35,815,DDoS Attack,AMI_Meter,25,0.1768,0.8316,0.2772,29.15,4.99,82.32,125.0,25,0,0.0
2024-01-01 00:13:35,815,DDoS Attack,PMU_Sensor,29,0.3885,2.5336,0.8445,49.77,8.2,61.15,121.0,29,0,0.0
2024-01-01 00:13:35,815,DDoS Attack,DER_Controller,35,0.0982,0.4733,0.1183,39.58,9.68,90.18,115.0,35,0,0.0
2024-01-01 00:13:35,815,DDoS Attack,EV_Charger_1,364,0.4331,1.1743,0.3914,187.4,150.39,56.69,0.0,56,307,0.8443
2024-01-01 00:13:35,815,DDoS Attack,EV_Charger_2,332,0.419,1.318,0.4393,131.61,152.04,58.1,0.0,58,273,0.825
2024-01-01 00:13:36,816,DDoS Attack,AMI_Meter,35,0.2407,1.1696,0.3899,29.16,4.99,75.93,115.0,35,0,0.0
2024-01-01 00:13:36,816,DDoS Attack,PMU_Sensor,56,0.3479,0.7595,0.2532,49.78,8.2,65.21,94.0,56,0,0.0
2024-01-01 00:13:36,816,DDoS Attack,DER_Controller,40,0.0764,0.0431,0.0108,39.58,9.67,92.36,110.0,40,0,0.0
2024-01-01 00:13:36,816,DDoS Attack,EV_Charger_1,365,0.4211,1.1792,0.3931,187.62,150.42,57.89,0.0,57,307,0.8414
2024-01-01 00:13:36,816,DDoS Attack,EV_Charger_2,401,0.47,1.7674,0.5891,131.94,152.24,53.0,0.0,52,348,0.8678
2024-01-01 00:13:37,817,DDoS Attack,AMI_Meter,29,0.1717,0.0318,0.0106,29.16,4.99,82.83,121.0,29,0,0.0
2024-01-01 00:13:37,817,DDoS Attack,PMU_Sensor,43,0.3261,0.826,0.2753,49.77,8.19,67.39,107.0,43,0,0.0
2024-01-01 00:13:37,817,DDoS Attack,DER_Controller,22,0.1706,1.8127,0.4532,39.56,9.69,82.94,128.0,22,0,0.0
2024-01-01 00:13:37,817,DDoS Attack,EV_Charger_1,362,0.4105,1.1576,0.3859,187.83,150.46,58.95,0.0,58,303,0.8372
2024-01-01 00:13:37,817,DDoS Attack,EV_Charger_2,388,0.4968,1.678,0.5593,132.25,152.41,50.32,0.0,50,337,0.8703
2024-01-01 00:13:38,818,DDoS Attack,AMI_Meter,41,0.3565,2.3629,0.7876,29.17,5.01,64.35,109.0,41,0,0.0
2024-01-01 00:13:38,818,DDoS Attack,PMU_Sensor,50,0.2311,0.0283,0.0094,49.77,8.19,76.89,100.0,50,0,0.0
2024-01-01 00:13:38,818,DDoS Attack,DER_Controller,32,0.1767,0.7797,0.1949,39.55,9.69,82.33,118.0,32,0,0.0
2024-01-01 00:13:38,818,DDoS Attack,EV_Charger_1,332,0.3831,0.9571,0.319,188.01,150.45,61.69,0.0,61,270,0.8142
2024-01-01 00:13:38,818,DDoS Attack,EV_Charger_2,379,0.5093,1.6154,0.5385,132.55,152.56,49.07,0.0,49,329,0.8705
2024-01-01 00:13:39,819,DDoS Attack,AMI_Meter,21,0.4125,1.6294,0.5431,29.16,5.01,58.75,129.0,21,0,0.0
2024-01-01 00:13:39,819,DDoS Attack,PMU_Sensor,54,0.2134,0.5164,0.1721,49.77,8.18,78.66,96.0,54,0,0.0
2024-01-01 00:13:39,819,DDoS Attack,DER_Controller,48,0.1869,0.8713,0.2178,39.56,9.68,81.31,102.0,48,0,0.0
2024-01-01 00:13:39,819,DDoS Attack,EV_Charger_1,397,0.4068,1.3866,0.4622,188.26,150.53,59.32,0.0,59,337,0.8506
2024-01-01 00:13:39,819,DDoS Attack,EV_Charger_2,345,0.4955,1.3901,0.4634,132.81,152.65,50.45,0.0,50,294,0.8538
2024-01-01 00:13:40,820,DDoS Attack,AMI_Meter,32,0.3453,0.5657,0.1886,29.17,5.01,65.47,118.0,32,0,0.0
2024-01-01 00:13:40,820,DDoS Attack,PMU_Sensor,51,0.1644,0.1498,0.0499,49.77,8.18,83.56,99.0,51,0,0.0
2024-01-01 00:13:40,820,DDoS Attack,DER_Controller,32,0.189,0.7801,0.195,39.55,9.68,81.1,118.0,32,0,0.0
2024-01-01 00:13:40,820,DDoS Attack,EV_Charger_1,454,0.4609,1.7609,0.587,188.59,150.73,53.91,0.0,53,400,0.8812
2024-01-01 00:13:40,820,DDoS Attack,EV_Charger_2,339,0.4817,1.3484,0.4495,133.06,152.72,51.83,0.0,51,287,0.8471
2024-01-01 00:13:41,821,DDoS Attack,AMI_Meter,33,0.3182,0.7647,0.2549,29.17,5.01,68.18,117.0,33,0,0.0
2024-01-01 00:13:41,821,DDoS Attack,PMU_Sensor,30,0.3558,2.4074,0.8025,49.75,8.2,64.42,120.0,30,0,0.0
2024-01-01 00:13:41,821,DDoS Attack,DER_Controller,52,0.2219,1.2835,0.3209,39.57,9.69,77.81,98.0,52,0,0.0
2024-01-01 00:13:41,821,DDoS Attack,EV_Charger_1,438,0.4877,1.651,0.5503,188.89,150.89,51.23,0.0,51,386,0.883
2024-01-01 00:13:41,821,DDoS Attack,EV_Charger_2,356,0.4829,1.457,0.4857,133.33,152.83,51.71,0.0,51,304,0.8547
2024-01-01 00:13:42,822,DDoS Attack,AMI_Meter,32,0.2792,0.5645,0.1882,29.17,5.0,72.08,118.0,32,0,0.0
2024-01-01 00:13:42,822,DDoS Attack,PMU_Sensor,54,0.3008,0.5176,0.1725,49.76,8.2,69.92,96.0,54,0,0.0
2024-01-01 00:13:42,822,DDoS Attack,DER_Controller,33,0.2088,0.6775,0.1694,39.56,9.68,79.12,117.0,33,0,0.0
2024-01-01 00:13:42,822,DDoS Attack,EV_Charger_1,401,0.4817,1.4032,0.4677,189.15,150.98,51.83,0.0,51,349,0.8708
2024-01-01 00:13:42,822,DDoS Attack,EV_Charger_2,318,0.4587,1.2065,0.4022,133.56,152.87,54.13,0.0,54,263,0.8298
2024-01-01 00:13:43,823,DDoS Attack,AMI_Meter,26,0.2588,0.6339,0.2113,29.17,5.0,74.12,124.0,26,0,0.0
2024-01-01 00:13:43,823,DDoS Attack,PMU_Sensor,59,0.3232,1.1257,0.3752,49.77,8.2,67.68,91.0,59,0,0.0
2024-01-01 00:13:43,823,DDoS Attack,DER_Controller,49,0.2175,0.9738,0.2434,39.57,9.68,78.25,101.0,49,0,0.0
2024-01-01 00:13:43,823,DDoS Attack,EV_Charger_1,351,0.4443,1.0706,0.3569,189.35,150.99,55.57,0.0,55,295,0.8417
2024-01-01 00:13:43,823,DDoS Attack,EV_Charger_2,321,0.4435,1.2243,0.4081,133.78,152.92,55.65,0.0,55,265,0.8266
2024-01-01 00:13:44,824,DDoS Attack,AMI_Meter,26,0.2445,0.6333,0.2111,29.17,5.0,75.55,124.0,26,0,0.0
2024-01-01 00:13:44,824,DDoS Attack,PMU_Sensor,55,0.29,0.6375,0.2125,49.77,8.2,71.0,95.0,55,0,0.0
2024-01-01 00:13:44,824,DDoS Attack,DER_Controller,30,0.2248,0.9874,0.2468,39.56,9.68,77.52,120.0,30,0,0.0
2024-01-01 00:13:44,824,DDoS Attack,EV_Charger_1,394,0.4463,1.3531,0.451,189.59,151.07,55.37,0.0,55,338,0.8595
2024-01-01 00:13:44,824,DDoS Attack,EV_Charger_2,388,0.4763,1.6586,0.5529,134.09,153.08,52.37,0.0,52,335,0.865
2024-01-01 00:13:45,825,DDoS Attack,AMI_Meter,29,0.1745,0.0334,0.0111,29.17,5.0,82.55,121.0,29,0,0.0
2024-01-01 00:13:45,825,DDoS Attack,PMU_Sensor,58,0.3032,1.0022,0.3341,49.78,8.2,69.68,92.0,58,0,0.0
2024-01-01 00:13:45,825,DDoS Attack,DER_Controller,36,0.1916,0.3674,0.0919,39.56,9.68,80.84,114.0,36,0,0.0
2024-01-01 00:13:45,825,DDoS Attack,EV_Charger_1,371,0.4323,1.1991,0.3997,189.81,151.11,56.77,0.0,56,314,0.847
2024-01-01 00:13:45,825,DDoS Attack,EV_Charger_2,311,0.4488,1.154,0.3847,134.31,153.11,55.12,0.0,55,255,0.8228
2024-01-01 00:13:46,826,DDoS Attack,AMI_Meter,35,0.2387,1.1654,0.3885,29.17,5.0,76.13,115.0,35,0,0.0
2024-01-01 00:13:46,826,DDoS Attack,PMU_Sensor,43,0.2949,0.8265,0.2755,49.78,8.2,70.51,107.0,43,0,0.0
2024-01-01 00:13:46,826,DDoS Attack,DER_Controller,43,0.1659,0.3557,0.0889,39.56,9.67,83.41,107.0,43,0,0.0
2024-01-01 00:13:46,826,DDoS Attack,EV_Charger_1,377,0.4263,1.2369,0.4123,190.04,151.15,57.37,0.0,57,319,0.8478
2024-01-01 00:13:46,826,DDoS Attack,EV_Charger_2,307,0.4268,1.1263,0.3754,134.52,153.14,57.32,0.0,57,249,0.8133
2024-01-01 00:13:47,827,DDoS Attack,AMI_Meter,26,0.2305,0.6344,0.2115,29.17,5.0,76.95,124.0,26,0,0.0
2024-01-01 00:13:47,827,DDoS Attack,PMU_Sensor,61,0.3431,1.367,0.4557,49.79,8.2,65.69,89.0,61,0,0.0
2024-01-01 00:13:47,827,DDoS Attack,DER_Controller,42,0.1402,0.2521,0.063,39.56,9.67,85.98,108.0,42,0,0.0
2024-01-01 00:13:47,827,DDoS Attack,EV_Charger_1,339,0.3968,0.9843,0.3281,190.22,151.15,60.32,0.0,60,278,0.8221
2024-01-01 00:13:47,827,DDoS Attack,EV_Charger_2,368,0.4509,1.5216,0.5072,134.8,153.26,54.91,0.0,54,313,0.8508
2024-01-01 00:13:48,828,DDoS Attack,AMI_Meter,29,0.1648,0.0341,0.0114,29.17,4.99,83.52,121.0,29,0,0.0
2024-01-01 00:13:48,828,DDoS Attack,PMU_Sensor,77,0.5402,3.294,1.0,49.82,8.25,45.98,57.98,77,0,0.0
2024-01-01 00:13:48,828,DDoS Attack,DER_Controller,42,0.1209,0.252,0.063,39.57,9.66,87.91,108.0,42,0,0.0
2024-01-01 00:13:48,828,DDoS Attack,EV_Charger_1,364,0.3926,1.1481,0.3827,190.43,151.18,60.74,0.0,60,303,0.8331
2024-01-01 00:13:48,828,DDoS Attack,EV_Charger_2,418,0.4999,1.8429,0.6143,135.14,153.48,50.01,0.0,50,367,0.8804
2024-01-01 00:13:49,829,DDoS Attack,AMI_Meter,20,0.2985,1.8313,0.6104,29.16,5.0,70.15,130.0,20,0,0.0
2024-01-01 00:13:49,829,DDoS Attack,PMU_Sensor,50,0.3803,0.0216,0.0072,49.82,8.25,61.97,69.95,50,0,0.0
2024-01-01 00:13:49,829,DDoS Attack,DER_Controller,59,0.216,2.0055,0.5014,39.59,9.68,78.4,91.0,59,0,0.0
2024-01-01 00:13:49,829,DDoS Attack,EV_Charger_1,375,0.3967,1.219,0.4063,190.65,151.23,60.33,0.0,60,314,0.8391
2024-01-01 00:13:49,829,DDoS Attack,EV_Charger_2,277,0.4423,0.9232,0.3077,135.31,153.47,55.77,0.0,55,221,0.7987
2024-01-01 00:13:50,830,DDoS Attack,AMI_Meter,28,0.2321,0.2316,0.0772,29.16,5.0,76.79,122.0,28,0,0.0
2024-01-01 00:13:50,830,DDoS Attack,PMU_Sensor,61,0.4015,1.3533,0.4511,49.84,8.25,59.85,68.8,61,0,0.0
2024-01-01 00:13:50,830,DDoS Attack,DER_Controller,43,0.184,0.3522,0.088,39.59,9.67,81.6,107.0,43,0,0.0
2024-01-01 00:13:50,830,DDoS Attack,EV_Charger_1,346,0.3803,1.026,0.342,190.84,151.23,61.97,0.0,61,284,0.8209
2024-01-01 00:13:50,830,DDoS Attack,EV_Charger_2,324,0.4324,1.2276,0.4092,135.54,153.52,56.76,0.0,56,267,0.8248
2024-01-01 00:13:51,831,DDoS Attack,AMI_Meter,27,0.2056,0.4313,0.1438,29.16,5.0,79.44,123.0,27,0,0.0
2024-01-01 00:13:51,831,DDoS Attack,PMU_Sensor,52,0.3073,0.2622,0.0874,49.84,8.25,69.27,86.07,52,0,0.0
2024-01-01 00:13:51,831,DDoS Attack,DER_Controller,53,0.2245,1.3835,0.3459,39.61,9.68,77.55,97.0,53,0,0.0
2024-01-01 00:13:51,831,DDoS Attack,EV_Charger_1,422,0.4188,1.5255,0.5085,191.12,151.35,58.12,0.0,58,363,0.8623
2024-01-01 00:13:51,831,DDoS Attack,EV_Charger_2,375,0.4583,1.5566,0.5189,135.82,153.65,54.17,0.0,54,320,0.8556
2024-01-01 00:13:52,832,DDoS Attack,AMI_Meter,23,0.2669,1.2301,0.41,29.15,5.0,73.31,127.0,23,0,0.0
2024-01-01 00:13:52,832,DDoS Attack,PMU_Sensor,39,0.3463,1.3122,0.4374,49.82,8.25,65.37,111.0,39,0,0.0
2024-01-01 00:13:52,832,DDoS Attack,DER_Controller,45,0.2031,0.5565,0.1391,39.62,9.67,79.69,105.0,45,0,0.0
2024-01-01 00:13:52,832,DDoS Attack,EV_Charger_1,326,0.3822,0.8902,0.2967,191.28,151.33,61.78,0.0,61,264,0.8105
2024-01-01 00:13:52,832,DDoS Attack,EV_Charger_2,344,0.4561,1.3526,0.4509,136.07,153.73,54.39,0.0,54,289,0.8419
2024-01-01 00:13:53,833,DDoS Attack,AMI_Meter,31,0.2239,0.3704,0.1235,29.15,5.0,77.61,119.0,31,0,0.0
2024-01-01 00:13:53,833,DDoS Attack,PMU_Sensor,40,0.3614,1.1893,0.3964,49.81,8.25,63.86,110.0,40,0,0.0
2024-01-01 00:13:53,833,DDoS Attack,DER_Controller,29,0.2208,1.0958,0.274,39.6,9.68,77.92,121.0,29,0,0.0
2024-01-01 00:13:53,833,DDoS Attack,EV_Charger_1,376,0.3894,1.2188,0.4063,191.5,151.38,61.06,0.0,61,314,0.8376
2024-01-01 00:13:53,833,DDoS Attack,EV_Charger_2,377,0.4757,1.564,0.5213,136.36,153.86,52.43,0.0,52,324,0.8609
2024-01-01 00:13:54,834,DDoS Attack,AMI_Meter,35,0.2737,1.1695,0.3898,29.16,5.0,72.63,115.0,35,0,0.0
2024-01-01 00:13:54,834,DDoS Attack,PMU_Sensor,54,0.3037,0.5071,0.169,49.82,8.25,69.63,96.0,54,0,0.0
2024-01-01 00:13:54,834,DDoS Attack,DER_Controller,40,0.1682,0.041,0.0102,39.6,9.67,83.18,110.0,40,0,0.0
2024-01-01 00:13:54,834,DDoS Attack,EV_Charger_1,350,0.3771,1.0457,0.3486,191.69,151.39,62.29,0.0,62,287,0.822
2024-01-01 00:13:54,834,DDoS Attack,EV_Charger_2,306,0.4431,1.1011,0.367,136.57,153.88,55.69,0.0,55,250,0.818
2024-01-01 00:13:55,835,DDoS Attack,AMI_Meter,27,0.2347,0.4314,0.1438,29.15,4.99,76.53,123.0,27,0,0.0
2024-01-01 00:13:55,835,DDoS Attack,PMU_Sensor,53,0.2511,0.3856,0.1285,49.82,8.24,74.89,97.0,53,0,0.0
2024-01-01 00:13:55,835,DDoS Attack,DER_Controller,43,0.1481,0.351,0.0877,39.61,9.67,85.19,107.0,43,0,0.0
2024-01-01 00:13:55,835,DDoS Attack,EV_Charger_1,296,0.3328,0.6884,0.2295,191.81,151.34,66.72,0.0,66,229,0.7746
2024-01-01 00:13:55,835,DDoS Attack,EV_Charger_2,319,0.4285,1.1839,0.3946,136.78,153.92,57.15,0.0,57,261,0.8209
2024-01-01 00:13:56,836,DDoS Attack,AMI_Meter,36,0.3011,1.3685,0.4562,29.16,5.0,69.89,114.0,36,0,0.0
2024-01-01 00:13:56,836,DDoS Attack,PMU_Sensor,50,0.1779,0.0216,0.0072,49.82,8.24,82.21,100.0,50,0,0.0
2024-01-01 00:13:56,836,DDoS Attack,DER_Controller,25,0.2053,1.5084,0.3771,39.59,9.67,79.47,125.0,25,0,0.0
2024-01-01 00:13:56,836,DDoS Attack,EV_Charger_1,474,0.419,1.8596,0.6199,192.15,151.56,58.1,0.0,58,415,0.8774
2024-01-01 00:13:56,836,DDoS Attack,EV_Charger_2,353,0.4402,1.4023,0.4674,137.04,154.01,55.98,0.0,55,297,0.8414
2024-01-01 00:13:57,837,DDoS Attack,AMI_Meter,31,0.2476,0.3675,0.1225,29.16,4.99,75.24,119.0,31,0,0.0
2024-01-01 00:13:57,837,DDoS Attack,PMU_Sensor,53,0.1631,0.3855,0.1285,49.83,8.23,83.69,97.0,53,0,0.0
2024-01-01 00:13:57,837,DDoS Attack,DER_Controller,36,0.1772,0.3709,0.0927,39.59,9.67,82.28,114.0,36,0,0.0
2024-01-01 00:13:57,837,DDoS Attack,EV_Charger_1,350,0.3973,1.0402,0.3467,192.34,151.57,60.27,0.0,60,289,0.8278
2024-01-01 00:13:57,837,DDoS Attack,EV_Charger_2,450,0.5107,2.0259,0.6753,137.42,154.29,48.93,0.0,48,401,0.8913
2024-01-01 00:13:58,838,DDoS Attack,AMI_Meter,35,0.29,1.1669,0.389,29.17,4.99,71.0,115.0,35,0,0.0
2024-01-01 00:13:58,838,DDoS Attack,PMU_Sensor,56,0.1891,0.7491,0.2497,49.83,8.23,81.09,94.0,56,0,0.0
2024-01-01 00:13:58,838,DDoS Attack,DER_Controller,45,0.1679,0.5596,0.1399,39.59,9.66,83.21,105.0,45,0,0.0
2024-01-01 00:13:58,838,DDoS Attack,EV_Charger_1,339,0.3747,0.9665,0.3222,192.51,151.56,62.53,0.0,62,276,0.8156
2024-01-01 00:13:58,838,DDoS Attack,EV_Charger_2,412,0.535,1.7752,0.5917,137.74,154.49,46.5,0.0,46,365,0.8871
2024-01-01 00:13:59,839,DDoS Attack,AMI_Meter,25,0.2864,0.8343,0.2781,29.17,4.99,71.36,125.0,25,0,0.0
2024-01-01 00:13:59,839,DDoS Attack,PMU_Sensor,52,0.1587,0.2631,0.0877,49.84,8.23,84.13,98.0,52,0,0.0
2024-01-01 00:13:59,839,DDoS Attack,DER_Controller,23,0.233,1.713,0.4282,39.57,9.67,76.7,127.0,23,0,0.0
2024-01-01 00:13:59,839,DDoS Attack,EV_Charger_1,298,0.3319,0.6954,0.2318,192.64,151.52,66.81,0.0,66,231,0.7758
2024-01-01 00:13:59,839,DDoS Attack,EV_Charger_2,369,0.5239,1.494,0.498,138.02,154.61,47.61,0.0,47,321,0.871
2024-01-01 00:14:00,840,Grid Emergency,AMI_Meter,25,0.2838,0.8335,0.2778,29.16,4.99,71.62,125.0,25,0,0.0
2024-01-01 00:14:00,840,Grid Emergency,PMU_Sensor,34,0.303,1.9194,0.6398,49.82,8.24,69.7,116.0,34,0,0.0
2024-01-01 00:14:00,840,Grid Emergency,DER_Controller,203,0.4247,14.5855,1.0,39.77,11.19,57.53,0.0,150,53,0.2611
2024-01-01 00:14:00,840,Grid Emergency,EV_Charger_1,464,0.411,1.7865,0.5955,192.96,151.72,58.9,0.0,58,405,0.873
2024-01-01 00:14:00,840,Grid Emergency,EV_Charger_2,417,0.5467,1.7999,0.6,138.35,154.81,45.33,0.0,45,371,0.8913
2024-01-01 00:14:01,841,Grid Emergency,AMI_Meter,28,0.2219,0.2325,0.0775,29.16,4.99,77.81,122.0,28,0,0.0
2024-01-01 00:14:01,841,Grid Emergency,PMU_Sensor,50,0.2143,0.0222,0.0074,49.82,8.24,78.57,100.0,50,0,0.0
2024-01-01 00:14:01,841,Grid Emergency,DER_Controller,212,0.5685,13.5861,1.0,39.97,12.66,43.15,0.0,43,168,0.7965
2024-01-01 00:14:01,841,Grid Emergency,EV_Charger_1,424,0.4396,1.5198,0.5066,193.24,151.83,56.04,0.0,56,367,0.8678
2024-01-01 00:14:01,841,Grid Emergency,EV_Charger_2,339,0.5121,1.294,0.4313,138.59,154.88,48.79,0.0,48,290,0.8561
2024-01-01 00:14:02,842,Grid Emergency,AMI_Meter,30,0.1722,0.1682,0.0561,29.16,4.99,82.78,120.0,30,0,0.0
2024-01-01 00:14:02,842,Grid Emergency,PMU_Sensor,52,0.1765,0.2649,0.0883,49.82,8.23,82.35,98.0,52,0,0.0
2024-01-01 00:14:02,842,Grid Emergency,DER_Controller,203,0.6764,11.7618,1.0,40.16,13.84,32.36,0.0,32,170,0.8406
2024-01-01 00:14:02,842,Grid Emergency,EV_Charger_1,374,0.4266,1.1888,0.3963,193.45,151.87,57.34,0.0,57,316,0.8467
2024-01-01 00:14:02,842,Grid Emergency,EV_Charger_2,349,0.4941,1.3563,0.4521,138.84,154.95,50.59,0.0,50,298,0.855
2024-01-01 00:14:03,843,Grid Emergency,AMI_Meter,36,0.2574,1.3689,0.4563,29.17,4.99,74.26,114.0,36,0,0.0
2024-01-01 00:14:03,843,Grid Emergency,PMU_Sensor,59,0.2349,1.1138,0.3713,49.83,8.23,76.51,91.0,59,0,0.0
2024-01-01 00:14:03,843,Grid Emergency,DER_Controller,201,0.7573,10.7796,1.0,40.36,14.9,24.27,0.0,24,176,0.8793
2024-01-01 00:14:03,843,Grid Emergency,EV_Charger_1,448,0.4659,1.6723,0.5574,193.75,152.03,53.41,0.0,53,394,0.8808
2024-01-01 00:14:03,843,Grid Emergency,EV_Charger_2,337,0.4736,1.2768,0.4256,139.07,155.01,52.64,0.0,52,284,0.8438
2024-01-01 00:14:04,844,Grid Emergency,AMI_Meter,38,0.3567,1.7653,0.5884,29.18,5.0,64.33,112.0,38,0,0.0
2024-01-01 00:14:04,844,Grid Emergency,PMU_Sensor,54,0.2151,0.5061,0.1687,49.84,8.23,78.49,96.0,54,0,0.0
2024-01-01 00:14:04,844,Grid Emergency,DER_Controller,271,0.818,13.6513,1.0,40.63,16.88,18.2,0.0,18,252,0.9328
2024-01-01 00:14:04,844,Grid Emergency,EV_Charger_1,332,0.4169,0.9083,0.3028,193.92,152.02,58.31,0.0,58,273,0.8244
2024-01-01 00:14:04,844,Grid Emergency,EV_Charger_2,323,0.45,1.1848,0.3949,139.29,155.05,55.0,0.0,55,267,0.8297
2024-01-01 00:14:05,845,Grid Emergency,AMI_Meter,32,0.3061,0.564,0.188,29.18,4.99,69.39,118.0,32,0,0.0
2024-01-01 00:14:05,845,Grid Emergency,PMU_Sensor,53,0.189,0.3843,0.1281,49.84,8.22,81.1,97.0,53,0,0.0
2024-01-01 00:14:05,845,Grid Emergency,DER_Controller,238,0.8635,10.844,1.0,40.86,18.18,13.65,0.0,13,224,0.9426
2024-01-01 00:14:05,845,Grid Emergency,EV_Charger_1,353,0.3964,1.0452,0.3484,194.11,152.03,60.36,0.0,60,292,0.829
2024-01-01 00:14:05,845,Grid Emergency,EV_Charger_2,395,0.4795,1.6456,0.5485,139.59,155.21,52.05,0.0,52,342,0.8682
2024-01-01 00:14:06,846,Grid Emergency,AMI_Meter,35,0.3306,1.1631,0.3877,29.19,5.0,66.94,115.0,35,0,0.0
2024-01-01 00:14:06,846,Grid Emergency,PMU_Sensor,55,0.195,0.627,0.209,49.85,8.22,80.5,95.0,55,0,0.0
2024-01-01 00:14:06,846,Grid Emergency,DER_Controller,165,0.8976,6.6438,1.0,41.01,18.66,10.24,0.0,10,154,0.9379
2024-01-01 00:14:06,846,Grid Emergency,EV_Charger_1,436,0.4362,1.5878,0.5293,194.39,152.16,56.38,0.0,56,379,0.8707
2024-01-01 00:14:06,846,Grid Emergency,EV_Charger_2,410,0.5095,1.7381,0.5794,139.91,155.39,49.05,0.0,49,360,0.8804
2024-01-01 00:14:07,847,Grid Emergency,AMI_Meter,32,0.2876,0.5621,0.1874,29.19,4.99,71.24,118.0,32,0,0.0
2024-01-01 00:14:07,847,Grid Emergency,PMU_Sensor,51,0.1505,0.1404,0.0468,49.85,8.22,84.95,99.0,51,0,0.0
2024-01-01 00:14:07,847,Grid Emergency,DER_Controller,195,0.9232,7.9338,1.0,41.19,19.39,7.68,0.0,7,187,0.9606
2024-01-01 00:14:07,847,Grid Emergency,EV_Charger_1,376,0.4246,1.1918,0.3973,194.6,152.2,57.54,0.0,57,318,0.847
2024-01-01 00:14:07,847,Grid Emergency,EV_Charger_2,383,0.5128,1.5612,0.5204,140.2,155.53,48.72,0.0,48,334,0.8728
2024-01-01 00:14:08,848,Grid Emergency,AMI_Meter,30,0.2175,0.1614,0.0538,29.19,4.99,78.25,120.0,30,0,0.0
2024-01-01 00:14:08,848,Grid Emergency,PMU_Sensor,43,0.1886,0.8324,0.2775,49.84,8.22,81.14,107.0,43,0,0.0
2024-01-01 00:14:08,848,Grid Emergency,DER_Controller,163,0.9424,6.1382,1.0,41.33,19.82,5.76,0.0,5,157,0.9647
2024-01-01 00:14:08,848,Grid Emergency,EV_Charger_1,349,0.3985,1.0132,0.3377,194.79,152.2,60.15,0.0,60,288,0.8277
2024-01-01 00:14:08,848,Grid Emergency,EV_Charger_2,364,0.5026,1.4364,0.4788,140.46,155.62,49.74,0.0,49,314,0.8633
2024-01-01 00:14:09,849,Grid Emergency,AMI_Meter,29,0.1561,0.0389,0.013,29.19,4.99,84.39,121.0,29,0,0.0
2024-01-01 00:14:09,849,Grid Emergency,PMU_Sensor,51,0.1462,0.1413,0.0471,49.84,8.21,85.38,99.0,51,0,0.0
2024-01-01 00:14:09,849,Grid Emergency,DER_Controller,202,0.9568,7.8047,1.0,41.52,20.56,4.32,0.0,4,197,0.9786
2024-01-01 00:14:09,849,Grid Emergency,EV_Charger_1,354,0.3834,1.0448,0.3483,194.97,152.21,61.66,0.0,61,292,0.8258
2024-01-01 00:14:09,849,Grid Emergency,EV_Charger_2,420,0.531,1.7918,0.5973,140.79,155.83,46.9,0.0,46,373,0.8883
2024-01-01 00:14:10,850,Grid Emergency,AMI_Meter,28,0.1332,0.2393,0.0798,29.19,4.98,86.68,122.0,28,0,0.0
2024-01-01 00:14:10,850,Grid Emergency,PMU_Sensor,46,0.149,0.4674,0.1558,49.84,8.21,85.1,104.0,46,0,0.0
2024-01-01 00:14:10,850,Grid Emergency,DER_Controller,202,0.9676,7.5348,1.0,41.71,21.27,3.24,0.0,3,198,0.984
2024-01-01 00:14:10,850,Grid Emergency,EV_Charger_1,306,0.3413,0.7288,0.2429,195.1,152.17,65.87,0.0,65,240,0.7847
2024-01-01 00:14:10,850,Grid Emergency,EV_Charger_2,319,0.4859,1.1421,0.3807,141.0,155.85,51.41,0.0,51,267,0.8388
2024-01-01 00:14:11,851,Grid Emergency,AMI_Meter,34,0.1896,0.9633,0.3211,29.2,4.98,81.04,116.0,34,0,0.0
2024-01-01 00:14:11,851,Grid Emergency,PMU_Sensor,36,0.2725,1.6821,0.5607,49.82,8.22,72.75,114.0,36,0,0.0
2024-01-01 00:14:11,851,Grid Emergency,DER_Controller,217,0.9757,7.925,1.0,41.92,22.09,2.43,0.0,2,214,0.9888
2024-01-01 00:14:11,851,Grid Emergency,EV_Charger_1,440,0.3995,1.606,0.5353,195.39,152.31,60.05,0.0,60,379,0.8635
2024-01-01 00:14:11,851,Grid Emergency,EV_Charger_2,338,0.4663,1.2621,0.4207,141.23,155.91,53.37,0.0,53,284,0.8421
2024-01-01 00:14:12,852,Grid Emergency,AMI_Meter,31,0.1688,0.3612,0.1204,29.2,4.98,83.12,119.0,31,0,0.0
2024-01-01 00:14:12,852,Grid Emergency,PMU_Sensor,58,0.2902,0.9946,0.3315,49.83,8.22,70.98,92.0,58,0,0.0
2024-01-01 00:14:12,852,Grid Emergency,DER_Controller,178,0.9818,6.0234,1.0,42.08,22.57,1.82,0.0,1,176,0.9898
2024-01-01 00:14:12,852,Grid Emergency,EV_Charger_1,414,0.4229,1.4327,0.4776,195.65,152.41,57.71,0.0,57,356,0.8606
2024-01-01 00:14:12,852,Grid Emergency,EV_Charger_2,324,0.4435,1.1706,0.3902,141.45,155.94,55.65,0.0,55,268,0.8282
2024-01-01 00:14:13,853,Grid Emergency,AMI_Meter,27,0.1623,0.4414,0.1471,29.2,4.98,83.77,123.0,27,0,0.0
2024-01-01 00:14:13,853,Grid Emergency,PMU_Sensor,43,0.2862,0.8304,0.2768,49.82,8.21,71.38,107.0,43,0,0.0
2024-01-01 00:14:13,853,Grid Emergency,DER_Controller,198,0.9863,6.7202,1.0,42.26,23.18,1.37,0.0,1,196,0.9931
2024-01-01 00:14:13,853,Grid Emergency,EV_Charger_1,426,0.4469,1.5085,0.5028,195.92,152.52,55.31,0.0,55,370,0.8702
2024-01-01 00:14:13,853,Grid Emergency,EV_Charger_2,346,0.4414,1.3096,0.4365,141.69,156.01,55.86,0.0,55,290,0.8386
2024-01-01 00:14:14,854,Grid Emergency,AMI_Meter,23,0.2379,1.2428,0.4143,29.19,4.98,76.21,127.0,23,0,0.0
2024-01-01 00:14:14,854,Grid Emergency,PMU_Sensor,41,0.3076,1.0725,0.3575,49.81,8.21,69.24,109.0,41,0,0.0
2024-01-01 00:14:14,854,Grid Emergency,DER_Controller,199,0.9897,6.5853,1.0,42.44,23.77,1.03,0.0,1,197,0.9948
2024-01-01 00:14:14,854,Grid Emergency,EV_Charger_1,453,0.481,1.6818,0.5606,196.22,152.69,51.9,0.0,51,401,0.8854
2024-01-01 00:14:14,854,Grid Emergency,EV_Charger_2,372,0.4563,1.4735,0.4912,141.96,156.12,54.37,0.0,54,317,0.8539
2024-01-01 00:14:15,855,Grid Emergency,AMI_Meter,28,0.1904,0.2389,0.0796,29.19,4.98,80.96,122.0,28,0,0.0
2024-01-01 00:14:15,855,Grid Emergency,PMU_Sensor,56,0.2906,0.7528,0.2509,49.82,8.21,70.94,94.0,56,0,0.0
2024-01-01 00:14:15,855,Grid Emergency,DER_Controller,184,0.9923,5.8312,1.0,42.61,24.25,0.77,0.0,0,183,0.9958
2024-01-01 00:14:15,855,Grid Emergency,EV_Charger_1,364,0.4464,1.0974,0.3658,196.41,152.7,55.36,0.0,55,308,0.8479
2024-01-01 00:14:15,855,Grid Emergency,EV_Charger_2,311,0.4276,1.0814,0.3605,142.15,156.13,57.24,0.0,57,253,0.8159
2024-01-01 00:14:16,856,Grid Emergency,AMI_Meter,37,0.2899,1.5657,0.5219,29.2,4.98,71.01,113.0,37,0,0.0
2024-01-01 00:14:16,856,Grid Emergency,PMU_Sensor,29,0.4558,2.5239,0.8413,49.79,8.24,54.42,119.42,29,0,0.0
2024-01-01 00:14:16,856,Grid Emergency,DER_Controller,209,0.9942,6.677,1.0,42.8,24.89,0.58,0.0,0,208,0.9972
2024-01-01 00:14:16,856,Grid Emergency,EV_Charger_1,361,0.4202,1.0764,0.3588,196.61,152.72,57.98,0.0,57,303,0.8394
2024-01-01 00:14:16,856,Grid Emergency,EV_Charger_2,336,0.4233,1.2397,0.4132,142.38,156.18,57.67,0.0,57,278,0.8284
2024-01-01 00:14:17,857,Grid Emergency,AMI_Meter,38,0.3791,1.7622,0.5874,29.21,4.99,62.09,112.0,38,0,0.0
2024-01-01 00:14:17,857,Grid Emergency,PMU_Sensor,44,0.3893,0.7026,0.2342,49.79,8.24,61.07,106.0,44,0,0.0
2024-01-01 00:14:17,857,Grid Emergency,DER_Controller,172,0.9957,5.1079,1.0,42.95,25.26,0.43,0.0,0,171,0.9975
2024-01-01 00:14:17,857,Grid Emergency,EV_Charger_1,374,0.4101,1.16,0.3867,196.81,152.75,58.99,0.0,58,315,0.8423
2024-01-01 00:14:17,857,Grid Emergency,EV_Charger_2,373,0.4437,1.4739,0.4913,142.65,156.29,55.63,0.0,55,317,0.8509
2024-01-01 00:14:18,858,Grid Emergency,AMI_Meter,27,0.3096,0.4424,0.1475,29.21,4.99,69.04,123.0,27,0,0.0
2024-01-01 00:14:18,858,Grid Emergency,PMU_Sensor,37,0.4275,1.5494,0.5165,49.77,8.24,57.25,113.0,37,0,0.0
2024-01-01 00:14:18,858,Grid Emergency,DER_Controller,168,0.9968,4.8775,1.0,43.1,25.61,0.32,0.0,0,167,0.9981
2024-01-01 00:14:18,858,Grid Emergency,EV_Charger_1,431,0.4401,1.5302,0.5101,197.09,152.87,55.99,0.0,55,375,0.8701
2024-01-01 00:14:18,858,Grid Emergency,EV_Charger_2,358,0.4481,1.3756,0.4585,142.9,156.37,55.19,0.0,55,302,0.8458
2024-01-01 00:14:19,859,Grid Emergency,AMI_Meter,32,0.2727,0.5599,0.1866,29.21,4.98,72.73,118.0,32,0,0.0
2024-01-01 00:14:19,859,Grid Emergency,PMU_Sensor,47,0.3328,0.336,0.112,49.77,8.24,66.72,103.0,47,0,0.0
2024-01-01 00:14:19,859,Grid Emergency,DER_Controller,173,0.9976,4.9955,1.0,43.25,25.97,0.24,0.0,0,172,0.9986
2024-01-01 00:14:19,859,Grid Emergency,EV_Charger_1,447,0.4712,1.6313,0.5438,197.38,153.02,52.88,0.0,52,394,0.8817
2024-01-01 00:14:19,859,Grid Emergency,EV_Charger_2,346,0.4434,1.2968,0.4323,143.13,156.43,55.66,0.0,55,290,0.8391
2024-01-01 00:14:20,860,Grid Emergency,AMI_Meter,27,0.2352,0.4429,0.1476,29.21,4.98,76.48,123.0,27,0,0.0
2024-01-01 00:14:20,860,Grid Emergency,PMU_Sensor,58,0.3328,0.9979,0.3326,49.78,8.24,66.72,92.0,58,0,0.0
2024-01-01 00:14:20,860,Grid Emergency,DER_Controller,171,0.9982,4.848,1.0,43.4,26.32,0.18,0.0,0,170,0.9989
2024-01-01 00:14:20,860,Grid Emergency,EV_Charger_1,356,0.4334,1.0354,0.3451,197.56,153.02,56.66,0.0,56,299,0.8408
2024-01-01 00:14:20,860,Grid Emergency,EV_Charger_2,355,0.4456,1.3521,0.4507,143.38,156.51,55.44,0.0,55,299,0.8438
2024-01-01 00:14:21,861,Grid Emergency,AMI_Meter,30,0.1806,0.1591,0.053,29.21,4.98,81.94,120.0,30,0,0.0
2024-01-01 00:14:21,861,Grid Emergency,PMU_Sensor,52,0.2599,0.2695,0.0898,49.78,8.23,74.01,98.0,52,0,0.0
2024-01-01 00:14:21,861,Grid Emergency,DER_Controller,242,0.9986,7.3035,1.0,43.63,27.16,0.14,0.0,0,241,0.9994
2024-01-01 00:14:21,861,Grid Emergency,EV_Charger_1,393,0.4309,1.2752,0.4251,197.79,153.08,56.91,0.0,56,336,0.8552
2024-01-01 00:14:21,861,Grid Emergency,EV_Charger_2,247,0.3781,0.6615,0.2205,143.5,156.46,62.19,0.0,62,184,0.7482
2024-01-01 00:14:22,862,Grid Emergency,AMI_Meter,31,0.1624,0.3597,0.1199,29.21,4.98,83.76,119.0,31,0,0.0
2024-01-01 00:14:22,862,Grid Emergency,PMU_Sensor,50,0.1846,0.0266,0.0089,49.78,8.23,81.54,100.0,50,0,0.0
2024-01-01 00:14:22,862,Grid Emergency,DER_Controller,191,0.999,5.3324,1.0,43.8,27.61,0.1,0.0,0,190,0.9995
2024-01-01 00:14:22,862,Grid Emergency,EV_Charger_1,389,0.4263,1.2472,0.4157,198.01,153.13,57.37,0.0,57,331,0.8525
2024-01-01 00:14:22,862,Grid Emergency,EV_Charger_2,353,0.3983,1.3369,0.4456,143.74,156.53,60.17,0.0,60,292,0.8296
2024-01-01 00:14:23,863,Grid Emergency,AMI_Meter,29,0.1179,0.0421,0.014,29.21,4.97,88.21,121.0,29,0,0.0
2024-01-01 00:14:23,863,Grid Emergency,PMU_Sensor,54,0.1804,0.5123,0.1708,49.79,8.23,81.96,96.0,54,0,0.0
2024-01-01 00:14:23,863,Grid Emergency,DER_Controller,176,0.9992,4.7239,1.0,43.95,27.95,0.08,0.0,0,175,0.9996
2024-01-01 00:14:23,863,Grid Emergency,EV_Charger_1,342,0.3924,0.9393,0.3131,198.18,153.12,60.76,0.0,60,281,0.8223
2024-01-01 00:14:23,863,Grid Emergency,EV_Charger_2,491,0.4999,2.2109,0.737,144.15,156.88,50.01,0.0,50,440,0.8982
2024-01-01 00:14:24,864,Grid Emergency,AMI_Meter,26,0.147,0.6447,0.2149,29.21,4.97,85.3,124.0,26,0,0.0
2024-01-01 00:14:24,864,Grid Emergency,PMU_Sensor,50,0.1289,0.026,0.0087,49.79,8.22,87.11,100.0,50,0,0.0
2024-01-01 00:14:24,864,Grid Emergency,DER_Controller,152,0.9888,3.8301,0.9575,44.08,28.18,1.12,0.0,1,150,0.9926
2024-01-01 00:14:24,864,Grid Emergency,EV_Charger_1,384,0.3958,1.2119,0.404,198.39,153.16,60.42,0.0,60,323,0.8427
2024-01-01 00:14:24,864,Grid Emergency,EV_Charger_2,313,0.4574,1.075,0.3583,144.34,156.9,54.26,0.0,54,258,0.8267
2024-01-01 00:14:25,865,Grid Emergency,AMI_Meter,27,0.1472,0.4433,0.1478,29.2,4.97,85.28,123.0,27,0,0.0
2024-01-01 00:14:25,865,Grid Emergency,PMU_Sensor,58,0.19,0.9979,0.3326,49.8,8.22,81.0,92.0,58,0,0.0
2024-01-01 00:14:25,865,Grid Emergency,DER_Controller,201,0.9916,5.4687,1.0,44.26,28.66,0.84,0.0,0,200,0.9958
2024-01-01 00:14:25,865,Grid Emergency,EV_Charger_1,402,0.4098,1.3273,0.4424,198.63,153.23,59.02,0.0,59,342,0.8532
2024-01-01 00:14:25,865,Grid Emergency,EV_Charger_2,275,0.4034,0.832,0.2773,144.49,156.87,59.66,0.0,59,215,0.7831
2024-01-01 00:14:26,866,Grid Emergency,AMI_Meter,39,0.2996,1.9656,0.6552,29.21,4.98,70.04,111.0,39,0,0.0
2024-01-01 00:14:26,866,Grid Emergency,PMU_Sensor,40,0.252,1.1898,0.3966,49.78,8.22,74.8,110.0,40,0,0.0
2024-01-01 00:14:26,866,Grid Emergency,DER_Controller,228,0.9937,6.2602,1.0,44.47,29.32,0.63,0.0,0,227,0.9972
2024-01-01 00:14:26,866,Grid Emergency,EV_Charger_1,420,0.4311,1.4422,0.4807,198.88,153.33,56.89,0.0,56,363,0.8645
2024-01-01 00:14:26,866,Grid Emergency,EV_Charger_2,380,0.4322,1.4985,0.4995,144.76,156.98,56.78,0.0,56,323,0.8506
2024-01-01 00:14:27,867,Grid Emergency,AMI_Meter,25,0.2943,0.8458,0.2819,29.21,4.98,70.57,125.0,25,0,0.0
2024-01-01 00:14:27,867,Grid Emergency,PMU_Sensor,51,0.1912,0.1477,0.0492,49.79,8.22,80.88,99.0,51,0,0.0
2024-01-01 00:14:27,867,Grid Emergency,DER_Controller,178,0.9953,4.4986,1.0,44.62,29.65,0.47,0.0,0,177,0.9973
2024-01-01 00:14:27,867,Grid Emergency,EV_Charger_1,381,0.4204,1.1861,0.3954,199.09,153.36,57.96,0.0,57,323,0.8479
2024-01-01 00:14:27,867,Grid Emergency,EV_Charger_2,343,0.4287,1.2609,0.4203,144.99,157.04,57.13,0.0,57,285,0.8334
2024-01-01 00:14:28,868,Grid Emergency,AMI_Meter,19,0.4105,2.0451,0.6817,29.2,4.99,58.95,131.0,19,0,0.0
2024-01-01 00:14:28,868,Grid Emergency,PMU_Sensor,58,0.2337,0.9983,0.3328,49.8,8.22,76.63,92.0,58,0,0.0
2024-01-01 00:14:28,868,Grid Emergency,DER_Controller,187,0.9965,4.7368,1.0,44.79,30.02,0.35,0.0,0,186,0.9981
2024-01-01 00:14:28,868,Grid Emergency,EV_Charger_1,360,0.3991,1.0479,0.3493,199.28,153.37,60.09,0.0,60,299,0.8331
2024-01-01 00:14:28,868,Grid Emergency,EV_Charger_2,329,0.4171,1.1702,0.3901,145.2,157.07,58.29,0.0,58,270,0.8228
2024-01-01 00:14:29,869,Grid Emergency,AMI_Meter,31,0.3235,0.3611,0.1204,29.2,4.98,67.65,119.0,31,0,0.0
2024-01-01 00:14:29,869,Grid Emergency,PMU_Sensor,42,0.2583,0.9474,0.3158,49.79,8.22,74.17,108.0,42,0,0.0
2024-01-01 00:14:29,869,Grid Emergency,DER_Controller,133,0.93,2.922,0.7305,44.89,30.15,7.0,0.0,7,125,0.9473
2024-01-01 00:14:29,869,Grid Emergency,EV_Charger_1,396,0.4074,1.2807,0.4269,199.5,153.43,59.26,0.0,59,336,0.8504
2024-01-01 00:14:29,869,Grid Emergency,EV_Charger_2,378,0.4399,1.4794,0.4931,145.47,157.18,56.01,0.0,56,321,0.8518
2024-01-01 00:14:30,870,Grid Emergency,AMI_Meter,29,0.2304,0.0401,0.0134,29.2,4.98,76.96,121.0,29,0,0.0
2024-01-01 00:14:30,870,Grid Emergency,PMU_Sensor,40,0.2997,1.1892,0.3964,49.77,8.22,70.03,110.0,40,0,0.0
2024-01-01 00:14:30,870,Grid Emergency,DER_Controller,192,0.9475,4.8105,1.0,45.06,30.55,5.25,0.0,5,186,0.9726
2024-01-01 00:14:30,870,Grid Emergency,EV_Charger_1,321,0.3643,0.7912,0.2637,199.64,153.39,63.57,0.0,63,257,0.802
2024-01-01 00:14:30,870,Grid Emergency,EV_Charger_2,308,0.4112,1.0328,0.3443,145.66,157.18,58.88,0.0,58,249,0.8088
2024-01-01 00:14:31,871,Grid Emergency,AMI_Meter,26,0.2255,0.6418,0.2139,29.2,4.98,77.45,124.0,26,0,0.0
2024-01-01 00:14:31,871,Grid Emergency,PMU_Sensor,56,0.2855,0.7566,0.2522,49.78,8.22,71.45,94.0,56,0,0.0
2024-01-01 00:14:31,871,Grid Emergency,DER_Controller,180,0.9606,4.3665,1.0,45.21,30.87,3.94,0.0,3,176,0.9781
2024-01-01 00:14:31,871,Grid Emergency,EV_Charger_1,362,0.3607,1.0572,0.3524,199.83,153.4,63.93,0.0,63,298,0.8234
2024-01-01 00:14:31,871,Grid Emergency,EV_Charger_2,442,0.4759,1.8804,0.6268,146.0,157.41,52.41,0.0,52,389,0.8814
2024-01-01 00:14:32,872,Grid Emergency,AMI_Meter,31,0.194,0.362,0.1207,29.2,4.98,80.6,119.0,31,0,0.0
2024-01-01 00:14:32,872,Grid Emergency,PMU_Sensor,52,0.2268,0.2697,0.0899,49.78,8.21,77.32,98.0,52,0,0.0
2024-01-01 00:14:32,872,Grid Emergency,DER_Controller,180,0.9705,4.317,1.0,45.37,31.19,2.95,0.0,2,177,0.9836
2024-01-01 00:14:32,872,Grid Emergency,EV_Charger_1,356,0.3542,1.0169,0.339,200.01,153.41,64.58,0.0,64,291,0.8186
2024-01-01 00:14:32,872,Grid Emergency,EV_Charger_2,256,0.4029,0.6982,0.2327,146.12,157.37,59.71,0.0,59,196,0.7668
2024-01-01 00:14:33,873,Grid Emergency,AMI_Meter,34,0.2322,0.9637,0.3212,29.2,4.98,76.78,116.0,34,0,0.0
2024-01-01 00:14:33,873,Grid Emergency,PMU_Sensor,53,0.1979,0.3912,0.1304,49.79,8.21,80.21,97.0,53,0,0.0
2024-01-01 00:14:33,873,Grid Emergency,DER_Controller,185,0.9778,4.4243,1.0,45.53,31.52,2.22,0.0,2,182,0.988
2024-01-01 00:14:33,873,Grid Emergency,EV_Charger_1,374,0.3612,1.1327,0.3776,200.21,153.43,63.88,0.0,63,310,0.8292
2024-01-01 00:14:33,873,Grid Emergency,EV_Charger_2,388,0.4355,1.5341,0.5114,146.4,157.49,56.45,0.0,56,331,0.8545
2024-01-01 00:14:34,874,Grid Emergency,AMI_Meter,22,0.307,1.4449,0.4816,29.2,4.98,69.3,128.0,22,0,0.0
2024-01-01 00:14:34,874,Grid Emergency,PMU_Sensor,45,0.1968,0.5828,0.1943,49.78,8.21,80.32,105.0,45,0,0.0
2024-01-01 00:14:34,874,Grid Emergency,DER_Controller,161,0.9605,3.6331,0.9083,45.66,31.75,3.95,0.0,3,157,0.9754
2024-01-01 00:14:34,874,Grid Emergency,EV_Charger_1,450,0.4153,1.6246,0.5415,200.49,153.58,58.47,0.0,58,391,0.8701
2024-01-01 00:14:34,874,Grid Emergency,EV_Charger_2,394,0.4617,1.569,0.523,146.68,157.62,53.83,0.0,53,340,0.8634
2024-01-01 00:14:35,875,Grid Emergency,AMI_Meter,18,0.439,2.2403,0.7468,29.18,4.99,56.1,132.0,18,0,0.0
2024-01-01 00:14:35,875,Grid Emergency,PMU_Sensor,37,0.2932,1.5546,0.5182,49.77,8.21,70.68,113.0,37,0,0.0
2024-01-01 00:14:35,875,Grid Emergency,DER_Controller,186,0.9703,4.3695,1.0,45.82,32.08,2.97,0.0,2,183,0.9841
2024-01-01 00:14:35,875,Grid Emergency,EV_Charger_1,361,0.3951,1.0439,0.348,200.67,153.59,60.49,0.0,60,300,0.8324
2024-01-01 00:14:35,875,Grid Emergency,EV_Charger_2,295,0.4172,0.9399,0.3133,146.85,157.61,58.28,0.0,58,236,0.8024
2024-01-01 00:14:36,876,Grid Emergency,AMI_Meter,39,0.5034,1.9614,0.6538,29.19,5.0,49.66,111.0,39,0,0.0
2024-01-01 00:14:36,876,Grid Emergency,PMU_Sensor,52,0.2324,0.2716,0.0905,49.77,8.21,76.76,98.0,52,0,0.0
2024-01-01 00:14:36,876,Grid Emergency,DER_Controller,201,0.9778,4.771,1.0,46.0,32.49,2.22,0.0,2,198,0.9889
2024-01-01 00:14:36,876,Grid Emergency,EV_Charger_1,352,0.375,0.9842,0.3281,200.85,153.58,62.5,0.0,62,289,0.8224
2024-01-01 00:14:36,876,Grid Emergency,EV_Charger_2,387,0.4441,1.5208,0.5069,147.13,157.73,55.59,0.0,55,331,0.8564
2024-01-01 00:14:37,877,Grid Emergency,AMI_Meter,28,0.3762,0.2386,0.0795,29.19,5.0,62.38,122.0,28,0,0.0
2024-01-01 00:14:37,877,Grid Emergency,PMU_Sensor,47,0.1964,0.3373,0.1124,49.77,8.2,80.36,103.0,47,0,0.0
2024-01-01 00:14:37,877,Grid Emergency,DER_Controller,205,0.9833,4.8259,1.0,46.18,32.91,1.67,0.0,1,203,0.9919
2024-01-01 00:14:37,877,Grid Emergency,EV_Charger_1,314,0.3361,0.7361,0.2454,200.98,153.54,66.39,0.0,66,247,0.7886
2024-01-01 00:14:37,877,Grid Emergency,EV_Charger_2,426,0.4873,1.7639,0.588,147.44,157.92,51.27,0.0,51,374,0.8796
2024-01-01 00:14:38,878,Grid Emergency,AMI_Meter,30,0.2795,0.1615,0.0538,29.19,4.99,72.05,120.0,30,0,0.0
2024-01-01 00:14:38,878,Grid Emergency,PMU_Sensor,60,0.262,1.2453,0.4151,49.78,8.21,73.8,90.0,60,0,0.0
2024-01-01 00:14:38,878,Grid Emergency,DER_Controller,163,0.9576,3.5225,0.8806,46.31,33.13,4.24,0.0,4,158,0.974
2024-01-01 00:14:38,878,Grid Emergency,EV_Charger_1,343,0.3277,0.924,0.308,201.14,153.53,67.23,0.0,67,275,0.804
2024-01-01 00:14:38,878,Grid Emergency,EV_Charger_2,302,0.4389,0.9776,0.3259,147.62,157.92,56.11,0.0,56,245,0.8142
2024-01-01 00:14:39,879,Grid Emergency,AMI_Meter,31,0.2318,0.3615,0.1205,29.2,4.99,76.82,119.0,31,0,0.0
2024-01-01 00:14:39,879,Grid Emergency,PMU_Sensor,50,0.1861,0.0269,0.009,49.78,8.2,81.39,100.0,50,0,0.0
2024-01-01 00:14:39,879,Grid Emergency,DER_Controller,178,0.9643,3.9378,0.9845,46.46,33.4,3.57,0.0,3,174,0.98
2024-01-01 00:14:39,879,Grid Emergency,EV_Charger_1,339,0.3191,0.897,0.299,201.29,153.51,68.09,0.0,68,270,0.7991
2024-01-01 00:14:39,879,Grid Emergency,EV_Charger_2,298,0.4023,0.9512,0.3171,147.79,157.91,59.77,0.0,59,238,0.7994
2024-01-01 00:14:40,880,Grid Emergency,AMI_Meter,29,0.1662,0.0391,0.013,29.2,4.99,83.38,121.0,29,0,0.0
2024-01-01 00:14:40,880,Grid Emergency,PMU_Sensor,46,0.1763,0.4605,0.1535,49.78,8.2,82.37,104.0,46,0,0.0
2024-01-01 00:14:40,880,Grid Emergency,DER_Controller,172,0.9562,3.7263,0.9316,46.6,33.65,4.38,0.0,4,167,0.9745
2024-01-01 00:14:40,880,Grid Emergency,EV_Charger_1,441,0.3792,1.5584,0.5195,201.57,153.64,62.08,0.0,62,378,0.8592
2024-01-01 00:14:40,880,Grid Emergency,EV_Charger_2,351,0.4101,1.2849,0.4283,148.02,157.97,58.99,0.0,58,292,0.8319
2024-01-01 00:14:41,881,Grid Emergency,AMI_Meter,36,0.2525,1.3618,0.4539,29.2,4.99,74.75,114.0,36,0,0.0
2024-01-01 00:14:41,881,Grid Emergency,PMU_Sensor,45,0.1816,0.582,0.194,49.77,8.2,81.84,105.0,45,0,0.0
2024-01-01 00:14:41,881,Grid Emergency,DER_Controller,196,0.9671,4.3881,1.0,46.77,34.01,3.29,0.0,3,192,0.9832
2024-01-01 00:14:41,881,Grid Emergency,EV_Charger_1,377,0.3795,1.1404,0.3801,201.77,153.66,62.05,0.0,62,314,0.8354
2024-01-01 00:14:41,881,Grid Emergency,EV_Charger_2,278,0.3693,0.822,0.274,148.17,157.94,63.07,0.0,63,214,0.7731
2024-01-01 00:14:42,882,Grid Emergency,AMI_Meter,37,0.3327,1.5591,0.5197,29.21,5.0,66.73,113.0,37,0,0.0
2024-01-01 00:14:42,882,Grid Emergency,PMU_Sensor,48,0.1487,0.2158,0.0719,49.77,8.19,85.13,102.0,48,0,0.0
2024-01-01 00:14:42,882,Grid Emergency,DER_Controller,208,0.9753,4.6791,1.0,46.95,34.42,2.47,0.0,2,205,0.9881
2024-01-01 00:14:42,882,Grid Emergency,EV_Charger_1,349,0.3613,0.9571,0.319,201.93,153.66,63.87,0.0,63,285,0.817
2024-01-01 00:14:42,882,Grid Emergency,EV_Charger_2,347,0.3842,1.2571,0.419,148.39,157.99,61.58,0.0,61,285,0.8225
2024-01-01 00:14:43,883,Grid Emergency,AMI_Meter,25,0.3171,0.8423,0.2808,29.21,4.99,68.29,125.0,25,0,0.0
2024-01-01 00:14:43,883,Grid Emergency,PMU_Sensor,59,0.2167,1.1256,0.3752,49.78,8.19,78.33,91.0,59,0,0.0
2024-01-01 00:14:43,883,Grid Emergency,DER_Controller,197,0.9815,4.3109,1.0,47.12,34.77,1.85,0.0,1,195,0.9906
2024-01-01 00:14:43,883,Grid Emergency,EV_Charger_1,394,0.3778,1.2482,0.4161,202.15,153.71,62.22,0.0,62,331,0.8421
2024-01-01 00:14:43,883,Grid Emergency,EV_Charger_2,416,0.438,1.6901,0.5634,148.7,158.16,56.2,0.0,56,359,0.8649
2024-01-01 00:14:44,884,Grid Emergency,AMI_Meter,35,0.3378,1.1583,0.3861,29.21,5.0,66.22,115.0,35,0,0.0
2024-01-01 00:14:44,884,Grid Emergency,PMU_Sensor,56,0.2275,0.7587,0.2529,49.79,8.19,77.25,94.0,56,0,0.0
2024-01-01 00:14:44,884,Grid Emergency,DER_Controller,154,0.9271,3.056,0.764,47.24,34.93,7.29,0.0,7,146,0.9527
2024-01-01 00:14:44,884,Grid Emergency,EV_Charger_1,352,0.3618,0.9738,0.3246,202.32,153.7,63.82,0.0,63,288,0.8187
2024-01-01 00:14:44,884,Grid Emergency,EV_Charger_2,309,0.4078,1.0124,0.3375,148.88,158.16,59.22,0.0,59,249,0.8084
2024-01-01 00:14:45,885,Grid Emergency,AMI_Meter,33,0.3122,0.7573,0.2524,29.22,4.99,68.78,117.0,33,0,0.0
2024-01-01 00:14:45,885,Grid Emergency,PMU_Sensor,51,0.1741,0.1482,0.0494,49.79,8.19,82.59,99.0,51,0,0.0
2024-01-01 00:14:45,885,Grid Emergency,DER_Controller,155,0.887,3.0665,0.7666,47.37,35.1,11.3,0.0,11,143,0.9271
2024-01-01 00:14:45,885,Grid Emergency,EV_Charger_1,372,0.3635,1.1026,0.3675,202.51,153.72,63.65,0.0,63,308,0.8289
2024-01-01 00:14:45,885,Grid Emergency,EV_Charger_2,287,0.3727,0.8724,0.2908,149.03,158.14,62.73,0.0,62,224,0.7814
2024-01-01 00:14:46,886,Grid Emergency,AMI_Meter,29,0.2229,0.0436,0.0145,29.22,4.99,77.71,121.0,29,0,0.0
2024-01-01 00:14:46,886,Grid Emergency,PMU_Sensor,36,0.2899,1.6805,0.5602,49.77,8.19,71.01,114.0,36,0,0.0
2024-01-01 00:14:46,886,Grid Emergency,DER_Controller,203,0.9153,4.3832,1.0,47.54,35.47,8.47,0.0,8,194,0.9583
2024-01-01 00:14:46,886,Grid Emergency,EV_Charger_1,395,0.3795,1.2504,0.4168,202.73,153.77,62.05,0.0,62,332,0.8429
2024-01-01 00:14:46,886,Grid Emergency,EV_Charger_2,440,0.4444,1.8354,0.6118,149.36,158.35,55.56,0.0,55,384,0.8737
2024-01-01 00:14:47,887,Grid Emergency,AMI_Meter,34,0.2517,0.9571,0.319,29.22,4.99,74.83,116.0,34,0,0.0
2024-01-01 00:14:47,887,Grid Emergency,PMU_Sensor,46,0.2489,0.4599,0.1533,49.77,8.19,75.11,104.0,46,0,0.0
2024-01-01 00:14:47,887,Grid Emergency,DER_Controller,210,0.9364,4.5247,1.0,47.72,35.86,6.36,0.0,6,203,0.9697
2024-01-01 00:14:47,887,Grid Emergency,EV_Charger_1,324,0.3445,0.7879,0.2626,202.86,153.74,65.55,0.0,65,258,0.7977
2024-01-01 00:14:47,887,Grid Emergency,EV_Charger_2,311,0.4131,1.0196,0.3399,149.54,158.36,58.69,0.0,58,252,0.8113
2024-01-01 00:14:48,888,Grid Emergency,AMI_Meter,31,0.2118,0.3558,0.1186,29.22,4.99,78.82,119.0,31,0,0.0
2024-01-01 00:14:48,888,Grid Emergency,PMU_Sensor,32,0.3905,2.1621,0.7207,49.75,8.21,60.95,118.0,32,0,0.0
2024-01-01 00:14:48,888,Grid Emergency,DER_Controller,189,0.9463,3.903,0.9758,47.88,36.16,5.37,0.0,5,183,0.9716
2024-01-01 00:14:48,888,Grid Emergency,EV_Charger_1,339,0.3296,0.8846,0.2949,203.02,153.72,67.04,0.0,67,271,0.8022
2024-01-01 00:14:48,888,Grid Emergency,EV_Charger_2,359,0.4212,1.3207,0.4402,149.78,158.42,57.88,0.0,57,301,0.8388
2024-01-01 00:14:49,889,Grid Emergency,AMI_Meter,24,0.2529,1.0461,0.3487,29.22,4.99,74.71,126.0,24,0,0.0
2024-01-01 00:14:49,889,Grid Emergency,PMU_Sensor,53,0.3129,0.3961,0.132,49.75,8.2,68.71,97.0,53,0,0.0
2024-01-01 00:14:49,889,Grid Emergency,DER_Controller,190,0.9531,3.8948,0.9737,48.04,36.45,4.69,0.0,4,185,0.9753
2024-01-01 00:14:49,889,Grid Emergency,EV_Charger_1,436,0.382,1.5129,0.5043,203.28,153.83,61.8,0.0,61,374,0.8583
2024-01-01 00:14:49,889,Grid Emergency,EV_Charger_2,355,0.4242,1.2935,0.4312,150.01,158.48,57.58,0.0,57,297,0.8378
2024-01-01 00:14:50,890,Grid Emergency,AMI_Meter,26,0.2415,0.6447,0.2149,29.22,4.99,75.85,124.0,26,0,0.0
2024-01-01 00:14:50,890,Grid Emergency,PMU_Sensor,48,0.2404,0.2132,0.0711,49.75,8.2,75.96,102.0,48,0,0.0
2024-01-01 00:14:50,890,Grid Emergency,DER_Controller,156,0.899,2.9458,0.7365,48.16,36.61,10.1,0.0,10,145,0.9352
2024-01-01 00:14:50,890,Grid Emergency,EV_Charger_1,396,0.3925,1.251,0.417,203.49,153.88,60.75,0.0,60,335,0.8466
2024-01-01 00:14:50,890,Grid Emergency,EV_Charger_2,381,0.4424,1.455,0.485,150.27,158.58,55.76,0.0,55,325,0.8537
2024-01-01 00:14:51,891,Grid Emergency,AMI_Meter,42,0.4243,2.5525,0.8508,29.23,5.0,57.57,108.0,42,0,0.0
2024-01-01 00:14:51,891,Grid Emergency,PMU_Sensor,45,0.2261,0.5787,0.1929,49.74,8.2,77.39,105.0,45,0,0.0
2024-01-01 00:14:51,891,Grid Emergency,DER_Controller,183,0.9026,3.6536,0.9134,48.32,36.86,9.74,0.0,9,173,0.9468
2024-01-01 00:14:51,891,Grid Emergency,EV_Charger_1,356,0.3737,0.99,0.33,203.67,153.88,62.63,0.0,62,293,0.8241
2024-01-01 00:14:51,891,Grid Emergency,EV_Charger_2,364,0.4443,1.3456,0.4485,150.51,158.65,55.57,0.0,55,308,0.8473
2024-01-01 00:14:52,892,Grid Emergency,AMI_Meter,31,0.3324,0.3536,0.1179,29.23,5.0,66.76,119.0,31,0,0.0
2024-01-01 00:14:52,892,Grid Emergency,PMU_Sensor,49,0.1674,0.0906,0.0302,49.74,8.19,83.26,101.0,49,0,0.0
2024-01-01 00:14:52,892,Grid Emergency,DER_Controller,217,0.9269,4.5206,1.0,48.5,37.27,7.31,0.0,7,209,0.9663
2024-01-01 00:14:52,892,Grid Emergency,EV_Charger_1,355,0.3599,0.9824,0.3275,203.84,153.87,64.01,0.0,64,290,0.8197
2024-01-01 00:14:52,892,Grid Emergency,EV_Charger_2,399,0.4673,1.5632,0.5211,150.79,158.78,53.27,0.0,53,345,0.8665
2024-01-01 00:14:53,893,Grid Emergency,AMI_Meter,32,0.288,0.5532,0.1844,29.23,5.0,71.2,118.0,32,0,0.0
2024-01-01 00:14:53,893,Grid Emergency,PMU_Sensor,49,0.1262,0.0906,0.0302,49.74,8.19,87.38,101.0,49,0,0.0
2024-01-01 00:14:53,893,Grid Emergency,DER_Controller,182,0.9173,3.5541,0.8885,48.65,37.52,8.27,0.0,8,173,0.9546
2024-01-01 00:14:53,893,Grid Emergency,EV_Charger_1,477,0.429,1.7711,0.5904,204.14,154.06,57.1,0.0,57,419,0.8803
2024-01-01 00:14:53,893,Grid Emergency,EV_Charger_2,318,0.4323,1.0518,0.3506,150.97,158.79,56.77,0.0,56,261,0.8215
2024-01-01 00:14:54,894,Grid Emergency,AMI_Meter,31,0.2369,0.3529,0.1176,29.24,5.0,76.31,119.0,31,0,0.0
2024-01-01 00:14:54,894,Grid Emergency,PMU_Sensor,43,0.1706,0.8226,0.2742,49.73,8.19,82.94,107.0,43,0,0.0
2024-01-01 00:14:54,894,Grid Emergency,DER_Controller,234,0.938,4.8713,1.0,48.86,38.01,6.2,0.0,6,227,0.9735
2024-01-01 00:14:54,894,Grid Emergency,EV_Charger_1,415,0.437,1.3665,0.4555,204.38,154.13,56.3,0.0,56,358,0.8643
2024-01-01 00:14:54,894,Grid Emergency,EV_Charger_2,324,0.4114,1.0883,0.3628,151.17,158.81,58.86,0.0,58,265,0.8183
2024-01-01 00:14:55,895,Grid Emergency,AMI_Meter,32,0.2211,0.5526,0.1842,29.24,4.99,77.89,118.0,32,0,0.0
2024-01-01 00:14:55,895,Grid Emergency,PMU_Sensor,52,0.1471,0.2766,0.0922,49.74,8.18,85.29,98.0,52,0,0.0
2024-01-01 00:14:55,895,Grid Emergency,DER_Controller,177,0.9128,3.3485,0.8371,49.0,38.23,8.72,0.0,8,168,0.9507
2024-01-01 00:14:55,895,Grid Emergency,EV_Charger_1,410,0.4391,1.332,0.444,204.61,154.2,56.09,0.0,56,353,0.8632
2024-01-01 00:14:55,895,Grid Emergency,EV_Charger_2,372,0.4268,1.3883,0.4628,151.41,158.89,57.32,0.0,57,314,0.8459
2024-01-01 00:14:56,896,Grid Emergency,AMI_Meter,31,0.19,0.3522,0.1174,29.24,4.99,81.0,119.0,31,0,0.0
2024-01-01 00:14:56,896,Grid Emergency,PMU_Sensor,49,0.112,0.09,0.03,49.74,8.18,88.8,101.0,49,0,0.0
2024-01-01 00:14:56,896,Grid Emergency,DER_Controller,200,0.9292,3.914,0.9785,49.17,38.54,7.08,0.0,7,192,0.9646
2024-01-01 00:14:56,896,Grid Emergency,EV_Charger_1,389,0.4268,1.1942,0.3981,204.81,154.24,57.32,0.0,57,331,0.8526
2024-01-01 00:14:56,896,Grid Emergency,EV_Charger_2,357,0.428,1.2919,0.4306,151.64,158.95,57.2,0.0,57,299,0.8398
2024-01-01 00:14:57,897,Grid Emergency,AMI_Meter,26,0.1979,0.6489,0.2163,29.24,4.99,80.21,124.0,26,0,0.0
2024-01-01 00:14:57,897,Grid Emergency,PMU_Sensor,63,0.2402,1.6188,0.5396,49.75,8.18,75.98,87.0,63,0,0.0
2024-01-01 00:14:57,897,Grid Emergency,DER_Controller,163,0.8805,2.938,0.7345,49.3,38.7,11.95,0.0,11,151,0.9267
2024-01-01 00:14:57,897,Grid Emergency,EV_Charger_1,397,0.4232,1.2443,0.4148,205.03,154.29,57.68,0.0,57,339,0.8547
2024-01-01 00:14:57,897,Grid Emergency,EV_Charger_2,340,0.4179,1.1834,0.3945,151.85,158.99,58.21,0.0,58,281,0.8288
2024-01-01 00:14:58,898,Grid Emergency,AMI_Meter,38,0.3137,1.7518,0.5839,29.25,5.0,68.63,112.0,38,0,0.0
2024-01-01 00:14:58,898,Grid Emergency,PMU_Sensor,42,0.2628,0.9459,0.3153,49.74,8.18,73.72,108.0,42,0,0.0
2024-01-01 00:14:58,898,Grid Emergency,DER_Controller,171,0.8558,3.1258,0.7814,49.43,38.89,14.42,0.0,14,156,0.9156
2024-01-01 00:14:58,898,Grid Emergency,EV_Charger_1,341,0.3843,0.8804,0.2935,205.18,154.27,61.57,0.0,61,279,0.8194
2024-01-01 00:14:58,898,Grid Emergency,EV_Charger_2,369,0.4289,1.3636,0.4545,152.09,159.06,57.11,0.0,57,311,0.8452
2024-01-01 00:14:59,899,Grid Emergency,AMI_Meter,23,0.3445,1.2488,0.4163,29.24,5.0,65.55,127.0,23,0,0.0
2024-01-01 00:14:59,899,Grid Emergency,PMU_Sensor,46,0.2296,0.4569,0.1523,49.74,8.18,77.04,104.0,46,0,0.0
2024-01-01 00:14:59,899,Grid Emergency,DER_Controller,136,0.7805,2.2185,0.5546,49.53,38.98,21.95,0.0,21,114,0.8386
2024-01-01 00:14:59,899,Grid Emergency,EV_Charger_1,389,0.388,1.19,0.3967,205.38,154.3,61.2,0.0,61,327,0.8427
2024-01-01 00:14:59,899,Grid Emergency,EV_Charger_2,332,0.4132,1.1296,0.3765,152.29,159.09,58.68,0.0,58,273,0.8233
2024-01-01 00:15:00,900,Grid Emergency,AMI_Meter,22,0.3858,1.4465,0.4822,29.23,5.0,61.42,128.0,22,0,0.0
2024-01-01 00:15:00,900,Grid Emergency,PMU_Sensor,58,0.2616,1.0088,0.3363,49.75,8.18,73.84,92.0,58,0,0.0
2024-01-01 00:15:00,900,Grid Emergency,DER_Controller,157,0.7569,2.7442,0.686,49.65,39.12,24.31,0.0,24,132,0.8451
2024-01-01 00:15:00,900,Grid Emergency,EV_Charger_1,411,0.4046,1.3305,0.4435,205.61,154.37,59.54,0.0,59,351,0.8551
2024-01-01 00:15:00,900,Grid Emergency,EV_Charger_2,323,0.3964,1.0717,0.3572,152.48,159.1,60.36,0.0,60,262,0.8131
2024-01-01 00:15:01,901,Grid Emergency,AMI_Meter,38,0.445,1.7492,0.5831,29.24,5.01,55.5,112.0,38,0,0.0
2024-01-01 00:15:01,901,Grid Emergency,PMU_Sensor,55,0.2473,0.6416,0.2139,49.75,8.18,75.27,95.0,55,0,0.0
2024-01-01 00:15:01,901,Grid Emergency,DER_Controller,164,0.7494,2.9078,0.7269,49.78,39.28,25.06,0.0,25,138,0.8472
2024-01-01 00:15:01,901,Grid Emergency,EV_Charger_1,343,0.3722,0.8891,0.2964,205.76,154.35,62.78,0.0,62,280,0.817
2024-01-01 00:15:01,901,Grid Emergency,EV_Charger_2,382,0.4215,1.4401,0.48,152.74,159.2,57.85,0.0,57,324,0.8486
2024-01-01 00:15:02,902,Grid Emergency,AMI_Meter,28,0.3363,0.2481,0.0827,29.24,5.0,66.37,122.0,28,0,0.0
2024-01-01 00:15:02,902,Grid Emergency,PMU_Sensor,48,0.1945,0.2142,0.0714,49.75,8.17,80.55,102.0,48,0,0.0
2024-01-01 00:15:02,902,Grid Emergency,DER_Controller,221,0.812,4.3112,1.0,49.97,39.67,18.8,0.0,18,202,0.915
2024-01-01 00:15:02,902,Grid Emergency,EV_Charger_1,350,0.3539,0.9335,0.3112,205.92,154.34,64.61,0.0,64,285,0.8154
2024-01-01 00:15:02,902,Grid Emergency,EV_Charger_2,359,0.4244,1.2937,0.4312,152.97,159.26,57.56,0.0,57,301,0.8397
2024-01-01 00:15:03,903,Grid Emergency,AMI_Meter,34,0.3304,0.95,0.3167,29.25,5.0,66.96,116.0,34,0,0.0
2024-01-01 00:15:03,903,Grid Emergency,PMU_Sensor,56,0.2126,0.7639,0.2546,49.76,8.17,78.74,94.0,56,0,0.0
2024-01-01 00:15:03,903,Grid Emergency,DER_Controller,186,0.8218,3.405,0.8512,50.12,39.91,17.82,0.0,17,168,0.9042
2024-01-01 00:15:03,903,Grid Emergency,EV_Charger_1,368,0.3526,1.0489,0.3496,206.1,154.35,64.74,0.0,64,303,0.8241
2024-01-01 00:15:03,903,Grid Emergency,EV_Charger_2,276,0.3743,0.7719,0.2573,153.1,159.22,62.57,0.0,62,213,0.7733
2024-01-01 00:15:04,904,Grid Emergency,AMI_Meter,24,0.336,1.0474,0.3491,29.24,5.0,66.4,126.0,24,0,0.0
2024-01-01 00:15:04,904,Grid Emergency,PMU_Sensor,52,0.1762,0.2742,0.0914,49.76,8.17,82.38,98.0,52,0,0.0
2024-01-01 00:15:04,904,Grid Emergency,DER_Controller,186,0.8277,3.3815,0.8454,50.27,40.14,17.23,0.0,17,168,0.9074
2024-01-01 00:15:04,904,Grid Emergency,EV_Charger_1,382,0.3606,1.1382,0.3794,206.3,154.37,63.94,0.0,63,318,0.8326
2024-01-01 00:15:04,904,Grid Emergency,EV_Charger_2,401,0.4174,1.554,0.518,153.38,159.35,58.26,0.0,58,342,0.8547
2024-01-01 00:15:05,905,Grid Emergency,AMI_Meter,24,0.3398,1.0462,0.3487,29.24,5.0,66.02,126.0,24,0,0.0
2024-01-01 00:15:05,905,Grid Emergency,PMU_Sensor,48,0.1449,0.2154,0.0718,49.76,8.16,85.51,102.0,48,0,0.0
2024-01-01 00:15:05,905,Grid Emergency,DER_Controller,194,0.8429,3.5537,0.8884,50.42,40.4,15.71,0.0,15,178,0.919
2024-01-01 00:15:05,905,Grid Emergency,EV_Charger_1,351,0.3461,0.9364,0.3121,206.45,154.36,65.39,0.0,65,285,0.8137
2024-01-01 00:15:05,905,Grid Emergency,EV_Charger_2,419,0.4585,1.6635,0.5545,153.67,159.5,54.15,0.0,54,364,0.8708
2024-01-01 00:15:06,906,Grid Emergency,AMI_Meter,34,0.333,0.9512,0.3171,29.24,5.0,66.7,116.0,34,0,0.0
2024-01-01 00:15:06,906,Grid Emergency,PMU_Sensor,52,0.1289,0.2744,0.0915,49.76,8.16,87.11,98.0,52,0,0.0
2024-01-01 00:15:06,906,Grid Emergency,DER_Controller,234,0.8822,4.4904,1.0,50.63,40.84,11.78,0.0,11,222,0.9496
2024-01-01 00:15:06,906,Grid Emergency,EV_Charger_1,320,0.3158,0.7349,0.245,206.58,154.32,68.42,0.0,68,251,0.7862
2024-01-01 00:15:06,906,Grid Emergency,EV_Charger_2,354,0.4464,1.2542,0.4181,153.89,159.55,55.36,0.0,55,298,0.8436
2024-01-01 00:15:07,907,Grid Emergency,AMI_Meter,31,0.2682,0.3515,0.1172,29.24,5.0,73.18,119.0,31,0,0.0
2024-01-01 00:15:07,907,Grid Emergency,PMU_Sensor,42,0.1852,0.9501,0.3167,49.75,8.16,81.48,108.0,42,0,0.0
2024-01-01 00:15:07,907,Grid Emergency,DER_Controller,197,0.884,3.5573,0.8893,50.79,41.1,11.6,0.0,11,185,0.9411
2024-01-01 00:15:07,907,Grid Emergency,EV_Charger_1,335,0.3042,0.8314,0.2771,206.72,154.3,69.58,0.0,69,265,0.7923
2024-01-01 00:15:07,907,Grid Emergency,EV_Charger_2,386,0.4577,1.4523,0.4841,154.15,159.65,54.23,0.0,54,331,0.8595
2024-01-01 00:15:08,908,Grid Emergency,AMI_Meter,35,0.3028,1.1498,0.3833,29.25,5.0,69.72,115.0,35,0,0.0
2024-01-01 00:15:08,908,Grid Emergency,PMU_Sensor,52,0.1572,0.2753,0.0918,49.75,8.15,84.28,98.0,52,0,0.0
2024-01-01 00:15:08,908,Grid Emergency,DER_Controller,143,0.8027,2.2361,0.559,50.89,41.19,19.73,0.0,19,123,0.862
2024-01-01 00:15:08,908,Grid Emergency,EV_Charger_1,341,0.2999,0.8694,0.2898,206.87,154.28,70.01,0.0,70,270,0.7947
2024-01-01 00:15:08,908,Grid Emergency,EV_Charger_2,380,0.4616,1.4123,0.4708,154.39,159.74,53.84,0.0,53,326,0.8583
2024-01-01 00:15:09,909,Grid Emergency,AMI_Meter,30,0.2269,0.1501,0.05,29.25,5.0,77.31,120.0,30,0,0.0
2024-01-01 00:15:09,909,Grid Emergency,PMU_Sensor,28,0.3756,2.6559,0.8853,49.73,8.18,62.44,122.0,28,0,0.0
2024-01-01 00:15:09,909,Grid Emergency,DER_Controller,221,0.852,4.0891,1.0,51.08,41.55,14.8,0.0,14,206,0.9331
2024-01-01 00:15:09,909,Grid Emergency,EV_Charger_1,385,0.3252,1.1531,0.3844,207.06,154.31,67.48,0.0,67,317,0.8247
2024-01-01 00:15:09,909,Grid Emergency,EV_Charger_2,318,0.4254,1.0231,0.341,154.57,159.74,57.46,0.0,57,260,0.8193
2024-01-01 00:15:10,910,Grid Emergency,AMI_Meter,34,0.2538,0.9492,0.3164,29.25,5.0,74.62,116.0,34,0,0.0
2024-01-01 00:15:10,910,Grid Emergency,PMU_Sensor,44,0.3329,0.6998,0.2333,49.72,8.18,66.71,106.0,44,0,0.0
2024-01-01 00:15:10,910,Grid Emergency,DER_Controller,172,0.82,2.8949,0.7237,51.21,41.72,18.0,0.0,18,153,0.8953
2024-01-01 00:15:10,910,Grid Emergency,EV_Charger_1,394,0.3486,1.2098,0.4033,207.27,154.34,65.14,0.0,65,328,0.8347
2024-01-01 00:15:10,910,Grid Emergency,EV_Charger_2,435,0.473,1.7516,0.5839,154.88,159.93,52.7,0.0,52,382,0.8788
2024-01-01 00:15:11,911,Grid Emergency,AMI_Meter,38,0.3522,1.7455,0.5818,29.26,5.0,64.78,112.0,38,0,0.0
2024-01-01 00:15:11,911,Grid Emergency,PMU_Sensor,52,0.2608,0.278,0.0927,49.73,8.18,73.92,98.0,52,0,0.0
2024-01-01 00:15:11,911,Grid Emergency,DER_Controller,201,0.8377,3.5629,0.8907,51.37,42.0,16.23,0.0,16,184,0.9192
2024-01-01 00:15:11,911,Grid Emergency,EV_Charger_1,411,0.3758,1.318,0.4393,207.49,154.41,62.42,0.0,62,348,0.8481
2024-01-01 00:15:11,911,Grid Emergency,EV_Charger_2,298,0.4205,0.894,0.298,155.04,159.91,57.95,0.0,57,240,0.8055
2024-01-01 00:15:12,912,Grid Emergency,AMI_Meter,33,0.3211,0.7458,0.2486,29.27,5.0,67.89,117.0,33,0,0.0
2024-01-01 00:15:12,912,Grid Emergency,PMU_Sensor,44,0.2526,0.6999,0.2333,49.72,8.17,74.74,106.0,44,0,0.0
2024-01-01 00:15:12,912,Grid Emergency,DER_Controller,197,0.8434,3.4431,0.8608,51.53,42.25,15.66,0.0,15,181,0.9205
2024-01-01 00:15:12,912,Grid Emergency,EV_Charger_1,370,0.3682,1.0512,0.3504,207.67,154.42,63.18,0.0,63,306,0.8292
2024-01-01 00:15:12,912,Grid Emergency,EV_Charger_2,377,0.4329,1.3858,0.4619,155.28,159.99,56.71,0.0,56,320,0.8496
2024-01-01 00:15:13,913,Grid Emergency,AMI_Meter,30,0.2394,0.1461,0.0487,29.27,5.0,76.06,120.0,30,0,0.0
2024-01-01 00:15:13,913,Grid Emergency,PMU_Sensor,25,0.4768,3.0078,1.0,49.69,8.21,52.32,125.0,25,0,0.0
2024-01-01 00:15:13,913,Grid Emergency,DER_Controller,194,0.8419,3.3495,0.8374,51.69,42.49,15.81,0.0,15,178,0.9185
2024-01-01 00:15:13,913,Grid Emergency,EV_Charger_1,405,0.3854,1.2761,0.4254,207.89,154.47,61.46,0.0,61,343,0.8482
2024-01-01 00:15:13,913,Grid Emergency,EV_Charger_2,375,0.4402,1.3712,0.4571,155.52,160.07,55.98,0.0,55,319,0.8507
2024-01-01 00:15:14,914,Grid Emergency,AMI_Meter,29,0.173,0.0538,0.0179,29.27,5.0,82.7,121.0,29,0,0.0
2024-01-01 00:15:14,914,Grid Emergency,PMU_Sensor,63,0.4955,1.6176,0.5392,49.71,8.22,50.45,87.0,63,0,0.0
2024-01-01 00:15:14,914,Grid Emergency,DER_Controller,197,0.8437,3.3966,0.8491,51.85,42.74,15.63,0.0,15,181,0.9207
2024-01-01 00:15:14,914,Grid Emergency,EV_Charger_1,397,0.392,1.2226,0.4075,208.09,154.51,60.8,0.0,60,336,0.8469
2024-01-01 00:15:14,914,Grid Emergency,EV_Charger_2,402,0.4618,1.537,0.5123,155.79,160.19,53.82,0.0,53,348,0.8661
2024-01-01 00:15:15,915,Grid Emergency,AMI_Meter,31,0.1557,0.3461,0.1154,29.27,5.0,84.43,119.0,31,0,0.0
2024-01-01 00:15:15,915,Grid Emergency,PMU_Sensor,42,0.4406,0.9371,0.3124,49.7,8.22,55.94,100.94,42,0,0.0
2024-01-01 00:15:15,915,Grid Emergency,DER_Controller,129,0.7454,1.8012,0.4503,51.93,42.79,25.46,0.0,25,103,0.8026
2024-01-01 00:15:15,915,Grid Emergency,EV_Charger_1,360,0.3726,0.9821,0.3274,208.26,154.51,62.74,0.0,62,297,0.8257
2024-01-01 00:15:15,915,Grid Emergency,EV_Charger_2,389,0.4686,1.4534,0.4845,156.05,160.28,53.14,0.0,53,335,0.8634
2024-01-01 00:15:16,916,Grid Emergency,AMI_Meter,28,0.1344,0.2542,0.0847,29.27,4.99,86.56,122.0,28,0,0.0
2024-01-01 00:15:16,916,Grid Emergency,PMU_Sensor,56,0.385,0.7661,0.2554,49.71,8.21,61.5,94.0,56,0,0.0
2024-01-01 00:15:16,916,Grid Emergency,DER_Controller,193,0.7638,3.2757,0.8189,52.09,43.02,23.62,0.0,23,169,0.8776
2024-01-01 00:15:16,916,Grid Emergency,EV_Charger_1,431,0.4047,1.4392,0.4797,208.5,154.6,59.53,0.0,59,371,0.8619
2024-01-01 00:15:16,916,Grid Emergency,EV_Charger_2,341,0.4433,1.1524,0.3841,156.25,160.31,55.67,0.0,55,285,0.8367
2024-01-01 00:15:17,917,Grid Emergency,AMI_Meter,32,0.1487,0.5465,0.1822,29.27,4.99,85.13,118.0,32,0,0.0
2024-01-01 00:15:17,917,Grid Emergency,PMU_Sensor,54,0.3217,0.5223,0.1741,49.71,8.21,67.83,96.0,54,0,0.0
2024-01-01 00:15:17,917,Grid Emergency,DER_Controller,227,0.8228,4.0278,1.0,52.28,43.38,17.72,0.0,17,209,0.9219
2024-01-01 00:15:17,917,Grid Emergency,EV_Charger_1,311,0.3496,0.6625,0.2208,208.61,154.55,65.04,0.0,65,245,0.7909
2024-01-01 00:15:17,917,Grid Emergency,EV_Charger_2,334,0.421,1.1074,0.3691,156.44,160.33,57.9,0.0,57,276,0.8267
2024-01-01 00:15:18,918,Grid Emergency,AMI_Meter,34,0.1987,0.9462,0.3154,29.28,4.99,80.13,116.0,34,0,0.0
2024-01-01 00:15:18,918,Grid Emergency,PMU_Sensor,62,0.3746,1.4939,0.498,49.72,8.22,62.54,88.0,62,0,0.0
2024-01-01 00:15:18,918,Grid Emergency,DER_Controller,196,0.8228,3.2917,0.8229,52.43,43.61,17.72,0.0,17,178,0.9096
2024-01-01 00:15:18,918,Grid Emergency,EV_Charger_1,368,0.3477,1.0301,0.3434,208.79,154.56,65.23,0.0,65,302,0.8227
2024-01-01 00:15:18,918,Grid Emergency,EV_Charger_2,389,0.4395,1.448,0.4827,156.7,160.43,56.05,0.0,56,332,0.8559
2024-01-01 00:15:19,919,Grid Emergency,AMI_Meter,34,0.2336,0.9452,0.3151,29.28,4.99,76.64,116.0,34,0,0.0
2024-01-01 00:15:19,919,Grid Emergency,PMU_Sensor,47,0.2954,0.3314,0.1105,49.72,8.21,70.46,103.0,47,0,0.0
2024-01-01 00:15:19,919,Grid Emergency,DER_Controller,198,0.8244,3.3157,0.8289,52.59,43.85,17.56,0.0,17,180,0.9113
2024-01-01 00:15:19,919,Grid Emergency,EV_Charger_1,427,0.3844,1.4096,0.4699,209.02,154.64,61.56,0.0,61,365,0.8558
2024-01-01 00:15:19,919,Grid Emergency,EV_Charger_2,440,0.4839,1.762,0.5873,157.0,160.61,51.61,0.0,51,388,0.8827
2024-01-01 00:15:20,920,Grid Emergency,AMI_Meter,33,0.238,0.7442,0.2481,29.29,4.99,76.2,117.0,33,0,0.0
2024-01-01 00:15:20,920,Grid Emergency,PMU_Sensor,50,0.2101,0.0339,0.0113,49.72,8.21,78.99,100.0,50,0,0.0
2024-01-01 00:15:20,920,Grid Emergency,DER_Controller,188,0.8102,3.0702,0.7675,52.74,44.06,18.98,0.0,18,169,0.899
2024-01-01 00:15:20,920,Grid Emergency,EV_Charger_1,402,0.3937,1.2462,0.4154,209.23,154.69,60.63,0.0,60,341,0.8492
2024-01-01 00:15:20,920,Grid Emergency,EV_Charger_2,349,0.4581,1.1938,0.3979,157.21,160.65,54.19,0.0,54,294,0.8447
2024-01-01 00:15:21,921,Grid Emergency,AMI_Meter,30,0.1809,0.1429,0.0476,29.29,4.99,81.91,120.0,30,0,0.0
2024-01-01 00:15:21,921,Grid Emergency,PMU_Sensor,41,0.2532,1.0613,0.3538,49.71,8.21,74.68,109.0,41,0,0.0
2024-01-01 00:15:21,921,Grid Emergency,DER_Controller,222,0.8457,3.8094,0.9524,52.92,44.38,15.43,0.0,15,206,0.9305
2024-01-01 00:15:21,921,Grid Emergency,EV_Charger_1,334,0.3561,0.8058,0.2686,209.37,154.66,64.39,0.0,64,269,0.8072
2024-01-01 00:15:21,921,Grid Emergency,EV_Charger_2,335,0.4312,1.1053,0.3684,157.4,160.67,56.88,0.0,56,278,0.8302
2024-01-01 00:15:22,922,Grid Emergency,AMI_Meter,30,0.1409,0.1428,0.0476,29.29,4.98,85.91,120.0,30,0,0.0
2024-01-01 00:15:22,922,Grid Emergency,PMU_Sensor,65,0.363,1.8578,0.6193,49.73,8.22,63.7,85.0,65,0,0.0
2024-01-01 00:15:22,922,Grid Emergency,DER_Controller,179,0.811,2.8267,0.7067,53.06,44.55,18.9,0.0,18,160,0.8944
2024-01-01 00:15:22,922,Grid Emergency,EV_Charger_1,353,0.3421,0.9278,0.3093,209.53,154.65,65.79,0.0,65,287,0.8136
2024-01-01 00:15:22,922,Grid Emergency,EV_Charger_2,330,0.4091,1.073,0.3577,157.59,160.68,59.09,0.0,59,270,0.8209
2024-01-01 00:15:23,923,Grid Emergency,AMI_Meter,38,0.273,1.744,0.5813,29.3,4.99,72.7,112.0,38,0,0.0
2024-01-01 00:15:23,923,Grid Emergency,PMU_Sensor,27,0.5294,2.7522,0.9174,49.7,8.25,47.06,105.06,27,0,0.0
2024-01-01 00:15:23,923,Grid Emergency,DER_Controller,164,0.7632,2.4804,0.6201,53.18,44.68,23.68,0.0,23,140,0.8556
2024-01-01 00:15:23,923,Grid Emergency,EV_Charger_1,489,0.4198,1.803,0.601,209.83,154.84,58.02,0.0,58,430,0.8813
2024-01-01 00:15:23,923,Grid Emergency,EV_Charger_2,381,0.4252,1.3882,0.4627,157.83,160.76,57.48,0.0,57,323,0.8491
2024-01-01 00:15:24,924,Grid Emergency,AMI_Meter,24,0.2972,1.0605,0.3535,29.29,4.99,70.28,126.0,24,0,0.0
2024-01-01 00:15:24,924,Grid Emergency,PMU_Sensor,49,0.3791,0.0854,0.0285,49.7,8.25,62.09,101.0,49,0,0.0
2024-01-01 00:15:24,924,Grid Emergency,DER_Controller,191,0.7641,3.0673,0.7668,53.33,44.88,23.59,0.0,23,167,0.8765
2024-01-01 00:15:24,924,Grid Emergency,EV_Charger_1,413,0.4249,1.3102,0.4367,210.05,154.9,57.51,0.0,57,355,0.8607
2024-01-01 00:15:24,924,Grid Emergency,EV_Charger_2,437,0.4709,1.7327,0.5776,158.14,160.94,52.91,0.0,52,384,0.8789
2024-01-01 00:15:25,925,Grid Emergency,AMI_Meter,31,0.2422,0.3421,0.114,29.29,4.99,75.78,119.0,31,0,0.0
2024-01-01 00:15:25,925,Grid Emergency,PMU_Sensor,45,0.3224,0.5701,0.19,49.7,8.24,67.76,105.0,45,0,0.0
2024-01-01 00:15:25,925,Grid Emergency,DER_Controller,209,0.7884,3.4441,0.861,53.5,45.15,21.16,0.0,21,187,0.8987
2024-01-01 00:15:25,925,Grid Emergency,EV_Charger_1,352,0.389,0.9155,0.3052,210.2,154.88,61.1,0.0,61,290,0.8264
2024-01-01 00:15:25,925,Grid Emergency,EV_Charger_2,308,0.4227,0.9303,0.3101,158.3,160.93,57.73,0.0,57,250,0.8126
2024-01-01 00:15:26,926,Grid Emergency,AMI_Meter,21,0.3355,1.6594,0.5531,29.28,4.99,66.45,129.0,21,0,0.0
2024-01-01 00:15:26,926,Grid Emergency,PMU_Sensor,37,0.3794,1.5379,0.5126,49.69,8.25,62.06,113.0,37,0,0.0
2024-01-01 00:15:26,926,Grid Emergency,DER_Controller,167,0.7478,2.504,0.626,53.62,45.28,25.22,0.0,25,141,0.849
2024-01-01 00:15:26,926,Grid Emergency,EV_Charger_1,332,0.3508,0.7857,0.2619,210.33,154.85,64.92,0.0,64,267,0.8045
2024-01-01 00:15:26,926,Grid Emergency,EV_Charger_2,369,0.4266,1.3074,0.4358,158.52,160.99,57.34,0.0,57,311,0.8446
2024-01-01 00:15:27,927,Grid Emergency,AMI_Meter,24,0.3406,1.0573,0.3524,29.28,4.99,65.94,126.0,24,0,0.0
2024-01-01 00:15:27,927,Grid Emergency,PMU_Sensor,24,0.5656,3.0962,1.0,49.66,8.29,43.44,126.0,24,0,0.0
2024-01-01 00:15:27,927,Grid Emergency,DER_Controller,163,0.7113,2.4068,0.6017,53.74,45.4,28.87,0.0,28,134,0.8229
2024-01-01 00:15:27,927,Grid Emergency,EV_Charger_1,361,0.3428,0.972,0.324,210.49,154.85,65.72,0.0,65,295,0.8179
2024-01-01 00:15:27,927,Grid Emergency,EV_Charger_2,327,0.4032,1.0453,0.3484,158.71,161.0,59.68,0.0,59,267,0.8175
2024-01-01 00:15:28,928,Grid Emergency,AMI_Meter,37,0.3928,1.5436,0.5145,29.29,5.0,60.72,113.0,37,0,0.0
2024-01-01 00:15:28,928,Grid Emergency,PMU_Sensor,45,0.4521,0.5616,0.1872,49.65,8.28,54.79,105.0,45,0,0.0
2024-01-01 00:15:28,928,Grid Emergency,DER_Controller,212,0.7498,3.4617,0.8654,53.91,45.67,25.02,0.0,25,186,0.882
2024-01-01 00:15:28,928,Grid Emergency,EV_Charger_1,379,0.3486,1.0869,0.3623,210.68,154.86,65.14,0.0,65,313,0.8281
2024-01-01 00:15:28,928,Grid Emergency,EV_Charger_2,353,0.4027,1.2052,0.4017,158.91,161.04,59.73,0.0,59,293,0.8308
2024-01-01 00:15:29,929,Grid Emergency,AMI_Meter,25,0.3607,0.8573,0.2858,29.28,5.0,63.93,125.0,25,0,0.0
2024-01-01 00:15:29,929,Grid Emergency,PMU_Sensor,49,0.3243,0.0787,0.0262,49.65,8.28,67.57,101.0,49,0,0.0
2024-01-01 00:15:29,929,Grid Emergency,DER_Controller,170,0.7206,2.5319,0.633,54.03,45.8,27.94,0.0,27,142,0.8356
2024-01-01 00:15:29,929,Grid Emergency,EV_Charger_1,386,0.3571,1.1307,0.3769,210.86,154.88,64.29,0.0,64,321,0.8335
2024-01-01 00:15:29,929,Grid Emergency,EV_Charger_2,344,0.3967,1.1479,0.3826,159.11,161.06,60.33,0.0,60,283,0.8246
2024-01-01 00:15:30,930,Grid Emergency,AMI_Meter,25,0.3381,0.8565,0.2855,29.28,5.0,66.19,125.0,25,0,0.0
2024-01-01 00:15:30,930,Grid Emergency,PMU_Sensor,57,0.3157,0.8867,0.2956,49.66,8.28,68.43,93.0,57,0,0.0
2024-01-01 00:15:30,930,Grid Emergency,DER_Controller,200,0.7384,3.1679,0.792,54.19,46.03,26.16,0.0,26,173,0.8692
2024-01-01 00:15:30,930,Grid Emergency,EV_Charger_1,362,0.3475,0.9748,0.3249,211.03,154.88,65.25,0.0,65,296,0.8197
2024-01-01 00:15:30,930,Grid Emergency,EV_Charger_2,361,0.4029,1.2517,0.4172,159.33,161.11,59.71,0.0,59,301,0.8346
2024-01-01 00:15:31,931,Grid Emergency,AMI_Meter,29,0.2422,0.0557,0.0186,29.28,4.99,75.78,121.0,29,0,0.0
2024-01-01 00:15:31,931,Grid Emergency,PMU_Sensor,43,0.3014,0.8037,0.2679,49.65,8.28,69.86,107.0,43,0,0.0
2024-01-01 00:15:31,931,Grid Emergency,DER_Controller,191,0.7386,2.9568,0.7392,54.33,46.22,26.14,0.0,26,164,0.8632
2024-01-01 00:15:31,931,Grid Emergency,EV_Charger_1,355,0.3361,0.9286,0.3095,211.18,154.87,66.39,0.0,66,288,0.813
2024-01-01 00:15:31,931,Grid Emergency,EV_Charger_2,312,0.3767,0.9466,0.3155,159.49,161.11,62.33,0.0,62,249,0.8002
2024-01-01 00:15:32,932,Grid Emergency,AMI_Meter,21,0.335,1.6547,0.5516,29.27,5.0,66.5,129.0,21,0,0.0
2024-01-01 00:15:32,932,Grid Emergency,PMU_Sensor,47,0.243,0.3203,0.1068,49.65,8.27,75.7,103.0,47,0,0.0
2024-01-01 00:15:32,932,Grid Emergency,DER_Controller,204,0.7551,3.2182,0.8046,54.5,46.46,24.49,0.0,24,179,0.88
2024-01-01 00:15:32,932,Grid Emergency,EV_Charger_1,352,0.3261,0.9084,0.3028,211.33,154.85,67.39,0.0,67,284,0.8086
2024-01-01 00:15:32,932,Grid Emergency,EV_Charger_2,468,0.4547,1.9102,0.6367,159.83,161.34,54.53,0.0,54,413,0.8835
2024-01-01 00:15:33,933,Grid Emergency,AMI_Meter,34,0.3291,0.9458,0.3153,29.27,5.0,67.09,116.0,34,0,0.0
2024-01-01 00:15:33,933,Grid Emergency,PMU_Sensor,60,0.295,1.2494,0.4165,49.66,8.28,70.5,90.0,60,0,0.0
2024-01-01 00:15:33,933,Grid Emergency,DER_Controller,209,0.7729,3.3046,0.8261,54.66,46.71,22.71,0.0,22,186,0.8913
2024-01-01 00:15:33,933,Grid Emergency,EV_Charger_1,454,0.3847,1.5642,0.5214,211.59,154.98,61.53,0.0,61,392,0.8645
2024-01-01 00:15:33,933,Grid Emergency,EV_Charger_2,319,0.4168,0.9856,0.3285,160.0,161.33,58.32,0.0,58,260,0.8172
2024-01-01 00:15:34,934,Grid Emergency,AMI_Meter,17,0.4751,2.4472,0.8157,29.26,5.01,52.49,133.0,17,0,0.0
2024-01-01 00:15:34,934,Grid Emergency,PMU_Sensor,46,0.2507,0.4421,0.1474,49.66,8.27,74.93,104.0,46,0,0.0
2024-01-01 00:15:34,934,Grid Emergency,DER_Controller,203,0.777,3.1574,0.7893,54.82,46.93,22.3,0.0,22,180,0.8901
2024-01-01 00:15:34,934,Grid Emergency,EV_Charger_1,386,0.3817,1.124,0.3747,211.78,155.0,61.83,0.0,61,324,0.8398
2024-01-01 00:15:34,934,Grid Emergency,EV_Charger_2,367,0.4199,1.2813,0.4271,160.22,161.39,58.01,0.0,58,308,0.8419
2024-01-01 00:15:35,935,Grid Emergency,AMI_Meter,36,0.4669,1.343,0.4477,29.27,5.01,53.31,114.0,36,0,0.0
2024-01-01 00:15:35,935,Grid Emergency,PMU_Sensor,53,0.2159,0.4039,0.1346,49.66,8.27,78.41,97.0,53,0,0.0
2024-01-01 00:15:35,935,Grid Emergency,DER_Controller,209,0.7868,3.2647,0.8162,54.98,47.18,21.32,0.0,21,187,0.898
2024-01-01 00:15:35,935,Grid Emergency,EV_Charger_1,342,0.3511,0.8394,0.2798,211.92,154.97,64.89,0.0,64,277,0.8103
2024-01-01 00:15:35,935,Grid Emergency,EV_Charger_2,305,0.3836,0.8962,0.2987,160.37,161.37,61.64,0.0,61,243,0.7979
2024-01-01 00:15:36,936,Grid Emergency,AMI_Meter,38,0.5006,1.7383,0.5794,29.28,5.02,49.94,112.0,38,0,0.0
2024-01-01 00:15:36,936,Grid Emergency,PMU_Sensor,50,0.1552,0.0411,0.0137,49.66,8.26,84.48,100.0,50,0,0.0
2024-01-01 00:15:36,936,Grid Emergency,DER_Controller,174,0.7471,2.5129,0.6282,55.11,47.31,25.29,0.0,25,148,0.8547
2024-01-01 00:15:36,936,Grid Emergency,EV_Charger_1,355,0.338,0.9224,0.3075,212.07,154.96,66.2,0.0,66,288,0.8135
2024-01-01 00:15:36,936,Grid Emergency,EV_Charger_2,325,0.3704,1.0191,0.3397,160.55,161.38,62.96,0.0,62,262,0.8063
2024-01-01 00:15:37,937,Grid Emergency,AMI_Meter,26,0.4157,0.6527,0.2176,29.27,5.02,58.43,124.0,26,0,0.0
2024-01-01 00:15:37,937,Grid Emergency,PMU_Sensor,39,0.2375,1.2882,0.4294,49.65,8.27,76.25,111.0,39,0,0.0
2024-01-01 00:15:37,937,Grid Emergency,DER_Controller,152,0.688,2.0423,0.5106,55.21,47.39,31.2,0.0,31,120,0.7947
2024-01-01 00:15:37,937,Grid Emergency,EV_Charger_1,372,0.3397,1.0309,0.3436,212.24,154.97,66.03,0.0,66,305,0.8225
2024-01-01 00:15:37,937,Grid Emergency,EV_Charger_2,328,0.3629,1.0365,0.3455,160.73,161.38,63.71,0.0,63,264,0.8058
2024-01-01 00:15:38,938,Grid Emergency,AMI_Meter,35,0.405,1.1401,0.38,29.28,5.02,59.5,115.0,35,0,0.0
2024-01-01 00:15:38,938,Grid Emergency,PMU_Sensor,52,0.1947,0.2842,0.0947,49.65,8.26,80.53,98.0,52,0,0.0
2024-01-01 00:15:38,938,Grid Emergency,DER_Controller,196,0.7007,2.9552,0.7388,55.36,47.59,29.93,0.0,29,166,0.8473
2024-01-01 00:15:38,938,Grid Emergency,EV_Charger_1,350,0.3266,0.8881,0.296,212.39,154.95,67.34,0.0,67,282,0.8076
2024-01-01 00:15:38,938,Grid Emergency,EV_Charger_2,349,0.3706,1.1652,0.3884,160.93,161.41,62.94,0.0,62,286,0.8196
2024-01-01 00:15:39,939,Grid Emergency,AMI_Meter,31,0.3178,0.3426,0.1142,29.28,5.01,68.22,119.0,31,0,0.0
2024-01-01 00:15:39,939,Grid Emergency,PMU_Sensor,55,0.2009,0.6468,0.2156,49.66,8.26,79.91,95.0,55,0,0.0
2024-01-01 00:15:39,939,Grid Emergency,DER_Controller,187,0.6976,2.7535,0.6884,55.5,47.76,30.24,0.0,30,156,0.8383
2024-01-01 00:15:39,939,Grid Emergency,EV_Charger_1,423,0.3643,1.3572,0.4524,212.61,155.02,63.57,0.0,63,359,0.8497
2024-01-01 00:15:39,939,Grid Emergency,EV_Charger_2,355,0.3795,1.2008,0.4003,161.13,161.45,62.05,0.0,62,292,0.8252
2024-01-01 00:15:40,940,Grid Emergency,AMI_Meter,33,0.2965,0.7408,0.2469,29.29,5.01,70.35,117.0,33,0,0.0
2024-01-01 00:15:40,940,Grid Emergency,PMU_Sensor,46,0.1849,0.4425,0.1475,49.65,8.26,81.51,104.0,46,0,0.0
2024-01-01 00:15:40,940,Grid Emergency,DER_Controller,144,0.6388,1.8487,0.4622,55.6,47.82,36.12,0.0,36,107,0.7491
2024-01-01 00:15:40,940,Grid Emergency,EV_Charger_1,390,0.3693,1.1429,0.381,212.8,155.04,63.07,0.0,63,326,0.8383
2024-01-01 00:15:40,940,Grid Emergency,EV_Charger_2,387,0.4053,1.3968,0.4656,161.37,161.53,59.47,0.0,59,327,0.8463
2024-01-01 00:15:41,941,Grid Emergency,AMI_Meter,32,0.2617,0.541,0.1803,29.29,5.01,73.83,118.0,32,0,0.0
2024-01-01 00:15:41,941,Grid Emergency,PMU_Sensor,53,0.1699,0.4051,0.135,49.66,8.25,83.01,97.0,53,0,0.0
2024-01-01 00:15:41,941,Grid Emergency,DER_Controller,181,0.6423,2.6115,0.6529,55.73,47.97,35.77,0.0,35,145,0.8024
2024-01-01 00:15:41,941,Grid Emergency,EV_Charger_1,347,0.345,0.8648,0.2883,212.94,155.02,65.5,0.0,65,281,0.8112
2024-01-01 00:15:41,941,Grid Emergency,EV_Charger_2,379,0.4182,1.3453,0.4484,161.6,161.6,58.18,0.0,58,320,0.8465
2024-01-01 00:15:42,942,Grid Emergency,AMI_Meter,32,0.2372,0.5406,0.1802,29.29,5.01,76.28,118.0,32,0,0.0
2024-01-01 00:15:42,942,Grid Emergency,PMU_Sensor,45,0.1754,0.5639,0.188,49.65,8.25,82.46,105.0,45,0,0.0
2024-01-01 00:15:42,942,Grid Emergency,DER_Controller,217,0.6905,3.3403,0.8351,55.9,48.23,30.95,0.0,30,186,0.8574
2024-01-01 00:15:42,942,Grid Emergency,EV_Charger_1,344,0.326,0.8446,0.2815,213.08,155.0,67.4,0.0,67,276,0.8041
2024-01-01 00:15:42,942,Grid Emergency,EV_Charger_2,328,0.3956,1.0285,0.3428,161.78,161.61,60.44,0.0,60,267,0.8157
2024-01-01 00:15:43,943,Grid Emergency,AMI_Meter,38,0.3395,1.7346,0.5782,29.3,5.02,66.05,112.0,38,0,0.0
2024-01-01 00:15:43,943,Grid Emergency,PMU_Sensor,56,0.1996,0.7688,0.2563,49.66,8.25,80.04,94.0,56,0,0.0
2024-01-01 00:15:43,943,Grid Emergency,DER_Controller,181,0.6793,2.5833,0.6458,56.03,48.37,32.07,0.0,32,148,0.8228
2024-01-01 00:15:43,943,Grid Emergency,EV_Charger_1,391,0.3428,1.1465,0.3822,213.27,155.03,65.72,0.0,65,325,0.8319
2024-01-01 00:15:43,943,Grid Emergency,EV_Charger_2,361,0.4,1.2311,0.4104,161.99,161.65,60.0,0.0,59,301,0.8338
2024-01-01 00:15:44,944,Grid Emergency,AMI_Meter,16,0.5017,2.6409,0.8803,29.29,5.03,49.83,134.0,16,0,0.0
2024-01-01 00:15:44,944,Grid Emergency,PMU_Sensor,42,0.2325,0.9277,0.3092,49.65,8.25,76.75,108.0,42,0,0.0
2024-01-01 00:15:44,944,Grid Emergency,DER_Controller,188,0.6792,2.7159,0.679,56.17,48.54,32.08,0.0,32,155,0.8294
2024-01-01 00:15:44,944,Grid Emergency,EV_Charger_1,365,0.3377,0.9777,0.3259,213.43,155.02,66.23,0.0,66,298,0.8186
2024-01-01 00:15:44,944,Grid Emergency,EV_Charger_2,366,0.4061,1.2603,0.4201,162.21,161.7,59.39,0.0,59,306,0.8377
2024-01-01 00:15:45,945,Grid Emergency,AMI_Meter,35,0.4646,1.1342,0.3781,29.29,5.03,53.54,115.0,35,0,0.0
2024-01-01 00:15:45,945,Grid Emergency,PMU_Sensor,47,0.1949,0.3212,0.1071,49.65,8.24,80.51,103.0,47,0,0.0
2024-01-01 00:15:45,945,Grid Emergency,DER_Controller,163,0.6465,2.194,0.5485,56.29,48.64,35.35,0.0,35,127,0.7832
2024-01-01 00:15:45,945,Grid Emergency,EV_Charger_1,392,0.3515,1.1505,0.3835,213.62,155.05,64.85,0.0,64,327,0.8346
2024-01-01 00:15:45,945,Grid Emergency,EV_Charger_2,340,0.3941,1.0982,0.3661,162.4,161.72,60.59,0.0,60,279,0.8218
2024-01-01 00:15:46,946,Grid Emergency,AMI_Meter,29,0.3311,0.0582,0.0194,29.29,5.03,66.89,121.0,29,0,0.0
2024-01-01 00:15:46,946,Grid Emergency,PMU_Sensor,47,0.1685,0.321,0.107,49.65,8.24,83.15,103.0,47,0,0.0
2024-01-01 00:15:46,946,Grid Emergency,DER_Controller,246,0.7266,3.8675,0.9669,56.49,49.0,27.34,0.0,27,218,0.8889
2024-01-01 00:15:46,946,Grid Emergency,EV_Charger_1,290,0.2953,0.4923,0.1641,213.7,154.99,70.47,0.0,70,219,0.757
2024-01-01 00:15:46,946,Grid Emergency,EV_Charger_2,337,0.3837,1.0784,0.3595,162.58,161.73,61.63,0.0,61,275,0.8171
2024-01-01 00:15:47,947,Grid Emergency,AMI_Meter,29,0.2376,0.0581,0.0194,29.29,5.03,76.24,121.0,29,0,0.0
2024-01-01 00:15:47,947,Grid Emergency,PMU_Sensor,43,0.1985,0.8058,0.2686,49.64,8.24,80.15,107.0,43,0,0.0
2024-01-01 00:15:47,947,Grid Emergency,DER_Controller,212,0.7422,3.1552,0.7888,56.65,49.24,25.78,0.0,25,186,0.8784
2024-01-01 00:15:47,947,Grid Emergency,EV_Charger_1,412,0.3345,1.2777,0.4259,213.91,155.04,66.55,0.0,66,345,0.8385
2024-01-01 00:15:47,947,Grid Emergency,EV_Charger_2,352,0.3856,1.1697,0.3899,162.78,161.77,61.44,0.0,61,290,0.8254
2024-01-01 00:15:48,948,Grid Emergency,AMI_Meter,28,0.192,0.2569,0.0856,29.29,5.02,80.8,122.0,28,0,0.0
2024-01-01 00:15:48,948,Grid Emergency,PMU_Sensor,49,0.1467,0.0774,0.0258,49.64,8.23,85.33,101.0,49,0,0.0
2024-01-01 00:15:48,948,Grid Emergency,DER_Controller,187,0.7214,2.6363,0.6591,56.79,49.39,27.86,0.0,27,159,0.851
2024-01-01 00:15:48,948,Grid Emergency,EV_Charger_1,376,0.3385,1.0443,0.3481,214.08,155.05,66.15,0.0,66,309,0.8241
2024-01-01 00:15:48,948,Grid Emergency,EV_Charger_2,346,0.383,1.1313,0.3771,162.97,161.79,61.7,0.0,61,284,0.8217
2024-01-01 00:15:49,949,Grid Emergency,AMI_Meter,31,0.1684,0.34,0.1133,29.29,5.02,83.16,119.0,31,0,0.0
2024-01-01 00:15:49,949,Grid Emergency,PMU_Sensor,56,0.1799,0.7721,0.2574,49.64,8.23,82.01,94.0,56,0,0.0
2024-01-01 00:15:49,949,Grid Emergency,DER_Controller,159,0.67,2.0637,0.5159,56.9,49.48,33.0,0.0,32,126,0.7925
2024-01-01 00:15:49,949,Grid Emergency,EV_Charger_1,337,0.3162,0.7921,0.264,214.21,155.02,68.38,0.0,68,268,0.7971
2024-01-01 00:15:49,949,Grid Emergency,EV_Charger_2,276,0.3379,0.6981,0.2327,163.09,161.75,66.21,0.0,66,209,0.7601
2024-01-01 00:15:50,950,Grid Emergency,AMI_Meter,34,0.2115,0.9365,0.3122,29.3,5.02,78.85,116.0,34,0,0.0
2024-01-01 00:15:50,950,Grid Emergency,PMU_Sensor,52,0.1545,0.286,0.0953,49.65,8.23,84.55,98.0,52,0,0.0
2024-01-01 00:15:50,950,Grid Emergency,DER_Controller,202,0.6849,2.9181,0.7295,57.05,49.67,31.51,0.0,31,170,0.844
2024-01-01 00:15:50,950,Grid Emergency,EV_Charger_1,322,0.2908,0.6948,0.2316,214.32,154.97,70.92,0.0,70,251,0.7798
2024-01-01 00:15:50,950,Grid Emergency,EV_Charger_2,435,0.4043,1.6777,0.5592,163.38,161.9,59.57,0.0,59,375,0.8631
2024-01-01 00:15:51,951,Grid Emergency,AMI_Meter,26,0.2137,0.6562,0.2187,29.29,5.02,78.63,124.0,26,0,0.0
2024-01-01 00:15:51,951,Grid Emergency,PMU_Sensor,51,0.1246,0.1644,0.0548,49.65,8.22,87.54,99.0,51,0,0.0
2024-01-01 00:15:51,951,Grid Emergency,DER_Controller,211,0.7063,3.0821,0.7705,57.21,49.9,29.37,0.0,29,181,0.8608
2024-01-01 00:15:51,951,Grid Emergency,EV_Charger_1,340,0.2846,0.8103,0.2701,214.45,154.95,71.54,0.0,71,268,0.7896
2024-01-01 00:15:51,951,Grid Emergency,EV_Charger_2,330,0.3858,1.028,0.3427,163.55,161.91,61.42,0.0,61,268,0.8139
2024-01-01 00:15:52,952,Grid Emergency,AMI_Meter,30,0.1636,0.1405,0.0468,29.29,5.02,83.64,120.0,30,0,0.0
2024-01-01 00:15:52,952,Grid Emergency,PMU_Sensor,72,0.3578,2.7061,0.902,49.67,8.25,64.22,78.0,72,0,0.0
2024-01-01 00:15:52,952,Grid Emergency,DER_Controller,197,0.704,2.7886,0.6971,57.36,50.08,29.6,0.0,29,167,0.8498
2024-01-01 00:15:52,952,Grid Emergency,EV_Charger_1,444,0.3471,1.479,0.493,214.7,155.04,65.29,0.0,65,378,0.853
2024-01-01 00:15:52,952,Grid Emergency,EV_Charger_2,409,0.4214,1.5134,0.5045,163.81,162.02,57.86,0.0,57,351,0.8585
2024-01-01 00:15:53,953,Grid Emergency,AMI_Meter,31,0.1485,0.3396,0.1132,29.3,5.02,85.15,119.0,31,0,0.0
2024-01-01 00:15:53,953,Grid Emergency,PMU_Sensor,42,0.3434,0.9288,0.3096,49.66,8.25,65.66,101.66,42,0,0.0
2024-01-01 00:15:53,953,Grid Emergency,DER_Controller,216,0.7249,3.1498,0.7875,57.52,50.31,27.51,0.0,27,188,0.8726
2024-01-01 00:15:53,953,Grid Emergency,EV_Charger_1,320,0.3108,0.6787,0.2262,214.81,155.0,68.92,0.0,68,251,0.7846
2024-01-01 00:15:53,953,Grid Emergency,EV_Charger_2,427,0.4571,1.6214,0.5405,164.09,162.16,54.29,0.0,54,372,0.8729
2024-01-01 00:15:54,954,Grid Emergency,AMI_Meter,31,0.1379,0.3394,0.1131,29.3,5.01,86.21,119.0,31,0,0.0
2024-01-01 00:15:54,954,Grid Emergency,PMU_Sensor,28,0.5019,2.6149,0.8716,49.64,8.28,49.81,122.0,28,0,0.0
2024-01-01 00:15:54,954,Grid Emergency,DER_Controller,181,0.6965,2.4452,0.6113,57.65,50.44,30.35,0.0,30,150,0.8323
2024-01-01 00:15:54,954,Grid Emergency,EV_Charger_1,406,0.3408,1.2319,0.4106,215.01,155.04,65.92,0.0,65,340,0.8376
2024-01-01 00:15:54,954,Grid Emergency,EV_Charger_2,344,0.4308,1.1082,0.3694,164.27,162.17,56.92,0.0,56,287,0.8345
2024-01-01 00:15:55,955,Grid Emergency,AMI_Meter,33,0.1703,0.7378,0.2459,29.3,5.01,82.97,117.0,33,0,0.0
2024-01-01 00:15:55,955,Grid Emergency,PMU_Sensor,43,0.4315,0.8017,0.2672,49.63,8.27,56.85,107.0,43,0,0.0
2024-01-01 00:15:55,955,Grid Emergency,DER_Controller,157,0.6451,1.9644,0.4911,57.76,50.52,35.49,0.0,35,121,0.774
2024-01-01 00:15:55,955,Grid Emergency,EV_Charger_1,377,0.3429,1.0437,0.3479,215.18,155.05,65.71,0.0,65,311,0.8257
2024-01-01 00:15:55,955,Grid Emergency,EV_Charger_2,356,0.4196,1.1807,0.3936,164.47,162.21,58.04,0.0,58,297,0.837
2024-01-01 00:15:56,956,Grid Emergency,AMI_Meter,28,0.1452,0.2597,0.0866,29.3,5.01,85.48,122.0,28,0,0.0
2024-01-01 00:15:56,956,Grid Emergency,PMU_Sensor,59,0.4151,1.1306,0.3769,49.64,8.28,58.49,91.0,59,0,0.0
2024-01-01 00:15:56,956,Grid Emergency,DER_Controller,168,0.6198,2.1756,0.5439,57.87,50.62,38.02,0.0,38,129,0.7737
2024-01-01 00:15:56,956,Grid Emergency,EV_Charger_1,392,0.354,1.1391,0.3797,215.36,155.07,64.6,0.0,64,327,0.8352
2024-01-01 00:15:56,956,Grid Emergency,EV_Charger_2,358,0.4129,1.1916,0.3972,164.68,162.24,58.71,0.0,58,299,0.836
2024-01-01 00:15:57,957,Grid Emergency,AMI_Meter,22,0.2471,1.4552,0.4851,29.29,5.01,75.29,128.0,22,0,0.0
2024-01-01 00:15:57,957,Grid Emergency,PMU_Sensor,39,0.419,1.2844,0.4281,49.63,8.28,58.1,110.1,39,0,0.0
2024-01-01 00:15:57,957,Grid Emergency,DER_Controller,190,0.6273,2.5996,0.6499,58.01,50.77,37.27,0.0,37,152,0.8039
2024-01-01 00:15:57,957,Grid Emergency,EV_Charger_1,459,0.4046,1.5683,0.5228,215.61,155.19,59.54,0.0,59,399,0.8703
2024-01-01 00:15:57,957,Grid Emergency,EV_Charger_2,381,0.4222,1.3314,0.4438,164.9,162.31,57.78,0.0,57,323,0.8483
2024-01-01 00:15:58,958,Grid Emergency,AMI_Meter,21,0.3381,1.6515,0.5505,29.28,5.02,66.19,129.0,21,0,0.0
2024-01-01 00:15:58,958,Grid Emergency,PMU_Sensor,25,0.5893,2.9603,0.9868,49.61,8.31,41.07,125.0,25,0,0.0
2024-01-01 00:15:58,958,Grid Emergency,DER_Controller,208,0.6542,2.9392,0.7348,58.17,50.98,34.58,0.0,34,173,0.8338
2024-01-01 00:15:58,958,Grid Emergency,EV_Charger_1,376,0.3865,1.0324,0.3441,215.78,155.2,61.35,0.0,61,314,0.8368
2024-01-01 00:15:58,958,Grid Emergency,EV_Charger_2,406,0.4438,1.4829,0.4943,165.15,162.41,55.62,0.0,55,350,0.863
2024-01-01 00:15:59,959,Grid Emergency,AMI_Meter,25,0.322,0.8533,0.2844,29.28,5.02,67.8,125.0,25,0,0.0
2024-01-01 00:15:59,959,Grid Emergency,PMU_Sensor,52,0.4413,0.2877,0.0959,49.61,8.31,55.87,98.0,52,0,0.0
2024-01-01 00:15:59,959,Grid Emergency,DER_Controller,211,0.6771,2.9826,0.7456,58.33,51.19,32.29,0.0,32,178,0.847
2024-01-01 00:15:59,959,Grid Emergency,EV_Charger_1,362,0.3646,0.9412,0.3137,215.93,155.19,63.54,0.0,63,298,0.8245
2024-01-01 00:15:59,959,Grid Emergency,EV_Charger_2,335,0.4151,1.0446,0.3482,165.33,162.42,58.49,0.0,58,276,0.8254
2024-01-01 00:16:00,960,Grid Emergency,AMI_Meter,30,0.2398,0.1434,0.0478,29.28,5.01,76.02,120.0,30,0,0.0
2024-01-01 00:16:00,960,Grid Emergency,PMU_Sensor,54,0.3617,0.5281,0.176,49.61,8.31,63.83,96.0,54,0,0.0
2024-01-01 00:16:00,960,Grid Emergency,DER_Controller,189,0.6667,2.5428,0.6357,58.46,51.34,33.33,0.0,33,155,0.8237
2024-01-01 00:16:00,960,Grid Emergency,EV_Charger_1,418,0.3853,1.3003,0.4334,216.14,155.24,61.47,0.0,61,356,0.8529
2024-01-01 00:16:00,960,Grid Emergency,EV_Charger_2,334,0.3943,1.0374,0.3458,165.51,162.43,60.57,0.0,60,273,0.8187
2024-01-01 00:16:01,961,Grid Emergency,AMI_Meter,23,0.293,1.2512,0.4171,29.27,5.01,70.7,127.0,23,0,0.0
2024-01-01 00:16:01,961,Grid Emergency,PMU_Sensor,65,0.438,1.8483,0.6161,49.63,8.32,56.2,85.0,65,0,0.0
2024-01-01 00:16:01,961,Grid Emergency,DER_Controller,174,0.6403,2.2436,0.5609,58.58,51.44,35.97,0.0,35,138,0.7933
2024-01-01 00:16:01,961,Grid Emergency,EV_Charger_1,357,0.3603,0.9065,0.3022,216.29,155.23,63.97,0.0,63,293,0.8208
2024-01-01 00:16:01,961,Grid Emergency,EV_Charger_2,352,0.3907,1.1468,0.3823,165.7,162.45,60.93,0.0,60,291,0.8269
2024-01-01 00:16:02,962,Grid Emergency,AMI_Meter,30,0.2195,0.1446,0.0482,29.28,5.01,78.05,120.0,30,0,0.0
2024-01-01 00:16:02,962,Grid Emergency,PMU_Sensor,46,0.3503,0.4362,0.1454,49.63,8.31,64.97,103.97,46,0,0.0
2024-01-01 00:16:02,962,Grid Emergency,DER_Controller,189,0.638,2.5254,0.6314,58.72,51.59,36.2,0.0,36,152,0.8085
2024-01-01 00:16:02,962,Grid Emergency,EV_Charger_1,378,0.3563,1.0406,0.3469,216.46,155.24,64.37,0.0,64,313,0.8297
2024-01-01 00:16:02,962,Grid Emergency,EV_Charger_2,362,0.3942,1.2068,0.4023,165.9,162.49,60.58,0.0,60,301,0.8326
2024-01-01 00:16:03,963,Grid Emergency,AMI_Meter,18,0.3779,2.2425,0.7475,29.26,5.02,62.21,132.0,18,0,0.0
2024-01-01 00:16:03,963,Grid Emergency,PMU_Sensor,65,0.4297,1.8453,0.6151,49.64,8.32,57.03,85.0,65,0,0.0
2024-01-01 00:16:03,963,Grid Emergency,DER_Controller,186,0.6322,2.4582,0.6146,58.85,51.72,36.78,0.0,36,149,0.8022
2024-01-01 00:16:03,963,Grid Emergency,EV_Charger_1,403,0.3694,1.2001,0.4,216.65,155.27,63.06,0.0,63,339,0.8435
2024-01-01 00:16:03,963,Grid Emergency,EV_Charger_2,292,0.3535,0.7754,0.2585,166.04,162.46,64.65,0.0,64,227,0.7786
2024-01-01 00:16:04,964,Grid Emergency,AMI_Meter,27,0.3096,0.4504,0.1501,29.26,5.02,69.04,123.0,27,0,0.0
2024-01-01 00:16:04,964,Grid Emergency,PMU_Sensor,44,0.3685,0.6774,0.2258,49.64,8.32,63.15,104.15,44,0,0.0
2024-01-01 00:16:04,964,Grid Emergency,DER_Controller,226,0.6749,3.2125,0.8031,59.02,51.98,32.51,0.0,32,193,0.8562
2024-01-01 00:16:04,964,Grid Emergency,EV_Charger_1,356,0.3483,0.8966,0.2989,216.8,155.26,65.17,0.0,65,290,0.8169
2024-01-01 00:16:04,964,Grid Emergency,EV_Charger_2,389,0.3845,1.3704,0.4568,166.27,162.53,61.55,0.0,61,327,0.8418
2024-01-01 00:16:05,965,Grid Emergency,AMI_Meter,26,0.2816,0.6491,0.2164,29.26,5.02,71.84,124.0,26,0,0.0
2024-01-01 00:16:05,965,Grid Emergency,PMU_Sensor,46,0.3017,0.4368,0.1456,49.63,8.32,69.83,104.0,46,0,0.0
2024-01-01 00:16:05,965,Grid Emergency,DER_Controller,183,0.6547,2.377,0.5942,59.15,52.1,34.53,0.0,34,148,0.8113
2024-01-01 00:16:05,965,Grid Emergency,EV_Charger_1,431,0.3815,1.3776,0.4592,217.02,155.33,61.85,0.0,61,369,0.8565
2024-01-01 00:16:05,965,Grid Emergency,EV_Charger_2,269,0.3323,0.6316,0.2105,166.37,162.48,66.77,0.0,66,202,0.7518
2024-01-01 00:16:06,966,Grid Emergency,AMI_Meter,23,0.3216,1.2451,0.415,29.25,5.02,67.84,127.0,23,0,0.0
2024-01-01 00:16:06,966,Grid Emergency,PMU_Sensor,34,0.3987,1.8752,0.6251,49.62,8.33,60.13,116.0,34,0,0.0
2024-01-01 00:16:06,966,Grid Emergency,DER_Controller,162,0.6141,1.969,0.4922,59.26,52.18,38.59,0.0,38,123,0.7618
2024-01-01 00:16:06,966,Grid Emergency,EV_Charger_1,347,0.3507,0.8361,0.2787,217.15,155.3,64.93,0.0,64,282,0.8129
2024-01-01 00:16:06,966,Grid Emergency,EV_Charger_2,282,0.3037,0.7111,0.237,166.49,162.44,69.63,0.0,69,212,0.7531
2024-01-01 00:16:07,967,Grid Emergency,AMI_Meter,26,0.2899,0.6471,0.2157,29.25,5.02,71.01,124.0,26,0,0.0
2024-01-01 00:16:07,967,Grid Emergency,PMU_Sensor,33,0.4781,1.9902,0.6634,49.6,8.34,52.19,117.0,33,0,0.0
2024-01-01 00:16:07,967,Grid Emergency,DER_Controller,164,0.5857,2.0021,0.5005,59.37,52.26,41.43,0.0,41,122,0.7474
2024-01-01 00:16:07,967,Grid Emergency,EV_Charger_1,428,0.381,1.3556,0.4519,217.37,155.37,61.9,0.0,61,366,0.8554
2024-01-01 00:16:07,967,Grid Emergency,EV_Charger_2,373,0.3396,1.2696,0.4232,166.71,162.49,66.04,0.0,66,306,0.8229
2024-01-01 00:16:08,968,Grid Emergency,AMI_Meter,30,0.2179,0.1498,0.0499,29.25,5.02,78.21,120.0,30,0,0.0
2024-01-01 00:16:08,968,Grid Emergency,PMU_Sensor,41,0.4377,1.0299,0.3433,49.59,8.34,56.23,109.0,41,0,0.0
2024-01-01 00:16:08,968,Grid Emergency,DER_Controller,151,0.5486,1.7497,0.4374,59.46,52.32,45.14,0.0,45,105,0.7011
2024-01-01 00:16:08,968,Grid Emergency,EV_Charger_1,334,0.3417,0.75,0.25,217.49,155.34,65.83,0.0,65,268,0.8029
2024-01-01 00:16:08,968,Grid Emergency,EV_Charger_2,353,0.3522,1.1451,0.3817,166.9,162.52,64.78,0.0,64,288,0.8165
2024-01-01 00:16:09,969,Grid Emergency,AMI_Meter,34,0.2471,0.9462,0.3154,29.25,5.02,75.29,116.0,34,0,0.0
2024-01-01 00:16:09,969,Grid Emergency,PMU_Sensor,57,0.3951,0.8876,0.2959,49.6,8.34,60.49,93.0,57,0,0.0
2024-01-01 00:16:09,969,Grid Emergency,DER_Controller,205,0.5846,2.7693,0.6923,59.61,52.5,41.54,0.0,41,163,0.7973
2024-01-01 00:16:09,969,Grid Emergency,EV_Charger_1,350,0.3244,0.8523,0.2841,217.63,155.31,67.56,0.0,67,282,0.807
2024-01-01 00:16:09,969,Grid Emergency,EV_Charger_2,356,0.3628,1.1622,0.3874,167.09,162.55,63.72,0.0,63,292,0.821
2024-01-01 00:16:10,970,Grid Emergency,AMI_Meter,28,0.198,0.2498,0.0833,29.25,5.01,80.2,122.0,28,0,0.0
2024-01-01 00:16:10,970,Grid Emergency,PMU_Sensor,48,0.2957,0.1915,0.0638,49.6,8.34,70.43,102.0,48,0,0.0
2024-01-01 00:16:10,970,Grid Emergency,DER_Controller,240,0.6518,3.4135,0.8534,59.8,52.79,34.82,0.0,34,205,0.8549
2024-01-01 00:16:10,970,Grid Emergency,EV_Charger_1,309,0.2859,0.5879,0.196,217.72,155.26,71.41,0.0,71,237,0.7689
2024-01-01 00:16:10,970,Grid Emergency,EV_Charger_2,344,0.3626,1.0871,0.3624,167.27,162.56,63.74,0.0,63,280,0.8147
2024-01-01 00:16:11,971,Grid Emergency,AMI_Meter,36,0.273,1.3438,0.4479,29.26,5.02,72.7,114.0,36,0,0.0
2024-01-01 00:16:11,971,Grid Emergency,PMU_Sensor,38,0.3459,1.3891,0.463,49.58,8.34,65.41,112.0,38,0,0.0
2024-01-01 00:16:11,971,Grid Emergency,DER_Controller,173,0.6225,2.1382,0.5346,59.91,52.89,37.75,0.0,37,135,0.7818
2024-01-01 00:16:11,971,Grid Emergency,EV_Charger_1,358,0.2904,0.9026,0.3009,217.87,155.25,70.96,0.0,70,287,0.8018
2024-01-01 00:16:11,971,Grid Emergency,EV_Charger_2,344,0.3624,1.0859,0.362,167.46,162.58,63.76,0.0,63,280,0.8147
2024-01-01 00:16:12,972,Grid Emergency,AMI_Meter,22,0.3356,1.4449,0.4816,29.25,5.02,66.44,128.0,22,0,0.0
2024-01-01 00:16:12,972,Grid Emergency,PMU_Sensor,54,0.2951,0.5291,0.1764,49.59,8.34,70.49,96.0,54,0,0.0
2024-01-01 00:16:12,972,Grid Emergency,DER_Controller,206,0.6387,2.75,0.6875,60.06,53.07,36.13,0.0,36,169,0.8246
2024-01-01 00:16:12,972,Grid Emergency,EV_Charger_1,400,0.3205,1.1718,0.3906,218.05,155.28,67.95,0.0,67,332,0.8301
2024-01-01 00:16:12,972,Grid Emergency,EV_Charger_2,315,0.3444,0.9067,0.3022,167.61,162.56,65.56,0.0,65,249,0.7919
2024-01-01 00:16:13,973,Grid Emergency,AMI_Meter,30,0.2498,0.149,0.0497,29.25,5.02,75.02,120.0,30,0,0.0
2024-01-01 00:16:13,973,Grid Emergency,PMU_Sensor,42,0.2975,0.9095,0.3032,49.58,8.34,70.25,108.0,42,0,0.0
2024-01-01 00:16:13,973,Grid Emergency,DER_Controller,181,0.621,2.2717,0.5679,60.19,53.18,37.9,0.0,37,143,0.7906
2024-01-01 00:16:13,973,Grid Emergency,EV_Charger_1,466,0.3837,1.5939,0.5313,218.31,155.4,61.63,0.0,61,404,0.8677
2024-01-01 00:16:13,973,Grid Emergency,EV_Charger_2,359,0.3587,1.1759,0.392,167.8,162.6,64.13,0.0,64,294,0.8214
2024-01-01 00:16:14,974,Grid Emergency,AMI_Meter,24,0.2795,1.046,0.3487,29.25,5.02,72.05,126.0,24,0,0.0
2024-01-01 00:16:14,974,Grid Emergency,PMU_Sensor,51,0.2253,0.1701,0.0567,49.58,8.33,77.47,99.0,51,0,0.0
2024-01-01 00:16:14,974,Grid Emergency,DER_Controller,156,0.5781,1.7977,0.4494,60.29,53.24,42.19,0.0,42,113,0.7296
2024-01-01 00:16:14,974,Grid Emergency,EV_Charger_1,332,0.3417,0.731,0.2437,218.42,155.36,65.83,0.0,65,266,0.8017
2024-01-01 00:16:14,974,Grid Emergency,EV_Charger_2,308,0.3372,0.8615,0.2872,167.95,162.57,66.28,0.0,66,241,0.7848
2024-01-01 00:16:15,975,Grid Emergency,AMI_Meter,27,0.2404,0.4477,0.1492,29.24,5.01,75.96,123.0,27,0,0.0
2024-01-01 00:16:15,975,Grid Emergency,PMU_Sensor,57,0.2466,0.8894,0.2965,49.59,8.33,75.34,93.0,57,0,0.0
2024-01-01 00:16:15,975,Grid Emergency,DER_Controller,204,0.6016,2.6878,0.6719,60.43,53.41,39.84,0.0,39,164,0.8047
2024-01-01 00:16:15,975,Grid Emergency,EV_Charger_1,400,0.3559,1.1673,0.3891,218.61,155.39,64.41,0.0,64,335,0.839
2024-01-01 00:16:15,975,Grid Emergency,EV_Charger_2,305,0.3203,0.8423,0.2808,168.09,162.55,67.97,0.0,67,237,0.7771
2024-01-01 00:16:16,976,Grid Emergency,AMI_Meter,27,0.213,0.4474,0.1491,29.24,5.01,78.7,123.0,27,0,0.0
2024-01-01 00:16:16,976,Grid Emergency,PMU_Sensor,52,0.2015,0.2891,0.0964,49.59,8.33,79.85,98.0,52,0,0.0
2024-01-01 00:16:16,976,Grid Emergency,DER_Controller,174,0.5837,2.1201,0.53,60.55,53.51,41.63,0.0,41,132,0.7607
2024-01-01 00:16:16,976,Grid Emergency,EV_Charger_1,368,0.3452,0.9604,0.3201,218.76,155.39,65.48,0.0,65,302,0.8221
2024-01-01 00:16:16,976,Grid Emergency,EV_Charger_2,374,0.3507,1.2651,0.4217,168.3,162.6,64.93,0.0,64,309,0.8264
2024-01-01 00:16:17,977,Grid Emergency,AMI_Meter,28,0.1739,0.2478,0.0826,29.24,5.01,82.61,122.0,28,0,0.0
2024-01-01 00:16:17,977,Grid Emergency,PMU_Sensor,51,0.158,0.1689,0.0563,49.59,8.32,84.2,99.0,51,0,0.0
2024-01-01 00:16:17,977,Grid Emergency,DER_Controller,229,0.6334,3.1305,0.7826,60.72,53.75,36.66,0.0,36,192,0.8399
2024-01-01 00:16:17,977,Grid Emergency,EV_Charger_1,373,0.3408,0.9916,0.3305,218.92,155.39,65.92,0.0,65,307,0.8233
2024-01-01 00:16:17,977,Grid Emergency,EV_Charger_2,408,0.3927,1.4718,0.4906,168.54,162.7,60.73,0.0,60,347,0.8511
2024-01-01 00:16:18,978,Grid Emergency,AMI_Meter,32,0.1767,0.5503,0.1834,29.24,5.01,82.33,118.0,32,0,0.0
2024-01-01 00:16:18,978,Grid Emergency,PMU_Sensor,38,0.2497,1.391,0.4637,49.58,8.33,75.03,112.0,38,0,0.0
2024-01-01 00:16:18,978,Grid Emergency,DER_Controller,162,0.5926,1.8797,0.4699,60.82,53.82,40.74,0.0,40,121,0.7485
2024-01-01 00:16:18,978,Grid Emergency,EV_Charger_1,346,0.3203,0.8171,0.2724,219.05,155.36,67.97,0.0,67,278,0.8035
2024-01-01 00:16:18,978,Grid Emergency,EV_Charger_2,316,0.3654,0.9055,0.3018,168.7,162.68,63.46,0.0,63,252,0.7992
2024-01-01 00:16:19,979,Grid Emergency,AMI_Meter,29,0.1286,0.0487,0.0162,29.24,5.01,87.14,121.0,29,0,0.0
2024-01-01 00:16:19,979,Grid Emergency,PMU_Sensor,54,0.2278,0.5302,0.1767,49.59,8.32,77.22,96.0,54,0,0.0
2024-01-01 00:16:19,979,Grid Emergency,DER_Controller,221,0.6295,2.961,0.7403,60.99,54.04,37.05,0.0,37,183,0.8323
2024-01-01 00:16:19,979,Grid Emergency,EV_Charger_1,392,0.3354,1.1119,0.3706,219.23,155.38,66.46,0.0,66,325,0.8305
2024-01-01 00:16:19,979,Grid Emergency,EV_Charger_2,334,0.3573,1.0151,0.3384,168.86,162.69,64.27,0.0,64,269,0.8076
2024-01-01 00:16:20,980,Grid Emergency,AMI_Meter,19,0.2941,2.041,0.6803,29.23,5.01,70.59,131.0,19,0,0.0
2024-01-01 00:16:20,980,Grid Emergency,PMU_Sensor,50,0.1644,0.0496,0.0165,49.59,8.32,83.56,100.0,50,0,0.0
2024-01-01 00:16:20,980,Grid Emergency,DER_Controller,190,0.6208,2.3792,0.5948,61.12,54.17,37.92,0.0,37,152,0.8004
2024-01-01 00:16:20,980,Grid Emergency,EV_Charger_1,387,0.3426,1.0786,0.3595,219.4,155.39,65.74,0.0,65,321,0.8301
2024-01-01 00:16:20,980,Grid Emergency,EV_Charger_2,449,0.422,1.7185,0.5728,169.15,162.85,57.8,0.0,57,391,0.8713
2024-01-01 00:16:21,981,Grid Emergency,AMI_Meter,36,0.3406,1.3476,0.4492,29.24,5.02,65.94,114.0,36,0,0.0
2024-01-01 00:16:21,981,Grid Emergency,PMU_Sensor,56,0.1921,0.7702,0.2567,49.59,8.32,80.79,94.0,56,0,0.0
2024-01-01 00:16:21,981,Grid Emergency,DER_Controller,165,0.5852,1.9132,0.4783,61.23,54.24,41.48,0.0,41,123,0.7486
2024-01-01 00:16:21,981,Grid Emergency,EV_Charger_1,359,0.3296,0.8976,0.2992,219.54,155.38,67.04,0.0,67,291,0.8133
2024-01-01 00:16:21,981,Grid Emergency,EV_Charger_2,350,0.4063,1.1093,0.3698,169.33,162.87,59.37,0.0,59,290,0.8304
2024-01-01 00:16:22,982,Grid Emergency,AMI_Meter,26,0.303,0.6455,0.2152,29.24,5.01,69.7,124.0,26,0,0.0
2024-01-01 00:16:22,982,Grid Emergency,PMU_Sensor,54,0.1874,0.5294,0.1765,49.6,8.31,81.26,96.0,54,0,0.0
2024-01-01 00:16:22,982,Grid Emergency,DER_Controller,198,0.5959,2.5121,0.628,61.36,54.39,40.41,0.0,40,157,0.7959
2024-01-01 00:16:22,982,Grid Emergency,EV_Charger_1,336,0.3056,0.7489,0.2496,219.66,155.34,69.44,0.0,69,266,0.7933
2024-01-01 00:16:22,982,Grid Emergency,EV_Charger_2,408,0.4307,1.4631,0.4877,169.58,162.96,56.93,0.0,56,351,0.8605
2024-01-01 00:16:23,983,Grid Emergency,AMI_Meter,30,0.2273,0.1521,0.0507,29.24,5.01,77.27,120.0,30,0,0.0
2024-01-01 00:16:23,983,Grid Emergency,PMU_Sensor,36,0.2944,1.6324,0.5441,49.58,8.32,70.56,114.0,36,0,0.0
2024-01-01 00:16:23,983,Grid Emergency,DER_Controller,188,0.592,2.3207,0.5802,61.49,54.51,40.8,0.0,40,147,0.783
2024-01-01 00:16:23,983,Grid Emergency,EV_Charger_1,391,0.3241,1.1018,0.3673,219.83,155.36,67.59,0.0,67,323,0.8271
2024-01-01 00:16:23,983,Grid Emergency,EV_Charger_2,398,0.4415,1.3996,0.4665,169.81,163.04,55.85,0.0,55,342,0.8597
2024-01-01 00:16:24,984,Grid Emergency,AMI_Meter,28,0.1838,0.2468,0.0823,29.24,5.01,81.62,122.0,28,0,0.0
2024-01-01 00:16:24,984,Grid Emergency,PMU_Sensor,56,0.2831,0.7703,0.2568,49.59,8.32,71.69,94.0,56,0,0.0
2024-01-01 00:16:24,984,Grid Emergency,DER_Controller,194,0.5954,2.4223,0.6056,61.63,54.65,40.46,0.0,40,153,0.7914
2024-01-01 00:16:24,984,Grid Emergency,EV_Charger_1,327,0.2958,0.6893,0.2298,219.94,155.32,70.42,0.0,70,256,0.7846
2024-01-01 00:16:24,984,Grid Emergency,EV_Charger_2,291,0.3833,0.7427,0.2476,169.93,163.0,61.67,0.0,61,229,0.7881
2024-01-01 00:16:25,985,Grid Emergency,AMI_Meter,35,0.2436,1.1491,0.383,29.24,5.01,75.64,115.0,35,0,0.0
2024-01-01 00:16:25,985,Grid Emergency,PMU_Sensor,59,0.3112,1.1296,0.3765,49.6,8.32,68.88,91.0,59,0,0.0
2024-01-01 00:16:25,985,Grid Emergency,DER_Controller,198,0.6019,2.4864,0.6216,61.77,54.79,39.81,0.0,39,158,0.799
2024-01-01 00:16:25,985,Grid Emergency,EV_Charger_1,439,0.3479,1.4083,0.4694,220.16,155.39,65.21,0.0,65,373,0.8515
2024-01-01 00:16:25,985,Grid Emergency,EV_Charger_2,402,0.4105,1.4215,0.4738,170.17,163.09,58.95,0.0,58,343,0.8533
2024-01-01 00:16:26,986,Grid Emergency,AMI_Meter,33,0.2454,0.7494,0.2498,29.25,5.01,75.46,117.0,33,0,0.0
2024-01-01 00:16:26,986,Grid Emergency,PMU_Sensor,42,0.3091,0.9125,0.3042,49.59,8.32,69.09,108.0,42,0,0.0
2024-01-01 00:16:26,986,Grid Emergency,DER_Controller,233,0.6457,3.1082,0.7771,61.94,55.04,35.43,0.0,35,197,0.8479
2024-01-01 00:16:26,986,Grid Emergency,EV_Charger_1,401,0.3598,1.1623,0.3874,220.35,155.42,64.02,0.0,64,336,0.8403
2024-01-01 00:16:26,986,Grid Emergency,EV_Charger_2,337,0.3895,1.0219,0.3406,170.34,163.09,61.05,0.0,61,275,0.8188
2024-01-01 00:16:27,987,Grid Emergency,AMI_Meter,26,0.2366,0.6476,0.2159,29.24,5.01,76.34,124.0,26,0,0.0
2024-01-01 00:16:27,987,Grid Emergency,PMU_Sensor,52,0.2453,0.2892,0.0964,49.6,8.32,75.47,98.0,52,0,0.0
2024-01-01 00:16:27,987,Grid Emergency,DER_Controller,148,0.5818,1.561,0.3903,62.03,55.08,41.82,0.0,41,106,0.7175
2024-01-01 00:16:27,987,Grid Emergency,EV_Charger_1,407,0.3718,1.1995,0.3998,220.54,155.46,62.82,0.0,62,344,0.8456
2024-01-01 00:16:27,987,Grid Emergency,EV_Charger_2,312,0.3594,0.8678,0.2893,170.48,163.07,64.06,0.0,64,247,0.7947
2024-01-01 00:16:28,988,Grid Emergency,AMI_Meter,31,0.2007,0.3507,0.1169,29.24,5.01,79.93,119.0,31,0,0.0
2024-01-01 00:16:28,988,Grid Emergency,PMU_Sensor,45,0.2269,0.5522,0.1841,49.59,8.31,77.31,105.0,45,0,0.0
2024-01-01 00:16:28,988,Grid Emergency,DER_Controller,183,0.5733,2.1901,0.5475,62.15,55.18,42.67,0.0,42,140,0.7668
2024-01-01 00:16:28,988,Grid Emergency,EV_Charger_1,349,0.3428,0.8257,0.2752,220.67,155.43,65.72,0.0,65,283,0.8117
2024-01-01 00:16:28,988,Grid Emergency,EV_Charger_2,347,0.3597,1.0813,0.3604,170.66,163.09,64.03,0.0,64,282,0.8155
2024-01-01 00:16:29,989,Grid Emergency,AMI_Meter,39,0.3349,1.9442,0.6481,29.25,5.01,66.51,111.0,39,0,0.0
2024-01-01 00:16:29,989,Grid Emergency,PMU_Sensor,61,0.2959,1.3704,0.4568,49.6,8.32,70.41,89.0,61,0,0.0
2024-01-01 00:16:29,989,Grid Emergency,DER_Controller,198,0.5833,2.4531,0.6133,62.29,55.32,41.67,0.0,41,156,0.7895
2024-01-01 00:16:29,989,Grid Emergency,EV_Charger_1,378,0.3411,1.0112,0.3371,220.83,155.43,65.89,0.0,65,312,0.8257
2024-01-01 00:16:29,989,Grid Emergency,EV_Charger_2,392,0.3873,1.3553,0.4518,170.88,163.16,61.27,0.0,61,330,0.8437
2024-01-01 00:16:30,990,Grid Emergency,AMI_Meter,35,0.3489,1.1449,0.3816,29.26,5.01,65.11,115.0,35,0,0.0
2024-01-01 00:16:30,990,Grid Emergency,PMU_Sensor,43,0.2864,0.7931,0.2644,49.6,8.32,71.36,107.0,43,0,0.0
2024-01-01 00:16:30,990,Grid Emergency,DER_Controller,188,0.579,2.2653,0.5663,62.41,55.44,42.1,0.0,42,145,0.7761
2024-01-01 00:16:30,990,Grid Emergency,EV_Charger_1,307,0.2942,0.554,0.1847,220.91,155.38,70.58,0.0,70,236,0.7701
2024-01-01 00:16:30,990,Grid Emergency,EV_Charger_2,405,0.4144,1.4327,0.4776,171.12,163.24,58.56,0.0,58,346,0.8554
2024-01-01 00:16:31,991,Grid Emergency,AMI_Meter,40,0.4579,2.1362,0.7121,29.27,5.02,54.21,110.0,40,0,0.0
2024-01-01 00:16:31,991,Grid Emergency,PMU_Sensor,50,0.2054,0.0486,0.0162,49.6,8.31,79.46,100.0,50,0,0.0
2024-01-01 00:16:31,991,Grid Emergency,DER_Controller,136,0.5171,1.3255,0.3314,62.49,55.46,48.29,0.0,48,87,0.6449
2024-01-01 00:16:31,991,Grid Emergency,EV_Charger_1,404,0.3236,1.1769,0.3923,221.1,155.41,67.64,0.0,67,336,0.8326
2024-01-01 00:16:31,991,Grid Emergency,EV_Charger_2,314,0.3775,0.8745,0.2915,171.26,163.22,62.25,0.0,62,251,0.8018
2024-01-01 00:16:32,992,Grid Emergency,AMI_Meter,26,0.3856,0.6508,0.2169,29.27,5.02,61.44,124.0,26,0,0.0
2024-01-01 00:16:32,992,Grid Emergency,PMU_Sensor,55,0.2087,0.6497,0.2166,49.6,8.31,79.13,95.0,55,0,0.0
2024-01-01 00:16:32,992,Grid Emergency,DER_Controller,196,0.5378,2.3992,0.5998,62.62,55.59,46.22,0.0,46,149,0.7642
2024-01-01 00:16:32,992,Grid Emergency,EV_Charger_1,360,0.3158,0.893,0.2977,221.24,155.39,68.42,0.0,68,291,0.81
2024-01-01 00:16:32,992,Grid Emergency,EV_Charger_2,325,0.3584,0.941,0.3137,171.42,163.21,64.16,0.0,64,260,0.8026
2024-01-01 00:16:33,993,Grid Emergency,AMI_Meter,30,0.2845,0.1457,0.0486,29.27,5.02,71.55,120.0,30,0,0.0
2024-01-01 00:16:33,993,Grid Emergency,PMU_Sensor,46,0.1894,0.4331,0.1444,49.6,8.31,81.06,104.0,46,0,0.0
2024-01-01 00:16:33,993,Grid Emergency,DER_Controller,162,0.5148,1.7838,0.446,62.72,55.65,48.52,0.0,48,113,0.7005
2024-01-01 00:16:33,993,Grid Emergency,EV_Charger_1,366,0.3141,0.9307,0.3102,221.38,155.38,68.59,0.0,68,297,0.8126
2024-01-01 00:16:33,993,Grid Emergency,EV_Charger_2,370,0.3724,1.2152,0.4051,171.62,163.25,62.76,0.0,62,307,0.8304
2024-01-01 00:16:34,994,Grid Emergency,AMI_Meter,29,0.2045,0.0535,0.0178,29.27,5.02,79.55,121.0,29,0,0.0
2024-01-01 00:16:34,994,Grid Emergency,PMU_Sensor,38,0.272,1.3942,0.4647,49.59,8.31,72.8,112.0,38,0,0.0
2024-01-01 00:16:34,994,Grid Emergency,DER_Controller,214,0.5553,2.7067,0.6767,62.87,55.83,44.47,0.0,44,169,0.7922
2024-01-01 00:16:34,994,Grid Emergency,EV_Charger_1,270,0.2512,0.3127,0.1042,221.43,155.31,74.88,0.0,74,195,0.7227
2024-01-01 00:16:34,994,Grid Emergency,EV_Charger_2,334,0.36,0.9937,0.3312,171.78,163.25,64.0,0.0,63,270,0.8084
2024-01-01 00:16:35,995,Grid Emergency,AMI_Meter,26,0.2083,0.6511,0.217,29.27,5.01,79.17,124.0,26,0,0.0
2024-01-01 00:16:35,995,Grid Emergency,PMU_Sensor,51,0.2074,0.1701,0.0567,49.59,8.31,79.26,99.0,51,0,0.0
2024-01-01 00:16:35,995,Grid Emergency,DER_Controller,204,0.5739,2.5183,0.6296,63.02,55.98,42.61,0.0,42,161,0.7911
2024-01-01 00:16:35,995,Grid Emergency,EV_Charger_1,425,0.3067,1.3089,0.4363,221.64,155.37,69.33,0.0,69,355,0.8369
2024-01-01 00:16:35,995,Grid Emergency,EV_Charger_2,322,0.344,0.9193,0.3064,171.93,163.24,65.6,0.0,65,256,0.7963
2024-01-01 00:16:36,996,Grid Emergency,AMI_Meter,32,0.2003,0.545,0.1817,29.27,5.01,79.97,118.0,32,0,0.0
2024-01-01 00:16:36,996,Grid Emergency,PMU_Sensor,51,0.1622,0.17,0.0567,49.59,8.3,83.78,99.0,51,0,0.0
2024-01-01 00:16:36,996,Grid Emergency,DER_Controller,147,0.524,1.4977,0.3744,63.1,56.02,47.6,0.0,47,99,0.6762
2024-01-01 00:16:36,996,Grid Emergency,EV_Charger_1,456,0.3653,1.506,0.502,221.87,155.47,63.47,0.0,63,392,0.8608
2024-01-01 00:16:36,996,Grid Emergency,EV_Charger_2,290,0.313,0.7227,0.2409,172.05,163.2,68.7,0.0,68,221,0.7631
2024-01-01 00:16:37,997,Grid Emergency,AMI_Meter,32,0.1947,0.5447,0.1816,29.27,5.01,80.53,118.0,32,0,0.0
2024-01-01 00:16:37,997,Grid Emergency,PMU_Sensor,53,0.1546,0.4107,0.1369,49.59,8.3,84.54,97.0,53,0,0.0
2024-01-01 00:16:37,997,Grid Emergency,DER_Controller,196,0.5408,2.3646,0.5911,63.23,56.15,45.92,0.0,45,150,0.7657
2024-01-01 00:16:37,997,Grid Emergency,EV_Charger_1,360,0.3445,0.8877,0.2959,222.01,155.45,65.55,0.0,65,294,0.8179
2024-01-01 00:16:37,997,Grid Emergency,EV_Charger_2,392,0.3537,1.3458,0.4486,172.27,163.27,64.63,0.0,64,327,0.8351
2024-01-01 00:16:38,998,Grid Emergency,AMI_Meter,22,0.2811,1.4487,0.4829,29.26,5.01,71.89,128.0,22,0,0.0
2024-01-01 00:16:38,998,Grid Emergency,PMU_Sensor,49,0.1154,0.0713,0.0238,49.59,8.29,88.46,101.0,49,0,0.0
2024-01-01 00:16:38,998,Grid Emergency,DER_Controller,175,0.5297,1.9856,0.4964,63.34,56.23,47.03,0.0,47,127,0.7313
2024-01-01 00:16:38,998,Grid Emergency,EV_Charger_1,352,0.3247,0.8355,0.2785,222.14,155.43,67.53,0.0,67,284,0.8081
2024-01-01 00:16:38,998,Grid Emergency,EV_Charger_2,374,0.371,1.234,0.4113,172.47,163.31,62.9,0.0,62,311,0.8318
2024-01-01 00:16:39,999,Grid Emergency,AMI_Meter,35,0.3111,1.1429,0.381,29.27,5.01,68.89,115.0,35,0,0.0
2024-01-01 00:16:39,999,Grid Emergency,PMU_Sensor,47,0.112,0.3123,0.1041,49.59,8.29,88.8,103.0,47,0,0.0
2024-01-01 00:16:39,999,Grid Emergency,DER_Controller,209,0.5585,2.5803,0.6451,63.49,56.39,44.15,0.0,44,164,0.7888
2024-01-01 00:16:39,999,Grid Emergency,EV_Charger_1,381,0.3294,1.021,0.3403,222.3,155.43,67.06,0.0,67,313,0.824
2024-01-01 00:16:39,999,Grid Emergency,EV_Charger_2,314,0.3463,0.8659,0.2886,172.61,163.29,65.37,0.0,65,248,0.7918
2024-01-01 00:16:40,1000,Grid Emergency,AMI_Meter,28,0.243,0.2529,0.0843,29.27,5.01,75.7,122.0,28,0,0.0
2024-01-01 00:16:40,1000,Grid Emergency,PMU_Sensor,47,0.1096,0.3121,0.104,49.59,8.29,89.04,103.0,47,0,0.0
2024-01-01 00:16:40,1000,Grid Emergency,DER_Controller,172,0.5389,1.9197,0.4799,63.6,56.47,46.11,0.0,46,125,0.7319
2024-01-01 00:16:40,1000,Grid Emergency,EV_Charger_1,397,0.3428,1.1227,0.3742,222.47,155.45,65.72,0.0,65,331,0.8345
2024-01-01 00:16:40,1000,Grid Emergency,EV_Charger_2,365,0.3601,1.1768,0.3923,172.81,163.32,63.99,0.0,63,301,0.8247
2024-01-01 00:16:41,1001,Grid Emergency,AMI_Meter,22,0.3149,1.4478,0.4826,29.26,5.01,68.51,128.0,22,0,0.0
2024-01-01 00:16:41,1001,Grid Emergency,PMU_Sensor,36,0.2404,1.6365,0.5455,49.57,8.29,75.96,114.0,36,0,0.0
2024-01-01 00:16:41,1001,Grid Emergency,DER_Controller,200,0.5546,2.4073,0.6018,63.73,56.6,44.54,0.0,44,155,0.7773
2024-01-01 00:16:41,1001,Grid Emergency,EV_Charger_1,347,0.32,0.8004,0.2668,222.6,155.42,68.0,0.0,67,279,0.804
2024-01-01 00:16:41,1001,Grid Emergency,EV_Charger_2,368,0.3714,1.1937,0.3979,173.0,163.36,62.86,0.0,62,305,0.8292
2024-01-01 00:16:42,1002,Grid Emergency,AMI_Meter,33,0.2949,0.7451,0.2484,29.26,5.01,70.51,117.0,33,0,0.0
2024-01-01 00:16:42,1002,Grid Emergency,PMU_Sensor,39,0.2956,1.2731,0.4244,49.56,8.3,70.44,111.0,39,0,0.0
2024-01-01 00:16:42,1002,Grid Emergency,DER_Controller,154,0.5155,1.5919,0.398,63.82,56.65,48.45,0.0,48,105,0.6854
2024-01-01 00:16:42,1002,Grid Emergency,EV_Charger_1,446,0.3675,1.4352,0.4784,222.82,155.51,63.25,0.0,63,382,0.8582
2024-01-01 00:16:42,1002,Grid Emergency,EV_Charger_2,370,0.3804,1.2045,0.4015,173.2,163.39,61.96,0.0,61,308,0.8326
2024-01-01 00:16:43,1003,Grid Emergency,AMI_Meter,27,0.2516,0.4513,0.1504,29.26,5.01,74.84,123.0,27,0,0.0
2024-01-01 00:16:43,1003,Grid Emergency,PMU_Sensor,42,0.298,0.9107,0.3036,49.55,8.3,70.2,108.0,42,0,0.0
2024-01-01 00:16:43,1003,Grid Emergency,DER_Controller,177,0.5112,1.9929,0.4982,63.94,56.73,48.88,0.0,48,128,0.7238
2024-01-01 00:16:43,1003,Grid Emergency,EV_Charger_1,332,0.3274,0.7016,0.2339,222.93,155.47,67.26,0.0,67,264,0.7974
2024-01-01 00:16:43,1003,Grid Emergency,EV_Charger_2,394,0.4013,1.3495,0.4498,173.42,163.46,59.87,0.0,59,334,0.848
2024-01-01 00:16:44,1004,Grid Emergency,AMI_Meter,26,0.2412,0.6504,0.2168,29.26,5.01,75.88,124.0,26,0,0.0
2024-01-01 00:16:44,1004,Grid Emergency,PMU_Sensor,58,0.3103,1.017,0.339,49.56,8.3,68.97,92.0,58,0,0.0
2024-01-01 00:16:44,1004,Grid Emergency,DER_Controller,179,0.5098,2.023,0.5058,64.05,56.82,49.02,0.0,49,129,0.7261
2024-01-01 00:16:44,1004,Grid Emergency,EV_Charger_1,338,0.3032,0.7396,0.2465,223.04,155.43,69.68,0.0,69,268,0.7938
2024-01-01 00:16:44,1004,Grid Emergency,EV_Charger_2,335,0.3796,0.9875,0.3292,173.58,163.46,62.04,0.0,62,272,0.8148
2024-01-01 00:16:45,1005,Grid Emergency,AMI_Meter,16,0.4324,2.6357,0.8786,29.25,5.03,56.76,134.0,16,0,0.0
2024-01-01 00:16:45,1005,Grid Emergency,PMU_Sensor,49,0.224,0.0679,0.0226,49.56,8.29,77.6,101.0,49,0,0.0
2024-01-01 00:16:45,1005,Grid Emergency,DER_Controller,185,0.515,2.1228,0.5307,64.17,56.92,48.5,0.0,48,136,0.7379
2024-01-01 00:16:45,1005,Grid Emergency,EV_Charger_1,412,0.3336,1.2142,0.4047,223.23,155.47,66.64,0.0,66,345,0.8383
2024-01-01 00:16:45,1005,Grid Emergency,EV_Charger_2,270,0.3247,0.5895,0.1965,173.67,163.41,67.53,0.0,67,202,0.7499
2024-01-01 00:16:46,1006,Grid Emergency,AMI_Meter,35,0.417,1.1438,0.3813,29.25,5.03,58.3,115.0,35,0,0.0
2024-01-01 00:16:46,1006,Grid Emergency,PMU_Sensor,56,0.2344,0.7758,0.2586,49.57,8.29,76.56,94.0,56,0,0.0
2024-01-01 00:16:46,1006,Grid Emergency,DER_Controller,221,0.5577,2.7436,0.6859,64.33,57.11,44.23,0.0,44,176,0.7999
2024-01-01 00:16:46,1006,Grid Emergency,EV_Charger_1,377,0.3324,0.9881,0.3294,223.38,155.47,66.76,0.0,66,310,0.8229
2024-01-01 00:16:46,1006,Grid Emergency,EV_Charger_2,400,0.3656,1.3831,0.461,173.9,163.48,63.44,0.0,63,336,0.8414
2024-01-01 00:16:47,1007,Grid Emergency,AMI_Meter,22,0.436,1.4405,0.4802,29.24,5.03,56.4,128.0,22,0,0.0
2024-01-01 00:16:47,1007,Grid Emergency,PMU_Sensor,55,0.2295,0.6547,0.2182,49.57,8.29,77.05,95.0,55,0,0.0
2024-01-01 00:16:47,1007,Grid Emergency,DER_Controller,170,0.5337,1.8464,0.4616,64.43,57.17,46.63,0.0,46,123,0.7257
2024-01-01 00:16:47,1007,Grid Emergency,EV_Charger_1,313,0.2903,0.5761,0.192,223.47,155.42,70.97,0.0,70,242,0.7732
2024-01-01 00:16:47,1007,Grid Emergency,EV_Charger_2,304,0.3354,0.7952,0.2651,174.03,163.45,66.46,0.0,66,237,0.7814
2024-01-01 00:16:48,1008,Grid Emergency,AMI_Meter,30,0.3202,0.1502,0.0501,29.24,5.03,67.98,120.0,30,0,0.0
2024-01-01 00:16:48,1008,Grid Emergency,PMU_Sensor,43,0.2399,0.7926,0.2642,49.57,8.29,76.01,107.0,43,0,0.0
2024-01-01 00:16:48,1008,Grid Emergency,DER_Controller,199,0.5469,2.346,0.5865,64.57,57.3,45.31,0.0,45,153,0.7723
2024-01-01 00:16:48,1008,Grid Emergency,EV_Charger_1,307,0.2569,0.5371,0.179,223.56,155.36,74.31,0.0,74,232,0.7579
2024-01-01 00:16:48,1008,Grid Emergency,EV_Charger_2,259,0.2868,0.5195,0.1732,174.11,163.39,71.32,0.0,71,187,0.7246
2024-01-01 00:16:49,1009,Grid Emergency,AMI_Meter,36,0.3584,1.3421,0.4474,29.25,5.03,64.16,114.0,36,0,0.0
2024-01-01 00:16:49,1009,Grid Emergency,PMU_Sensor,57,0.2576,0.8961,0.2987,49.58,8.29,74.24,93.0,57,0,0.0
2024-01-01 00:16:49,1009,Grid Emergency,DER_Controller,163,0.5173,1.7144,0.4286,64.66,57.36,48.27,0.0,48,114,0.7039
2024-01-01 00:16:49,1009,Grid Emergency,EV_Charger_1,379,0.2798,0.9996,0.3332,223.71,155.36,72.02,0.0,72,306,0.81
2024-01-01 00:16:49,1009,Grid Emergency,EV_Charger_2,400,0.3388,1.3805,0.4602,174.33,163.47,66.12,0.0,66,333,0.8347
2024-01-01 00:16:50,1010,Grid Emergency,AMI_Meter,32,0.3055,0.5463,0.1821,29.25,5.03,69.45,118.0,32,0,0.0
2024-01-01 00:16:50,1010,Grid Emergency,PMU_Sensor,51,0.1975,0.1719,0.0573,49.58,8.28,80.25,99.0,51,0,0.0
2024-01-01 00:16:50,1010,Grid Emergency,DER_Controller,217,0.5533,2.6454,0.6613,64.81,57.53,44.67,0.0,44,172,0.7942
2024-01-01 00:16:50,1010,Grid Emergency,EV_Charger_1,350,0.2771,0.8122,0.2707,223.83,155.33,72.29,0.0,72,277,0.7934
2024-01-01 00:16:50,1010,Grid Emergency,EV_Charger_2,356,0.3482,1.1101,0.37,174.51,163.48,65.18,0.0,65,290,0.8169
2024-01-01 00:16:51,1011,Grid Emergency,AMI_Meter,29,0.2189,0.0505,0.0168,29.25,5.02,78.11,121.0,29,0,0.0
2024-01-01 00:16:51,1011,Grid Emergency,PMU_Sensor,47,0.1693,0.311,0.1037,49.57,8.28,83.07,103.0,47,0,0.0
2024-01-01 00:16:51,1011,Grid Emergency,DER_Controller,180,0.5398,1.9973,0.4993,64.93,57.61,46.02,0.0,46,133,0.7444
2024-01-01 00:16:51,1011,Grid Emergency,EV_Charger_1,382,0.2957,1.0172,0.3391,223.99,155.34,70.43,0.0,70,311,0.8156
2024-01-01 00:16:51,1011,Grid Emergency,EV_Charger_2,356,0.3546,1.1089,0.3696,174.69,163.5,64.54,0.0,64,291,0.8187
2024-01-01 00:16:52,1012,Grid Emergency,AMI_Meter,24,0.2577,1.0447,0.3482,29.25,5.02,74.23,126.0,24,0,0.0
2024-01-01 00:16:52,1012,Grid Emergency,PMU_Sensor,56,0.1961,0.7757,0.2586,49.58,8.28,80.39,94.0,56,0,0.0
2024-01-01 00:16:52,1012,Grid Emergency,DER_Controller,165,0.5132,1.7335,0.4334,65.03,57.67,48.68,0.0,48,116,0.705
2024-01-01 00:16:52,1012,Grid Emergency,EV_Charger_1,371,0.3015,0.9455,0.3152,224.14,155.33,69.85,0.0,69,301,0.8117
2024-01-01 00:16:52,1012,Grid Emergency,EV_Charger_2,341,0.3498,1.0161,0.3387,174.86,163.51,65.02,0.0,65,275,0.8093
2024-01-01 00:16:53,1013,Grid Emergency,AMI_Meter,31,0.2152,0.3484,0.1161,29.25,5.02,78.48,119.0,31,0,0.0
2024-01-01 00:16:53,1013,Grid Emergency,PMU_Sensor,33,0.3371,1.9985,0.6662,49.56,8.29,66.29,117.0,33,0,0.0
2024-01-01 00:16:53,1013,Grid Emergency,DER_Controller,212,0.5436,2.539,0.6348,65.17,57.83,45.64,0.0,45,166,0.7847
2024-01-01 00:16:53,1013,Grid Emergency,EV_Charger_1,352,0.2933,0.8225,0.2742,224.26,155.3,70.67,0.0,70,281,0.7992
2024-01-01 00:16:53,1013,Grid Emergency,EV_Charger_2,409,0.3879,1.4299,0.4766,175.09,163.59,61.21,0.0,61,347,0.8503
2024-01-01 00:16:54,1014,Grid Emergency,AMI_Meter,27,0.1954,0.4478,0.1493,29.25,5.02,80.46,123.0,27,0,0.0
2024-01-01 00:16:54,1014,Grid Emergency,PMU_Sensor,49,0.2428,0.068,0.0227,49.56,8.28,75.72,101.0,49,0,0.0
2024-01-01 00:16:54,1014,Grid Emergency,DER_Controller,237,0.5925,2.9571,0.7393,65.34,58.05,40.75,0.0,40,196,0.8281
2024-01-01 00:16:54,1014,Grid Emergency,EV_Charger_1,368,0.2978,0.9247,0.3082,224.4,155.29,70.22,0.0,70,297,0.8092
2024-01-01 00:16:54,1014,Grid Emergency,EV_Charger_2,410,0.4149,1.4338,0.4779,175.32,163.68,58.51,0.0,58,351,0.8573
2024-01-01 00:16:55,1015,Grid Emergency,AMI_Meter,30,0.1518,0.1497,0.0499,29.25,5.02,84.82,120.0,30,0,0.0
2024-01-01 00:16:55,1015,Grid Emergency,PMU_Sensor,53,0.2114,0.4146,0.1382,49.57,8.28,78.86,97.0,53,0,0.0
2024-01-01 00:16:55,1015,Grid Emergency,DER_Controller,191,0.5793,2.1586,0.5397,65.46,58.16,42.07,0.0,42,148,0.7797
2024-01-01 00:16:55,1015,Grid Emergency,EV_Charger_1,413,0.3297,1.213,0.4043,224.59,155.33,67.03,0.0,67,345,0.8377
2024-01-01 00:16:55,1015,Grid Emergency,EV_Charger_2,324,0.3812,0.9076,0.3025,175.47,163.66,61.88,0.0,61,262,0.809
2024-01-01 00:16:56,1016,Grid Emergency,AMI_Meter,25,0.1908,0.8461,0.282,29.24,5.02,80.92,125.0,25,0,0.0
2024-01-01 00:16:56,1016,Grid Emergency,PMU_Sensor,44,0.2152,0.6718,0.2239,49.56,8.28,78.48,106.0,44,0,0.0
2024-01-01 00:16:56,1016,Grid Emergency,DER_Controller,192,0.5701,2.1697,0.5424,65.59,58.26,42.99,0.0,42,149,0.7761
2024-01-01 00:16:56,1016,Grid Emergency,EV_Charger_1,371,0.325,0.9417,0.3139,224.73,155.32,67.5,0.0,67,303,0.8181
2024-01-01 00:16:56,1016,Grid Emergency,EV_Charger_2,386,0.3953,1.2847,0.4282,175.67,163.71,60.47,0.0,60,325,0.8433
2024-01-01 00:16:57,1017,Grid Emergency,AMI_Meter,36,0.2681,1.3446,0.4482,29.25,5.02,73.19,114.0,36,0,0.0
2024-01-01 00:16:57,1017,Grid Emergency,PMU_Sensor,42,0.2419,0.9126,0.3042,49.55,8.28,75.81,108.0,42,0,0.0
2024-01-01 00:16:57,1017,Grid Emergency,DER_Controller,171,0.5404,1.8055,0.4514,65.69,58.33,45.96,0.0,45,125,0.7312
2024-01-01 00:16:57,1017,Grid Emergency,EV_Charger_1,322,0.2901,0.6258,0.2086,224.83,155.27,70.99,0.0,70,251,0.7795
2024-01-01 00:16:57,1017,Grid Emergency,EV_Charger_2,446,0.4415,1.6482,0.5494,175.94,163.85,55.85,0.0,55,390,0.8748
2024-01-01 00:16:58,1018,Grid Emergency,AMI_Meter,31,0.2225,0.3482,0.1161,29.25,5.02,77.75,119.0,31,0,0.0
2024-01-01 00:16:58,1018,Grid Emergency,PMU_Sensor,53,0.2109,0.416,0.1387,49.56,8.27,78.91,97.0,53,0,0.0
2024-01-01 00:16:58,1018,Grid Emergency,DER_Controller,156,0.5019,1.5457,0.3864,65.78,58.37,49.81,0.0,49,106,0.6807
2024-01-01 00:16:58,1018,Grid Emergency,EV_Charger_1,379,0.3022,0.9919,0.3306,224.98,155.27,69.78,0.0,69,309,0.8159
2024-01-01 00:16:58,1018,Grid Emergency,EV_Charger_2,377,0.4316,1.2256,0.4085,176.14,163.89,56.84,0.0,56,320,0.8492
2024-01-01 00:16:59,1019,Grid Emergency,AMI_Meter,28,0.1807,0.2497,0.0832,29.25,5.01,81.93,122.0,28,0,0.0
2024-01-01 00:16:59,1019,Grid Emergency,PMU_Sensor,58,0.2496,1.0193,0.3398,49.57,8.27,75.04,92.0,58,0,0.0
2024-01-01 00:16:59,1019,Grid Emergency,DER_Controller,247,0.5695,3.0887,0.7722,65.96,58.61,43.05,0.0,43,203,0.8257
2024-01-01 00:16:59,1019,Grid Emergency,EV_Charger_1,342,0.2869,0.7531,0.251,225.09,155.24,71.31,0.0,71,270,0.7915
2024-01-01 00:16:59,1019,Grid Emergency,EV_Charger_2,309,0.3831,0.81,0.27,176.27,163.87,61.69,0.0,61,247,0.8004
2024-01-01 00:17:00,1020,Grid Emergency,AMI_Meter,25,0.2112,0.8472,0.2824,29.25,5.01,78.88,125.0,25,0,0.0
2024-01-01 00:17:00,1020,Grid Emergency,PMU_Sensor,62,0.3247,1.5003,0.5001,49.58,8.28,67.53,88.0,62,0,0.0
2024-01-01 00:17:00,1020,Grid Emergency,DER_Controller,216,0.5865,2.5504,0.6376,66.11,58.77,41.35,0.0,41,174,0.8086
2024-01-01 00:17:00,1020,Grid Emergency,EV_Charger_1,374,0.2966,0.9583,0.3194,225.24,155.23,70.34,0.0,70,303,0.8119
2024-01-01 00:17:00,1020,Grid Emergency,EV_Charger_2,356,0.3778,1.0957,0.3652,176.44,163.88,62.22,0.0,62,293,0.8252
2024-01-01 00:17:01,1021,Grid Emergency,AMI_Meter,25,0.2325,0.8465,0.2822,29.24,5.01,76.75,125.0,25,0,0.0
2024-01-01 00:17:01,1021,Grid Emergency,PMU_Sensor,57,0.3169,0.8956,0.2985,49.59,8.28,68.31,93.0,57,0,0.0
2024-01-01 00:17:01,1021,Grid Emergency,DER_Controller,180,0.5607,1.9334,0.4833,66.22,58.85,43.93,0.0,43,136,0.756
2024-01-01 00:17:01,1021,Grid Emergency,EV_Charger_1,369,0.3002,0.9252,0.3084,225.38,155.22,69.98,0.0,69,299,0.8103
2024-01-01 00:17:01,1021,Grid Emergency,EV_Charger_2,382,0.3897,1.2527,0.4176,176.64,163.93,61.03,0.0,61,320,0.8402
2024-01-01 00:17:02,1022,Grid Emergency,AMI_Meter,29,0.1676,0.0486,0.0162,29.24,5.01,83.24,121.0,29,0,0.0
2024-01-01 00:17:02,1022,Grid Emergency,PMU_Sensor,48,0.2409,0.1914,0.0638,49.58,8.28,75.91,102.0,48,0,0.0
2024-01-01 00:17:02,1022,Grid Emergency,DER_Controller,190,0.5516,2.0977,0.5244,66.34,58.95,44.84,0.0,44,145,0.764
2024-01-01 00:17:02,1022,Grid Emergency,EV_Charger_1,411,0.3296,1.1944,0.3981,225.56,155.26,67.04,0.0,67,343,0.8369
2024-01-01 00:17:02,1022,Grid Emergency,EV_Charger_2,429,0.4265,1.5369,0.5123,176.89,164.04,57.35,0.0,57,371,0.8663
2024-01-01 00:17:03,1023,Grid Emergency,AMI_Meter,32,0.1723,0.5498,0.1833,29.25,5.01,82.77,118.0,32,0,0.0
2024-01-01 00:17:03,1023,Grid Emergency,PMU_Sensor,56,0.2461,0.7748,0.2583,49.59,8.27,75.39,94.0,56,0,0.0
2024-01-01 00:17:03,1023,Grid Emergency,DER_Controller,185,0.5392,2.0079,0.502,66.45,59.04,46.08,0.0,46,138,0.7509
2024-01-01 00:17:03,1023,Grid Emergency,EV_Charger_1,351,0.3114,0.8073,0.2691,225.68,155.23,68.86,0.0,68,282,0.8038
2024-01-01 00:17:03,1023,Grid Emergency,EV_Charger_2,384,0.4246,1.261,0.4203,177.09,164.08,57.54,0.0,57,326,0.8502
2024-01-01 00:17:04,1024,Grid Emergency,AMI_Meter,30,0.1357,0.1504,0.0501,29.25,5.01,86.43,120.0,30,0,0.0
2024-01-01 00:17:04,1024,Grid Emergency,PMU_Sensor,38,0.3122,1.3988,0.4663,49.58,8.28,68.78,112.0,38,0,0.0
2024-01-01 00:17:04,1024,Grid Emergency,DER_Controller,181,0.5254,1.9357,0.4839,66.57,59.12,47.46,0.0,47,133,0.7378
2024-01-01 00:17:04,1024,Grid Emergency,EV_Charger_1,376,0.3147,0.9674,0.3225,225.83,155.22,68.53,0.0,68,307,0.8177
2024-01-01 00:17:04,1024,Grid Emergency,EV_Charger_2,332,0.3916,0.9432,0.3144,177.24,164.08,60.84,0.0,60,271,0.8167
2024-01-01 00:17:05,1025,Grid Emergency,AMI_Meter,37,0.2496,1.546,0.5153,29.25,5.01,75.04,113.0,37,0,0.0
2024-01-01 00:17:05,1025,Grid Emergency,PMU_Sensor,53,0.2598,0.4131,0.1377,49.58,8.27,74.02,97.0,53,0,0.0
2024-01-01 00:17:05,1025,Grid Emergency,DER_Controller,224,0.5598,2.6526,0.6631,66.72,59.29,44.02,0.0,44,179,0.8035
2024-01-01 00:17:05,1025,Grid Emergency,EV_Charger_1,390,0.326,1.0565,0.3522,225.99,155.23,67.4,0.0,67,322,0.8272
2024-01-01 00:17:05,1025,Grid Emergency,EV_Charger_2,358,0.3841,1.1005,0.3668,177.42,164.09,61.59,0.0,61,296,0.828
2024-01-01 00:17:06,1026,Grid Emergency,AMI_Meter,25,0.2595,0.8485,0.2828,29.25,5.01,74.05,125.0,25,0,0.0
2024-01-01 00:17:06,1026,Grid Emergency,PMU_Sensor,50,0.1869,0.0505,0.0168,49.58,8.27,81.31,100.0,50,0,0.0
2024-01-01 00:17:06,1026,Grid Emergency,DER_Controller,190,0.5495,2.0738,0.5184,66.84,59.39,45.05,0.0,45,144,0.7629
2024-01-01 00:17:06,1026,Grid Emergency,EV_Charger_1,325,0.2919,0.6374,0.2125,226.09,155.19,70.81,0.0,70,254,0.7821
2024-01-01 00:17:06,1026,Grid Emergency,EV_Charger_2,330,0.3618,0.929,0.3097,177.57,164.08,63.82,0.0,63,266,0.8066
2024-01-01 00:17:07,1027,Grid Emergency,AMI_Meter,28,0.2066,0.2494,0.0831,29.25,5.01,79.34,122.0,28,0,0.0
2024-01-01 00:17:07,1027,Grid Emergency,PMU_Sensor,53,0.1722,0.413,0.1377,49.59,8.27,82.78,97.0,53,0,0.0
2024-01-01 00:17:07,1027,Grid Emergency,DER_Controller,201,0.5529,2.2523,0.5631,66.97,59.51,44.71,0.0,44,156,0.7776
2024-01-01 00:17:07,1027,Grid Emergency,EV_Charger_1,356,0.288,0.8364,0.2788,226.21,155.17,71.2,0.0,71,284,0.8
2024-01-01 00:17:07,1027,Grid Emergency,EV_Charger_2,376,0.374,1.2079,0.4026,177.76,164.12,62.6,0.0,62,313,0.8335
2024-01-01 00:17:08,1028,Grid Emergency,AMI_Meter,29,0.1496,0.0497,0.0166,29.25,5.0,85.04,121.0,29,0,0.0
2024-01-01 00:17:08,1028,Grid Emergency,PMU_Sensor,27,0.3926,2.721,0.907,49.56,8.29,60.74,123.0,27,0,0.0
2024-01-01 00:17:08,1028,Grid Emergency,DER_Controller,177,0.53,1.8451,0.4613,67.08,59.58,47.0,0.0,47,129,0.7345
2024-01-01 00:17:08,1028,Grid Emergency,EV_Charger_1,423,0.3283,1.2666,0.4222,226.41,155.21,67.17,0.0,67,355,0.8412
2024-01-01 00:17:08,1028,Grid Emergency,EV_Charger_2,279,0.3235,0.6164,0.2055,177.86,164.07,67.65,0.0,67,211,0.7575
2024-01-01 00:17:09,1029,Grid Emergency,AMI_Meter,30,0.1197,0.15,0.05,29.25,5.0,88.03,120.0,30,0,0.0
2024-01-01 00:17:09,1029,Grid Emergency,PMU_Sensor,62,0.4246,1.4973,0.4991,49.58,8.3,57.54,88.0,62,0,0.0
2024-01-01 00:17:09,1029,Grid Emergency,DER_Controller,170,0.5053,1.7242,0.4311,67.18,59.63,49.47,0.0,49,120,0.709
2024-01-01 00:17:09,1029,Grid Emergency,EV_Charger_1,380,0.3286,0.9886,0.3295,226.55,155.21,67.14,0.0,67,312,0.8233
2024-01-01 00:17:09,1029,Grid Emergency,EV_Charger_2,296,0.2984,0.7195,0.2398,177.97,164.03,70.16,0.0,70,225,0.763
2024-01-01 00:17:10,1030,Grid Emergency,AMI_Meter,38,0.2584,1.7458,0.5819,29.26,5.01,74.16,112.0,38,0,0.0
2024-01-01 00:17:10,1030,Grid Emergency,PMU_Sensor,49,0.3041,0.0694,0.0231,49.58,8.29,69.59,101.0,49,0,0.0
2024-01-01 00:17:10,1030,Grid Emergency,DER_Controller,191,0.5084,2.071,0.5178,67.3,59.73,49.16,0.0,49,141,0.7426
2024-01-01 00:17:10,1030,Grid Emergency,EV_Charger_1,434,0.3635,1.3347,0.4449,226.76,155.27,63.65,0.0,63,370,0.8533
2024-01-01 00:17:10,1030,Grid Emergency,EV_Charger_2,384,0.3343,1.2544,0.4181,178.17,164.08,66.57,0.0,66,317,0.8266
2024-01-01 00:17:11,1031,Grid Emergency,AMI_Meter,25,0.2658,0.8496,0.2832,29.25,5.01,73.42,125.0,25,0,0.0
2024-01-01 00:17:11,1031,Grid Emergency,PMU_Sensor,44,0.2801,0.6718,0.2239,49.57,8.29,71.99,106.0,44,0,0.0
2024-01-01 00:17:11,1031,Grid Emergency,DER_Controller,202,0.5218,2.2486,0.5621,67.43,59.85,47.82,0.0,47,154,0.7633
2024-01-01 00:17:11,1031,Grid Emergency,EV_Charger_1,355,0.337,0.8253,0.2751,226.88,155.25,66.3,0.0,66,288,0.8132
2024-01-01 00:17:11,1031,Grid Emergency,EV_Charger_2,259,0.2833,0.4923,0.1641,178.25,164.02,71.67,0.0,71,187,0.7233
2024-01-01 00:17:12,1032,Grid Emergency,AMI_Meter,29,0.1912,0.0507,0.0169,29.25,5.0,80.88,121.0,29,0,0.0
2024-01-01 00:17:12,1032,Grid Emergency,PMU_Sensor,38,0.3354,1.3934,0.4645,49.56,8.3,66.46,112.0,38,0,0.0
2024-01-01 00:17:12,1032,Grid Emergency,DER_Controller,230,0.5605,2.7054,0.6764,67.58,60.03,43.95,0.0,43,186,0.8089
2024-01-01 00:17:12,1032,Grid Emergency,EV_Charger_1,387,0.3389,1.0304,0.3435,227.03,155.25,66.11,0.0,66,320,0.8292
2024-01-01 00:17:12,1032,Grid Emergency,EV_Charger_2,314,0.281,0.827,0.2757,178.38,163.99,71.9,0.0,71,242,0.771
2024-01-01 00:17:13,1033,Grid Emergency,AMI_Meter,26,0.1988,0.6497,0.2166,29.25,5.0,80.12,124.0,26,0,0.0
2024-01-01 00:17:13,1033,Grid Emergency,PMU_Sensor,34,0.4219,1.8715,0.6238,49.54,8.31,57.81,116.0,34,0,0.0
2024-01-01 00:17:13,1033,Grid Emergency,DER_Controller,162,0.5185,1.5701,0.3925,67.68,60.08,48.15,0.0,48,113,0.7028
2024-01-01 00:17:13,1033,Grid Emergency,EV_Charger_1,420,0.3614,1.2414,0.4138,227.22,155.29,63.86,0.0,63,356,0.848
2024-01-01 00:17:13,1033,Grid Emergency,EV_Charger_2,455,0.365,1.6836,0.5612,178.65,164.14,63.5,0.0,63,391,0.8604
2024-01-01 00:17:14,1034,Grid Emergency,AMI_Meter,33,0.214,0.7489,0.2496,29.25,5.0,78.6,117.0,33,0,0.0
2024-01-01 00:17:14,1034,Grid Emergency,PMU_Sensor,49,0.3019,0.0654,0.0218,49.54,8.3,69.81,101.0,49,0,0.0
2024-01-01 00:17:14,1034,Grid Emergency,DER_Controller,179,0.5044,1.8491,0.4623,67.78,60.15,49.56,0.0,49,129,0.7231
2024-01-01 00:17:14,1034,Grid Emergency,EV_Charger_1,341,0.3262,0.7321,0.244,227.33,155.26,67.38,0.0,67,273,0.8024
2024-01-01 00:17:14,1034,Grid Emergency,EV_Charger_2,447,0.4187,1.632,0.544,178.91,164.27,58.13,0.0,58,388,0.87
2024-01-01 00:17:15,1035,Grid Emergency,AMI_Meter,29,0.1549,0.0508,0.0169,29.25,5.0,84.51,121.0,29,0,0.0
2024-01-01 00:17:15,1035,Grid Emergency,PMU_Sensor,66,0.4091,1.9778,0.6593,49.56,8.31,59.09,84.0,66,0,0.0
2024-01-01 00:17:15,1035,Grid Emergency,DER_Controller,224,0.54,2.5876,0.6469,67.93,60.31,46.0,0.0,45,178,0.7947
2024-01-01 00:17:15,1035,Grid Emergency,EV_Charger_1,310,0.2815,0.5321,0.1774,227.41,155.2,71.85,0.0,71,238,0.7682
2024-01-01 00:17:15,1035,Grid Emergency,EV_Charger_2,325,0.382,0.8886,0.2962,179.05,164.25,61.8,0.0,61,263,0.8098
2024-01-01 00:17:16,1036,Grid Emergency,AMI_Meter,26,0.1735,0.6504,0.2168,29.25,5.0,82.65,124.0,26,0,0.0
2024-01-01 00:17:16,1036,Grid Emergency,PMU_Sensor,49,0.2931,0.0672,0.0224,49.56,8.31,70.69,101.0,49,0,0.0
2024-01-01 00:17:16,1036,Grid Emergency,DER_Controller,188,0.5292,1.986,0.4965,68.05,60.4,47.08,0.0,47,140,0.7496
2024-01-01 00:17:16,1036,Grid Emergency,EV_Charger_1,499,0.3717,1.7465,0.5822,227.67,155.36,62.83,0.0,62,436,0.8741
2024-01-01 00:17:16,1036,Grid Emergency,EV_Charger_2,306,0.3446,0.7723,0.2574,179.17,164.22,65.54,0.0,65,240,0.7858
2024-01-01 00:17:17,1037,Grid Emergency,AMI_Meter,31,0.1564,0.3498,0.1166,29.25,5.0,84.36,119.0,31,0,0.0
2024-01-01 00:17:17,1037,Grid Emergency,PMU_Sensor,54,0.2586,0.5342,0.1781,49.56,8.31,74.14,96.0,54,0,0.0
2024-01-01 00:17:17,1037,Grid Emergency,DER_Controller,189,0.5217,1.9977,0.4994,68.17,60.49,47.83,0.0,47,141,0.7469
2024-01-01 00:17:17,1037,Grid Emergency,EV_Charger_1,384,0.3607,1.0053,0.3351,227.82,155.36,63.93,0.0,63,320,0.8335
2024-01-01 00:17:17,1037,Grid Emergency,EV_Charger_2,307,0.319,0.7778,0.2593,179.3,164.19,68.1,0.0,68,238,0.7782
2024-01-01 00:17:18,1038,Grid Emergency,AMI_Meter,30,0.1244,0.1496,0.0499,29.25,4.99,87.56,120.0,30,0,0.0
2024-01-01 00:17:18,1038,Grid Emergency,PMU_Sensor,54,0.2344,0.5339,0.178,49.57,8.3,76.56,96.0,54,0,0.0
2024-01-01 00:17:18,1038,Grid Emergency,DER_Controller,198,0.5251,2.1407,0.5352,68.29,60.59,47.49,0.0,47,150,0.7601
2024-01-01 00:17:18,1038,Grid Emergency,EV_Charger_1,402,0.3645,1.1199,0.3733,227.99,155.38,63.55,0.0,63,338,0.8419
2024-01-01 00:17:18,1038,Grid Emergency,EV_Charger_2,418,0.3685,1.4516,0.4839,179.53,164.28,63.15,0.0,63,354,0.8489
2024-01-01 00:17:19,1039,Grid Emergency,AMI_Meter,34,0.1821,0.9497,0.3166,29.26,4.99,81.79,116.0,34,0,0.0
2024-01-01 00:17:19,1039,Grid Emergency,PMU_Sensor,50,0.1693,0.0521,0.0174,49.57,8.3,83.07,100.0,50,0,0.0
2024-01-01 00:17:19,1039,Grid Emergency,DER_Controller,160,0.4883,1.5112,0.3778,68.38,60.63,51.17,0.0,51,108,0.6802
2024-01-01 00:17:19,1039,Grid Emergency,EV_Charger_1,355,0.3368,0.8168,0.2723,228.11,155.35,66.32,0.0,66,288,0.8132
2024-01-01 00:17:19,1039,Grid Emergency,EV_Charger_2,345,0.3586,1.0063,0.3354,179.69,164.28,64.14,0.0,64,280,0.8141
2024-01-01 00:17:20,1040,Grid Emergency,AMI_Meter,31,0.1623,0.3487,0.1162,29.26,4.99,83.77,119.0,31,0,0.0
2024-01-01 00:17:20,1040,Grid Emergency,PMU_Sensor,46,0.1615,0.4296,0.1432,49.56,8.3,83.85,104.0,46,0,0.0
2024-01-01 00:17:20,1040,Grid Emergency,DER_Controller,166,0.4667,1.6074,0.4018,68.47,60.68,53.33,0.0,53,112,0.6787
2024-01-01 00:17:20,1040,Grid Emergency,EV_Charger_1,332,0.3026,0.6683,0.2228,228.21,155.31,69.74,0.0,69,262,0.7899
2024-01-01 00:17:20,1040,Grid Emergency,EV_Charger_2,280,0.312,0.6102,0.2034,179.78,164.23,68.8,0.0,68,211,0.7543
2024-01-01 00:17:21,1041,Grid Emergency,AMI_Meter,28,0.1389,0.2522,0.0841,29.26,4.99,86.11,122.0,28,0,0.0
2024-01-01 00:17:21,1041,Grid Emergency,PMU_Sensor,38,0.2522,1.3919,0.464,49.55,8.3,74.78,112.0,38,0,0.0
2024-01-01 00:17:21,1041,Grid Emergency,DER_Controller,164,0.4482,1.5718,0.3929,68.57,60.72,55.18,0.0,55,108,0.6636
2024-01-01 00:17:21,1041,Grid Emergency,EV_Charger_1,364,0.2992,0.8736,0.2912,228.34,155.29,70.08,0.0,70,293,0.8075
2024-01-01 00:17:21,1041,Grid Emergency,EV_Charger_2,294,0.2879,0.695,0.2317,179.89,164.19,71.21,0.0,71,222,0.7578
2024-01-01 00:17:22,1042,Grid Emergency,AMI_Meter,31,0.1321,0.349,0.1163,29.26,4.99,86.79,119.0,31,0,0.0
2024-01-01 00:17:22,1042,Grid Emergency,PMU_Sensor,55,0.2421,0.6559,0.2186,49.56,8.3,75.79,95.0,55,0,0.0
2024-01-01 00:17:22,1042,Grid Emergency,DER_Controller,176,0.4465,1.7659,0.4415,68.67,60.78,55.35,0.0,55,120,0.6855
2024-01-01 00:17:22,1042,Grid Emergency,EV_Charger_1,362,0.2954,0.86,0.2867,228.47,155.27,70.46,0.0,70,291,0.8054
2024-01-01 00:17:22,1042,Grid Emergency,EV_Charger_2,379,0.3227,1.2112,0.4037,180.08,164.23,67.73,0.0,67,311,0.8213
2024-01-01 00:17:23,1043,Grid Emergency,AMI_Meter,26,0.1578,0.6532,0.2177,29.26,4.99,84.22,124.0,26,0,0.0
2024-01-01 00:17:23,1043,Grid Emergency,PMU_Sensor,43,0.2485,0.7897,0.2632,49.55,8.3,75.15,107.0,43,0,0.0
2024-01-01 00:17:23,1043,Grid Emergency,DER_Controller,219,0.489,2.465,0.6162,68.81,60.93,51.1,0.0,51,167,0.7667
2024-01-01 00:17:23,1043,Grid Emergency,EV_Charger_1,415,0.3268,1.1999,0.4,228.65,155.31,67.32,0.0,67,347,0.8378
2024-01-01 00:17:23,1043,Grid Emergency,EV_Charger_2,382,0.3487,1.228,0.4093,180.28,164.27,65.13,0.0,65,316,0.8295
2024-01-01 00:17:24,1044,Grid Emergency,AMI_Meter,34,0.2055,0.9506,0.3169,29.26,4.99,79.45,116.0,34,0,0.0
2024-01-01 00:17:24,1044,Grid Emergency,PMU_Sensor,34,0.361,1.8706,0.6235,49.54,8.31,63.9,116.0,34,0,0.0
2024-01-01 00:17:24,1044,Grid Emergency,DER_Controller,223,0.5243,2.5217,0.6304,68.96,61.09,47.57,0.0,47,175,0.7867
2024-01-01 00:17:24,1044,Grid Emergency,EV_Charger_1,395,0.3357,1.07,0.3567,228.81,155.32,66.43,0.0,66,328,0.8318
2024-01-01 00:17:24,1044,Grid Emergency,EV_Charger_2,400,0.3776,1.3358,0.4453,180.49,164.33,62.24,0.0,62,337,0.8444
2024-01-01 00:17:25,1045,Grid Emergency,AMI_Meter,31,0.1787,0.3486,0.1162,29.26,4.98,82.13,119.0,31,0,0.0
2024-01-01 00:17:25,1045,Grid Emergency,PMU_Sensor,50,0.2583,0.0557,0.0186,49.54,8.3,74.17,100.0,50,0,0.0
2024-01-01 00:17:25,1045,Grid Emergency,DER_Controller,183,0.5097,1.8629,0.4657,69.07,61.16,49.03,0.0,49,133,0.7321
2024-01-01 00:17:25,1045,Grid Emergency,EV_Charger_1,394,0.3413,1.0625,0.3542,228.97,155.33,65.87,0.0,65,328,0.8328
2024-01-01 00:17:25,1045,Grid Emergency,EV_Charger_2,340,0.3613,0.9698,0.3233,180.64,164.32,63.87,0.0,63,276,0.8122
2024-01-01 00:17:26,1046,Grid Emergency,AMI_Meter,34,0.2201,0.9498,0.3166,29.27,4.98,77.99,116.0,34,0,0.0
2024-01-01 00:17:26,1046,Grid Emergency,PMU_Sensor,37,0.3316,1.5078,0.5026,49.53,8.31,66.84,113.0,37,0,0.0
2024-01-01 00:17:26,1046,Grid Emergency,DER_Controller,176,0.4913,1.745,0.4363,69.17,61.22,50.87,0.0,50,125,0.711
2024-01-01 00:17:26,1046,Grid Emergency,EV_Charger_1,461,0.388,1.4915,0.4972,229.19,155.42,61.2,0.0,61,399,0.8673
2024-01-01 00:17:26,1046,Grid Emergency,EV_Charger_2,326,0.3413,0.8838,0.2946,180.78,164.31,65.87,0.0,65,260,0.7979
2024-01-01 00:17:27,1047,Grid Emergency,AMI_Meter,28,0.1795,0.2542,0.0847,29.27,4.98,82.05,122.0,28,0,0.0
2024-01-01 00:17:27,1047,Grid Emergency,PMU_Sensor,42,0.3226,0.9051,0.3017,49.52,8.31,67.74,108.0,42,0,0.0
2024-01-01 00:17:27,1047,Grid Emergency,DER_Controller,198,0.4997,2.099,0.5247,69.29,61.32,50.03,0.0,50,147,0.7473
2024-01-01 00:17:27,1047,Grid Emergency,EV_Charger_1,350,0.3493,0.7767,0.2589,229.3,155.39,65.07,0.0,65,284,0.8141
2024-01-01 00:17:27,1047,Grid Emergency,EV_Charger_2,346,0.3394,1.0046,0.3349,180.94,164.31,66.06,0.0,66,279,0.8091
2024-01-01 00:17:28,1048,Grid Emergency,AMI_Meter,34,0.2206,0.9496,0.3165,29.27,4.98,77.94,116.0,34,0,0.0
2024-01-01 00:17:28,1048,Grid Emergency,PMU_Sensor,44,0.2922,0.6639,0.2213,49.51,8.3,70.78,106.0,44,0,0.0
2024-01-01 00:17:28,1048,Grid Emergency,DER_Controller,209,0.5167,2.2717,0.5679,69.43,61.44,48.33,0.0,48,160,0.7688
2024-01-01 00:17:28,1048,Grid Emergency,EV_Charger_1,412,0.362,1.1744,0.3915,229.48,155.42,63.8,0.0,63,348,0.8451
2024-01-01 00:17:28,1048,Grid Emergency,EV_Charger_2,402,0.3719,1.3436,0.4479,181.15,164.37,62.81,0.0,62,339,0.8438
2024-01-01 00:17:29,1049,Grid Emergency,AMI_Meter,30,0.169,0.1464,0.0488,29.27,4.98,83.1,120.0,30,0,0.0
2024-01-01 00:17:29,1049,Grid Emergency,PMU_Sensor,75,0.5045,3.0541,1.0,49.54,8.34,49.55,75.0,75,0,0.0
2024-01-01 00:17:29,1049,Grid Emergency,DER_Controller,216,0.5362,2.378,0.5945,69.57,61.58,46.38,0.0,46,169,0.7853
2024-01-01 00:17:29,1049,Grid Emergency,EV_Charger_1,392,0.3578,1.0447,0.3482,229.63,155.42,64.22,0.0,64,327,0.8362
2024-01-01 00:17:29,1049,Grid Emergency,EV_Charger_2,315,0.3417,0.8137,0.2712,181.27,164.34,65.83,0.0,65,249,0.791
2024-01-01 00:17:30,1050,Grid Emergency,AMI_Meter,29,0.1238,0.0545,0.0182,29.27,4.98,87.62,121.0,29,0,0.0
2024-01-01 00:17:30,1050,Grid Emergency,PMU_Sensor,61,0.4905,1.373,0.4577,49.55,8.34,50.95,64.95,61,0,0.0
2024-01-01 00:17:30,1050,Grid Emergency,DER_Controller,232,0.5664,2.6279,0.657,69.72,61.75,43.36,0.0,43,188,0.8131
2024-01-01 00:17:30,1050,Grid Emergency,EV_Charger_1,439,0.385,1.3453,0.4484,229.83,155.48,61.5,0.0,61,377,0.8599
2024-01-01 00:17:30,1050,Grid Emergency,EV_Charger_2,390,0.3661,1.2685,0.4228,181.47,164.39,63.39,0.0,63,326,0.8374
2024-01-01 00:17:31,1051,Grid Emergency,AMI_Meter,23,0.2125,1.2588,0.4196,29.27,4.98,78.75,127.0,23,0,0.0
2024-01-01 00:17:31,1051,Grid Emergency,PMU_Sensor,53,0.3847,0.4136,0.1379,49.55,8.34,61.53,73.48,53,0,0.0
2024-01-01 00:17:31,1051,Grid Emergency,DER_Controller,158,0.514,1.4275,0.3569,69.81,61.78,48.6,0.0,48,109,0.6924
2024-01-01 00:17:31,1051,Grid Emergency,EV_Charger_1,320,0.3275,0.5795,0.1932,229.92,155.43,67.25,0.0,67,252,0.7898
2024-01-01 00:17:31,1051,Grid Emergency,EV_Charger_2,365,0.3678,1.1152,0.3717,181.65,164.41,63.22,0.0,63,301,0.8268
2024-01-01 00:17:32,1052,Grid Emergency,AMI_Meter,32,0.2037,0.5491,0.183,29.27,4.98,79.63,118.0,32,0,0.0
2024-01-01 00:17:32,1052,Grid Emergency,PMU_Sensor,57,0.3586,0.8926,0.2975,49.56,8.34,64.14,80.63,57,0,0.0
2024-01-01 00:17:32,1052,Grid Emergency,DER_Controller,202,0.5189,2.134,0.5335,69.93,61.89,48.11,0.0,48,153,0.7618
2024-01-01 00:17:32,1052,Grid Emergency,EV_Charger_1,401,0.3392,1.0995,0.3665,230.08,155.45,66.08,0.0,66,334,0.8352
2024-01-01 00:17:32,1052,Grid Emergency,EV_Charger_2,310,0.3354,0.7801,0.26,181.77,164.38,66.46,0.0,66,243,0.7856
2024-01-01 00:17:33,1053,Grid Emergency,AMI_Meter,29,0.148,0.0538,0.0179,29.27,4.97,85.2,121.0,29,0,0.0
2024-01-01 00:17:33,1053,Grid Emergency,PMU_Sensor,37,0.4014,1.5041,0.5014,49.55,8.34,59.86,103.49,37,0,0.0
2024-01-01 00:17:33,1053,Grid Emergency,DER_Controller,139,0.4588,1.1149,0.2787,70.0,61.89,54.12,0.0,54,84,0.6107
2024-01-01 00:17:33,1053,Grid Emergency,EV_Charger_1,409,0.3524,1.1497,0.3832,230.25,155.47,64.76,0.0,64,344,0.8417
2024-01-01 00:17:33,1053,Grid Emergency,EV_Charger_2,321,0.3194,0.8463,0.2821,181.9,164.36,68.06,0.0,68,252,0.788
2024-01-01 00:17:34,1054,Grid Emergency,AMI_Meter,34,0.1986,0.9507,0.3169,29.27,4.97,80.14,116.0,34,0,0.0
2024-01-01 00:17:34,1054,Grid Emergency,PMU_Sensor,58,0.3822,1.0124,0.3375,49.55,8.34,61.78,92.0,58,0,0.0
2024-01-01 00:17:34,1054,Grid Emergency,DER_Controller,174,0.449,1.6773,0.4193,70.09,61.95,55.1,0.0,55,118,0.6833
2024-01-01 00:17:34,1054,Grid Emergency,EV_Charger_1,403,0.3577,1.1099,0.37,230.41,155.49,64.23,0.0,64,338,0.8406
2024-01-01 00:17:34,1054,Grid Emergency,EV_Charger_2,325,0.3106,0.8699,0.29,182.04,164.34,68.94,0.0,68,256,0.7879
2024-01-01 00:17:35,1055,Grid Emergency,AMI_Meter,20,0.3251,1.8606,0.6202,29.26,4.98,67.49,130.0,20,0,0.0
2024-01-01 00:17:35,1055,Grid Emergency,PMU_Sensor,50,0.2729,0.0534,0.0178,49.55,8.34,72.71,100.0,50,0,0.0
2024-01-01 00:17:35,1055,Grid Emergency,DER_Controller,178,0.4454,1.7385,0.4346,70.2,62.01,55.46,0.0,55,122,0.6884
2024-01-01 00:17:35,1055,Grid Emergency,EV_Charger_1,362,0.3349,0.8456,0.2819,230.54,155.47,66.51,0.0,66,295,0.8163
2024-01-01 00:17:35,1055,Grid Emergency,EV_Charger_2,443,0.376,1.5853,0.5284,182.28,164.46,62.4,0.0,62,380,0.8591
2024-01-01 00:17:36,1056,Grid Emergency,AMI_Meter,22,0.3732,1.4567,0.4856,29.26,4.98,62.68,128.0,22,0,0.0
2024-01-01 00:17:36,1056,Grid Emergency,PMU_Sensor,53,0.2323,0.413,0.1377,49.56,8.33,76.77,97.0,53,0,0.0
2024-01-01 00:17:36,1056,Grid Emergency,DER_Controller,165,0.4294,1.5265,0.3816,70.29,62.05,57.06,0.0,57,107,0.6542
2024-01-01 00:17:36,1056,Grid Emergency,EV_Charger_1,416,0.3536,1.1915,0.3972,230.71,155.5,64.64,0.0,64,351,0.8446
2024-01-01 00:17:36,1056,Grid Emergency,EV_Charger_2,368,0.376,1.128,0.376,182.46,164.48,62.4,0.0,62,305,0.8304
2024-01-01 00:17:37,1057,Grid Emergency,AMI_Meter,31,0.2963,0.3498,0.1166,29.26,4.98,70.37,119.0,31,0,0.0
2024-01-01 00:17:37,1057,Grid Emergency,PMU_Sensor,42,0.2532,0.9061,0.302,49.55,8.33,74.68,108.0,42,0,0.0
2024-01-01 00:17:37,1057,Grid Emergency,DER_Controller,170,0.4223,1.6043,0.4011,70.38,62.09,57.77,0.0,57,112,0.6602
2024-01-01 00:17:37,1057,Grid Emergency,EV_Charger_1,417,0.3672,1.1966,0.3989,230.89,155.53,63.28,0.0,63,353,0.8482
2024-01-01 00:17:37,1057,Grid Emergency,EV_Charger_2,434,0.4159,1.5269,0.509,182.7,164.58,58.41,0.0,58,375,0.8654
2024-01-01 00:17:38,1058,Grid Emergency,AMI_Meter,32,0.2624,0.5503,0.1834,29.26,4.98,73.76,118.0,32,0,0.0
2024-01-01 00:17:38,1058,Grid Emergency,PMU_Sensor,42,0.2678,0.9053,0.3018,49.54,8.33,73.22,108.0,42,0,0.0
2024-01-01 00:17:38,1058,Grid Emergency,DER_Controller,198,0.4449,2.0502,0.5126,70.5,62.19,55.51,0.0,55,142,0.7196
2024-01-01 00:17:38,1058,Grid Emergency,EV_Charger_1,477,0.415,1.5797,0.5266,231.12,155.64,58.5,0.0,58,418,0.8774
2024-01-01 00:17:38,1058,Grid Emergency,EV_Charger_2,359,0.3981,1.0701,0.3567,182.86,164.59,60.19,0.0,60,298,0.8323
2024-01-01 00:17:39,1059,Grid Emergency,AMI_Meter,37,0.3389,1.5523,0.5174,29.27,4.98,66.11,113.0,37,0,0.0
2024-01-01 00:17:39,1059,Grid Emergency,PMU_Sensor,44,0.2539,0.6648,0.2216,49.54,8.33,74.61,106.0,44,0,0.0
2024-01-01 00:17:39,1059,Grid Emergency,DER_Controller,188,0.4515,1.8853,0.4713,70.61,62.26,54.85,0.0,54,133,0.7082
2024-01-01 00:17:39,1059,Grid Emergency,EV_Charger_1,404,0.4015,1.1096,0.3699,231.29,155.66,59.85,0.0,59,344,0.8518
2024-01-01 00:17:39,1059,Grid Emergency,EV_Charger_2,372,0.3935,1.1478,0.3826,183.04,164.62,60.65,0.0,60,311,0.837
2024-01-01 00:17:40,1060,Grid Emergency,AMI_Meter,26,0.3028,0.6556,0.2185,29.26,4.98,69.72,124.0,26,0,0.0
2024-01-01 00:17:40,1060,Grid Emergency,PMU_Sensor,43,0.2562,0.7843,0.2614,49.53,8.33,74.38,107.0,43,0,0.0
2024-01-01 00:17:40,1060,Grid Emergency,DER_Controller,214,0.4821,2.2961,0.574,70.75,62.39,51.79,0.0,51,162,0.758
2024-01-01 00:17:40,1060,Grid Emergency,EV_Charger_1,427,0.4066,1.2558,0.4186,231.47,155.7,59.34,0.0,59,367,0.861
2024-01-01 00:17:40,1060,Grid Emergency,EV_Charger_2,423,0.421,1.4555,0.4852,183.27,164.71,57.9,0.0,57,365,0.8631
2024-01-01 00:17:41,1061,Grid Emergency,AMI_Meter,39,0.407,1.9506,0.6502,29.27,4.99,59.3,111.0,39,0,0.0
2024-01-01 00:17:41,1061,Grid Emergency,PMU_Sensor,51,0.1969,0.1761,0.0587,49.53,8.33,80.31,99.0,51,0,0.0
2024-01-01 00:17:41,1061,Grid Emergency,DER_Controller,182,0.4728,1.7797,0.4449,70.85,62.45,52.72,0.0,52,129,0.7103
2024-01-01 00:17:41,1061,Grid Emergency,EV_Charger_1,434,0.4145,1.2991,0.433,231.66,155.75,58.55,0.0,58,375,0.8651
2024-01-01 00:17:41,1061,Grid Emergency,EV_Charger_2,387,0.4182,1.2355,0.4118,183.46,164.75,58.18,0.0,58,328,0.8497
2024-01-01 00:17:42,1062,Grid Emergency,AMI_Meter,25,0.3706,0.8565,0.2855,29.27,4.99,62.94,125.0,25,0,0.0
2024-01-01 00:17:42,1062,Grid Emergency,PMU_Sensor,41,0.2403,1.024,0.3413,49.53,8.33,75.97,109.0,41,0,0.0
2024-01-01 00:17:42,1062,Grid Emergency,DER_Controller,202,0.4855,2.0946,0.5237,70.98,62.55,51.45,0.0,51,150,0.7453
2024-01-01 00:17:42,1062,Grid Emergency,EV_Charger_1,372,0.3802,0.9003,0.3001,231.79,155.74,61.98,0.0,61,310,0.8334
2024-01-01 00:17:42,1062,Grid Emergency,EV_Charger_2,353,0.3956,1.0281,0.3427,183.62,164.75,60.44,0.0,60,292,0.8288
2024-01-01 00:17:43,1063,Grid Emergency,AMI_Meter,35,0.3742,1.1481,0.3827,29.28,4.99,62.58,115.0,35,0,0.0
2024-01-01 00:17:43,1063,Grid Emergency,PMU_Sensor,56,0.2459,0.777,0.259,49.53,8.32,75.41,94.0,56,0,0.0
2024-01-01 00:17:43,1063,Grid Emergency,DER_Controller,223,0.5156,2.4225,0.6056,71.12,62.7,48.44,0.0,48,174,0.7828
2024-01-01 00:17:43,1063,Grid Emergency,EV_Charger_1,302,0.3112,0.4505,0.1502,231.86,155.68,68.88,0.0,68,233,0.7719
2024-01-01 00:17:43,1063,Grid Emergency,EV_Charger_2,366,0.3875,1.1058,0.3686,183.79,164.77,61.25,0.0,61,304,0.8326
2024-01-01 00:17:44,1064,Grid Emergency,AMI_Meter,33,0.3366,0.7464,0.2488,29.28,4.99,66.34,117.0,33,0,0.0
2024-01-01 00:17:44,1064,Grid Emergency,PMU_Sensor,37,0.3224,1.5031,0.501,49.52,8.33,67.76,113.0,37,0,0.0
2024-01-01 00:17:44,1064,Grid Emergency,DER_Controller,173,0.4881,1.6222,0.4055,71.21,62.75,51.19,0.0,51,121,0.7041
2024-01-01 00:17:44,1064,Grid Emergency,EV_Charger_1,346,0.2911,0.7326,0.2442,231.97,155.65,70.89,0.0,70,275,0.7951
2024-01-01 00:17:44,1064,Grid Emergency,EV_Charger_2,355,0.375,1.0381,0.346,183.95,164.78,62.5,0.0,62,292,0.824
2024-01-01 00:17:45,1065,Grid Emergency,AMI_Meter,38,0.4102,1.746,0.582,29.29,4.99,58.98,112.0,38,0,0.0
2024-01-01 00:17:45,1065,Grid Emergency,PMU_Sensor,66,0.4231,1.974,0.658,49.54,8.34,57.69,84.0,66,0,0.0
2024-01-01 00:17:45,1065,Grid Emergency,DER_Controller,169,0.4633,1.5559,0.389,71.31,62.79,53.67,0.0,53,115,0.6824
2024-01-01 00:17:45,1065,Grid Emergency,EV_Charger_1,401,0.3123,1.0849,0.3616,232.12,155.66,68.77,0.0,68,332,0.8285
2024-01-01 00:17:45,1065,Grid Emergency,EV_Charger_2,380,0.3814,1.1884,0.3961,184.14,164.81,61.86,0.0,61,318,0.8372
2024-01-01 00:17:46,1066,Grid Emergency,AMI_Meter,31,0.3215,0.3431,0.1144,29.29,4.99,67.85,119.0,31,0,0.0
2024-01-01 00:17:46,1066,Grid Emergency,PMU_Sensor,53,0.3377,0.4151,0.1384,49.54,8.34,66.23,97.0,53,0,0.0
2024-01-01 00:17:46,1066,Grid Emergency,DER_Controller,197,0.4723,1.9972,0.4993,71.42,62.88,52.77,0.0,52,144,0.7321
2024-01-01 00:17:46,1066,Grid Emergency,EV_Charger_1,447,0.3564,1.3785,0.4595,232.33,155.73,64.36,0.0,64,382,0.856
2024-01-01 00:17:46,1066,Grid Emergency,EV_Charger_2,404,0.4002,1.3323,0.4441,184.34,164.87,59.98,0.0,59,344,0.8515
2024-01-01 00:17:47,1067,Grid Emergency,AMI_Meter,24,0.3309,1.0592,0.3531,29.28,4.99,66.91,126.0,24,0,0.0
2024-01-01 00:17:47,1067,Grid Emergency,PMU_Sensor,56,0.3138,0.7744,0.2581,49.54,8.34,68.62,94.0,56,0,0.0
2024-01-01 00:17:47,1067,Grid Emergency,DER_Controller,212,0.4936,2.2295,0.5574,71.56,62.99,50.64,0.0,50,161,0.7611
2024-01-01 00:17:47,1067,Grid Emergency,EV_Charger_1,392,0.3519,1.0244,0.3415,232.48,155.73,64.81,0.0,64,327,0.8347
2024-01-01 00:17:47,1067,Grid Emergency,EV_Charger_2,405,0.4138,1.3366,0.4455,184.55,164.93,58.62,0.0,58,346,0.8553
2024-01-01 00:17:48,1068,Grid Emergency,AMI_Meter,30,0.246,0.1435,0.0478,29.28,4.99,75.4,120.0,30,0,0.0
2024-01-01 00:17:48,1068,Grid Emergency,PMU_Sensor,51,0.2371,0.1745,0.0582,49.55,8.33,76.29,99.0,51,0,0.0
2024-01-01 00:17:48,1068,Grid Emergency,DER_Controller,193,0.4904,1.9236,0.4809,71.67,63.07,50.96,0.0,50,142,0.736
2024-01-01 00:17:48,1068,Grid Emergency,EV_Charger_1,299,0.2891,0.4269,0.1423,232.54,155.67,71.09,0.0,71,227,0.7622
2024-01-01 00:17:48,1068,Grid Emergency,EV_Charger_2,351,0.3905,1.0083,0.3361,184.7,164.93,60.95,0.0,60,290,0.8264
2024-01-01 00:17:49,1069,Grid Emergency,AMI_Meter,26,0.238,0.6583,0.2194,29.28,4.98,76.2,124.0,26,0,0.0
2024-01-01 00:17:49,1069,Grid Emergency,PMU_Sensor,40,0.2804,1.1445,0.3815,49.54,8.33,71.96,110.0,40,0,0.0
2024-01-01 00:17:49,1069,Grid Emergency,DER_Controller,225,0.5192,2.4232,0.6058,71.81,63.22,48.08,0.0,48,176,0.7863
2024-01-01 00:17:49,1069,Grid Emergency,EV_Charger_1,400,0.3098,1.0747,0.3582,232.69,155.68,69.02,0.0,69,330,0.8275
2024-01-01 00:17:49,1069,Grid Emergency,EV_Charger_2,353,0.3753,1.0194,0.3398,184.86,164.93,62.47,0.0,62,290,0.823
2024-01-01 00:17:50,1070,Grid Emergency,AMI_Meter,27,0.2124,0.4574,0.1525,29.28,4.98,78.76,123.0,27,0,0.0
2024-01-01 00:17:50,1070,Grid Emergency,PMU_Sensor,52,0.2258,0.2954,0.0985,49.54,8.33,77.42,98.0,52,0,0.0
2024-01-01 00:17:50,1070,Grid Emergency,DER_Controller,214,0.5296,2.2428,0.5607,71.94,63.34,47.04,0.0,47,166,0.7802
2024-01-01 00:17:50,1070,Grid Emergency,EV_Charger_1,346,0.2896,0.7273,0.2424,232.8,155.65,71.04,0.0,71,274,0.7947
2024-01-01 00:17:50,1070,Grid Emergency,EV_Charger_2,354,0.3652,1.0245,0.3415,185.02,164.94,63.48,0.0,63,290,0.8207
2024-01-01 00:17:51,1071,Grid Emergency,AMI_Meter,34,0.2433,0.9466,0.3155,29.28,4.98,75.67,116.0,34,0,0.0
2024-01-01 00:17:51,1071,Grid Emergency,PMU_Sensor,34,0.3443,1.8617,0.6206,49.53,8.34,65.57,116.0,34,0,0.0
2024-01-01 00:17:51,1071,Grid Emergency,DER_Controller,188,0.5115,1.8286,0.4572,72.05,63.41,48.85,0.0,48,139,0.7402
2024-01-01 00:17:51,1071,Grid Emergency,EV_Charger_1,362,0.2857,0.8294,0.2765,232.92,155.63,71.43,0.0,71,290,0.8027
2024-01-01 00:17:51,1071,Grid Emergency,EV_Charger_2,348,0.3543,0.9872,0.3291,185.17,164.94,64.57,0.0,64,283,0.8145
2024-01-01 00:17:52,1072,Grid Emergency,AMI_Meter,27,0.2161,0.458,0.1527,29.28,4.98,78.39,123.0,27,0,0.0
2024-01-01 00:17:52,1072,Grid Emergency,PMU_Sensor,51,0.2587,0.1768,0.0589,49.53,8.34,74.13,99.0,51,0,0.0
2024-01-01 00:17:52,1072,Grid Emergency,DER_Controller,238,0.5466,2.6076,0.6519,72.21,63.58,45.34,0.0,45,192,0.8095
2024-01-01 00:17:52,1072,Grid Emergency,EV_Charger_1,367,0.286,0.8609,0.287,233.05,155.61,71.4,0.0,71,295,0.8055
2024-01-01 00:17:52,1072,Grid Emergency,EV_Charger_2,368,0.3588,1.1073,0.3691,185.34,164.95,64.12,0.0,64,303,0.8258
2024-01-01 00:17:53,1073,Grid Emergency,AMI_Meter,39,0.346,1.9468,0.6489,29.29,4.99,65.4,111.0,39,0,0.0
2024-01-01 00:17:53,1073,Grid Emergency,PMU_Sensor,45,0.2353,0.5427,0.1809,49.52,8.33,76.47,105.0,45,0,0.0
2024-01-01 00:17:53,1073,Grid Emergency,DER_Controller,235,0.5694,2.5515,0.6379,72.36,63.74,43.06,0.0,43,191,0.8168
2024-01-01 00:17:53,1073,Grid Emergency,EV_Charger_1,380,0.2946,0.9436,0.3145,233.18,155.6,70.54,0.0,70,309,0.8144
2024-01-01 00:17:53,1073,Grid Emergency,EV_Charger_2,435,0.4023,1.5112,0.5037,185.57,165.05,59.77,0.0,59,375,0.8626
2024-01-01 00:17:54,1074,Grid Emergency,AMI_Meter,33,0.3165,0.7432,0.2477,29.29,4.99,68.35,117.0,33,0,0.0
2024-01-01 00:17:54,1074,Grid Emergency,PMU_Sensor,52,0.1944,0.2972,0.0991,49.52,8.33,80.56,98.0,52,0,0.0
2024-01-01 00:17:54,1074,Grid Emergency,DER_Controller,188,0.5402,1.8105,0.4526,72.47,63.81,45.98,0.0,45,142,0.7554
2024-01-01 00:17:54,1074,Grid Emergency,EV_Charger_1,355,0.2844,0.7823,0.2608,233.3,155.57,71.56,0.0,71,283,0.7984
2024-01-01 00:17:54,1074,Grid Emergency,EV_Charger_2,358,0.3859,1.0437,0.3479,185.73,165.06,61.41,0.0,61,296,0.8285
2024-01-01 00:17:55,1075,Grid Emergency,AMI_Meter,34,0.3158,0.943,0.3143,29.3,4.99,68.42,116.0,34,0,0.0
2024-01-01 00:17:55,1075,Grid Emergency,PMU_Sensor,49,0.1424,0.063,0.021,49.52,8.33,85.76,101.0,49,0,0.0
2024-01-01 00:17:55,1075,Grid Emergency,DER_Controller,182,0.5122,1.7134,0.4283,72.57,63.87,48.78,0.0,48,133,0.732
2024-01-01 00:17:55,1075,Grid Emergency,EV_Charger_1,369,0.2863,0.8716,0.2905,233.42,155.55,71.37,0.0,71,297,0.8066
2024-01-01 00:17:55,1075,Grid Emergency,EV_Charger_2,399,0.3992,1.2905,0.4302,185.93,165.11,60.08,0.0,60,338,0.8494
2024-01-01 00:17:56,1076,Grid Emergency,AMI_Meter,36,0.3553,1.3423,0.4474,29.3,4.99,64.47,114.0,36,0,0.0
2024-01-01 00:17:56,1076,Grid Emergency,PMU_Sensor,44,0.166,0.6631,0.221,49.52,8.32,83.4,106.0,44,0,0.0
2024-01-01 00:17:56,1076,Grid Emergency,DER_Controller,173,0.4823,1.5699,0.3925,72.66,63.91,51.77,0.0,51,121,0.7008
2024-01-01 00:17:56,1076,Grid Emergency,EV_Charger_1,395,0.3042,1.0377,0.3459,233.57,155.56,69.58,0.0,69,325,0.8238
2024-01-01 00:17:56,1076,Grid Emergency,EV_Charger_2,423,0.4228,1.4338,0.4779,186.15,165.19,57.72,0.0,57,365,0.8636
2024-01-01 00:17:57,1077,Grid Emergency,AMI_Meter,35,0.3628,1.1406,0.3802,29.31,4.99,63.72,115.0,35,0,0.0
2024-01-01 00:17:57,1077,Grid Emergency,PMU_Sensor,39,0.2424,1.2623,0.4208,49.51,8.33,75.76,111.0,39,0,0.0
2024-01-01 00:17:57,1077,Grid Emergency,DER_Controller,183,0.4694,1.7232,0.4308,72.76,63.97,53.06,0.0,53,129,0.7101
2024-01-01 00:17:57,1077,Grid Emergency,EV_Charger_1,342,0.2826,0.6965,0.2322,233.67,155.52,71.74,0.0,71,270,0.7902
2024-01-01 00:17:57,1077,Grid Emergency,EV_Charger_2,342,0.3902,0.9426,0.3142,186.3,165.18,60.98,0.0,60,281,0.8217
2024-01-01 00:17:58,1078,Grid Emergency,AMI_Meter,38,0.4278,1.7387,0.5796,29.32,4.99,57.22,112.0,38,0,0.0
2024-01-01 00:17:58,1078,Grid Emergency,PMU_Sensor,38,0.3077,1.3805,0.4602,49.5,8.33,69.23,112.0,38,0,0.0
2024-01-01 00:17:58,1078,Grid Emergency,DER_Controller,149,0.4265,1.1904,0.2976,72.84,63.98,57.35,0.0,57,91,0.6151
2024-01-01 00:17:58,1078,Grid Emergency,EV_Charger_1,346,0.27,0.7218,0.2406,233.78,155.49,73.0,0.0,73,272,0.789
2024-01-01 00:17:58,1078,Grid Emergency,EV_Charger_2,367,0.3824,1.0928,0.3643,186.47,165.2,61.76,0.0,61,305,0.8317
2024-01-01 00:17:59,1079,Grid Emergency,AMI_Meter,33,0.3732,0.7369,0.2456,29.32,4.99,62.68,117.0,33,0,0.0
2024-01-01 00:17:59,1079,Grid Emergency,PMU_Sensor,53,0.2574,0.4201,0.14,49.5,8.33,74.26,97.0,53,0,0.0
2024-01-01 00:17:59,1079,Grid Emergency,DER_Controller,219,0.4622,2.2778,0.5695,72.97,64.11,53.78,0.0,53,165,0.7544
2024-01-01 00:17:59,1079,Grid Emergency,EV_Charger_1,309,0.2373,0.4835,0.1612,233.85,155.43,76.27,0.0,76,232,0.7532
2024-01-01 00:17:59,1079,Grid Emergency,EV_Charger_2,408,0.4016,1.3393,0.4464,186.67,165.26,59.84,0.0,59,348,0.8533
2024-01-01 00:18:00,1080,Grid Emergency,AMI_Meter,28,0.2877,0.2645,0.0882,29.32,4.99,71.23,122.0,28,0,0.0
2024-01-01 00:18:00,1080,Grid Emergency,PMU_Sensor,55,0.2462,0.6599,0.22,49.51,8.32,75.38,95.0,55,0,0.0
2024-01-01 00:18:00,1080,Grid Emergency,DER_Controller,156,0.4275,1.2935,0.3234,73.05,64.13,57.25,0.0,57,98,0.633
2024-01-01 00:18:00,1080,Grid Emergency,EV_Charger_1,380,0.2601,0.9395,0.3132,233.98,155.42,73.99,0.0,73,306,0.8053
2024-01-01 00:18:00,1080,Grid Emergency,EV_Charger_2,365,0.389,1.078,0.3593,186.84,165.27,61.1,0.0,61,303,0.8326
2024-01-01 00:18:01,1081,Grid Emergency,AMI_Meter,35,0.3151,1.137,0.379,29.33,4.99,68.49,115.0,35,0,0.0
2024-01-01 00:18:01,1081,Grid Emergency,PMU_Sensor,37,0.3224,1.5003,0.5001,49.5,8.33,67.76,113.0,37,0,0.0
2024-01-01 00:18:01,1081,Grid Emergency,DER_Controller,190,0.4344,1.8201,0.455,73.16,64.2,56.56,0.0,56,133,0.7023
2024-01-01 00:18:01,1081,Grid Emergency,EV_Charger_1,336,0.2477,0.656,0.2187,234.08,155.38,75.23,0.0,75,260,0.7761
2024-01-01 00:18:01,1081,Grid Emergency,EV_Charger_2,377,0.3872,1.1494,0.3831,187.01,165.3,61.28,0.0,61,315,0.8375
2024-01-01 00:18:02,1082,Grid Emergency,AMI_Meter,33,0.2941,0.7358,0.2453,29.33,4.99,70.59,117.0,33,0,0.0
2024-01-01 00:18:02,1082,Grid Emergency,PMU_Sensor,60,0.3516,1.2598,0.4199,49.51,8.33,64.84,90.0,60,0,0.0
2024-01-01 00:18:02,1082,Grid Emergency,DER_Controller,176,0.4257,1.5994,0.3998,73.25,64.24,57.43,0.0,57,118,0.6737
2024-01-01 00:18:02,1082,Grid Emergency,EV_Charger_1,417,0.291,1.176,0.392,234.24,155.41,70.9,0.0,70,346,0.83
2024-01-01 00:18:02,1082,Grid Emergency,EV_Charger_2,416,0.4094,1.3835,0.4612,187.22,165.37,59.06,0.0,59,356,0.858
2024-01-01 00:18:03,1083,Grid Emergency,AMI_Meter,21,0.3725,1.6663,0.5554,29.32,4.99,62.75,129.0,21,0,0.0
2024-01-01 00:18:03,1083,Grid Emergency,PMU_Sensor,54,0.3001,0.5392,0.1797,49.51,8.33,69.99,96.0,54,0,0.0
2024-01-01 00:18:03,1083,Grid Emergency,DER_Controller,213,0.4549,2.1695,0.5424,73.38,64.35,54.51,0.0,54,158,0.7441
2024-01-01 00:18:03,1083,Grid Emergency,EV_Charger_1,369,0.2903,0.8664,0.2888,234.37,155.39,70.97,0.0,70,298,0.8077
2024-01-01 00:18:03,1083,Grid Emergency,EV_Charger_2,300,0.3547,0.6815,0.2272,187.33,165.32,64.53,0.0,64,235,0.7849
2024-01-01 00:18:04,1084,Grid Emergency,AMI_Meter,34,0.3544,0.9361,0.312,29.33,4.99,64.56,116.0,34,0,0.0
2024-01-01 00:18:04,1084,Grid Emergency,PMU_Sensor,40,0.3241,1.1406,0.3802,49.5,8.33,67.59,110.0,40,0,0.0
2024-01-01 00:18:04,1084,Grid Emergency,DER_Controller,185,0.4494,1.7313,0.4328,73.48,64.41,55.06,0.0,55,129,0.7024
2024-01-01 00:18:04,1084,Grid Emergency,EV_Charger_1,378,0.2956,0.9235,0.3078,234.5,155.38,70.44,0.0,70,307,0.8136
2024-01-01 00:18:04,1084,Grid Emergency,EV_Charger_2,387,0.3689,1.2064,0.4021,187.51,165.36,63.11,0.0,63,323,0.8369
2024-01-01 00:18:05,1085,Grid Emergency,AMI_Meter,26,0.3146,0.6655,0.2218,29.32,4.99,68.54,124.0,26,0,0.0
2024-01-01 00:18:05,1085,Grid Emergency,PMU_Sensor,44,0.2929,0.6599,0.22,49.5,8.33,70.71,106.0,44,0,0.0
2024-01-01 00:18:05,1085,Grid Emergency,DER_Controller,192,0.4518,1.8362,0.4591,73.59,64.49,54.82,0.0,54,137,0.7145
2024-01-01 00:18:05,1085,Grid Emergency,EV_Charger_1,420,0.3261,1.1925,0.3975,234.67,155.41,67.39,0.0,67,352,0.8396
2024-01-01 00:18:05,1085,Grid Emergency,EV_Charger_2,457,0.421,1.627,0.5423,187.76,165.49,57.9,0.0,57,399,0.8733
2024-01-01 00:18:06,1086,Grid Emergency,AMI_Meter,22,0.3667,1.4646,0.4882,29.32,4.99,63.33,128.0,22,0,0.0
2024-01-01 00:18:06,1086,Grid Emergency,PMU_Sensor,52,0.2351,0.3006,0.1002,49.5,8.32,76.49,98.0,52,0,0.0
2024-01-01 00:18:06,1086,Grid Emergency,DER_Controller,162,0.4244,1.3692,0.3423,73.67,64.51,57.56,0.0,57,104,0.6447
2024-01-01 00:18:06,1086,Grid Emergency,EV_Charger_1,420,0.3474,1.1912,0.3971,234.84,155.44,65.26,0.0,65,354,0.8446
2024-01-01 00:18:06,1086,Grid Emergency,EV_Charger_2,312,0.3697,0.7502,0.2501,187.87,165.45,63.03,0.0,63,248,0.798
2024-01-01 00:18:07,1087,Grid Emergency,AMI_Meter,26,0.323,0.6633,0.2211,29.31,4.99,67.7,124.0,26,0,0.0
2024-01-01 00:18:07,1087,Grid Emergency,PMU_Sensor,45,0.2186,0.54,0.18,49.49,8.32,78.14,105.0,45,0,0.0
2024-01-01 00:18:07,1087,Grid Emergency,DER_Controller,188,0.4289,1.7688,0.4422,73.78,64.57,57.11,0.0,57,130,0.6962
2024-01-01 00:18:07,1087,Grid Emergency,EV_Charger_1,392,0.3442,1.0101,0.3367,234.99,155.44,65.58,0.0,65,326,0.8327
2024-01-01 00:18:07,1087,Grid Emergency,EV_Charger_2,376,0.3724,1.1358,0.3786,188.05,165.47,62.76,0.0,62,313,0.8331
2024-01-01 00:18:08,1088,Grid Emergency,AMI_Meter,29,0.2324,0.0626,0.0209,29.31,4.99,76.76,121.0,29,0,0.0
2024-01-01 00:18:08,1088,Grid Emergency,PMU_Sensor,39,0.2789,1.2596,0.4199,49.48,8.32,72.11,111.0,39,0,0.0
2024-01-01 00:18:08,1088,Grid Emergency,DER_Controller,208,0.4512,2.0735,0.5184,73.9,64.67,54.88,0.0,54,153,0.7362
2024-01-01 00:18:08,1088,Grid Emergency,EV_Charger_1,377,0.3322,0.9128,0.3043,235.12,155.43,66.78,0.0,66,310,0.8229
2024-01-01 00:18:08,1088,Grid Emergency,EV_Charger_2,407,0.3928,1.3215,0.4405,188.25,165.53,60.72,0.0,60,346,0.8508
2024-01-01 00:18:09,1089,Grid Emergency,AMI_Meter,26,0.229,0.6632,0.2211,29.31,4.99,77.1,124.0,26,0,0.0
2024-01-01 00:18:09,1089,Grid Emergency,PMU_Sensor,37,0.345,1.4977,0.4992,49.47,8.33,65.5,113.0,37,0,0.0
2024-01-01 00:18:09,1089,Grid Emergency,DER_Controller,189,0.4495,1.7763,0.4441,74.01,64.74,55.05,0.0,55,133,0.7087
2024-01-01 00:18:09,1089,Grid Emergency,EV_Charger_1,431,0.3584,1.2588,0.4196,235.3,155.47,64.16,0.0,64,366,0.8511
2024-01-01 00:18:09,1089,Grid Emergency,EV_Charger_2,362,0.3798,1.0487,0.3496,188.41,165.54,62.02,0.0,62,299,0.8287
2024-01-01 00:18:10,1090,Grid Emergency,AMI_Meter,29,0.1665,0.0619,0.0206,29.31,4.99,83.35,121.0,29,0,0.0
2024-01-01 00:18:10,1090,Grid Emergency,PMU_Sensor,43,0.3192,0.7766,0.2589,49.47,8.33,68.08,107.0,43,0,0.0
2024-01-01 00:18:10,1090,Grid Emergency,DER_Controller,233,0.4901,2.4481,0.612,74.15,64.89,50.99,0.0,50,182,0.7812
2024-01-01 00:18:10,1090,Grid Emergency,EV_Charger_1,338,0.3169,0.6601,0.22,235.39,155.43,68.31,0.0,68,269,0.7979
2024-01-01 00:18:10,1090,Grid Emergency,EV_Charger_2,322,0.3465,0.8064,0.2688,188.53,165.51,65.35,0.0,65,256,0.7971
2024-01-01 00:18:11,1091,Grid Emergency,AMI_Meter,32,0.1705,0.5392,0.1797,29.31,4.99,82.95,118.0,32,0,0.0
2024-01-01 00:18:11,1091,Grid Emergency,PMU_Sensor,35,0.3969,1.7342,0.5781,49.45,8.33,60.31,115.0,35,0,0.0
2024-01-01 00:18:11,1091,Grid Emergency,DER_Controller,221,0.5086,2.2568,0.5642,74.29,65.01,49.14,0.0,49,171,0.7777
2024-01-01 00:18:11,1091,Grid Emergency,EV_Charger_1,404,0.3302,1.0837,0.3612,235.55,155.45,66.98,0.0,66,337,0.8342
2024-01-01 00:18:11,1091,Grid Emergency,EV_Charger_2,395,0.3672,1.246,0.4153,188.72,165.55,63.28,0.0,63,331,0.8398
2024-01-01 00:18:12,1092,Grid Emergency,AMI_Meter,32,0.1732,0.5389,0.1796,29.31,4.98,82.68,118.0,32,0,0.0
2024-01-01 00:18:12,1092,Grid Emergency,PMU_Sensor,48,0.2952,0.1743,0.0581,49.45,8.33,70.48,102.0,48,0,0.0
2024-01-01 00:18:12,1092,Grid Emergency,DER_Controller,163,0.4666,1.3629,0.3407,74.37,65.03,53.34,0.0,53,109,0.6728
2024-01-01 00:18:12,1092,Grid Emergency,EV_Charger_1,374,0.3201,0.89,0.2967,235.67,155.43,67.99,0.0,67,306,0.8182
2024-01-01 00:18:12,1092,Grid Emergency,EV_Charger_2,311,0.3308,0.7381,0.246,188.83,165.52,66.92,0.0,66,244,0.7848
2024-01-01 00:18:13,1093,Grid Emergency,AMI_Meter,32,0.1751,0.5386,0.1795,29.32,4.98,82.49,118.0,32,0,0.0
2024-01-01 00:18:13,1093,Grid Emergency,PMU_Sensor,56,0.2852,0.7855,0.2618,49.46,8.33,71.48,94.0,56,0,0.0
2024-01-01 00:18:13,1093,Grid Emergency,DER_Controller,226,0.4953,2.3247,0.5812,74.51,65.17,50.47,0.0,50,175,0.7767
2024-01-01 00:18:13,1093,Grid Emergency,EV_Charger_1,394,0.3259,1.0177,0.3392,235.82,155.43,67.41,0.0,67,326,0.8289
2024-01-01 00:18:13,1093,Grid Emergency,EV_Charger_2,396,0.3566,1.2502,0.4167,189.02,165.56,64.34,0.0,64,331,0.8375
2024-01-01 00:18:14,1094,Grid Emergency,AMI_Meter,28,0.149,0.264,0.088,29.32,4.98,85.1,122.0,28,0,0.0
2024-01-01 00:18:14,1094,Grid Emergency,PMU_Sensor,46,0.2411,0.4149,0.1383,49.45,8.33,75.89,104.0,46,0,0.0
2024-01-01 00:18:14,1094,Grid Emergency,DER_Controller,201,0.4925,1.9369,0.4842,74.62,65.25,50.75,0.0,50,150,0.7475
2024-01-01 00:18:14,1094,Grid Emergency,EV_Charger_1,364,0.3105,0.824,0.2747,235.93,155.41,68.95,0.0,68,295,0.8106
2024-01-01 00:18:14,1094,Grid Emergency,EV_Charger_2,367,0.357,1.0739,0.358,189.18,165.57,64.3,0.0,64,302,0.8248
2024-01-01 00:18:15,1095,Grid Emergency,AMI_Meter,24,0.2109,1.0661,0.3554,29.31,4.98,78.91,126.0,24,0,0.0
2024-01-01 00:18:15,1095,Grid Emergency,PMU_Sensor,42,0.2583,0.8946,0.2982,49.45,8.33,74.17,108.0,42,0,0.0
2024-01-01 00:18:15,1095,Grid Emergency,DER_Controller,205,0.494,1.9936,0.4984,74.74,65.34,50.6,0.0,50,154,0.7532
2024-01-01 00:18:15,1095,Grid Emergency,EV_Charger_1,415,0.3325,1.151,0.3837,236.1,155.43,66.75,0.0,66,348,0.8391
2024-01-01 00:18:15,1095,Grid Emergency,EV_Charger_2,310,0.3228,0.7292,0.2431,189.29,165.54,67.72,0.0,67,242,0.7816
2024-01-01 00:18:16,1096,Grid Emergency,AMI_Meter,33,0.2216,0.7402,0.2467,29.31,4.98,77.84,117.0,33,0,0.0
2024-01-01 00:18:16,1096,Grid Emergency,PMU_Sensor,45,0.2342,0.534,0.178,49.44,8.32,76.58,105.0,45,0,0.0
2024-01-01 00:18:16,1096,Grid Emergency,DER_Controller,190,0.4805,1.7608,0.4402,74.85,65.4,51.95,0.0,51,138,0.7266
2024-01-01 00:18:16,1096,Grid Emergency,EV_Charger_1,436,0.3612,1.2845,0.4282,236.28,155.48,63.88,0.0,63,372,0.8535
2024-01-01 00:18:16,1096,Grid Emergency,EV_Charger_2,391,0.3477,1.2171,0.4057,189.48,165.58,65.23,0.0,65,325,0.8332
2024-01-01 00:18:17,1097,Grid Emergency,AMI_Meter,33,0.2291,0.7397,0.2466,29.32,4.98,77.09,117.0,33,0,0.0
2024-01-01 00:18:17,1097,Grid Emergency,PMU_Sensor,65,0.3505,1.8654,0.6218,49.46,8.33,64.95,85.0,65,0,0.0
2024-01-01 00:18:17,1097,Grid Emergency,DER_Controller,172,0.4531,1.4834,0.3708,74.93,65.44,54.69,0.0,54,117,0.682
2024-01-01 00:18:17,1097,Grid Emergency,EV_Charger_1,340,0.3195,0.6667,0.2222,236.37,155.44,68.05,0.0,68,271,0.7998
2024-01-01 00:18:17,1097,Grid Emergency,EV_Charger_2,322,0.3234,0.7998,0.2666,189.6,165.55,67.66,0.0,67,254,0.7899
2024-01-01 00:18:18,1098,Grid Emergency,AMI_Meter,28,0.1868,0.2644,0.0881,29.32,4.98,81.32,122.0,28,0,0.0
2024-01-01 00:18:18,1098,Grid Emergency,PMU_Sensor,31,0.4663,2.2094,0.7365,49.44,8.35,53.37,107.37,31,0,0.0
2024-01-01 00:18:18,1098,Grid Emergency,DER_Controller,184,0.4438,1.6639,0.416,75.03,65.49,55.62,0.0,55,128,0.6977
2024-01-01 00:18:18,1098,Grid Emergency,EV_Charger_1,358,0.3018,0.7819,0.2606,236.48,155.41,69.82,0.0,69,288,0.805
2024-01-01 00:18:18,1098,Grid Emergency,EV_Charger_2,390,0.3473,1.2092,0.4031,189.78,165.58,65.27,0.0,65,324,0.8326
2024-01-01 00:18:19,1099,Grid Emergency,AMI_Meter,31,0.1646,0.3382,0.1127,29.32,4.97,83.54,119.0,31,0,0.0
2024-01-01 00:18:19,1099,Grid Emergency,PMU_Sensor,45,0.3796,0.5318,0.1773,49.44,8.34,62.04,105.0,45,0,0.0
2024-01-01 00:18:19,1099,Grid Emergency,DER_Controller,204,0.4557,1.9649,0.4912,75.15,65.57,54.43,0.0,54,149,0.7332
2024-01-01 00:18:19,1099,Grid Emergency,EV_Charger_1,408,0.3215,1.1025,0.3675,236.64,155.43,67.85,0.0,67,340,0.8337
2024-01-01 00:18:19,1099,Grid Emergency,EV_Charger_2,320,0.3217,0.7859,0.262,189.9,165.55,67.83,0.0,67,252,0.788
2024-01-01 00:18:20,1100,Grid Emergency,AMI_Meter,27,0.1618,0.4655,0.1552,29.32,4.97,83.82,123.0,27,0,0.0
2024-01-01 00:18:20,1100,Grid Emergency,PMU_Sensor,32,0.4742,2.0847,0.6949,49.42,8.36,52.58,118.0,32,0,0.0
2024-01-01 00:18:20,1100,Grid Emergency,DER_Controller,162,0.4244,1.3228,0.3307,75.23,65.6,57.56,0.0,57,104,0.6447
2024-01-01 00:18:20,1100,Grid Emergency,EV_Charger_1,350,0.298,0.7288,0.2429,236.74,155.4,70.2,0.0,70,279,0.7994
2024-01-01 00:18:20,1100,Grid Emergency,EV_Charger_2,358,0.3266,1.0145,0.3382,190.05,165.56,67.34,0.0,67,290,0.8119
2024-01-01 00:18:21,1101,Grid Emergency,AMI_Meter,25,0.1999,0.867,0.289,29.31,4.97,80.01,125.0,25,0,0.0
2024-01-01 00:18:21,1101,Grid Emergency,PMU_Sensor,45,0.3848,0.5288,0.1763,49.42,8.35,61.52,105.0,45,0,0.0
2024-01-01 00:18:21,1101,Grid Emergency,DER_Controller,159,0.398,1.2755,0.3189,75.31,65.62,60.2,0.0,60,98,0.6214
2024-01-01 00:18:21,1101,Grid Emergency,EV_Charger_1,386,0.3045,0.9597,0.3199,236.88,155.39,69.55,0.0,69,316,0.8198
2024-01-01 00:18:21,1101,Grid Emergency,EV_Charger_2,374,0.3396,1.11,0.37,190.22,165.57,66.04,0.0,66,307,0.8234
2024-01-01 00:18:22,1102,Grid Emergency,AMI_Meter,32,0.194,0.5404,0.1801,29.31,4.97,80.6,118.0,32,0,0.0
2024-01-01 00:18:22,1102,Grid Emergency,PMU_Sensor,50,0.2763,0.0697,0.0232,49.42,8.35,72.37,100.0,50,0,0.0
2024-01-01 00:18:22,1102,Grid Emergency,DER_Controller,151,0.3706,1.1524,0.2881,75.37,65.63,62.94,0.0,62,88,0.5832
2024-01-01 00:18:22,1102,Grid Emergency,EV_Charger_1,355,0.2891,0.7596,0.2532,236.99,155.36,71.09,0.0,71,283,0.7998
2024-01-01 00:18:22,1102,Grid Emergency,EV_Charger_2,336,0.3257,0.8798,0.2933,190.35,165.56,67.43,0.0,67,268,0.7993
2024-01-01 00:18:23,1103,Grid Emergency,AMI_Meter,27,0.1823,0.4652,0.1551,29.31,4.97,81.77,123.0,27,0,0.0
2024-01-01 00:18:23,1103,Grid Emergency,PMU_Sensor,50,0.2004,0.0697,0.0232,49.42,8.35,79.96,100.0,50,0,0.0
2024-01-01 00:18:23,1103,Grid Emergency,DER_Controller,225,0.42,2.2736,0.5684,75.51,65.75,58.0,0.0,57,167,0.7422
2024-01-01 00:18:23,1103,Grid Emergency,EV_Charger_1,412,0.3149,1.1253,0.3751,237.14,155.38,68.51,0.0,68,343,0.8337
2024-01-01 00:18:23,1103,Grid Emergency,EV_Charger_2,310,0.3002,0.7222,0.2407,190.46,165.52,69.98,0.0,69,240,0.7743
2024-01-01 00:18:24,1104,Grid Emergency,AMI_Meter,33,0.2018,0.7417,0.2472,29.31,4.97,79.82,117.0,33,0,0.0
2024-01-01 00:18:24,1104,Grid Emergency,PMU_Sensor,55,0.2071,0.6683,0.2228,49.42,8.34,79.29,95.0,55,0,0.0
2024-01-01 00:18:24,1104,Grid Emergency,DER_Controller,169,0.4038,1.42,0.355,75.59,65.78,59.62,0.0,59,109,0.6472
2024-01-01 00:18:24,1104,Grid Emergency,EV_Charger_1,413,0.3335,1.1306,0.3769,237.3,155.4,66.65,0.0,66,346,0.8386
2024-01-01 00:18:24,1104,Grid Emergency,EV_Charger_2,347,0.3047,0.9449,0.315,190.6,165.51,69.53,0.0,69,277,0.7996
2024-01-01 00:18:25,1105,Grid Emergency,AMI_Meter,22,0.2883,1.4702,0.4901,29.31,4.97,71.17,128.0,22,0,0.0
2024-01-01 00:18:25,1105,Grid Emergency,PMU_Sensor,53,0.1878,0.4284,0.1428,49.43,8.34,81.22,97.0,53,0,0.0
2024-01-01 00:18:25,1105,Grid Emergency,DER_Controller,195,0.4161,1.8117,0.4529,75.7,65.85,58.39,0.0,58,136,0.7005
2024-01-01 00:18:25,1105,Grid Emergency,EV_Charger_1,370,0.3188,0.8532,0.2844,237.42,155.38,68.12,0.0,68,301,0.8159
2024-01-01 00:18:25,1105,Grid Emergency,EV_Charger_2,353,0.3113,0.9803,0.3268,190.75,165.51,68.87,0.0,68,284,0.8049
2024-01-01 00:18:26,1106,Grid Emergency,AMI_Meter,26,0.2683,0.6651,0.2217,29.31,4.97,73.17,124.0,26,0,0.0
2024-01-01 00:18:26,1106,Grid Emergency,PMU_Sensor,54,0.1863,0.548,0.1827,49.43,8.34,81.37,96.0,54,0,0.0
2024-01-01 00:18:26,1106,Grid Emergency,DER_Controller,188,0.4184,1.7024,0.4256,75.8,65.91,58.16,0.0,58,129,0.6907
2024-01-01 00:18:26,1106,Grid Emergency,EV_Charger_1,386,0.3187,0.9554,0.3185,237.56,155.37,68.13,0.0,68,317,0.8235
2024-01-01 00:18:26,1106,Grid Emergency,EV_Charger_2,371,0.3267,1.088,0.3627,190.91,165.52,67.33,0.0,67,303,0.8185
2024-01-01 00:18:27,1107,Grid Emergency,AMI_Meter,24,0.2945,1.0665,0.3555,29.3,4.97,70.55,126.0,24,0,0.0
2024-01-01 00:18:27,1107,Grid Emergency,PMU_Sensor,42,0.2194,0.8904,0.2968,49.42,8.34,78.06,108.0,42,0,0.0
2024-01-01 00:18:27,1107,Grid Emergency,DER_Controller,134,0.369,0.8823,0.2206,75.86,65.9,63.1,0.0,63,70,0.5291
2024-01-01 00:18:27,1107,Grid Emergency,EV_Charger_1,402,0.3288,1.0573,0.3524,237.71,155.38,67.12,0.0,67,334,0.833
2024-01-01 00:18:27,1107,Grid Emergency,EV_Charger_2,300,0.2946,0.6586,0.2195,191.01,165.48,70.54,0.0,70,229,0.7649
2024-01-01 00:18:28,1108,Grid Emergency,AMI_Meter,30,0.2202,0.1407,0.0469,29.3,4.97,77.98,120.0,30,0,0.0
2024-01-01 00:18:28,1108,Grid Emergency,PMU_Sensor,52,0.1845,0.3088,0.1029,49.43,8.33,81.55,98.0,52,0,0.0
2024-01-01 00:18:28,1108,Grid Emergency,DER_Controller,205,0.3989,1.9555,0.4889,75.97,65.98,60.11,0.0,60,144,0.7068
2024-01-01 00:18:28,1108,Grid Emergency,EV_Charger_1,331,0.2902,0.6,0.2,237.79,155.34,70.98,0.0,70,260,0.7856
2024-01-01 00:18:28,1108,Grid Emergency,EV_Charger_2,352,0.3034,0.972,0.324,191.15,165.48,69.66,0.0,69,282,0.8021
2024-01-01 00:18:29,1109,Grid Emergency,AMI_Meter,38,0.3289,1.7479,0.5826,29.31,4.97,67.11,112.0,38,0,0.0
2024-01-01 00:18:29,1109,Grid Emergency,PMU_Sensor,63,0.2917,1.6259,0.542,49.44,8.34,70.83,87.0,63,0,0.0
2024-01-01 00:18:29,1109,Grid Emergency,DER_Controller,214,0.4296,2.0868,0.5217,76.1,66.08,57.04,0.0,57,156,0.7335
2024-01-01 00:18:29,1109,Grid Emergency,EV_Charger_1,393,0.3029,0.9983,0.3328,237.93,155.34,69.71,0.0,69,323,0.8226
2024-01-01 00:18:29,1109,Grid Emergency,EV_Charger_2,309,0.2835,0.7117,0.2372,191.26,165.44,71.65,0.0,71,237,0.7681
2024-01-01 00:18:30,1110,Grid Emergency,AMI_Meter,33,0.3044,0.7418,0.2473,29.31,4.97,69.56,117.0,33,0,0.0
2024-01-01 00:18:30,1110,Grid Emergency,PMU_Sensor,48,0.2215,0.1724,0.0575,49.44,8.34,77.85,102.0,48,0,0.0
2024-01-01 00:18:30,1110,Grid Emergency,DER_Controller,204,0.4429,1.9314,0.4828,76.21,66.16,55.71,0.0,55,148,0.7269
2024-01-01 00:18:30,1110,Grid Emergency,EV_Charger_1,354,0.2867,0.7467,0.2489,238.04,155.31,71.33,0.0,71,282,0.7985
2024-01-01 00:18:30,1110,Grid Emergency,EV_Charger_2,347,0.2925,0.9406,0.3135,191.4,165.43,70.75,0.0,70,276,0.7961
2024-01-01 00:18:31,1111,Grid Emergency,AMI_Meter,30,0.2269,0.1383,0.0461,29.31,4.97,77.31,120.0,30,0,0.0
2024-01-01 00:18:31,1111,Grid Emergency,PMU_Sensor,51,0.1738,0.1873,0.0624,49.44,8.33,82.62,99.0,51,0,0.0
2024-01-01 00:18:31,1111,Grid Emergency,DER_Controller,202,0.4508,1.8972,0.4743,76.33,66.24,54.92,0.0,54,147,0.7281
2024-01-01 00:18:31,1111,Grid Emergency,EV_Charger_1,356,0.2766,0.759,0.253,238.14,155.28,72.34,0.0,72,283,0.7968
2024-01-01 00:18:31,1111,Grid Emergency,EV_Charger_2,294,0.2668,0.6198,0.2066,191.49,165.39,73.32,0.0,73,220,0.7506
2024-01-01 00:18:32,1112,Grid Emergency,AMI_Meter,38,0.3333,1.745,0.5817,29.32,4.97,66.67,112.0,38,0,0.0
2024-01-01 00:18:32,1112,Grid Emergency,PMU_Sensor,69,0.3557,2.3405,0.7802,49.46,8.35,64.43,81.0,69,0,0.0
2024-01-01 00:18:32,1112,Grid Emergency,DER_Controller,201,0.4555,1.8783,0.4696,76.44,66.32,54.45,0.0,54,146,0.7291
2024-01-01 00:18:32,1112,Grid Emergency,EV_Charger_1,327,0.2508,0.5719,0.1906,238.22,155.23,74.92,0.0,74,252,0.7709
2024-01-01 00:18:32,1112,Grid Emergency,EV_Charger_2,320,0.2644,0.7765,0.2588,191.61,165.36,73.56,0.0,73,246,0.7701
2024-01-01 00:18:33,1113,Grid Emergency,AMI_Meter,32,0.2872,0.5384,0.1795,29.32,4.97,71.28,118.0,32,0,0.0
2024-01-01 00:18:33,1113,Grid Emergency,PMU_Sensor,60,0.3751,1.2612,0.4204,49.47,8.35,62.49,83.49,60,0,0.0
2024-01-01 00:18:33,1113,Grid Emergency,DER_Controller,159,0.4193,1.2435,0.3109,76.51,66.33,58.07,0.0,58,100,0.6348
2024-01-01 00:18:33,1113,Grid Emergency,EV_Charger_1,375,0.2636,0.8804,0.2935,238.34,155.21,73.64,0.0,73,301,0.8036
2024-01-01 00:18:33,1113,Grid Emergency,EV_Charger_2,363,0.2886,1.0355,0.3452,191.76,165.36,71.14,0.0,71,291,0.804
2024-01-01 00:18:34,1114,Grid Emergency,AMI_Meter,34,0.295,0.9398,0.3133,29.33,4.97,70.5,116.0,34,0,0.0
2024-01-01 00:18:34,1114,Grid Emergency,PMU_Sensor,47,0.2921,0.2951,0.0984,49.46,8.35,70.79,103.0,47,0,0.0
2024-01-01 00:18:34,1114,Grid Emergency,DER_Controller,150,0.3837,1.1067,0.2767,76.58,66.34,61.63,0.0,61,88,0.5891
2024-01-01 00:18:34,1114,Grid Emergency,EV_Charger_1,404,0.2912,1.0663,0.3554,238.49,155.22,70.88,0.0,70,333,0.8245
2024-01-01 00:18:34,1114,Grid Emergency,EV_Charger_2,405,0.3308,1.288,0.4293,191.95,165.41,66.92,0.0,66,338,0.8348
2024-01-01 00:18:35,1115,Grid Emergency,AMI_Meter,29,0.2131,0.0658,0.0219,29.33,4.97,78.69,121.0,29,0,0.0
2024-01-01 00:18:35,1115,Grid Emergency,PMU_Sensor,53,0.2468,0.4233,0.1411,49.47,8.35,75.32,97.0,53,0,0.0
2024-01-01 00:18:35,1115,Grid Emergency,DER_Controller,178,0.3832,1.5265,0.3816,76.67,66.38,61.68,0.0,61,116,0.6535
2024-01-01 00:18:35,1115,Grid Emergency,EV_Charger_1,346,0.273,0.6921,0.2307,238.59,155.19,72.7,0.0,72,273,0.7899
2024-01-01 00:18:35,1115,Grid Emergency,EV_Charger_2,401,0.3578,1.2623,0.4208,192.14,165.46,64.22,0.0,64,336,0.8399
2024-01-01 00:18:36,1116,Grid Emergency,AMI_Meter,31,0.1828,0.3365,0.1122,29.33,4.97,81.72,119.0,31,0,0.0
2024-01-01 00:18:36,1116,Grid Emergency,PMU_Sensor,53,0.2151,0.4231,0.141,49.47,8.34,78.49,97.0,53,0,0.0
2024-01-01 00:18:36,1116,Grid Emergency,DER_Controller,227,0.4285,2.2585,0.5646,76.8,66.5,57.15,0.0,57,169,0.7482
2024-01-01 00:18:36,1116,Grid Emergency,EV_Charger_1,337,0.2545,0.6337,0.2112,238.68,155.15,74.55,0.0,74,262,0.7788
2024-01-01 00:18:36,1116,Grid Emergency,EV_Charger_2,330,0.3337,0.8326,0.2775,192.26,165.43,66.63,0.0,66,263,0.7981
2024-01-01 00:18:37,1117,Grid Emergency,AMI_Meter,30,0.1415,0.1351,0.045,29.33,4.97,85.85,120.0,30,0,0.0
2024-01-01 00:18:37,1117,Grid Emergency,PMU_Sensor,45,0.2041,0.5355,0.1785,49.47,8.34,79.59,105.0,45,0,0.0
2024-01-01 00:18:37,1117,Grid Emergency,DER_Controller,209,0.4454,1.9834,0.4959,76.92,66.59,55.46,0.0,55,153,0.7346
2024-01-01 00:18:37,1117,Grid Emergency,EV_Charger_1,372,0.264,0.8587,0.2862,238.8,155.13,73.6,0.0,73,298,0.8022
2024-01-01 00:18:37,1117,Grid Emergency,EV_Charger_2,310,0.3047,0.7112,0.2371,192.37,165.4,69.53,0.0,69,240,0.7757
2024-01-01 00:18:38,1118,Grid Emergency,AMI_Meter,30,0.1125,0.135,0.045,29.33,4.96,88.75,120.0,30,0,0.0
2024-01-01 00:18:38,1118,Grid Emergency,PMU_Sensor,51,0.1612,0.1838,0.0613,49.47,8.34,83.88,99.0,51,0,0.0
2024-01-01 00:18:38,1118,Grid Emergency,DER_Controller,213,0.4614,2.0388,0.5097,77.04,66.69,53.86,0.0,53,159,0.7472
2024-01-01 00:18:38,1118,Grid Emergency,EV_Charger_1,395,0.2854,1.006,0.3353,238.94,155.13,71.46,0.0,71,323,0.8191
2024-01-01 00:18:38,1118,Grid Emergency,EV_Charger_2,375,0.3236,1.1031,0.3677,192.53,165.41,67.64,0.0,67,307,0.8196
2024-01-01 00:18:39,1119,Grid Emergency,AMI_Meter,31,0.1124,0.3364,0.1121,29.33,4.96,88.76,119.0,31,0,0.0
2024-01-01 00:18:39,1119,Grid Emergency,PMU_Sensor,48,0.1305,0.1759,0.0586,49.47,8.33,86.95,102.0,48,0,0.0
2024-01-01 00:18:39,1119,Grid Emergency,DER_Controller,172,0.435,1.422,0.3555,77.13,66.72,56.5,0.0,56,115,0.6715
2024-01-01 00:18:39,1119,Grid Emergency,EV_Charger_1,391,0.2977,0.9794,0.3265,239.07,155.13,70.23,0.0,70,320,0.8204
2024-01-01 00:18:39,1119,Grid Emergency,EV_Charger_2,340,0.3156,0.8908,0.2969,192.66,165.4,68.44,0.0,68,271,0.7987
2024-01-01 00:18:40,1120,Recovery,AMI_Meter,38,0.2531,1.7441,0.5814,29.34,4.97,74.69,112.0,38,0,0.0
2024-01-01 00:18:40,1120,Recovery,PMU_Sensor,60,0.2176,1.2627,0.4209,49.48,8.34,78.24,90.0,60,0,0.0
2024-01-01 00:18:40,1120,Recovery,DER_Controller,46,0.3554,0.4663,0.1166,77.1,66.69,64.46,18.46,46,0,0.0
2024-01-01 00:18:40,1120,Recovery,EV_Charger_1,391,0.3063,0.9785,0.3262,239.21,155.12,69.37,0.0,69,321,0.8226
2024-01-01 00:18:40,1120,Recovery,EV_Charger_2,352,0.3172,0.9625,0.3208,192.8,165.39,68.28,0.0,68,283,0.806
2024-01-01 00:18:41,1121,Recovery,AMI_Meter,23,0.3047,1.275,0.425,29.33,4.97,69.53,127.0,23,0,0.0
2024-01-01 00:18:41,1121,Recovery,PMU_Sensor,48,0.17,0.1769,0.059,49.47,8.33,83.0,102.0,48,0,0.0
2024-01-01 00:18:41,1121,Recovery,DER_Controller,41,0.3003,0.541,0.1352,77.07,66.67,69.97,47.43,41,0,0.0
2024-01-01 00:18:41,1121,Recovery,EV_Charger_1,385,0.3083,0.9391,0.313,239.34,155.11,69.17,0.0,69,315,0.8203
2024-01-01 00:18:41,1121,Recovery,EV_Charger_2,367,0.3273,1.0522,0.3507,192.96,165.4,67.27,0.0,67,299,0.8167
2024-01-01 00:18:42,1122,Recovery,AMI_Meter,34,0.3071,0.9387,0.3129,29.34,4.97,69.29,116.0,34,0,0.0
2024-01-01 00:18:42,1122,Recovery,PMU_Sensor,44,0.1847,0.6566,0.2189,49.47,8.33,81.53,106.0,44,0,0.0
2024-01-01 00:18:42,1122,Recovery,DER_Controller,33,0.2665,0.6605,0.1651,77.03,66.65,73.35,87.78,33,0,0.0
2024-01-01 00:18:42,1122,Recovery,EV_Charger_1,421,0.3328,1.1699,0.39,239.5,155.14,66.72,0.0,66,354,0.8415
2024-01-01 00:18:42,1122,Recovery,EV_Charger_2,375,0.339,1.0995,0.3665,193.12,165.42,66.1,0.0,66,308,0.8237
2024-01-01 00:18:43,1123,Recovery,AMI_Meter,28,0.2419,0.2691,0.0897,29.34,4.96,75.81,122.0,28,0,0.0
2024-01-01 00:18:43,1123,Recovery,PMU_Sensor,49,0.1349,0.0563,0.0188,49.47,8.33,86.51,101.0,49,0,0.0
2024-01-01 00:18:43,1123,Recovery,DER_Controller,38,0.2365,0.5852,0.1463,76.99,66.64,76.35,112.0,38,0,0.0
2024-01-01 00:18:43,1123,Recovery,EV_Charger_1,377,0.3215,0.8856,0.2952,239.62,155.13,67.85,0.0,67,309,0.82
2024-01-01 00:18:43,1123,Recovery,EV_Charger_2,365,0.3411,1.0381,0.346,193.27,165.42,65.89,0.0,65,299,0.8195
2024-01-01 00:18:44,1124,Recovery,AMI_Meter,42,0.4236,2.5421,0.8474,29.35,4.98,57.64,108.0,42,0,0.0
2024-01-01 00:18:44,1124,Recovery,PMU_Sensor,51,0.1128,0.1838,0.0613,49.47,8.32,88.72,99.0,51,0,0.0
2024-01-01 00:18:44,1124,Recovery,DER_Controller,46,0.2064,0.4649,0.1162,76.97,66.61,79.36,104.0,46,0,0.0
2024-01-01 00:18:44,1124,Recovery,EV_Charger_1,324,0.2794,0.5436,0.1812,239.7,155.08,72.06,0.0,72,251,0.7776
2024-01-01 00:18:44,1124,Recovery,EV_Charger_2,335,0.3244,0.8561,0.2854,193.4,165.4,67.56,0.0,67,267,0.7983
2024-01-01 00:18:45,1125,Recovery,AMI_Meter,36,0.43,1.335,0.445,29.35,4.98,57.0,114.0,36,0,0.0
2024-01-01 00:18:45,1125,Recovery,PMU_Sensor,53,0.1214,0.4239,0.1413,49.47,8.32,87.86,97.0,53,0,0.0
2024-01-01 00:18:45,1125,Recovery,DER_Controller,1,0.226,1.1393,0.2848,76.9,66.62,77.4,149.0,1,0,0.0
2024-01-01 00:18:45,1125,Recovery,EV_Charger_1,394,0.295,0.9941,0.3314,239.83,155.08,70.5,0.0,70,323,0.8211
2024-01-01 00:18:45,1125,Recovery,EV_Charger_2,406,0.3555,1.2838,0.4279,193.59,165.45,64.45,0.0,64,341,0.8412
2024-01-01 00:18:46,1126,Recovery,AMI_Meter,20,0.4885,1.8749,0.625,29.35,4.98,51.15,130.0,20,0,0.0
2024-01-01 00:18:46,1126,Recovery,PMU_Sensor,62,0.2353,1.5036,0.5012,49.48,8.32,76.47,88.0,62,0,0.0
2024-01-01 00:18:46,1126,Recovery,DER_Controller,12,0.2303,0.9733,0.2433,76.84,66.62,76.97,138.0,12,0,0.0
2024-01-01 00:18:46,1126,Recovery,EV_Charger_1,400,0.3097,1.0319,0.344,239.98,155.08,69.03,0.0,69,330,0.8274
2024-01-01 00:18:46,1126,Recovery,EV_Charger_2,347,0.3415,0.9265,0.3088,193.73,165.44,65.85,0.0,65,281,0.8102
2024-01-01 00:18:47,1127,Recovery,AMI_Meter,18,0.5689,2.2699,0.7566,29.34,4.99,43.11,132.0,18,0,0.0
2024-01-01 00:18:47,1127,Recovery,PMU_Sensor,53,0.2069,0.4221,0.1407,49.49,8.32,79.31,97.0,53,0,0.0
2024-01-01 00:18:47,1127,Recovery,DER_Controller,51,0.197,0.3877,0.0969,76.82,66.59,80.3,99.0,51,0,0.0
2024-01-01 00:18:47,1127,Recovery,EV_Charger_1,382,0.3083,0.9151,0.305,240.1,155.07,69.17,0.0,69,312,0.8189
2024-01-01 00:18:47,1127,Recovery,EV_Charger_2,364,0.3419,1.0283,0.3428,193.88,165.44,65.81,0.0,65,298,0.8192
2024-01-01 00:18:48,1128,Recovery,AMI_Meter,27,0.445,0.4674,0.1558,29.33,4.99,55.5,123.0,27,0,0.0
2024-01-01 00:18:48,1128,Recovery,PMU_Sensor,35,0.3187,1.738,0.5793,49.47,8.33,68.13,115.0,35,0,0.0
2024-01-01 00:18:48,1128,Recovery,DER_Controller,46,0.1766,0.4625,0.1156,76.79,66.57,82.34,104.0,46,0,0.0
2024-01-01 00:18:48,1128,Recovery,EV_Charger_1,422,0.333,1.1718,0.3906,240.26,155.1,66.7,0.0,66,355,0.8419
2024-01-01 00:18:48,1128,Recovery,EV_Charger_2,379,0.3511,1.1178,0.3726,194.04,165.46,64.89,0.0,64,314,0.8288
2024-01-01 00:18:49,1129,Recovery,AMI_Meter,20,0.4981,1.8659,0.622,29.32,5.0,50.19,130.0,20,0,0.0
2024-01-01 00:18:49,1129,Recovery,PMU_Sensor,37,0.3726,1.4957,0.4986,49.46,8.33,62.74,113.0,37,0,0.0
2024-01-01 00:18:49,1129,Recovery,DER_Controller,31,0.1754,0.6874,0.1719,76.75,66.56,82.46,119.0,31,0,0.0
2024-01-01 00:18:49,1129,Recovery,EV_Charger_1,321,0.2851,0.5203,0.1734,240.33,155.05,71.49,0.0,71,249,0.7773
2024-01-01 00:18:49,1129,Recovery,EV_Charger_2,345,0.3369,0.9116,0.3039,194.17,165.45,66.31,0.0,66,278,0.8078
2024-01-01 00:18:50,1130,Recovery,AMI_Meter,31,0.3822,0.3351,0.1117,29.33,5.0,61.78,119.0,31,0,0.0
2024-01-01 00:18:50,1130,Recovery,PMU_Sensor,38,0.3982,1.374,0.458,49.45,8.34,60.18,112.0,38,0,0.0
2024-01-01 00:18:50,1130,Recovery,DER_Controller,47,0.1595,0.4468,0.1117,76.72,66.53,84.05,103.0,47,0,0.0
2024-01-01 00:18:50,1130,Recovery,EV_Charger_1,385,0.2928,0.9323,0.3108,240.46,155.04,70.72,0.0,70,314,0.8163
2024-01-01 00:18:50,1130,Recovery,EV_Charger_2,326,0.3155,0.7962,0.2654,194.29,165.42,68.45,0.0,68,257,0.79
2024-01-01 00:18:51,1131,Recovery,AMI_Meter,29,0.274,0.0653,0.0218,29.33,4.99,72.6,121.0,29,0,0.0
2024-01-01 00:18:51,1131,Recovery,PMU_Sensor,34,0.4638,1.8502,0.6167,49.44,8.35,53.62,116.0,34,0,0.0
2024-01-01 00:18:51,1131,Recovery,DER_Controller,36,0.1579,0.6117,0.1529,76.69,66.51,84.21,114.0,36,0,0.0
2024-01-01 00:18:51,1131,Recovery,EV_Charger_1,366,0.2859,0.8091,0.2697,240.57,155.01,71.41,0.0,71,294,0.8049
2024-01-01 00:18:51,1131,Recovery,EV_Charger_2,347,0.3131,0.9224,0.3075,194.43,165.41,68.69,0.0,68,278,0.802
2024-01-01 00:18:52,1132,Recovery,AMI_Meter,31,0.2253,0.3351,0.1117,29.33,4.99,77.47,119.0,31,0,0.0
2024-01-01 00:18:52,1132,Recovery,PMU_Sensor,51,0.3433,0.1869,0.0623,49.44,8.34,65.67,99.0,51,0,0.0
2024-01-01 00:18:52,1132,Recovery,DER_Controller,37,0.1557,0.5963,0.1491,76.65,66.49,84.43,113.0,37,0,0.0
2024-01-01 00:18:52,1132,Recovery,EV_Charger_1,373,0.2855,0.8536,0.2845,240.69,154.99,71.45,0.0,71,301,0.8084
2024-01-01 00:18:52,1132,Recovery,EV_Charger_2,371,0.3258,1.0665,0.3555,194.58,165.42,67.42,0.0,67,303,0.8183
2024-01-01 00:18:53,1133,Recovery,AMI_Meter,29,0.1643,0.0656,0.0219,29.33,4.99,83.57,121.0,29,0,0.0
2024-01-01 00:18:53,1133,Recovery,PMU_Sensor,52,0.271,0.3066,0.1022,49.44,8.34,72.9,98.0,52,0,0.0
2024-01-01 00:18:53,1133,Recovery,DER_Controller,38,0.1531,0.581,0.1452,76.62,66.48,84.69,112.0,38,0,0.0
2024-01-01 00:18:53,1133,Recovery,EV_Charger_1,344,0.2664,0.6661,0.222,240.78,154.96,73.36,0.0,73,270,0.7868
2024-01-01 00:18:53,1133,Recovery,EV_Charger_2,355,0.3249,0.9689,0.323,194.72,165.42,67.51,0.0,67,287,0.8098
2024-01-01 00:18:54,1134,Recovery,AMI_Meter,27,0.1616,0.4662,0.1554,29.33,4.99,83.84,123.0,27,0,0.0
2024-01-01 00:18:54,1134,Recovery,PMU_Sensor,53,0.2323,0.4263,0.1421,49.45,8.34,76.77,97.0,53,0,0.0
2024-01-01 00:18:54,1134,Recovery,DER_Controller,40,0.1492,0.5506,0.1376,76.59,66.45,85.08,110.0,40,0,0.0
2024-01-01 00:18:54,1134,Recovery,EV_Charger_1,353,0.2589,0.7237,0.2412,240.88,154.92,74.11,0.0,74,278,0.7901
2024-01-01 00:18:54,1134,Recovery,EV_Charger_2,328,0.308,0.8051,0.2684,194.84,165.39,69.2,0.0,69,258,0.789
2024-01-01 00:18:55,1135,Recovery,AMI_Meter,27,0.1597,0.4659,0.1553,29.32,4.99,84.03,123.0,27,0,0.0
2024-01-01 00:18:55,1135,Recovery,PMU_Sensor,36,0.3237,1.6107,0.5369,49.43,8.34,67.63,114.0,36,0,0.0
2024-01-01 00:18:55,1135,Recovery,DER_Controller,43,0.1435,0.5051,0.1263,76.56,66.43,85.65,107.0,43,0,0.0
2024-01-01 00:18:55,1135,Recovery,EV_Charger_1,368,0.2632,0.8199,0.2733,240.99,154.9,73.68,0.0,73,294,0.7998
2024-01-01 00:18:55,1135,Recovery,EV_Charger_2,363,0.3172,1.0158,0.3386,194.99,165.4,68.28,0.0,68,294,0.8119
2024-01-01 00:18:56,1136,Recovery,AMI_Meter,27,0.1584,0.4657,0.1552,29.32,4.98,84.16,123.0,27,0,0.0
2024-01-01 00:18:56,1136,Recovery,PMU_Sensor,65,0.4128,1.8624,0.6208,49.45,8.35,58.72,85.0,65,0,0.0
2024-01-01 00:18:56,1136,Recovery,DER_Controller,36,0.1457,0.6101,0.1525,76.52,66.41,85.43,114.0,36,0,0.0
2024-01-01 00:18:56,1136,Recovery,EV_Charger_1,333,0.2436,0.5936,0.1979,241.07,154.86,75.64,0.0,75,257,0.7729
2024-01-01 00:18:56,1136,Recovery,EV_Charger_2,306,0.2891,0.6708,0.2236,195.09,165.36,71.09,0.0,71,234,0.7677
2024-01-01 00:18:57,1137,Recovery,AMI_Meter,21,0.2775,1.6668,0.5556,29.31,4.99,72.25,129.0,21,0,0.0
2024-01-01 00:18:57,1137,Recovery,PMU_Sensor,62,0.4391,1.501,0.5003,49.46,8.35,56.09,79.09,62,0,0.0
2024-01-01 00:18:57,1137,Recovery,DER_Controller,53,0.1314,0.354,0.0885,76.5,66.39,86.86,97.0,53,0,0.0
2024-01-01 00:18:57,1137,Recovery,EV_Charger_1,377,0.2582,0.8771,0.2924,241.19,154.84,74.18,0.0,74,302,0.8032
2024-01-01 00:18:57,1137,Recovery,EV_Charger_2,308,0.2706,0.6824,0.2275,195.19,165.32,72.94,0.0,72,235,0.7632
2024-01-01 00:18:58,1138,Recovery,AMI_Meter,39,0.3881,1.9379,0.646,29.32,4.99,61.19,111.0,39,0,0.0
2024-01-01 00:18:58,1138,Recovery,PMU_Sensor,47,0.3368,0.2943,0.0981,49.46,8.35,66.32,98.41,47,0,0.0
2024-01-01 00:18:58,1138,Recovery,DER_Controller,37,0.1357,0.5946,0.1487,76.47,66.37,86.43,113.0,37,0,0.0
2024-01-01 00:18:58,1138,Recovery,EV_Charger_1,400,0.2832,1.0247,0.3416,241.33,154.84,71.68,0.0,71,328,0.8208
2024-01-01 00:18:58,1138,Recovery,EV_Charger_2,353,0.2848,0.9538,0.3179,195.32,165.31,71.52,0.0,71,281,0.7974
2024-01-01 00:18:59,1139,Recovery,AMI_Meter,41,0.5048,2.3318,0.7773,29.33,5.0,49.52,109.0,41,0,0.0
2024-01-01 00:18:59,1139,Recovery,PMU_Sensor,51,0.2542,0.1846,0.0615,49.46,8.35,74.58,99.0,51,0,0.0
2024-01-01 00:18:59,1139,Recovery,DER_Controller,36,0.1399,0.6093,0.1523,76.43,66.35,86.01,114.0,36,0,0.0
2024-01-01 00:18:59,1139,Recovery,EV_Charger_1,338,0.2607,0.6239,0.208,241.42,154.8,73.93,0.0,73,264,0.7813
2024-01-01 00:18:59,1139,Recovery,EV_Charger_2,277,0.2487,0.4938,0.1646,195.4,165.25,75.13,0.0,75,201,0.7288
2024-01-01 00:19:00,1140,Recovery,AMI_Meter,28,0.38,0.2662,0.0887,29.33,5.0,62.0,122.0,28,0,0.0
2024-01-01 00:19:00,1140,Recovery,PMU_Sensor,59,0.2921,1.1418,0.3806,49.47,8.35,70.79,91.0,59,0,0.0
2024-01-01 00:19:00,1140,Recovery,DER_Controller,45,0.1345,0.4734,0.1184,76.4,66.33,86.55,105.0,45,0,0.0
2024-01-01 00:19:00,1140,Recovery,EV_Charger_1,355,0.2558,0.7332,0.2444,241.52,154.77,74.42,0.0,74,280,0.7904
2024-01-01 00:19:00,1140,Recovery,EV_Charger_2,301,0.238,0.6386,0.2129,195.49,165.21,76.2,0.0,76,224,0.7468
2024-01-01 00:19:01,1141,Recovery,AMI_Meter,31,0.2993,0.3335,0.1112,29.33,5.0,70.07,119.0,31,0,0.0
2024-01-01 00:19:01,1141,Recovery,PMU_Sensor,58,0.3066,1.0211,0.3404,49.47,8.35,69.34,92.0,58,0,0.0
2024-01-01 00:19:01,1141,Recovery,DER_Controller,44,0.1314,0.4883,0.1221,76.37,66.31,86.86,106.0,44,0,0.0
2024-01-01 00:19:01,1141,Recovery,EV_Charger_1,359,0.2549,0.7586,0.2529,241.62,154.74,74.51,0.0,74,284,0.7925
2024-01-01 00:19:01,1141,Recovery,EV_Charger_2,306,0.2334,0.6685,0.2228,195.58,165.17,76.66,0.0,76,229,0.7495
2024-01-01 00:19:02,1142,Recovery,AMI_Meter,34,0.3028,0.9327,0.3109,29.34,5.0,69.72,116.0,34,0,0.0
2024-01-01 00:19:02,1142,Recovery,PMU_Sensor,24,0.5146,3.0375,1.0,49.45,8.38,48.54,116.54,24,0,0.0
2024-01-01 00:19:02,1142,Recovery,DER_Controller,43,0.13,0.5031,0.1258,76.35,66.29,87.0,107.0,43,0,0.0
2024-01-01 00:19:02,1142,Recovery,EV_Charger_1,429,0.2994,1.2096,0.4032,241.78,154.77,70.06,0.0,70,358,0.8367
2024-01-01 00:19:02,1142,Recovery,EV_Charger_2,284,0.2169,0.535,0.1783,195.66,165.12,78.31,0.0,78,205,0.7243
2024-01-01 00:19:03,1143,Recovery,AMI_Meter,28,0.2387,0.2673,0.0891,29.34,5.0,76.13,122.0,28,0,0.0
2024-01-01 00:19:03,1143,Recovery,PMU_Sensor,49,0.3656,0.054,0.018,49.45,8.38,63.44,101.0,49,0,0.0
2024-01-01 00:19:03,1143,Recovery,DER_Controller,35,0.1365,0.6234,0.1558,76.31,66.27,86.35,115.0,35,0,0.0
2024-01-01 00:19:03,1143,Recovery,EV_Charger_1,382,0.3001,0.9052,0.3017,241.9,154.76,69.99,0.0,69,312,0.8168
2024-01-01 00:19:03,1143,Recovery,EV_Charger_2,342,0.2404,0.8856,0.2952,195.79,165.1,75.96,0.0,75,266,0.7779
2024-01-01 00:19:04,1144,Recovery,AMI_Meter,30,0.1804,0.1329,0.0443,29.34,5.0,81.96,120.0,30,0,0.0
2024-01-01 00:19:04,1144,Recovery,PMU_Sensor,56,0.3341,0.7812,0.2604,49.46,8.37,66.59,94.0,56,0,0.0
2024-01-01 00:19:04,1144,Recovery,DER_Controller,40,0.1366,0.5476,0.1369,76.28,66.25,86.34,110.0,40,0,0.0
2024-01-01 00:19:04,1144,Recovery,EV_Charger_1,445,0.3411,1.3107,0.4369,242.08,154.81,65.89,0.0,65,379,0.8519
2024-01-01 00:19:04,1144,Recovery,EV_Charger_2,331,0.2501,0.8183,0.2728,195.91,165.08,74.99,0.0,74,256,0.7734
2024-01-01 00:19:05,1145,Recovery,AMI_Meter,30,0.1395,0.1328,0.0443,29.34,4.99,86.05,120.0,30,0,0.0
2024-01-01 00:19:05,1145,Recovery,PMU_Sensor,36,0.3943,1.6045,0.5348,49.45,8.38,60.57,114.0,36,0,0.0
2024-01-01 00:19:05,1145,Recovery,DER_Controller,34,0.1423,0.6378,0.1594,76.24,66.23,85.77,116.0,34,0,0.0
2024-01-01 00:19:05,1145,Recovery,EV_Charger_1,383,0.3298,0.9095,0.3032,242.21,154.8,67.02,0.0,67,315,0.825
2024-01-01 00:19:05,1145,Recovery,EV_Charger_2,285,0.229,0.5394,0.1798,195.99,165.03,77.1,0.0,77,207,0.7295
2024-01-01 00:19:06,1146,Recovery,AMI_Meter,19,0.3042,2.0655,0.6885,29.33,5.0,69.58,131.0,19,0,0.0
2024-01-01 00:19:06,1146,Recovery,PMU_Sensor,50,0.2826,0.0661,0.022,49.45,8.38,71.74,100.0,50,0,0.0
2024-01-01 00:19:06,1146,Recovery,DER_Controller,53,0.1286,0.3507,0.0877,76.22,66.21,87.14,97.0,53,0,0.0
2024-01-01 00:19:06,1146,Recovery,EV_Charger_1,349,0.2998,0.6894,0.2298,242.3,154.76,70.02,0.0,70,278,0.7994
2024-01-01 00:19:06,1146,Recovery,EV_Charger_2,314,0.2318,0.7146,0.2382,196.09,164.99,76.82,0.0,76,237,0.7553
2024-01-01 00:19:07,1147,Recovery,AMI_Meter,20,0.3991,1.8618,0.6206,29.32,5.01,60.09,130.0,20,0,0.0
2024-01-01 00:19:07,1147,Recovery,PMU_Sensor,53,0.2402,0.424,0.1413,49.45,8.37,75.98,97.0,53,0,0.0
2024-01-01 00:19:07,1147,Recovery,DER_Controller,46,0.125,0.4562,0.1141,76.19,66.18,87.5,104.0,46,0,0.0
2024-01-01 00:19:07,1147,Recovery,EV_Charger_1,293,0.2426,0.3274,0.1091,242.34,154.7,75.74,0.0,75,217,0.7415
2024-01-01 00:19:07,1147,Recovery,EV_Charger_2,357,0.2597,0.9744,0.3248,196.23,164.99,74.03,0.0,74,282,0.7926
2024-01-01 00:19:08,1148,Recovery,AMI_Meter,33,0.3529,0.7347,0.2449,29.32,5.0,64.71,117.0,33,0,0.0
2024-01-01 00:19:08,1148,Recovery,PMU_Sensor,59,0.2821,1.1394,0.3798,49.46,8.37,71.79,91.0,59,0,0.0
2024-01-01 00:19:08,1148,Recovery,DER_Controller,45,0.1232,0.4711,0.1178,76.17,66.16,87.68,105.0,45,0,0.0
2024-01-01 00:19:08,1148,Recovery,EV_Charger_1,364,0.2484,0.7858,0.2619,242.45,154.68,75.16,0.0,75,288,0.7935
2024-01-01 00:19:08,1148,Recovery,EV_Charger_2,338,0.2676,0.8586,0.2862,196.35,164.97,73.24,0.0,73,264,0.7833
2024-01-01 00:19:09,1149,Recovery,AMI_Meter,34,0.3404,0.9338,0.3113,29.33,5.0,65.96,116.0,34,0,0.0
2024-01-01 00:19:09,1149,Recovery,PMU_Sensor,35,0.3698,1.7234,0.5745,49.45,8.38,63.02,115.0,35,0,0.0
2024-01-01 00:19:09,1149,Recovery,DER_Controller,24,0.1416,0.7879,0.197,76.12,66.15,85.84,126.0,24,0,0.0
2024-01-01 00:19:09,1149,Recovery,EV_Charger_1,322,0.2253,0.514,0.1713,242.52,154.63,77.47,0.0,77,244,0.7594
2024-01-01 00:19:09,1149,Recovery,EV_Charger_2,317,0.2604,0.7308,0.2436,196.46,164.94,73.96,0.0,73,243,0.7667
2024-01-01 00:19:10,1150,Recovery,AMI_Meter,31,0.2717,0.3342,0.1114,29.33,5.0,72.83,119.0,31,0,0.0
2024-01-01 00:19:10,1150,Recovery,PMU_Sensor,52,0.2893,0.3047,0.1016,49.45,8.38,71.07,98.0,52,0,0.0
2024-01-01 00:19:10,1150,Recovery,DER_Controller,51,0.13,0.3796,0.0949,76.1,66.12,87.0,99.0,51,0,0.0
2024-01-01 00:19:10,1150,Recovery,EV_Charger_1,377,0.2446,0.869,0.2897,242.63,154.61,75.54,0.0,75,301,0.7996
2024-01-01 00:19:10,1150,Recovery,EV_Charger_2,293,0.2408,0.585,0.195,196.54,164.89,75.92,0.0,75,217,0.7409
2024-01-01 00:19:11,1151,Recovery,AMI_Meter,31,0.2236,0.334,0.1113,29.33,5.0,77.64,119.0,31,0,0.0
2024-01-01 00:19:11,1151,Recovery,PMU_Sensor,43,0.2794,0.769,0.2563,49.44,8.38,72.06,107.0,43,0,0.0
2024-01-01 00:19:11,1151,Recovery,DER_Controller,38,0.1335,0.5759,0.144,76.07,66.11,86.65,112.0,38,0,0.0
2024-01-01 00:19:11,1151,Recovery,EV_Charger_1,351,0.2413,0.7004,0.2335,242.73,154.58,75.87,0.0,75,275,0.7838
2024-01-01 00:19:11,1151,Recovery,EV_Charger_2,216,0.1804,0.118,0.0393,196.56,164.82,81.96,0.0,81,134,0.6205
2024-01-01 00:19:12,1152,Recovery,AMI_Meter,42,0.4091,2.5257,0.8419,29.34,5.01,59.09,108.0,42,0,0.0
2024-01-01 00:19:12,1152,Recovery,PMU_Sensor,54,0.25,0.5438,0.1813,49.45,8.37,75.0,96.0,54,0,0.0
2024-01-01 00:19:12,1152,Recovery,DER_Controller,34,0.1398,0.636,0.159,76.03,66.09,86.02,116.0,34,0,0.0
2024-01-01 00:19:12,1152,Recovery,EV_Charger_1,398,0.2692,1.0036,0.3345,242.86,154.58,73.08,0.0,73,324,0.8164
2024-01-01 00:19:12,1152,Recovery,EV_Charger_2,307,0.1932,0.6697,0.2232,196.65,164.78,80.68,0.0,80,226,0.7372
2024-01-01 00:19:13,1153,Recovery,AMI_Meter,30,0.2995,0.1315,0.0438,29.34,5.01,70.05,120.0,30,0,0.0
2024-01-01 00:19:13,1153,Recovery,PMU_Sensor,46,0.2161,0.4113,0.1371,49.44,8.37,78.39,104.0,46,0,0.0
2024-01-01 00:19:13,1153,Recovery,DER_Controller,56,0.1238,0.3029,0.0757,76.01,66.06,87.62,94.0,56,0,0.0
2024-01-01 00:19:13,1153,Recovery,EV_Charger_1,336,0.2487,0.6022,0.2007,242.94,154.54,75.13,0.0,75,260,0.7764
2024-01-01 00:19:13,1153,Recovery,EV_Charger_2,321,0.2107,0.7541,0.2514,196.76,164.75,78.93,0.0,78,242,0.7541
2024-01-01 00:19:14,1154,Recovery,AMI_Meter,36,0.3424,1.3274,0.4425,29.35,5.01,65.76,114.0,36,0,0.0
2024-01-01 00:19:14,1154,Recovery,PMU_Sensor,54,0.2057,0.5441,0.1814,49.45,8.37,79.43,96.0,54,0,0.0
2024-01-01 00:19:14,1154,Recovery,DER_Controller,39,0.1279,0.56,0.14,75.98,66.04,87.21,111.0,39,0,0.0
2024-01-01 00:19:14,1154,Recovery,EV_Charger_1,371,0.2569,0.828,0.276,243.05,154.51,74.31,0.0,74,296,0.7997
2024-01-01 00:19:14,1154,Recovery,EV_Charger_2,391,0.2652,1.1778,0.3926,196.93,164.78,73.48,0.0,73,317,0.8121
2024-01-01 00:19:15,1155,Recovery,AMI_Meter,31,0.2726,0.3296,0.1099,29.35,5.01,72.74,119.0,31,0,0.0
2024-01-01 00:19:15,1155,Recovery,PMU_Sensor,50,0.1506,0.0661,0.022,49.45,8.37,84.94,100.0,50,0,0.0
2024-01-01 00:19:15,1155,Recovery,DER_Controller,41,0.129,0.5294,0.1323,75.95,66.02,87.1,109.0,41,0,0.0
2024-01-01 00:19:15,1155,Recovery,EV_Charger_1,376,0.2658,0.8598,0.2866,243.17,154.5,73.42,0.0,73,302,0.8047
2024-01-01 00:19:15,1155,Recovery,EV_Charger_2,296,0.2458,0.6009,0.2003,197.02,164.73,75.42,0.0,75,220,0.7452
2024-01-01 00:19:16,1156,Recovery,AMI_Meter,28,0.2178,0.2691,0.0897,29.35,5.01,78.22,122.0,28,0,0.0
2024-01-01 00:19:16,1156,Recovery,PMU_Sensor,37,0.254,1.4859,0.4953,49.44,8.37,74.6,113.0,37,0,0.0
2024-01-01 00:19:16,1156,Recovery,DER_Controller,28,0.1421,0.7258,0.1815,75.91,66.01,85.79,122.0,28,0,0.0
2024-01-01 00:19:16,1156,Recovery,EV_Charger_1,319,0.2351,0.4906,0.1635,243.24,154.45,76.49,0.0,76,242,0.7602
2024-01-01 00:19:16,1156,Recovery,EV_Charger_2,311,0.2412,0.6915,0.2305,197.11,164.7,75.88,0.0,75,235,0.756
2024-01-01 00:19:17,1157,Recovery,AMI_Meter,38,0.3249,1.7248,0.5749,29.35,5.01,67.51,112.0,38,0,0.0
2024-01-01 00:19:17,1157,Recovery,PMU_Sensor,54,0.2323,0.5449,0.1816,49.44,8.37,76.77,96.0,54,0,0.0
2024-01-01 00:19:17,1157,Recovery,DER_Controller,30,0.15,0.6951,0.1738,75.87,65.99,85.0,120.0,30,0,0.0
2024-01-01 00:19:17,1157,Recovery,EV_Charger_1,312,0.2091,0.445,0.1483,243.29,154.39,79.09,0.0,79,232,0.7465
2024-01-01 00:19:17,1157,Recovery,EV_Charger_2,353,0.2634,0.9457,0.3152,197.25,164.69,73.66,0.0,73,279,0.7913
2024-01-01 00:19:18,1158,Recovery,AMI_Meter,35,0.34,1.1252,0.3751,29.36,5.01,66.0,115.0,35,0,0.0
2024-01-01 00:19:18,1158,Recovery,PMU_Sensor,50,0.1693,0.0669,0.0223,49.44,8.36,83.07,100.0,50,0,0.0
2024-01-01 00:19:18,1158,Recovery,DER_Controller,35,0.1512,0.6189,0.1547,75.83,65.98,84.88,115.0,35,0,0.0
2024-01-01 00:19:18,1158,Recovery,EV_Charger_1,366,0.2258,0.7942,0.2647,243.4,154.37,77.42,0.0,77,288,0.7885
2024-01-01 00:19:18,1158,Recovery,EV_Charger_2,280,0.2346,0.5022,0.1674,197.32,164.63,76.54,0.0,76,203,0.7266
2024-01-01 00:19:19,1159,Recovery,AMI_Meter,31,0.2707,0.3271,0.109,29.36,5.01,72.93,119.0,31,0,0.0
2024-01-01 00:19:19,1159,Recovery,PMU_Sensor,68,0.3398,2.2134,0.7378,49.46,8.38,66.02,82.0,68,0,0.0
2024-01-01 00:19:19,1159,Recovery,DER_Controller,42,0.1454,0.5125,0.1281,75.81,65.95,85.46,108.0,42,0,0.0
2024-01-01 00:19:19,1159,Recovery,EV_Charger_1,308,0.1999,0.4183,0.1394,243.46,154.31,80.01,0.0,80,227,0.7402
2024-01-01 00:19:19,1159,Recovery,EV_Charger_2,321,0.2393,0.7507,0.2502,197.43,164.6,76.07,0.0,76,244,0.763
2024-01-01 00:19:20,1160,Recovery,AMI_Meter,27,0.2366,0.471,0.157,29.36,5.01,76.34,123.0,27,0,0.0
2024-01-01 00:19:20,1160,Recovery,PMU_Sensor,38,0.3745,1.3659,0.4553,49.45,8.38,62.55,106.55,38,0,0.0
2024-01-01 00:19:20,1160,Recovery,DER_Controller,47,0.1364,0.4365,0.1091,75.78,65.93,86.36,103.0,47,0,0.0
2024-01-01 00:19:20,1160,Recovery,EV_Charger_1,364,0.218,0.7806,0.2602,243.56,154.29,78.2,0.0,78,285,0.7852
2024-01-01 00:19:20,1160,Recovery,EV_Charger_2,299,0.2292,0.6167,0.2056,197.51,164.56,77.08,0.0,77,221,0.7422
2024-01-01 00:19:21,1161,Recovery,AMI_Meter,28,0.1927,0.2712,0.0904,29.36,5.01,80.73,122.0,28,0,0.0
2024-01-01 00:19:21,1161,Recovery,PMU_Sensor,42,0.3509,0.8879,0.296,49.44,8.38,64.91,108.0,42,0,0.0
2024-01-01 00:19:21,1161,Recovery,DER_Controller,38,0.1381,0.5727,0.1432,75.75,65.91,86.19,112.0,38,0,0.0
2024-01-01 00:19:21,1161,Recovery,EV_Charger_1,312,0.1969,0.4434,0.1478,243.62,154.23,80.31,0.0,80,231,0.7426
2024-01-01 00:19:21,1161,Recovery,EV_Charger_2,276,0.2081,0.4767,0.1589,197.58,164.51,79.19,0.0,79,196,0.7131
2024-01-01 00:19:22,1162,Recovery,AMI_Meter,39,0.3271,1.9218,0.6406,29.37,5.01,67.29,111.0,39,0,0.0
2024-01-01 00:19:22,1162,Recovery,PMU_Sensor,53,0.2881,0.4245,0.1415,49.44,8.38,71.19,97.0,53,0,0.0
2024-01-01 00:19:22,1162,Recovery,DER_Controller,45,0.1327,0.4662,0.1166,75.72,65.89,86.73,105.0,45,0,0.0
2024-01-01 00:19:22,1162,Recovery,EV_Charger_1,354,0.2094,0.7152,0.2384,243.71,154.2,79.06,0.0,79,274,0.7767
2024-01-01 00:19:22,1162,Recovery,EV_Charger_2,329,0.2255,0.7983,0.2661,197.69,164.48,77.45,0.0,77,251,0.7646
2024-01-01 00:19:23,1163,Recovery,AMI_Meter,27,0.2761,0.4718,0.1573,29.36,5.01,72.39,123.0,27,0,0.0
2024-01-01 00:19:23,1163,Recovery,PMU_Sensor,52,0.2322,0.305,0.1017,49.45,8.37,76.78,98.0,52,0,0.0
2024-01-01 00:19:23,1163,Recovery,DER_Controller,37,0.1362,0.5873,0.1468,75.69,65.87,86.38,113.0,37,0,0.0
2024-01-01 00:19:23,1163,Recovery,EV_Charger_1,339,0.2083,0.6176,0.2059,243.8,154.16,79.17,0.0,79,259,0.7665
2024-01-01 00:19:23,1163,Recovery,EV_Charger_2,315,0.2291,0.7127,0.2376,197.8,164.44,77.09,0.0,77,237,0.7553
2024-01-01 00:19:24,1164,Recovery,AMI_Meter,28,0.2205,0.2721,0.0907,29.36,5.01,77.95,122.0,28,0,0.0
2024-01-01 00:19:24,1164,Recovery,PMU_Sensor,39,0.2871,1.2461,0.4154,49.44,8.38,71.29,111.0,39,0,0.0
2024-01-01 00:19:24,1164,Recovery,DER_Controller,41,0.1351,0.5263,0.1316,75.66,65.85,86.49,109.0,41,0,0.0
2024-01-01 00:19:24,1164,Recovery,EV_Charger_1,319,0.1946,0.4876,0.1625,243.86,154.11,80.54,0.0,80,238,0.7475
2024-01-01 00:19:24,1164,Recovery,EV_Charger_2,247,0.1903,0.2991,0.0997,197.84,164.38,80.97,0.0,80,166,0.6722
2024-01-01 00:19:25,1165,Recovery,AMI_Meter,32,0.207,0.5261,0.1754,29.37,5.01,79.3,118.0,32,0,0.0
2024-01-01 00:19:25,1165,Recovery,PMU_Sensor,57,0.2912,0.9023,0.3008,49.44,8.38,70.88,93.0,57,0,0.0
2024-01-01 00:19:25,1165,Recovery,DER_Controller,65,0.1114,0.1618,0.0404,75.65,65.82,88.86,85.0,65,0,0.0
2024-01-01 00:19:25,1165,Recovery,EV_Charger_1,312,0.1804,0.4419,0.1473,243.92,154.06,81.96,0.0,81,230,0.7373
2024-01-01 00:19:25,1165,Recovery,EV_Charger_2,286,0.1868,0.536,0.1787,197.91,164.33,81.32,0.0,81,204,0.7157
2024-01-01 00:19:26,1166,Recovery,AMI_Meter,24,0.2519,1.0704,0.3568,29.36,5.01,74.81,126.0,24,0,0.0
2024-01-01 00:19:26,1166,Recovery,PMU_Sensor,51,0.2224,0.1858,0.0619,49.44,8.37,77.76,99.0,51,0,0.0
2024-01-01 00:19:26,1166,Recovery,DER_Controller,42,0.1155,0.5109,0.1277,75.62,65.8,88.45,108.0,42,0,0.0
2024-01-01 00:19:26,1166,Recovery,EV_Charger_1,298,0.1614,0.3509,0.117,243.96,154.0,83.86,0.0,83,214,0.7186
2024-01-01 00:19:26,1166,Recovery,EV_Charger_2,296,0.1904,0.5965,0.1988,198.0,164.28,80.96,0.0,80,215,0.7265
2024-01-01 00:19:27,1167,Recovery,AMI_Meter,20,0.3629,1.8656,0.6219,29.35,5.01,63.71,130.0,20,0,0.0
2024-01-01 00:19:27,1167,Recovery,PMU_Sensor,57,0.2459,0.9018,0.3006,49.45,8.37,75.41,93.0,57,0,0.0
2024-01-01 00:19:27,1167,Recovery,DER_Controller,32,0.128,0.6625,0.1656,75.58,65.79,87.2,118.0,32,0,0.0
2024-01-01 00:19:27,1167,Recovery,EV_Charger_1,320,0.1623,0.4935,0.1645,244.03,153.95,83.77,0.0,83,236,0.7382
2024-01-01 00:19:27,1167,Recovery,EV_Charger_2,257,0.1692,0.359,0.1197,198.05,164.22,83.08,0.0,83,173,0.6767
2024-01-01 00:19:28,1168,Recovery,AMI_Meter,27,0.3009,0.4691,0.1564,29.35,5.01,69.91,123.0,27,0,0.0
2024-01-01 00:19:28,1168,Recovery,PMU_Sensor,47,0.2014,0.2927,0.0976,49.45,8.37,79.86,103.0,47,0,0.0
2024-01-01 00:19:28,1168,Recovery,DER_Controller,39,0.1308,0.5558,0.1389,75.55,65.77,86.92,111.0,39,0,0.0
2024-01-01 00:19:28,1168,Recovery,EV_Charger_1,335,0.1727,0.5906,0.1969,244.11,153.91,82.73,0.0,82,252,0.753
2024-01-01 00:19:28,1168,Recovery,EV_Charger_2,342,0.206,0.8759,0.292,198.17,164.21,79.4,0.0,79,262,0.7678
2024-01-01 00:19:29,1169,Recovery,AMI_Meter,33,0.2834,0.7277,0.2426,29.35,5.01,71.66,117.0,33,0,0.0
2024-01-01 00:19:29,1169,Recovery,PMU_Sensor,57,0.2311,0.9017,0.3006,49.46,8.37,76.89,93.0,57,0,0.0
2024-01-01 00:19:29,1169,Recovery,DER_Controller,54,0.1185,0.3275,0.0819,75.53,65.74,88.15,96.0,54,0,0.0
2024-01-01 00:19:29,1169,Recovery,EV_Charger_1,336,0.1805,0.5967,0.1989,244.19,153.86,81.95,0.0,81,254,0.7561
2024-01-01 00:19:29,1169,Recovery,EV_Charger_2,296,0.2038,0.5954,0.1985,198.25,164.16,79.62,0.0,79,216,0.731
2024-01-01 00:19:30,1170,Recovery,AMI_Meter,35,0.311,1.1257,0.3752,29.36,5.01,68.9,115.0,35,0,0.0
2024-01-01 00:19:30,1170,Recovery,PMU_Sensor,58,0.2638,1.0203,0.3401,49.46,8.37,73.62,92.0,58,0,0.0
2024-01-01 00:19:30,1170,Recovery,DER_Controller,46,0.117,0.449,0.1122,75.51,65.72,88.3,104.0,46,0,0.0
2024-01-01 00:19:30,1170,Recovery,EV_Charger_1,274,0.1457,0.1937,0.0646,244.21,153.8,85.43,0.0,85,188,0.6882
2024-01-01 00:19:30,1170,Recovery,EV_Charger_2,271,0.1869,0.4429,0.1476,198.32,164.11,81.31,0.0,81,189,0.7
2024-01-01 00:19:31,1171,Recovery,AMI_Meter,28,0.2448,0.271,0.0903,29.36,5.01,75.52,122.0,28,0,0.0
2024-01-01 00:19:31,1171,Recovery,PMU_Sensor,56,0.2628,0.7807,0.2602,49.47,8.37,73.72,94.0,56,0,0.0
2024-01-01 00:19:31,1171,Recovery,DER_Controller,39,0.1224,0.5552,0.1388,75.48,65.7,87.76,111.0,39,0,0.0
2024-01-01 00:19:31,1171,Recovery,EV_Charger_1,351,0.1714,0.6939,0.2313,244.3,153.77,82.86,0.0,82,268,0.7639
2024-01-01 00:19:31,1171,Recovery,EV_Charger_2,335,0.2141,0.8323,0.2774,198.43,164.08,78.59,0.0,78,256,0.7654
2024-01-01 00:19:32,1172,Recovery,AMI_Meter,35,0.2839,1.1253,0.3751,29.36,5.01,71.61,115.0,35,0,0.0
2024-01-01 00:19:32,1172,Recovery,PMU_Sensor,59,0.2978,1.1382,0.3794,49.48,8.37,70.22,91.0,59,0,0.0
2024-01-01 00:19:32,1172,Recovery,DER_Controller,29,0.136,0.7069,0.1767,75.44,65.69,86.4,121.0,29,0,0.0
2024-01-01 00:19:32,1172,Recovery,EV_Charger_1,330,0.1757,0.557,0.1857,244.38,153.72,82.43,0.0,82,247,0.7502
2024-01-01 00:19:32,1172,Recovery,EV_Charger_2,276,0.1971,0.4725,0.1575,198.5,164.03,80.29,0.0,80,195,0.7091
2024-01-01 00:19:33,1173,Recovery,AMI_Meter,21,0.3654,1.6665,0.5555,29.36,5.01,63.46,129.0,21,0,0.0
2024-01-01 00:19:33,1173,Recovery,PMU_Sensor,47,0.238,0.2959,0.0986,49.47,8.36,76.2,103.0,47,0,0.0
2024-01-01 00:19:33,1173,Recovery,DER_Controller,53,0.1233,0.3414,0.0854,75.42,65.66,87.67,97.0,53,0,0.0
2024-01-01 00:19:33,1173,Recovery,EV_Charger_1,328,0.1774,0.5437,0.1812,244.45,153.68,82.26,0.0,82,245,0.7492
2024-01-01 00:19:33,1173,Recovery,EV_Charger_2,353,0.2321,0.9411,0.3137,198.63,164.02,76.79,0.0,76,276,0.7825
2024-01-01 00:19:34,1174,Recovery,AMI_Meter,30,0.2686,0.1286,0.0429,29.36,5.01,73.14,120.0,30,0,0.0
2024-01-01 00:19:34,1174,Recovery,PMU_Sensor,69,0.3994,2.3282,0.7761,49.49,8.38,60.06,81.0,69,0,0.0
2024-01-01 00:19:34,1174,Recovery,DER_Controller,41,0.1252,0.5239,0.131,75.39,65.64,87.48,109.0,41,0,0.0
2024-01-01 00:19:34,1174,Recovery,EV_Charger_1,313,0.1687,0.4459,0.1486,244.51,153.62,83.13,0.0,83,229,0.7344
2024-01-01 00:19:34,1174,Recovery,EV_Charger_2,253,0.1956,0.3313,0.1104,198.68,163.96,80.44,0.0,80,172,0.6821
2024-01-01 00:19:35,1175,Recovery,AMI_Meter,35,0.3005,1.1252,0.3751,29.36,5.01,69.95,115.0,35,0,0.0
2024-01-01 00:19:35,1175,Recovery,PMU_Sensor,45,0.3332,0.5357,0.1786,49.49,8.38,66.68,102.68,45,0,0.0
2024-01-01 00:19:35,1175,Recovery,DER_Controller,33,0.1343,0.6454,0.1613,75.35,65.63,86.57,117.0,33,0,0.0
2024-01-01 00:19:35,1175,Recovery,EV_Charger_1,350,0.1867,0.6863,0.2288,244.6,153.59,81.33,0.0,81,268,0.7676
2024-01-01 00:19:35,1175,Recovery,EV_Charger_2,325,0.2139,0.7699,0.2566,198.78,163.93,78.61,0.0,78,246,0.7581
2024-01-01 00:19:36,1176,Recovery,AMI_Meter,35,0.3228,1.1241,0.3747,29.37,5.01,67.72,115.0,35,0,0.0
2024-01-01 00:19:36,1176,Recovery,PMU_Sensor,47,0.2629,0.2968,0.0989,49.49,8.37,73.71,103.0,47,0,0.0
2024-01-01 00:19:36,1176,Recovery,DER_Controller,39,0.1353,0.5536,0.1384,75.32,65.61,86.47,111.0,39,0,0.0
2024-01-01 00:19:36,1176,Recovery,EV_Charger_1,308,0.172,0.4126,0.1375,244.65,153.53,82.8,0.0,82,225,0.7312
2024-01-01 00:19:36,1176,Recovery,EV_Charger_2,313,0.2194,0.6963,0.2321,198.88,163.9,78.06,0.0,78,234,0.7506
2024-01-01 00:19:37,1177,Recovery,AMI_Meter,37,0.378,1.5209,0.507,29.37,5.02,62.2,113.0,37,0,0.0
2024-01-01 00:19:37,1177,Recovery,PMU_Sensor,52,0.214,0.3002,0.1001,49.49,8.37,78.6,98.0,52,0,0.0
2024-01-01 00:19:37,1177,Recovery,DER_Controller,59,0.117,0.2487,0.0622,75.31,65.58,88.3,91.0,59,0,0.0
2024-01-01 00:19:37,1177,Recovery,EV_Charger_1,336,0.1799,0.5946,0.1982,244.73,153.49,82.01,0.0,82,253,0.7559
2024-01-01 00:19:37,1177,Recovery,EV_Charger_2,281,0.2036,0.5008,0.1669,198.95,163.84,79.64,0.0,79,201,0.7166
2024-01-01 00:19:38,1178,Recovery,AMI_Meter,34,0.3568,0.9221,0.3074,29.38,5.02,64.32,116.0,34,0,0.0
2024-01-01 00:19:38,1178,Recovery,PMU_Sensor,63,0.311,1.6119,0.5373,49.5,8.38,68.9,87.0,63,0,0.0
2024-01-01 00:19:38,1178,Recovery,DER_Controller,59,0.1033,0.2486,0.0621,75.29,65.55,89.67,91.0,59,0,0.0
2024-01-01 00:19:38,1178,Recovery,EV_Charger_1,343,0.1899,0.6399,0.2133,244.81,153.45,81.01,0.0,81,261,0.7638
2024-01-01 00:19:38,1178,Recovery,EV_Charger_2,288,0.1969,0.5432,0.1811,199.03,163.79,80.31,0.0,80,207,0.7211
2024-01-01 00:19:39,1179,Recovery,AMI_Meter,28,0.2772,0.2742,0.0914,29.37,5.01,72.28,122.0,28,0,0.0
2024-01-01 00:19:39,1179,Recovery,PMU_Sensor,54,0.2714,0.5371,0.179,49.5,8.37,72.86,96.0,54,0,0.0
2024-01-01 00:19:39,1179,Recovery,DER_Controller,56,0.0959,0.2942,0.0735,75.28,65.53,90.41,94.0,56,0,0.0
2024-01-01 00:19:39,1179,Recovery,EV_Charger_1,320,0.1819,0.4897,0.1632,244.87,153.4,81.81,0.0,81,238,0.7443
2024-01-01 00:19:39,1179,Recovery,EV_Charger_2,299,0.1988,0.61,0.2033,199.11,163.75,80.12,0.0,80,218,0.732
2024-01-01 00:19:40,1180,Recovery,AMI_Meter,30,0.2065,0.1247,0.0416,29.38,5.01,79.35,120.0,30,0,0.0
2024-01-01 00:19:40,1180,Recovery,PMU_Sensor,47,0.2199,0.2987,0.0996,49.5,8.37,78.01,103.0,47,0,0.0
2024-01-01 00:19:40,1180,Recovery,DER_Controller,38,0.1074,0.5686,0.1421,75.25,65.51,89.26,112.0,38,0,0.0
2024-01-01 00:19:40,1180,Recovery,EV_Charger_1,309,0.1691,0.4178,0.1393,244.93,153.35,83.09,0.0,83,225,0.7311
2024-01-01 00:19:40,1180,Recovery,EV_Charger_2,336,0.2227,0.8354,0.2785,199.23,163.73,77.73,0.0,77,258,0.7687
2024-01-01 00:19:41,1181,Recovery,AMI_Meter,28,0.172,0.2743,0.0914,29.37,5.01,82.8,122.0,28,0,0.0
2024-01-01 00:19:41,1181,Recovery,PMU_Sensor,50,0.1599,0.0597,0.0199,49.5,8.37,84.01,100.0,50,0,0.0
2024-01-01 00:19:41,1181,Recovery,DER_Controller,31,0.1228,0.675,0.1688,75.21,65.49,87.72,119.0,31,0,0.0
2024-01-01 00:19:41,1181,Recovery,EV_Charger_1,326,0.1712,0.5284,0.1761,245.0,153.3,82.88,0.0,82,243,0.7458
2024-01-01 00:19:41,1181,Recovery,EV_Charger_2,324,0.232,0.7616,0.2539,199.33,163.7,76.8,0.0,76,247,0.763
2024-01-01 00:19:42,1182,Recovery,AMI_Meter,38,0.2923,1.7192,0.5731,29.38,5.01,70.77,112.0,38,0,0.0
2024-01-01 00:19:42,1182,Recovery,PMU_Sensor,51,0.1298,0.1791,0.0597,49.5,8.36,87.02,99.0,51,0,0.0
2024-01-01 00:19:42,1182,Recovery,DER_Controller,45,0.1209,0.461,0.1153,75.18,65.47,87.91,105.0,45,0,0.0
2024-01-01 00:19:42,1182,Recovery,EV_Charger_1,298,0.1544,0.3456,0.1152,245.04,153.25,84.56,0.0,84,213,0.7162
2024-01-01 00:19:42,1182,Recovery,EV_Charger_2,298,0.2227,0.6024,0.2008,199.42,163.66,77.73,0.0,77,220,0.7392
2024-01-01 00:19:43,1183,Recovery,AMI_Meter,31,0.2369,0.3227,0.1076,29.38,5.01,76.31,119.0,31,0,0.0
2024-01-01 00:19:43,1183,Recovery,PMU_Sensor,50,0.0968,0.0595,0.0198,49.5,8.36,90.32,100.0,50,0,0.0
2024-01-01 00:19:43,1183,Recovery,DER_Controller,41,0.1233,0.5218,0.1305,75.15,65.45,87.67,109.0,41,0,0.0
2024-01-01 00:19:43,1183,Recovery,EV_Charger_1,315,0.1537,0.4563,0.1521,245.1,153.2,84.63,0.0,84,230,0.7313
2024-01-01 00:19:43,1183,Recovery,EV_Charger_2,272,0.2002,0.4433,0.1478,199.48,163.6,79.98,0.0,79,192,0.706
2024-01-01 00:19:44,1184,Recovery,AMI_Meter,28,0.1934,0.2758,0.0919,29.38,5.01,80.66,122.0,28,0,0.0
2024-01-01 00:19:44,1184,Recovery,PMU_Sensor,63,0.229,1.6121,0.5374,49.51,8.37,77.1,87.0,63,0,0.0
2024-01-01 00:19:44,1184,Recovery,DER_Controller,67,0.1002,0.1245,0.0311,75.15,65.43,89.98,83.0,67,0,0.0
2024-01-01 00:19:44,1184,Recovery,EV_Charger_1,264,0.1199,0.1233,0.0411,245.12,153.13,88.01,0.0,88,175,0.6666
2024-01-01 00:19:44,1184,Recovery,EV_Charger_2,242,0.1661,0.2598,0.0866,199.51,163.54,83.39,0.0,83,158,0.6554
2024-01-01 00:19:45,1185,Recovery,AMI_Meter,25,0.2228,0.874,0.2913,29.38,5.01,77.72,125.0,25,0,0.0
2024-01-01 00:19:45,1185,Recovery,PMU_Sensor,49,0.1664,0.0614,0.0205,49.51,8.36,83.36,101.0,49,0,0.0
2024-01-01 00:19:45,1185,Recovery,DER_Controller,48,0.1011,0.4147,0.1037,75.12,65.4,89.89,102.0,48,0,0.0
2024-01-01 00:19:45,1185,Recovery,EV_Charger_1,317,0.1309,0.4692,0.1564,245.18,153.08,86.91,0.0,86,230,0.7258
2024-01-01 00:19:45,1185,Recovery,EV_Charger_2,284,0.1679,0.5163,0.1721,199.59,163.49,83.21,0.0,83,200,0.707
2024-01-01 00:19:46,1186,Recovery,AMI_Meter,32,0.2083,0.5232,0.1744,29.38,5.01,79.17,118.0,32,0,0.0
2024-01-01 00:19:46,1186,Recovery,PMU_Sensor,44,0.1824,0.659,0.2197,49.51,8.36,81.76,106.0,44,0,0.0
2024-01-01 00:19:46,1186,Recovery,DER_Controller,37,0.1122,0.5826,0.1456,75.09,65.38,88.78,113.0,37,0,0.0
2024-01-01 00:19:46,1186,Recovery,EV_Charger_1,297,0.1254,0.3384,0.1128,245.22,153.02,87.46,0.0,87,209,0.7055
2024-01-01 00:19:46,1186,Recovery,EV_Charger_2,230,0.1361,0.186,0.062,199.61,163.42,86.39,0.0,86,143,0.6244
2024-01-01 00:19:47,1187,Recovery,AMI_Meter,24,0.2531,1.0734,0.3578,29.38,5.01,74.69,126.0,24,0,0.0
2024-01-01 00:19:47,1187,Recovery,PMU_Sensor,41,0.2294,1.0169,0.339,49.5,8.36,77.06,109.0,41,0,0.0
2024-01-01 00:19:47,1187,Recovery,DER_Controller,47,0.111,0.4294,0.1074,75.07,65.36,88.9,103.0,47,0,0.0
2024-01-01 00:19:47,1187,Recovery,EV_Charger_1,304,0.1262,0.3839,0.128,245.27,152.97,87.38,0.0,87,216,0.7126
2024-01-01 00:19:47,1187,Recovery,EV_Charger_2,295,0.1536,0.5834,0.1945,199.69,163.37,84.64,0.0,84,210,0.7131
2024-01-01 00:19:48,1188,Recovery,AMI_Meter,20,0.3641,1.8687,0.6229,29.37,5.01,63.59,130.0,20,0,0.0
2024-01-01 00:19:48,1188,Recovery,PMU_Sensor,38,0.298,1.3741,0.458,49.49,8.36,70.2,112.0,38,0,0.0
2024-01-01 00:19:48,1188,Recovery,DER_Controller,46,0.111,0.4445,0.1111,75.04,65.34,88.9,104.0,46,0,0.0
2024-01-01 00:19:48,1188,Recovery,EV_Charger_1,212,0.1101,0.2174,0.0725,245.24,152.91,88.99,0.0,88,123,0.5802
2024-01-01 00:19:48,1188,Recovery,EV_Charger_2,312,0.1762,0.687,0.229,199.79,163.34,82.38,0.0,82,229,0.736
2024-01-01 00:19:49,1189,Recovery,AMI_Meter,20,0.4414,1.8651,0.6217,29.36,5.02,55.86,130.0,20,0,0.0
2024-01-01 00:19:49,1189,Recovery,PMU_Sensor,56,0.2863,0.7776,0.2592,49.5,8.36,71.37,94.0,56,0,0.0
2024-01-01 00:19:49,1189,Recovery,DER_Controller,31,0.1254,0.6737,0.1684,75.01,65.32,87.46,119.0,31,0,0.0
2024-01-01 00:19:49,1189,Recovery,EV_Charger_1,326,0.1298,0.5279,0.176,245.31,152.86,87.02,0.0,87,238,0.7331
2024-01-01 00:19:49,1189,Recovery,EV_Charger_2,370,0.2275,1.0412,0.3471,199.93,163.34,77.25,0.0,77,292,0.7912
2024-01-01 00:19:50,1190,Recovery,AMI_Meter,18,0.5347,2.2579,0.7526,29.35,5.03,46.53,132.0,18,0,0.0
2024-01-01 00:19:50,1190,Recovery,PMU_Sensor,55,0.2662,0.6577,0.2192,49.5,8.36,73.38,95.0,55,0,0.0
2024-01-01 00:19:50,1190,Recovery,DER_Controller,21,0.1457,0.8262,0.2065,74.96,65.32,85.43,129.0,21,0,0.0
2024-01-01 00:19:50,1190,Recovery,EV_Charger_1,306,0.1306,0.3968,0.1323,245.36,152.81,86.94,0.0,86,219,0.7159
2024-01-01 00:19:50,1190,Recovery,EV_Charger_2,267,0.2003,0.4104,0.1368,199.98,163.29,79.97,0.0,79,187,0.7005
2024-01-01 00:19:51,1191,Recovery,AMI_Meter,30,0.3872,0.1292,0.0431,29.35,5.02,61.28,120.0,30,0,0.0
2024-01-01 00:19:51,1191,Recovery,PMU_Sensor,42,0.276,0.8967,0.2989,49.5,8.36,72.4,108.0,42,0,0.0
2024-01-01 00:19:51,1191,Recovery,DER_Controller,47,0.136,0.4279,0.107,74.94,65.29,86.4,103.0,47,0,0.0
2024-01-01 00:19:51,1191,Recovery,EV_Charger_1,248,0.0931,0.0173,0.0058,245.36,152.74,90.69,0.0,90,157,0.6343
2024-01-01 00:19:51,1191,Recovery,EV_Charger_2,309,0.2069,0.6672,0.2224,200.08,163.25,79.31,0.0,79,229,0.7433
2024-01-01 00:19:52,1192,Recovery,AMI_Meter,27,0.3178,0.4676,0.1559,29.35,5.02,68.22,123.0,27,0,0.0
2024-01-01 00:19:52,1192,Recovery,PMU_Sensor,38,0.3306,1.3736,0.4579,49.49,8.36,66.94,112.0,38,0,0.0
2024-01-01 00:19:52,1192,Recovery,DER_Controller,55,0.1211,0.3052,0.0763,74.92,65.27,87.89,95.0,55,0,0.0
2024-01-01 00:19:52,1192,Recovery,EV_Charger_1,288,0.0931,0.279,0.093,245.4,152.68,90.69,0.0,90,197,0.6851
2024-01-01 00:19:52,1192,Recovery,EV_Charger_2,328,0.2232,0.7831,0.261,200.18,163.22,77.68,0.0,77,250,0.7632
2024-01-01 00:19:53,1193,Recovery,AMI_Meter,36,0.3547,1.3226,0.4409,29.35,5.02,64.53,114.0,36,0,0.0
2024-01-01 00:19:53,1193,Recovery,PMU_Sensor,43,0.3089,0.7751,0.2584,49.48,8.36,69.11,107.0,43,0,0.0
2024-01-01 00:19:53,1193,Recovery,DER_Controller,39,0.1252,0.5501,0.1375,74.89,65.25,87.48,111.0,39,0,0.0
2024-01-01 00:19:53,1193,Recovery,EV_Charger_1,293,0.0963,0.3116,0.1039,245.44,152.63,90.37,0.0,90,202,0.6916
2024-01-01 00:19:53,1193,Recovery,EV_Charger_2,315,0.2265,0.703,0.2343,200.28,163.19,77.35,0.0,77,237,0.7544
2024-01-01 00:19:54,1194,Recovery,AMI_Meter,32,0.3009,0.5263,0.1754,29.36,5.02,69.91,118.0,32,0,0.0
2024-01-01 00:19:54,1194,Recovery,PMU_Sensor,51,0.2344,0.1816,0.0605,49.48,8.36,76.56,99.0,51,0,0.0
2024-01-01 00:19:54,1194,Recovery,DER_Controller,38,0.1292,0.5651,0.1413,74.86,65.23,87.08,112.0,38,0,0.0
2024-01-01 00:19:54,1194,Recovery,EV_Charger_1,286,0.094,0.2656,0.0885,245.47,152.57,90.6,0.0,90,195,0.6832
2024-01-01 00:19:54,1194,Recovery,EV_Charger_2,307,0.2239,0.6536,0.2179,200.37,163.15,77.61,0.0,77,229,0.7472
2024-01-01 00:19:55,1195,Recovery,AMI_Meter,30,0.2235,0.1281,0.0427,29.36,5.02,77.65,120.0,30,0,0.0
2024-01-01 00:19:55,1195,Recovery,PMU_Sensor,46,0.2057,0.4164,0.1388,49.48,8.35,79.43,104.0,46,0,0.0
2024-01-01 00:19:55,1195,Recovery,DER_Controller,34,0.136,0.626,0.1565,74.83,65.21,86.4,116.0,34,0,0.0
2024-01-01 00:19:55,1195,Recovery,EV_Charger_1,270,0.0819,0.1607,0.0536,245.49,152.5,91.81,0.0,91,178,0.6599
2024-01-01 00:19:55,1195,Recovery,EV_Charger_2,225,0.1718,0.1509,0.0503,200.39,163.08,82.82,0.0,82,142,0.6319
2024-01-01 00:19:56,1196,Recovery,AMI_Meter,26,0.2232,0.6682,0.2227,29.35,5.02,77.68,124.0,26,0,0.0
2024-01-01 00:19:56,1196,Recovery,PMU_Sensor,61,0.2817,1.3773,0.4591,49.49,8.36,71.83,89.0,61,0,0.0
2024-01-01 00:19:56,1196,Recovery,DER_Controller,37,0.1383,0.5797,0.1449,74.8,65.2,86.17,113.0,37,0,0.0
2024-01-01 00:19:56,1196,Recovery,EV_Charger_1,307,0.0976,0.4031,0.1344,245.54,152.45,90.24,0.0,90,216,0.7061
2024-01-01 00:19:56,1196,Recovery,EV_Charger_2,192,0.1254,0.0514,0.0171,200.38,163.01,87.46,0.0,87,104,0.5445
2024-01-01 00:19:57,1197,Recovery,AMI_Meter,32,0.2089,0.5268,0.1756,29.36,5.02,79.11,118.0,32,0,0.0
2024-01-01 00:19:57,1197,Recovery,PMU_Sensor,48,0.215,0.178,0.0593,49.49,8.35,78.5,102.0,48,0,0.0
2024-01-01 00:19:57,1197,Recovery,DER_Controller,35,0.1418,0.61,0.1525,74.76,65.18,85.82,115.0,35,0,0.0
2024-01-01 00:19:57,1197,Recovery,EV_Charger_1,290,0.0975,0.2915,0.0972,245.58,152.39,90.25,0.0,90,199,0.6888
2024-01-01 00:19:57,1197,Recovery,EV_Charger_2,250,0.1182,0.3042,0.1014,200.42,162.95,88.18,0.0,88,161,0.6473
2024-01-01 00:19:58,1198,Recovery,AMI_Meter,19,0.3522,2.0591,0.6864,29.35,5.03,64.78,131.0,19,0,0.0
2024-01-01 00:19:58,1198,Recovery,PMU_Sensor,57,0.2404,0.8986,0.2995,49.49,8.35,75.96,93.0,57,0,0.0
2024-01-01 00:19:58,1198,Recovery,DER_Controller,42,0.1378,0.5024,0.1256,74.73,65.16,86.22,108.0,42,0,0.0
2024-01-01 00:19:58,1198,Recovery,EV_Charger_1,274,0.0869,0.1864,0.0621,245.61,152.33,91.31,0.0,91,182,0.6667
2024-01-01 00:19:58,1198,Recovery,EV_Charger_2,235,0.104,0.2121,0.0707,200.45,162.89,89.6,0.0,89,145,0.6187
2024-01-01 00:19:59,1199,Recovery,AMI_Meter,22,0.3925,1.4602,0.4867,29.34,5.03,60.75,128.0,22,0,0.0
2024-01-01 00:19:59,1199,Recovery,PMU_Sensor,51,0.1863,0.1802,0.0601,49.49,8.35,81.37,99.0,51,0,0.0
2024-01-01 00:19:59,1199,Recovery,DER_Controller,56,0.1213,0.2874,0.0718,74.72,65.13,87.87,94.0,56,0,0.0
2024-01-01 00:19:59,1199,Recovery,EV_Charger_1,288,0.0886,0.2782,0.0927,245.64,152.27,91.14,0.0,91,196,0.6836
2024-01-01 00:19:59,1199,Recovery,EV_Charger_2,221,0.0854,0.1261,0.042,200.47,162.82,91.46,0.0,91,129,0.5861
2024-01-01 00:20:00,1200,Recovery,AMI_Meter,31,0.3078,0.3297,0.1099,29.34,5.03,69.22,119.0,31,0,0.0
2024-01-01 00:20:00,1200,Recovery,PMU_Sensor,49,0.1363,0.0593,0.0198,49.49,8.35,86.37,101.0,49,0,0.0
2024-01-01 00:20:00,1200,Recovery,DER_Controller,48,0.1166,0.41,0.1025,74.7,65.11,88.34,102.0,48,0,0.0
2024-01-01 00:20:00,1200,Recovery,EV_Charger_1,299,0.0971,0.3503,0.1168,245.69,152.22,90.29,0.0,90,208,0.698
2024-01-01 00:20:00,1200,Recovery,EV_Charger_2,172,0.0772,0.1748,0.0583,200.45,162.75,92.28,0.0,92,79,0.4635
2024-01-01 00:20:01,1201,Recovery,AMI_Meter,32,0.2683,0.5284,0.1761,29.35,5.02,73.17,118.0,32,0,0.0
2024-01-01 00:20:01,1201,Recovery,PMU_Sensor,41,0.1971,1.0168,0.3389,49.49,8.35,80.29,109.0,41,0,0.0
2024-01-01 00:20:01,1201,Recovery,DER_Controller,25,0.1351,0.7628,0.1907,74.66,65.1,86.49,125.0,25,0,0.0
2024-01-01 00:20:01,1201,Recovery,EV_Charger_1,274,0.0865,0.1859,0.062,245.71,152.16,91.35,0.0,91,182,0.6666
2024-01-01 00:20:01,1201,Recovery,EV_Charger_2,272,0.098,0.4394,0.1465,200.51,162.7,90.2,0.0,90,181,0.6684
2024-01-01 00:20:02,1202,Recovery,AMI_Meter,21,0.3536,1.6584,0.5528,29.34,5.03,64.64,129.0,21,0,0.0
2024-01-01 00:20:02,1202,Recovery,PMU_Sensor,55,0.204,0.66,0.22,49.49,8.35,79.6,95.0,55,0,0.0
2024-01-01 00:20:02,1202,Recovery,DER_Controller,47,0.1279,0.4246,0.1062,74.63,65.08,87.21,103.0,47,0,0.0
2024-01-01 00:20:02,1202,Recovery,EV_Charger_1,280,0.0831,0.2253,0.0751,245.74,152.1,91.69,0.0,91,188,0.6725
2024-01-01 00:20:02,1202,Recovery,EV_Charger_2,233,0.0886,0.1996,0.0665,200.53,162.63,91.14,0.0,91,141,0.6088
2024-01-01 00:20:03,1203,Recovery,AMI_Meter,25,0.3338,0.8622,0.2874,29.33,5.03,66.62,125.0,25,0,0.0
2024-01-01 00:20:03,1203,Recovery,PMU_Sensor,58,0.2447,1.0187,0.3396,49.5,8.35,75.53,92.0,58,0,0.0
2024-01-01 00:20:03,1203,Recovery,DER_Controller,24,0.1445,0.7775,0.1944,74.59,65.07,85.55,126.0,24,0,0.0
2024-01-01 00:20:03,1203,Recovery,EV_Charger_1,309,0.0997,0.4157,0.1386,245.79,152.04,90.03,0.0,90,218,0.7087
2024-01-01 00:20:03,1203,Recovery,EV_Charger_2,253,0.0942,0.3225,0.1075,200.58,162.57,90.58,0.0,90,162,0.642
2024-01-01 00:20:04,1204,Recovery,AMI_Meter,29,0.2403,0.0666,0.0222,29.33,5.03,75.97,121.0,29,0,0.0
2024-01-01 00:20:04,1204,Recovery,PMU_Sensor,36,0.3328,1.6152,0.5384,49.49,8.35,66.72,114.0,36,0,0.0
2024-01-01 00:20:04,1204,Recovery,DER_Controller,38,0.1435,0.562,0.1405,74.56,65.05,85.65,112.0,38,0,0.0
2024-01-01 00:20:04,1204,Recovery,EV_Charger_1,294,0.1015,0.3169,0.1056,245.83,151.99,89.85,0.0,89,204,0.6944
2024-01-01 00:20:04,1204,Recovery,EV_Charger_2,217,0.0761,0.101,0.0337,200.59,162.51,92.39,0.0,92,124,0.5742
2024-01-01 00:20:05,1205,Recovery,AMI_Meter,32,0.2212,0.5301,0.1767,29.34,5.02,77.88,118.0,32,0,0.0
2024-01-01 00:20:05,1205,Recovery,PMU_Sensor,50,0.2391,0.0613,0.0204,49.49,8.35,76.09,100.0,50,0,0.0
2024-01-01 00:20:05,1205,Recovery,DER_Controller,33,0.1475,0.6385,0.1596,74.53,65.03,85.25,117.0,33,0,0.0
2024-01-01 00:20:05,1205,Recovery,EV_Charger_1,300,0.1067,0.3562,0.1187,245.87,151.93,89.33,0.0,89,210,0.7022
2024-01-01 00:20:05,1205,Recovery,EV_Charger_2,189,0.0604,0.0713,0.0238,200.58,162.44,93.96,0.0,93,95,0.5028
2024-01-01 00:20:06,1206,Recovery,AMI_Meter,31,0.1879,0.3309,0.1103,29.34,5.02,81.21,119.0,31,0,0.0
2024-01-01 00:20:06,1206,Recovery,PMU_Sensor,62,0.317,1.4969,0.499,49.5,8.35,68.3,88.0,62,0,0.0
2024-01-01 00:20:06,1206,Recovery,DER_Controller,54,0.1304,0.3155,0.0789,74.51,65.01,86.96,96.0,54,0,0.0
2024-01-01 00:20:06,1206,Recovery,EV_Charger_1,285,0.1004,0.2574,0.0858,245.91,151.87,89.96,0.0,89,195,0.6844
2024-01-01 00:20:06,1206,Recovery,EV_Charger_2,245,0.0696,0.2733,0.0911,200.62,162.38,93.04,0.0,93,151,0.6202
2024-01-01 00:20:07,1207,Recovery,AMI_Meter,26,0.198,0.6643,0.2214,29.34,5.02,80.2,124.0,26,0,0.0
2024-01-01 00:20:07,1207,Recovery,PMU_Sensor,47,0.2518,0.2991,0.0997,49.5,8.35,74.82,103.0,47,0,0.0
2024-01-01 00:20:07,1207,Recovery,DER_Controller,45,0.1261,0.4537,0.1134,74.48,64.99,87.39,105.0,45,0,0.0
2024-01-01 00:20:07,1207,Recovery,EV_Charger_1,248,0.0717,0.0138,0.0046,245.91,151.81,92.83,0.0,92,155,0.6257
2024-01-01 00:20:07,1207,Recovery,EV_Charger_2,276,0.0951,0.464,0.1547,200.68,162.32,90.49,0.0,90,185,0.6721
2024-01-01 00:20:08,1208,Recovery,AMI_Meter,40,0.3505,2.1193,0.7064,29.34,5.03,64.95,110.0,40,0,0.0
2024-01-01 00:20:08,1208,Recovery,PMU_Sensor,49,0.1822,0.0595,0.0198,49.5,8.35,81.78,101.0,49,0,0.0
2024-01-01 00:20:08,1208,Recovery,DER_Controller,26,0.1412,0.7456,0.1864,74.44,64.98,85.88,124.0,26,0,0.0
2024-01-01 00:20:08,1208,Recovery,EV_Charger_1,230,0.0606,0.1048,0.0349,245.9,151.75,93.94,0.0,93,136,0.5916
2024-01-01 00:20:08,1208,Recovery,EV_Charger_2,275,0.1123,0.4576,0.1525,200.74,162.27,88.77,0.0,88,186,0.6772
2024-01-01 00:20:09,1209,Recovery,AMI_Meter,29,0.2522,0.0684,0.0228,29.34,5.03,74.78,121.0,29,0,0.0
2024-01-01 00:20:09,1209,Recovery,PMU_Sensor,57,0.2174,0.8985,0.2995,49.5,8.34,78.26,93.0,57,0,0.0
2024-01-01 00:20:09,1209,Recovery,DER_Controller,34,0.1448,0.6221,0.1555,74.41,64.96,85.52,116.0,34,0,0.0
2024-01-01 00:20:09,1209,Recovery,EV_Charger_1,294,0.0741,0.3169,0.1056,245.94,151.69,92.59,0.0,92,201,0.6851
2024-01-01 00:20:09,1209,Recovery,EV_Charger_2,246,0.1065,0.2788,0.0929,200.78,162.21,89.35,0.0,89,156,0.6368
2024-01-01 00:20:10,1210,Recovery,AMI_Meter,26,0.243,0.6649,0.2216,29.34,5.02,75.7,124.0,26,0,0.0
2024-01-01 00:20:10,1210,Recovery,PMU_Sensor,46,0.1941,0.4195,0.1398,49.5,8.34,80.59,104.0,46,0,0.0
2024-01-01 00:20:10,1210,Recovery,DER_Controller,28,0.1532,0.714,0.1785,74.37,64.95,84.68,122.0,28,0,0.0
2024-01-01 00:20:10,1210,Recovery,EV_Charger_1,328,0.106,0.5407,0.1802,246.0,151.65,89.4,0.0,89,238,0.7274
2024-01-01 00:20:10,1210,Recovery,EV_Charger_2,247,0.103,0.2848,0.0949,200.82,162.15,89.7,0.0,89,157,0.6369
2024-01-01 00:20:11,1211,Recovery,AMI_Meter,33,0.2429,0.7277,0.2426,29.34,5.02,75.71,117.0,33,0,0.0
2024-01-01 00:20:11,1211,Recovery,PMU_Sensor,45,0.1898,0.5391,0.1797,49.5,8.34,81.02,105.0,45,0,0.0
2024-01-01 00:20:11,1211,Recovery,DER_Controller,29,0.1585,0.6982,0.1745,74.33,64.93,84.15,121.0,29,0,0.0
2024-01-01 00:20:11,1211,Recovery,EV_Charger_1,260,0.0834,0.0923,0.0308,246.01,151.58,91.66,0.0,91,168,0.6475
2024-01-01 00:20:11,1211,Recovery,EV_Charger_2,282,0.1222,0.5004,0.1668,200.88,162.1,87.78,0.0,87,194,0.6887
2024-01-01 00:20:12,1212,Recovery,AMI_Meter,27,0.2167,0.4663,0.1554,29.34,5.02,78.33,123.0,27,0,0.0
2024-01-01 00:20:12,1212,Recovery,PMU_Sensor,43,0.2107,0.7785,0.2595,49.49,8.34,78.93,107.0,43,0,0.0
2024-01-01 00:20:12,1212,Recovery,DER_Controller,41,0.151,0.5131,0.1283,74.31,64.91,84.9,109.0,41,0,0.0
2024-01-01 00:20:12,1212,Recovery,EV_Charger_1,281,0.0815,0.2307,0.0769,246.04,151.53,91.85,0.0,91,189,0.6731
2024-01-01 00:20:12,1212,Recovery,EV_Charger_2,297,0.1448,0.5926,0.1975,200.96,162.05,85.52,0.0,85,211,0.712
2024-01-01 00:20:13,1213,Recovery,AMI_Meter,31,0.1847,0.33,0.11,29.34,5.02,81.53,119.0,31,0,0.0
2024-01-01 00:20:13,1213,Recovery,PMU_Sensor,55,0.2135,0.6604,0.2201,49.5,8.34,78.65,95.0,55,0,0.0
2024-01-01 00:20:13,1213,Recovery,DER_Controller,47,0.1395,0.4205,0.1051,74.29,64.89,86.05,103.0,47,0,0.0
2024-01-01 00:20:13,1213,Recovery,EV_Charger_1,230,0.0676,0.1058,0.0353,246.03,151.46,93.24,0.0,93,136,0.5946
2024-01-01 00:20:13,1213,Recovery,EV_Charger_2,217,0.1112,0.0989,0.033,200.98,161.99,88.88,0.0,88,128,0.5904
2024-01-01 00:20:14,1214,Recovery,AMI_Meter,24,0.2356,1.0634,0.3545,29.34,5.02,76.44,126.0,24,0,0.0
2024-01-01 00:20:14,1214,Recovery,PMU_Sensor,39,0.2752,1.2577,0.4192,49.49,8.34,72.48,111.0,39,0,0.0
2024-01-01 00:20:14,1214,Recovery,DER_Controller,47,0.1309,0.4203,0.1051,74.26,64.87,86.91,103.0,47,0,0.0
2024-01-01 00:20:14,1214,Recovery,EV_Charger_1,272,0.0645,0.1714,0.0571,246.05,151.4,93.55,0.0,93,178,0.6561
2024-01-01 00:20:14,1214,Recovery,EV_Charger_2,247,0.1063,0.284,0.0947,201.01,161.93,89.37,0.0,89,157,0.6382
2024-01-01 00:20:15,1215,Recovery,AMI_Meter,17,0.41,2.4505,0.8168,29.33,5.03,59.0,133.0,17,0,0.0
2024-01-01 00:20:15,1215,Recovery,PMU_Sensor,66,0.3903,1.9766,0.6589,49.5,8.35,60.97,84.0,66,0,0.0
2024-01-01 00:20:15,1215,Recovery,DER_Controller,31,0.1398,0.6665,0.1666,74.23,64.85,86.02,119.0,31,0,0.0
2024-01-01 00:20:15,1215,Recovery,EV_Charger_1,324,0.0966,0.5146,0.1715,246.12,151.36,90.34,0.0,90,233,0.7212
2024-01-01 00:20:15,1215,Recovery,EV_Charger_2,200,0.075,0.0063,0.0021,201.01,161.86,92.5,0.0,92,107,0.5375
2024-01-01 00:20:16,1216,Recovery,AMI_Meter,25,0.373,0.8598,0.2866,29.33,5.03,62.7,125.0,25,0,0.0
2024-01-01 00:20:16,1216,Recovery,PMU_Sensor,32,0.4824,2.0917,0.6972,49.49,8.36,51.76,103.76,32,0,0.0
2024-01-01 00:20:16,1216,Recovery,DER_Controller,43,0.135,0.4813,0.1203,74.2,64.83,86.5,107.0,43,0,0.0
2024-01-01 00:20:16,1216,Recovery,EV_Charger_1,228,0.0796,0.1196,0.0399,246.1,151.3,92.04,0.0,92,135,0.5963
2024-01-01 00:20:16,1216,Recovery,EV_Charger_2,210,0.0581,0.0555,0.0185,201.02,161.79,94.19,0.0,94,115,0.5515
2024-01-01 00:20:17,1217,Recovery,AMI_Meter,23,0.3867,1.2561,0.4187,29.32,5.03,61.33,127.0,23,0,0.0
2024-01-01 00:20:17,1217,Recovery,PMU_Sensor,56,0.4156,0.7788,0.2596,49.49,8.36,58.44,94.0,56,0,0.0
2024-01-01 00:20:17,1217,Recovery,DER_Controller,47,0.1274,0.4194,0.1048,74.18,64.81,87.26,103.0,47,0,0.0
2024-01-01 00:20:17,1217,Recovery,EV_Charger_1,314,0.1006,0.4486,0.1495,246.16,151.25,89.94,0.0,89,224,0.7136
2024-01-01 00:20:17,1217,Recovery,EV_Charger_2,221,0.053,0.1234,0.0411,201.04,161.73,94.7,0.0,94,126,0.5715
2024-01-01 00:20:18,1218,Recovery,AMI_Meter,31,0.304,0.3337,0.1112,29.32,5.03,69.6,119.0,31,0,0.0
2024-01-01 00:20:18,1218,Recovery,PMU_Sensor,39,0.4163,1.2539,0.418,49.48,8.36,58.37,111.0,39,0,0.0
2024-01-01 00:20:18,1218,Recovery,DER_Controller,36,0.1324,0.5888,0.1472,74.15,64.79,86.76,114.0,36,0,0.0
2024-01-01 00:20:18,1218,Recovery,EV_Charger_1,243,0.0725,0.0209,0.007,246.15,151.18,92.75,0.0,92,150,0.6183
2024-01-01 00:20:18,1218,Recovery,EV_Charger_2,254,0.0698,0.3273,0.1091,201.08,161.67,93.02,0.0,93,160,0.6338
2024-01-01 00:20:19,1219,Recovery,AMI_Meter,35,0.3256,1.1279,0.376,29.33,5.03,67.44,115.0,35,0,0.0
2024-01-01 00:20:19,1219,Recovery,PMU_Sensor,57,0.3813,0.8986,0.2995,49.49,8.36,61.87,93.0,57,0,0.0
2024-01-01 00:20:19,1219,Recovery,DER_Controller,31,0.1409,0.6655,0.1664,74.11,64.78,85.91,119.0,31,0,0.0
2024-01-01 00:20:19,1219,Recovery,EV_Charger_1,287,0.0777,0.2701,0.09,246.19,151.13,92.23,0.0,92,194,0.6787
2024-01-01 00:20:19,1219,Recovery,EV_Charger_2,238,0.0717,0.2283,0.0761,201.11,161.61,92.83,0.0,92,145,0.61
2024-01-01 00:20:20,1220,Recovery,AMI_Meter,28,0.2543,0.2635,0.0878,29.33,5.03,74.57,122.0,28,0,0.0
2024-01-01 00:20:20,1220,Recovery,PMU_Sensor,44,0.3325,0.6562,0.2187,49.48,8.36,66.75,106.0,44,0,0.0
2024-01-01 00:20:20,1220,Recovery,DER_Controller,34,0.1443,0.6189,0.1547,74.08,64.76,85.57,116.0,34,0,0.0
2024-01-01 00:20:20,1220,Recovery,EV_Charger_1,308,0.0953,0.4088,0.1363,246.24,151.08,90.47,0.0,90,217,0.7063
2024-01-01 00:20:20,1220,Recovery,EV_Charger_2,247,0.0786,0.2838,0.0946,201.15,161.55,92.14,0.0,92,154,0.627
2024-01-01 00:20:21,1221,Recovery,AMI_Meter,30,0.1914,0.1341,0.0447,29.33,5.03,80.86,120.0,30,0,0.0
2024-01-01 00:20:21,1221,Recovery,PMU_Sensor,47,0.2625,0.2971,0.099,49.48,8.35,73.75,103.0,47,0,0.0
2024-01-01 00:20:21,1221,Recovery,DER_Controller,64,0.118,0.1556,0.0389,74.07,64.74,88.2,86.0,64,0,0.0
2024-01-01 00:20:21,1221,Recovery,EV_Charger_1,294,0.0983,0.316,0.1053,246.28,151.02,90.17,0.0,90,203,0.6933
2024-01-01 00:20:21,1221,Recovery,EV_Charger_2,215,0.0636,0.0857,0.0286,201.16,161.48,93.64,0.0,93,121,0.5645
2024-01-01 00:20:22,1222,Recovery,AMI_Meter,28,0.1604,0.2636,0.0879,29.32,5.02,83.96,122.0,28,0,0.0
2024-01-01 00:20:22,1222,Recovery,PMU_Sensor,48,0.2015,0.1773,0.0591,49.48,8.35,79.85,102.0,48,0,0.0
2024-01-01 00:20:22,1222,Recovery,DER_Controller,41,0.1204,0.5106,0.1276,74.04,64.72,87.96,109.0,41,0,0.0
2024-01-01 00:20:22,1222,Recovery,EV_Charger_1,232,0.0783,0.0945,0.0315,246.27,150.96,92.17,0.0,92,139,0.6027
2024-01-01 00:20:22,1222,Recovery,EV_Charger_2,249,0.0741,0.2961,0.0987,201.2,161.42,92.59,0.0,92,156,0.6282
2024-01-01 00:20:23,1223,Recovery,AMI_Meter,37,0.2648,1.5255,0.5085,29.33,5.03,73.52,113.0,37,0,0.0
2024-01-01 00:20:23,1223,Recovery,PMU_Sensor,39,0.2664,1.2537,0.4179,49.47,8.35,73.36,111.0,39,0,0.0
2024-01-01 00:20:23,1223,Recovery,DER_Controller,28,0.1347,0.711,0.1778,74.01,64.7,86.53,122.0,28,0,0.0
2024-01-01 00:20:23,1223,Recovery,EV_Charger_1,238,0.0603,0.0547,0.0182,246.26,150.9,93.97,0.0,93,144,0.6052
2024-01-01 00:20:23,1223,Recovery,EV_Charger_2,221,0.0641,0.1226,0.0409,201.21,161.35,93.59,0.0,93,127,0.5765
2024-01-01 00:20:24,1224,Recovery,AMI_Meter,39,0.3773,1.9196,0.6399,29.34,5.03,62.27,111.0,39,0,0.0
2024-01-01 00:20:24,1224,Recovery,PMU_Sensor,58,0.2885,1.0201,0.34,49.48,8.35,71.15,92.0,58,0,0.0
2024-01-01 00:20:24,1224,Recovery,DER_Controller,49,0.1252,0.3863,0.0966,73.99,64.68,87.48,101.0,49,0,0.0
2024-01-01 00:20:24,1224,Recovery,EV_Charger_1,243,0.0443,0.0216,0.0072,246.26,150.83,95.57,0.0,95,147,0.6067
2024-01-01 00:20:24,1224,Recovery,EV_Charger_2,225,0.0596,0.1473,0.0491,201.23,161.29,94.04,0.0,94,130,0.5821
2024-01-01 00:20:25,1225,Recovery,AMI_Meter,22,0.4098,1.4563,0.4854,29.33,5.04,59.02,128.0,22,0,0.0
2024-01-01 00:20:25,1225,Recovery,PMU_Sensor,56,0.2799,0.7801,0.26,49.48,8.35,72.01,94.0,56,0,0.0
2024-01-01 00:20:25,1225,Recovery,DER_Controller,44,0.1229,0.4634,0.1158,73.96,64.66,87.71,106.0,44,0,0.0
2024-01-01 00:20:25,1225,Recovery,EV_Charger_1,288,0.0587,0.2766,0.0922,246.29,150.78,94.13,0.0,94,193,0.6732
2024-01-01 00:20:25,1225,Recovery,EV_Charger_2,226,0.0571,0.1535,0.0512,201.25,161.23,94.29,0.0,94,131,0.5828
2024-01-01 00:20:26,1226,Recovery,AMI_Meter,29,0.2934,0.0661,0.022,29.33,5.03,70.66,121.0,29,0,0.0
2024-01-01 00:20:26,1226,Recovery,PMU_Sensor,51,0.2141,0.1814,0.0605,49.49,8.35,78.59,99.0,51,0,0.0
2024-01-01 00:20:26,1226,Recovery,DER_Controller,48,0.1172,0.4013,0.1003,73.94,64.64,88.28,102.0,48,0,0.0
2024-01-01 00:20:26,1226,Recovery,EV_Charger_1,204,0.0691,0.2804,0.0935,246.26,150.72,93.09,0.0,93,110,0.5437
2024-01-01 00:20:26,1226,Recovery,EV_Charger_2,253,0.072,0.3208,0.1069,201.3,161.17,92.8,0.0,92,160,0.6332
2024-01-01 00:20:27,1227,Recovery,AMI_Meter,29,0.212,0.066,0.022,29.33,5.03,78.8,121.0,29,0,0.0
2024-01-01 00:20:27,1227,Recovery,PMU_Sensor,41,0.2514,1.0156,0.3385,49.48,8.35,74.86,109.0,41,0,0.0
2024-01-01 00:20:27,1227,Recovery,DER_Controller,19,0.141,0.8494,0.2123,73.9,64.63,85.9,131.0,19,0,0.0
2024-01-01 00:20:27,1227,Recovery,EV_Charger_1,243,0.0505,0.0216,0.0072,246.25,150.66,94.95,0.0,94,148,0.6093
2024-01-01 00:20:27,1227,Recovery,EV_Charger_2,273,0.0949,0.4447,0.1482,201.36,161.11,90.51,0.0,90,182,0.6685
2024-01-01 00:20:28,1228,Recovery,AMI_Meter,38,0.3204,1.72,0.5733,29.34,5.04,67.96,112.0,38,0,0.0
2024-01-01 00:20:28,1228,Recovery,PMU_Sensor,52,0.2062,0.3019,0.1006,49.48,8.35,79.38,98.0,52,0,0.0
2024-01-01 00:20:28,1228,Recovery,DER_Controller,59,0.1202,0.2304,0.0576,73.88,64.61,87.98,91.0,59,0,0.0
2024-01-01 00:20:28,1228,Recovery,EV_Charger_1,245,0.0362,0.0083,0.0028,246.25,150.6,96.38,0.0,96,148,0.6066
2024-01-01 00:20:28,1228,Recovery,EV_Charger_2,257,0.101,0.3452,0.1151,201.4,161.06,89.9,0.0,89,167,0.6502
2024-01-01 00:20:29,1229,Recovery,AMI_Meter,27,0.2707,0.4644,0.1548,29.34,5.03,72.93,123.0,27,0,0.0
2024-01-01 00:20:29,1229,Recovery,PMU_Sensor,45,0.198,0.5366,0.1789,49.48,8.34,80.2,105.0,45,0,0.0
2024-01-01 00:20:29,1229,Recovery,DER_Controller,33,0.1296,0.6325,0.1581,73.85,64.59,87.04,117.0,33,0,0.0
2024-01-01 00:20:29,1229,Recovery,EV_Charger_1,183,0.0673,0.4198,0.1399,246.2,150.55,93.27,0.0,93,89,0.4903
2024-01-01 00:20:29,1229,Recovery,EV_Charger_2,266,0.1108,0.4009,0.1336,201.45,161.0,88.92,0.0,88,177,0.6657
2024-01-01 00:20:30,1230,Recovery,AMI_Meter,26,0.2558,0.6626,0.2209,29.33,5.03,74.42,124.0,26,0,0.0
2024-01-01 00:20:30,1230,Recovery,PMU_Sensor,43,0.2162,0.7759,0.2586,49.47,8.34,78.38,107.0,43,0,0.0
2024-01-01 00:20:30,1230,Recovery,DER_Controller,28,0.1416,0.7094,0.1774,73.81,64.58,85.84,122.0,28,0,0.0
2024-01-01 00:20:30,1230,Recovery,EV_Charger_1,237,0.0532,0.0611,0.0204,246.19,150.49,94.68,0.0,94,142,0.6005
2024-01-01 00:20:30,1230,Recovery,EV_Charger_2,279,0.1257,0.4814,0.1605,201.52,160.95,87.43,0.0,87,191,0.6866
2024-01-01 00:20:31,1231,Recovery,AMI_Meter,40,0.3905,2.1146,0.7049,29.34,5.04,60.95,110.0,40,0,0.0
2024-01-01 00:20:31,1231,Recovery,PMU_Sensor,36,0.3126,1.6126,0.5375,49.46,8.35,68.74,114.0,36,0,0.0
2024-01-01 00:20:31,1231,Recovery,DER_Controller,36,0.1428,0.5852,0.1463,73.78,64.56,85.72,114.0,36,0,0.0
2024-01-01 00:20:31,1231,Recovery,EV_Charger_1,211,0.0606,0.2338,0.0779,246.16,150.43,93.94,0.0,93,117,0.5548
2024-01-01 00:20:31,1231,Recovery,EV_Charger_2,255,0.1212,0.3322,0.1107,201.56,160.89,87.88,0.0,87,167,0.6554
2024-01-01 00:20:32,1232,Recovery,AMI_Meter,31,0.3062,0.3286,0.1095,29.34,5.04,69.38,119.0,31,0,0.0
2024-01-01 00:20:32,1232,Recovery,PMU_Sensor,44,0.2842,0.6539,0.218,49.46,8.35,71.58,106.0,44,0,0.0
2024-01-01 00:20:32,1232,Recovery,DER_Controller,40,0.1398,0.523,0.1308,73.76,64.54,86.02,110.0,40,0,0.0
2024-01-01 00:20:32,1232,Recovery,EV_Charger_1,227,0.0552,0.1273,0.0424,246.15,150.37,94.48,0.0,94,132,0.5838
2024-01-01 00:20:32,1232,Recovery,EV_Charger_2,272,0.1286,0.4376,0.1459,201.62,160.84,87.14,0.0,87,184,0.6796
2024-01-01 00:20:33,1233,Recovery,AMI_Meter,32,0.267,0.5268,0.1756,29.35,5.04,73.3,118.0,32,0,0.0
2024-01-01 00:20:33,1233,Recovery,PMU_Sensor,55,0.2653,0.6639,0.2213,49.46,8.34,73.47,95.0,55,0,0.0
2024-01-01 00:20:33,1233,Recovery,DER_Controller,13,0.1636,0.9406,0.2352,73.71,64.54,83.64,137.0,13,0,0.0
2024-01-01 00:20:33,1233,Recovery,EV_Charger_1,238,0.044,0.0542,0.0181,246.14,150.31,95.6,0.0,95,142,0.5983
2024-01-01 00:20:33,1233,Recovery,EV_Charger_2,285,0.1418,0.5182,0.1727,201.68,160.79,85.82,0.0,85,199,0.6989
2024-01-01 00:20:34,1234,Recovery,AMI_Meter,36,0.3189,1.3196,0.4399,29.35,5.04,68.11,114.0,36,0,0.0
2024-01-01 00:20:34,1234,Recovery,PMU_Sensor,35,0.3588,1.7304,0.5768,49.45,8.35,64.12,115.0,35,0,0.0
2024-01-01 00:20:34,1234,Recovery,DER_Controller,36,0.1592,0.5839,0.146,73.68,64.52,84.08,114.0,36,0,0.0
2024-01-01 00:20:34,1234,Recovery,EV_Charger_1,202,0.0602,0.2936,0.0979,246.11,150.25,93.98,0.0,93,108,0.5347
2024-01-01 00:20:34,1234,Recovery,EV_Charger_2,273,0.1436,0.4433,0.1478,201.74,160.74,85.64,0.0,85,187,0.6863
2024-01-01 00:20:35,1235,Recovery,AMI_Meter,31,0.2559,0.3269,0.109,29.35,5.04,74.41,119.0,31,0,0.0
2024-01-01 00:20:35,1235,Recovery,PMU_Sensor,43,0.3283,0.7719,0.2573,49.44,8.35,67.17,107.0,43,0,0.0
2024-01-01 00:20:35,1235,Recovery,DER_Controller,40,0.152,0.5217,0.1304,73.65,64.5,84.8,110.0,40,0,0.0
2024-01-01 00:20:35,1235,Recovery,EV_Charger_1,159,0.1001,0.5794,0.1931,246.04,150.21,89.99,0.0,89,69,0.434
2024-01-01 00:20:35,1235,Recovery,EV_Charger_2,188,0.1091,0.0855,0.0285,201.73,160.67,89.09,0.0,89,98,0.5261
2024-01-01 00:20:36,1236,Recovery,AMI_Meter,30,0.192,0.1283,0.0428,29.35,5.03,80.8,120.0,30,0,0.0
2024-01-01 00:20:36,1236,Recovery,PMU_Sensor,56,0.3083,0.7847,0.2616,49.45,8.35,69.17,94.0,56,0,0.0
2024-01-01 00:20:36,1236,Recovery,DER_Controller,20,0.1659,0.8312,0.2078,73.6,64.49,83.41,130.0,20,0,0.0
2024-01-01 00:20:36,1236,Recovery,EV_Charger_1,225,0.0841,0.14,0.0467,246.02,150.15,91.59,0.0,91,133,0.5929
2024-01-01 00:20:36,1236,Recovery,EV_Charger_2,250,0.1064,0.3003,0.1001,201.77,160.62,89.36,0.0,89,160,0.6426
2024-01-01 00:20:37,1237,Recovery,AMI_Meter,22,0.2803,1.4591,0.4864,29.35,5.04,71.97,128.0,22,0,0.0
2024-01-01 00:20:37,1237,Recovery,PMU_Sensor,51,0.2344,0.1857,0.0619,49.45,8.34,76.56,99.0,51,0,0.0
2024-01-01 00:20:37,1237,Recovery,DER_Controller,40,0.157,0.5208,0.1302,73.58,64.47,84.3,110.0,40,0,0.0
2024-01-01 00:20:37,1237,Recovery,EV_Charger_1,286,0.0855,0.2662,0.0887,246.05,150.1,91.45,0.0,91,194,0.6802
2024-01-01 00:20:37,1237,Recovery,EV_Charger_2,211,0.0802,0.0574,0.0191,201.78,160.55,91.98,0.0,91,119,0.5641
2024-01-01 00:20:38,1238,Recovery,AMI_Meter,29,0.2031,0.0691,0.023,29.35,5.03,79.69,121.0,29,0,0.0
2024-01-01 00:20:38,1238,Recovery,PMU_Sensor,56,0.2425,0.7844,0.2615,49.46,8.34,75.75,94.0,56,0,0.0
2024-01-01 00:20:38,1238,Recovery,DER_Controller,26,0.1638,0.7375,0.1844,73.54,64.46,83.62,124.0,26,0,0.0
2024-01-01 00:20:38,1238,Recovery,EV_Charger_1,227,0.0725,0.1269,0.0423,246.04,150.04,92.75,0.0,92,134,0.5914
2024-01-01 00:20:38,1238,Recovery,EV_Charger_2,203,0.0569,0.0076,0.0025,201.78,160.49,94.31,0.0,94,108,0.5354
2024-01-01 00:20:39,1239,Recovery,AMI_Meter,29,0.1491,0.0691,0.023,29.35,5.03,85.09,121.0,29,0,0.0
2024-01-01 00:20:39,1239,Recovery,PMU_Sensor,56,0.2481,0.7839,0.2613,49.46,8.34,75.19,94.0,56,0,0.0
2024-01-01 00:20:39,1239,Recovery,DER_Controller,45,0.1505,0.4425,0.1106,73.52,64.44,84.95,105.0,45,0,0.0
2024-01-01 00:20:39,1239,Recovery,EV_Charger_1,210,0.0748,0.2401,0.08,246.01,149.98,92.52,0.0,92,117,0.5594
2024-01-01 00:20:39,1239,Recovery,EV_Charger_2,220,0.0512,0.1135,0.0378,201.79,160.42,94.88,0.0,94,125,0.5687
2024-01-01 00:20:40,1240,Recovery,AMI_Meter,37,0.2562,1.5187,0.5062,29.35,5.03,74.38,113.0,37,0,0.0
2024-01-01 00:20:40,1240,Recovery,PMU_Sensor,43,0.2511,0.7741,0.258,49.46,8.34,74.89,107.0,43,0,0.0
2024-01-01 00:20:40,1240,Recovery,DER_Controller,41,0.1444,0.5043,0.1261,73.49,64.42,85.56,109.0,41,0,0.0
2024-01-01 00:20:40,1240,Recovery,EV_Charger_1,225,0.0663,0.14,0.0467,245.99,149.92,93.37,0.0,93,131,0.585
2024-01-01 00:20:40,1240,Recovery,EV_Charger_2,213,0.0428,0.0698,0.0233,201.8,160.36,95.72,0.0,95,117,0.5506
2024-01-01 00:20:41,1241,Recovery,AMI_Meter,21,0.345,1.6567,0.5522,29.35,5.04,65.5,129.0,21,0,0.0
2024-01-01 00:20:41,1241,Recovery,PMU_Sensor,61,0.314,1.3825,0.4608,49.47,8.34,68.6,89.0,61,0,0.0
2024-01-01 00:20:41,1241,Recovery,DER_Controller,32,0.1486,0.6437,0.1609,73.46,64.41,85.14,118.0,32,0,0.0
2024-01-01 00:20:41,1241,Recovery,EV_Charger_1,261,0.0564,0.1001,0.0334,246.0,149.86,94.36,0.0,94,166,0.6385
2024-01-01 00:20:41,1241,Recovery,EV_Charger_2,195,0.0342,0.0424,0.0141,201.8,160.29,96.58,0.0,96,98,0.5047
2024-01-01 00:20:42,1242,Recovery,AMI_Meter,26,0.3079,0.6639,0.2213,29.34,5.04,69.21,124.0,26,0,0.0
2024-01-01 00:20:42,1242,Recovery,PMU_Sensor,59,0.334,1.1417,0.3806,49.47,8.34,66.6,91.0,59,0,0.0
2024-01-01 00:20:42,1242,Recovery,DER_Controller,49,0.1351,0.3795,0.0949,73.44,64.39,86.49,101.0,49,0,0.0
2024-01-01 00:20:42,1242,Recovery,EV_Charger_1,235,0.0468,0.0734,0.0245,245.99,149.8,95.32,0.0,95,139,0.5944
2024-01-01 00:20:42,1242,Recovery,EV_Charger_2,235,0.0447,0.2071,0.069,201.82,160.23,95.53,0.0,95,139,0.5935
2024-01-01 00:20:43,1243,Recovery,AMI_Meter,28,0.2422,0.2668,0.0889,29.34,5.04,75.78,122.0,28,0,0.0
2024-01-01 00:20:43,1243,Recovery,PMU_Sensor,49,0.2395,0.0567,0.0189,49.47,8.34,76.05,101.0,49,0,0.0
2024-01-01 00:20:43,1243,Recovery,DER_Controller,33,0.1406,0.6277,0.1569,73.4,64.37,85.94,117.0,33,0,0.0
2024-01-01 00:20:43,1243,Recovery,EV_Charger_1,255,0.0388,0.0601,0.02,246.0,149.74,96.12,0.0,96,158,0.6231
2024-01-01 00:20:43,1243,Recovery,EV_Charger_2,190,0.0386,0.0738,0.0246,201.81,160.17,96.14,0.0,96,93,0.494
2024-01-01 00:20:44,1244,Recovery,AMI_Meter,37,0.3214,1.5186,0.5062,29.35,5.04,67.86,113.0,37,0,0.0
2024-01-01 00:20:44,1244,Recovery,PMU_Sensor,47,0.1973,0.2963,0.0988,49.47,8.34,80.27,103.0,47,0,0.0
2024-01-01 00:20:44,1244,Recovery,DER_Controller,40,0.1379,0.5187,0.1297,73.38,64.35,86.21,110.0,40,0,0.0
2024-01-01 00:20:44,1244,Recovery,EV_Charger_1,249,0.0292,0.02,0.0067,246.0,149.68,97.08,0.0,97,151,0.6101
2024-01-01 00:20:44,1244,Recovery,EV_Charger_2,211,0.0328,0.0573,0.0191,201.82,160.1,96.72,0.0,96,114,0.5416
2024-01-01 00:20:45,1245,Recovery,AMI_Meter,28,0.2518,0.2677,0.0892,29.35,5.04,74.82,122.0,28,0,0.0
2024-01-01 00:20:45,1245,Recovery,PMU_Sensor,49,0.1437,0.0564,0.0188,49.47,8.33,85.63,101.0,49,0,0.0
2024-01-01 00:20:45,1245,Recovery,DER_Controller,48,0.128,0.3942,0.0985,73.36,64.33,87.2,102.0,48,0,0.0
2024-01-01 00:20:45,1245,Recovery,EV_Charger_1,205,0.0478,0.2738,0.0913,245.97,149.62,95.22,0.0,95,109,0.5355
2024-01-01 00:20:45,1245,Recovery,EV_Charger_2,205,0.0249,0.0198,0.0066,201.82,160.04,97.51,0.0,97,107,0.5244
2024-01-01 00:20:46,1246,Recovery,AMI_Meter,30,0.1892,0.1293,0.0431,29.35,5.03,81.08,120.0,30,0,0.0
2024-01-01 00:20:46,1246,Recovery,PMU_Sensor,56,0.1789,0.7829,0.261,49.48,8.33,82.11,94.0,56,0,0.0
2024-01-01 00:20:46,1246,Recovery,DER_Controller,39,0.1294,0.5338,0.1335,73.33,64.31,87.06,111.0,39,0,0.0
2024-01-01 00:20:46,1246,Recovery,EV_Charger_1,278,0.0549,0.214,0.0713,246.0,149.57,94.51,0.0,94,183,0.66
2024-01-01 00:20:46,1246,Recovery,EV_Charger_2,203,0.0182,0.0073,0.0024,201.82,159.97,98.18,0.0,98,104,0.5163
2024-01-01 00:20:47,1247,Recovery,AMI_Meter,28,0.1592,0.2678,0.0893,29.35,5.03,84.08,122.0,28,0,0.0
2024-01-01 00:20:47,1247,Recovery,PMU_Sensor,48,0.1429,0.177,0.059,49.47,8.33,85.71,102.0,48,0,0.0
2024-01-01 00:20:47,1247,Recovery,DER_Controller,26,0.143,0.7355,0.1839,73.29,64.3,85.7,124.0,26,0,0.0
2024-01-01 00:20:47,1247,Recovery,EV_Charger_1,191,0.0752,0.3675,0.1225,245.95,149.52,92.48,0.0,92,98,0.5158
2024-01-01 00:20:47,1247,Recovery,EV_Charger_2,191,0.0195,0.0676,0.0225,201.82,159.91,98.05,0.0,98,92,0.4866
2024-01-01 00:20:48,1248,Recovery,AMI_Meter,35,0.2237,1.1222,0.3741,29.35,5.03,77.63,115.0,35,0,0.0
2024-01-01 00:20:48,1248,Recovery,PMU_Sensor,49,0.1057,0.0569,0.019,49.47,8.33,89.43,101.0,49,0,0.0
2024-01-01 00:20:48,1248,Recovery,DER_Controller,35,0.1445,0.5952,0.1488,73.26,64.28,85.55,115.0,35,0,0.0
2024-01-01 00:20:48,1248,Recovery,EV_Charger_1,258,0.0607,0.0805,0.0268,245.96,149.46,93.93,0.0,93,164,0.6359
2024-01-01 00:20:48,1248,Recovery,EV_Charger_2,252,0.045,0.3137,0.1046,201.86,159.85,95.5,0.0,95,156,0.621
2024-01-01 00:20:49,1249,Recovery,AMI_Meter,36,0.2885,1.3194,0.4398,29.36,5.03,71.15,114.0,36,0,0.0
2024-01-01 00:20:49,1249,Recovery,PMU_Sensor,43,0.1517,0.777,0.259,49.47,8.33,84.83,107.0,43,0,0.0
2024-01-01 00:20:49,1249,Recovery,DER_Controller,35,0.1455,0.5949,0.1487,73.23,64.27,85.45,115.0,35,0,0.0
2024-01-01 00:20:49,1249,Recovery,EV_Charger_1,274,0.0612,0.1875,0.0625,245.98,149.4,93.88,0.0,93,180,0.6574
2024-01-01 00:20:49,1249,Recovery,EV_Charger_2,211,0.0372,0.0572,0.0191,201.86,159.79,96.28,0.0,96,114,0.5437
2024-01-01 00:20:50,1250,Recovery,AMI_Meter,28,0.2289,0.2696,0.0899,29.36,5.03,77.11,122.0,28,0,0.0
2024-01-01 00:20:50,1250,Recovery,PMU_Sensor,55,0.1726,0.664,0.2213,49.47,8.32,82.74,95.0,55,0,0.0
2024-01-01 00:20:50,1250,Recovery,DER_Controller,50,0.1317,0.3613,0.0903,73.21,64.24,86.83,100.0,50,0,0.0
2024-01-01 00:20:50,1250,Recovery,EV_Charger_1,202,0.0723,0.2943,0.0981,245.95,149.34,92.77,0.0,92,109,0.5407
2024-01-01 00:20:50,1250,Recovery,EV_Charger_2,210,0.0311,0.0509,0.017,201.87,159.73,96.89,0.0,96,113,0.5386
2024-01-01 00:20:51,1251,Recovery,AMI_Meter,34,0.2524,0.922,0.3073,29.36,5.03,74.76,116.0,34,0,0.0
2024-01-01 00:20:51,1251,Recovery,PMU_Sensor,40,0.2345,1.1371,0.379,49.47,8.32,76.55,110.0,40,0,0.0
2024-01-01 00:20:51,1251,Recovery,DER_Controller,40,0.1311,0.5167,0.1292,73.19,64.22,86.89,110.0,40,0,0.0
2024-01-01 00:20:51,1251,Recovery,EV_Charger_1,184,0.0921,0.4146,0.1382,245.9,149.29,90.79,0.0,90,93,0.5066
2024-01-01 00:20:51,1251,Recovery,EV_Charger_2,172,0.0405,0.1869,0.0623,201.85,159.66,95.95,0.0,95,76,0.4421
2024-01-01 00:20:52,1252,Recovery,AMI_Meter,27,0.2236,0.4688,0.1563,29.36,5.03,77.64,123.0,27,0,0.0
2024-01-01 00:20:52,1252,Recovery,PMU_Sensor,53,0.2066,0.4244,0.1415,49.47,8.32,79.34,97.0,53,0,0.0
2024-01-01 00:20:52,1252,Recovery,DER_Controller,36,0.1345,0.5787,0.1447,73.16,64.21,86.55,114.0,36,0,0.0
2024-01-01 00:20:52,1252,Recovery,EV_Charger_1,197,0.0972,0.3274,0.1091,245.86,149.24,90.28,0.0,90,106,0.5417
2024-01-01 00:20:52,1252,Recovery,EV_Charger_2,202,0.0284,0.001,0.0003,201.85,159.6,97.16,0.0,97,104,0.519
2024-01-01 00:20:53,1253,Recovery,AMI_Meter,24,0.2629,1.0642,0.3547,29.35,5.03,73.71,126.0,24,0,0.0
2024-01-01 00:20:53,1253,Recovery,PMU_Sensor,53,0.187,0.4242,0.1414,49.47,8.32,81.3,97.0,53,0,0.0
2024-01-01 00:20:53,1253,Recovery,DER_Controller,51,0.1224,0.3449,0.0862,73.14,64.18,87.76,99.0,51,0,0.0
2024-01-01 00:20:53,1253,Recovery,EV_Charger_1,213,0.09,0.2201,0.0734,245.83,149.18,91.0,0.0,90,122,0.5728
2024-01-01 00:20:53,1253,Recovery,EV_Charger_2,193,0.0255,0.0554,0.0185,201.84,159.54,97.45,0.0,97,95,0.4951
2024-01-01 00:20:54,1254,Recovery,AMI_Meter,31,0.2168,0.327,0.109,29.36,5.03,78.32,119.0,31,0,0.0
2024-01-01 00:20:54,1254,Recovery,PMU_Sensor,33,0.3285,1.9761,0.6587,49.46,8.33,67.15,117.0,33,0,0.0
2024-01-01 00:20:54,1254,Recovery,DER_Controller,45,0.1192,0.4382,0.1095,73.12,64.16,88.08,105.0,45,0,0.0
2024-01-01 00:20:54,1254,Recovery,EV_Charger_1,307,0.104,0.4098,0.1366,245.88,149.13,89.6,0.0,89,217,0.7081
2024-01-01 00:20:54,1254,Recovery,EV_Charger_2,195,0.0221,0.0429,0.0143,201.83,159.47,97.79,0.0,97,97,0.4985
2024-01-01 00:20:55,1255,Recovery,AMI_Meter,29,0.1588,0.0706,0.0235,29.36,5.03,84.12,121.0,29,0,0.0
2024-01-01 00:20:55,1255,Recovery,PMU_Sensor,55,0.2965,0.665,0.2217,49.46,8.33,70.35,95.0,55,0,0.0
2024-01-01 00:20:55,1255,Recovery,DER_Controller,56,0.1061,0.2666,0.0667,73.1,64.14,89.39,94.0,56,0,0.0
2024-01-01 00:20:55,1255,Recovery,EV_Charger_1,242,0.0754,0.026,0.0087,245.88,149.08,92.46,0.0,92,149,0.6179
2024-01-01 00:20:55,1255,Recovery,EV_Charger_2,133,0.0586,0.4314,0.1438,201.78,159.42,94.14,0.0,94,38,0.2922
2024-01-01 00:20:56,1256,Recovery,AMI_Meter,32,0.1637,0.5259,0.1753,29.36,5.03,83.63,118.0,32,0,0.0
2024-01-01 00:20:56,1256,Recovery,PMU_Sensor,70,0.4535,2.4595,0.8198,49.48,8.34,54.65,79.65,70,0,0.0
2024-01-01 00:20:56,1256,Recovery,DER_Controller,46,0.1059,0.4223,0.1056,73.08,64.12,89.41,104.0,46,0,0.0
2024-01-01 00:20:56,1256,Recovery,EV_Charger_1,177,0.099,0.4618,0.1539,245.82,149.03,90.1,0.0,90,86,0.4909
2024-01-01 00:20:56,1256,Recovery,EV_Charger_2,205,0.043,0.0202,0.0067,201.78,159.36,95.7,0.0,95,109,0.5332
2024-01-01 00:20:57,1257,Recovery,AMI_Meter,23,0.241,1.2637,0.4212,29.35,5.03,75.9,127.0,23,0,0.0
2024-01-01 00:20:57,1257,Recovery,PMU_Sensor,59,0.4314,1.1401,0.38,49.49,8.34,56.86,77.51,59,0,0.0
2024-01-01 00:20:57,1257,Recovery,DER_Controller,30,0.1214,0.6715,0.1679,73.05,64.11,87.86,120.0,30,0,0.0
2024-01-01 00:20:57,1257,Recovery,EV_Charger_1,212,0.092,0.2269,0.0756,245.8,148.97,90.8,0.0,90,121,0.5717
2024-01-01 00:20:57,1257,Recovery,EV_Charger_2,169,0.0507,0.2056,0.0685,201.76,159.3,94.93,0.0,94,74,0.4383
2024-01-01 00:20:58,1258,Recovery,AMI_Meter,27,0.2155,0.4677,0.1559,29.35,5.03,78.45,123.0,27,0,0.0
2024-01-01 00:20:58,1258,Recovery,PMU_Sensor,61,0.4398,1.3781,0.4594,49.5,8.35,56.02,72.53,61,0,0.0
2024-01-01 00:20:58,1258,Recovery,DER_Controller,41,0.1223,0.4997,0.1249,73.02,64.09,87.77,109.0,41,0,0.0
2024-01-01 00:20:58,1258,Recovery,EV_Charger_1,192,0.1005,0.361,0.1203,245.76,148.92,89.95,0.0,89,102,0.5315
2024-01-01 00:20:58,1258,Recovery,EV_Charger_2,159,0.0623,0.2683,0.0894,201.72,159.24,93.77,0.0,93,65,0.4103
2024-01-01 00:20:59,1259,Recovery,AMI_Meter,20,0.3366,1.8574,0.6191,29.34,5.03,66.34,130.0,20,0,0.0
2024-01-01 00:20:59,1259,Recovery,PMU_Sensor,39,0.4335,1.256,0.4187,49.49,8.35,56.65,90.18,39,0,0.0
2024-01-01 00:20:59,1259,Recovery,DER_Controller,41,0.1229,0.4994,0.1249,73.0,64.07,87.71,109.0,41,0,0.0
2024-01-01 00:20:59,1259,Recovery,EV_Charger_1,237,0.0762,0.0588,0.0196,245.75,148.86,92.38,0.0,92,144,0.6102
2024-01-01 00:20:59,1259,Recovery,EV_Charger_2,176,0.0598,0.1615,0.0538,201.7,159.18,94.02,0.0,94,81,0.4658
2024-01-01 00:21:00,1260,Recovery,AMI_Meter,37,0.3876,1.5202,0.5067,29.35,5.03,61.24,113.0,37,0,0.0
2024-01-01 00:21:00,1260,Recovery,PMU_Sensor,44,0.3691,0.6568,0.2189,49.48,8.35,63.09,106.0,44,0,0.0
2024-01-01 00:21:00,1260,Recovery,DER_Controller,37,0.1273,0.5615,0.1404,72.97,64.05,87.27,113.0,37,0,0.0
2024-01-01 00:21:00,1260,Recovery,EV_Charger_1,174,0.1015,0.4817,0.1606,245.69,148.82,89.85,0.0,89,84,0.4836
2024-01-01 00:21:00,1260,Recovery,EV_Charger_2,221,0.054,0.1212,0.0404,201.72,159.11,94.6,0.0,94,126,0.5719
2024-01-01 00:21:01,1261,Recovery,AMI_Meter,40,0.4825,2.1118,0.7039,29.36,5.04,51.75,110.0,40,0,0.0
2024-01-01 00:21:01,1261,Recovery,PMU_Sensor,35,0.4316,1.7322,0.5774,49.47,8.35,56.84,115.0,35,0,0.0
2024-01-01 00:21:01,1261,Recovery,DER_Controller,36,0.1315,0.5769,0.1442,72.94,64.03,86.85,114.0,36,0,0.0
2024-01-01 00:21:01,1261,Recovery,EV_Charger_1,243,0.0729,0.0181,0.006,245.69,148.76,92.71,0.0,92,150,0.6185
2024-01-01 00:21:01,1261,Recovery,EV_Charger_2,147,0.0721,0.3437,0.1146,201.67,159.06,92.79,0.0,92,54,0.3688
2024-01-01 00:21:02,1262,Recovery,AMI_Meter,32,0.3902,0.5241,0.1747,29.36,5.04,60.98,118.0,32,0,0.0
2024-01-01 00:21:02,1262,Recovery,PMU_Sensor,59,0.4161,1.1395,0.3798,49.48,8.36,58.39,91.0,59,0,0.0
2024-01-01 00:21:02,1262,Recovery,DER_Controller,40,0.1308,0.5141,0.1285,72.91,64.01,86.92,110.0,40,0,0.0
2024-01-01 00:21:02,1262,Recovery,EV_Charger_1,220,0.0683,0.1726,0.0575,245.67,148.7,93.17,0.0,93,126,0.5765
2024-01-01 00:21:02,1262,Recovery,EV_Charger_2,242,0.0758,0.2534,0.0845,201.7,159.0,92.42,0.0,92,149,0.6181
2024-01-01 00:21:03,1263,Recovery,AMI_Meter,39,0.4641,1.9099,0.6366,29.37,5.04,53.59,111.0,39,0,0.0
2024-01-01 00:21:03,1263,Recovery,PMU_Sensor,49,0.297,0.0573,0.0191,49.48,8.35,70.3,101.0,49,0,0.0
2024-01-01 00:21:03,1263,Recovery,DER_Controller,34,0.1361,0.6075,0.1519,72.88,64.0,86.39,116.0,34,0,0.0
2024-01-01 00:21:03,1263,Recovery,EV_Charger_1,175,0.0953,0.475,0.1583,245.61,148.65,90.47,0.0,90,84,0.483
2024-01-01 00:21:03,1263,Recovery,EV_Charger_2,217,0.0627,0.0962,0.0321,201.72,158.94,93.73,0.0,93,123,0.5681
2024-01-01 00:21:04,1264,Recovery,AMI_Meter,23,0.451,1.2611,0.4204,29.36,5.04,54.9,127.0,23,0,0.0
2024-01-01 00:21:04,1264,Recovery,PMU_Sensor,47,0.2376,0.2966,0.0989,49.48,8.35,76.24,103.0,47,0,0.0
2024-01-01 00:21:04,1264,Recovery,DER_Controller,41,0.1332,0.4979,0.1245,72.86,63.98,86.68,109.0,41,0,0.0
2024-01-01 00:21:04,1264,Recovery,EV_Charger_1,186,0.1068,0.4008,0.1336,245.57,148.61,89.32,0.0,89,96,0.5198
2024-01-01 00:21:04,1264,Recovery,EV_Charger_2,195,0.0481,0.0422,0.0141,201.71,158.87,95.19,0.0,95,99,0.5119
2024-01-01 00:21:05,1265,Recovery,AMI_Meter,42,0.5655,2.498,0.8327,29.37,5.06,43.45,108.0,42,0,0.0
2024-01-01 00:21:05,1265,Recovery,PMU_Sensor,49,0.172,0.0571,0.019,49.48,8.35,82.8,101.0,49,0,0.0
2024-01-01 00:21:05,1265,Recovery,DER_Controller,35,0.1368,0.5914,0.1478,72.83,63.96,86.32,115.0,35,0,0.0
2024-01-01 00:21:05,1265,Recovery,EV_Charger_1,231,0.0845,0.098,0.0327,245.55,148.55,91.55,0.0,91,139,0.6037
2024-01-01 00:21:05,1265,Recovery,EV_Charger_2,193,0.0392,0.0548,0.0183,201.7,158.81,96.08,0.0,96,96,0.5022
2024-01-01 00:21:06,1266,Recovery,AMI_Meter,37,0.5465,1.507,0.5023,29.38,5.06,45.35,113.0,37,0,0.0
2024-01-01 00:21:06,1266,Recovery,PMU_Sensor,51,0.1386,0.1825,0.0608,49.48,8.34,86.14,99.0,51,0,0.0
2024-01-01 00:21:06,1266,Recovery,DER_Controller,37,0.1376,0.5598,0.14,72.8,63.94,86.24,113.0,37,0,0.0
2024-01-01 00:21:06,1266,Recovery,EV_Charger_1,145,0.1268,0.6765,0.2255,245.48,148.52,87.32,0.0,87,57,0.3978
2024-01-01 00:21:06,1266,Recovery,EV_Charger_2,136,0.0688,0.4135,0.1378,201.65,158.76,93.12,0.0,93,42,0.3153
2024-01-01 00:21:07,1267,Recovery,AMI_Meter,20,0.5677,1.8509,0.617,29.37,5.06,43.23,130.0,20,0,0.0
2024-01-01 00:21:07,1267,Recovery,PMU_Sensor,53,0.1393,0.422,0.1407,49.48,8.34,86.07,97.0,53,0,0.0
2024-01-01 00:21:07,1267,Recovery,DER_Controller,26,0.1489,0.7314,0.1828,72.76,63.93,85.11,124.0,26,0,0.0
2024-01-01 00:21:07,1267,Recovery,EV_Charger_1,235,0.0958,0.0705,0.0235,245.47,148.46,90.42,0.0,90,144,0.6152
2024-01-01 00:21:07,1267,Recovery,EV_Charger_2,184,0.0593,0.1111,0.037,201.64,158.7,94.07,0.0,94,89,0.4887
2024-01-01 00:21:08,1268,Recovery,AMI_Meter,28,0.4244,0.2706,0.0902,29.37,5.06,57.56,122.0,28,0,0.0
2024-01-01 00:21:08,1268,Recovery,PMU_Sensor,43,0.1751,0.7765,0.2588,49.48,8.34,82.49,107.0,43,0,0.0
2024-01-01 00:21:08,1268,Recovery,DER_Controller,46,0.1378,0.4184,0.1046,72.74,63.91,86.22,104.0,46,0,0.0
2024-01-01 00:21:08,1268,Recovery,EV_Charger_1,172,0.1165,0.4946,0.1649,245.41,148.41,88.35,0.0,88,83,0.4864
2024-01-01 00:21:08,1268,Recovery,EV_Charger_2,153,0.0721,0.3064,0.1021,201.6,158.64,92.79,0.0,92,60,0.3935
2024-01-01 00:21:09,1269,Recovery,AMI_Meter,35,0.4083,1.1116,0.3705,29.37,5.06,59.17,115.0,35,0,0.0
2024-01-01 00:21:09,1269,Recovery,PMU_Sensor,52,0.1529,0.3027,0.1009,49.48,8.34,84.71,98.0,52,0,0.0
2024-01-01 00:21:09,1269,Recovery,DER_Controller,37,0.1383,0.5589,0.1397,72.71,63.9,86.17,113.0,37,0,0.0
2024-01-01 00:21:09,1269,Recovery,EV_Charger_1,214,0.1027,0.2115,0.0705,245.38,148.36,89.73,0.0,89,124,0.5807
2024-01-01 00:21:09,1269,Recovery,EV_Charger_2,181,0.0635,0.1298,0.0433,201.58,158.58,93.65,0.0,93,87,0.4826
2024-01-01 00:21:10,1270,Recovery,AMI_Meter,31,0.3179,0.3211,0.107,29.38,5.06,68.21,119.0,31,0,0.0
2024-01-01 00:21:10,1270,Recovery,PMU_Sensor,43,0.1847,0.7766,0.2589,49.47,8.33,81.53,107.0,43,0,0.0
2024-01-01 00:21:10,1270,Recovery,DER_Controller,60,0.1162,0.1989,0.0497,72.7,63.87,88.38,90.0,60,0,0.0
2024-01-01 00:21:10,1270,Recovery,EV_Charger_1,177,0.118,0.4607,0.1536,245.33,148.31,88.2,0.0,88,88,0.5017
2024-01-01 00:21:10,1270,Recovery,EV_Charger_2,226,0.0598,0.1539,0.0513,201.6,158.52,94.02,0.0,94,131,0.584
2024-01-01 00:21:11,1271,Recovery,AMI_Meter,29,0.2299,0.0741,0.0247,29.38,5.06,77.01,121.0,29,0,0.0
2024-01-01 00:21:11,1271,Recovery,PMU_Sensor,56,0.2075,0.7828,0.2609,49.48,8.33,79.25,94.0,56,0,0.0
2024-01-01 00:21:11,1271,Recovery,DER_Controller,47,0.1123,0.4022,0.1006,72.68,63.85,88.77,103.0,47,0,0.0
2024-01-01 00:21:11,1271,Recovery,EV_Charger_1,227,0.0949,0.1235,0.0412,245.32,148.25,90.51,0.0,90,136,0.6013
2024-01-01 00:21:11,1271,Recovery,EV_Charger_2,153,0.0725,0.3065,0.1022,201.57,158.46,92.75,0.0,92,60,0.3938
2024-01-01 00:21:12,1272,Recovery,AMI_Meter,35,0.2721,1.1112,0.3704,29.38,5.06,72.79,115.0,35,0,0.0
2024-01-01 00:21:12,1272,Recovery,PMU_Sensor,64,0.3193,1.74,0.58,49.49,8.34,68.07,86.0,64,0,0.0
2024-01-01 00:21:12,1272,Recovery,DER_Controller,37,0.1191,0.5585,0.1396,72.65,63.83,88.09,113.0,37,0,0.0
2024-01-01 00:21:12,1272,Recovery,EV_Charger_1,193,0.1017,0.3527,0.1176,245.27,148.2,89.83,0.0,89,103,0.5346
2024-01-01 00:21:12,1272,Recovery,EV_Charger_2,162,0.0757,0.2496,0.0832,201.53,158.4,92.43,0.0,92,69,0.4295
2024-01-01 00:21:13,1273,Recovery,AMI_Meter,28,0.2177,0.2726,0.0909,29.38,5.06,78.23,122.0,28,0,0.0
2024-01-01 00:21:13,1273,Recovery,PMU_Sensor,63,0.3853,1.6178,0.5393,49.5,8.35,61.47,84.47,63,0,0.0
2024-01-01 00:21:13,1273,Recovery,DER_Controller,29,0.132,0.6835,0.1709,72.62,63.82,86.8,121.0,29,0,0.0
2024-01-01 00:21:13,1273,Recovery,EV_Charger_1,162,0.1274,0.5616,0.1872,245.21,148.16,87.26,0.0,87,74,0.4613
2024-01-01 00:21:13,1273,Recovery,EV_Charger_2,225,0.0678,0.1481,0.0494,201.55,158.34,93.22,0.0,93,131,0.5857
2024-01-01 00:21:14,1274,Recovery,AMI_Meter,33,0.224,0.7159,0.2386,29.38,5.06,77.6,117.0,33,0,0.0
2024-01-01 00:21:14,1274,Recovery,PMU_Sensor,66,0.467,1.9735,0.6578,49.51,8.35,53.3,71.77,66,0,0.0
2024-01-01 00:21:14,1274,Recovery,DER_Controller,35,0.1359,0.5891,0.1473,72.59,63.8,86.41,115.0,35,0,0.0
2024-01-01 00:21:14,1274,Recovery,EV_Charger_1,193,0.1244,0.3522,0.1174,245.17,148.11,87.56,0.0,87,105,0.5463
2024-01-01 00:21:14,1274,Recovery,EV_Charger_2,155,0.0769,0.2939,0.098,201.52,158.29,92.31,0.0,92,62,0.4044
2024-01-01 00:21:15,1275,Recovery,AMI_Meter,30,0.169,0.1224,0.0408,29.38,5.05,83.1,120.0,30,0,0.0
2024-01-01 00:21:15,1275,Recovery,PMU_Sensor,35,0.5004,1.7343,0.5781,49.5,8.36,49.96,86.73,35,0,0.0
2024-01-01 00:21:15,1275,Recovery,DER_Controller,46,0.1279,0.4165,0.1041,72.57,63.78,87.21,104.0,46,0,0.0
2024-01-01 00:21:15,1275,Recovery,EV_Charger_1,198,0.1189,0.3183,0.1061,245.13,148.06,88.11,0.0,88,109,0.555
2024-01-01 00:21:15,1275,Recovery,EV_Charger_2,172,0.0724,0.1864,0.0621,201.49,158.23,92.76,0.0,92,79,0.4607
2024-01-01 00:21:16,1276,Recovery,AMI_Meter,28,0.1457,0.2733,0.0911,29.38,5.05,85.43,122.0,28,0,0.0
2024-01-01 00:21:16,1276,Recovery,PMU_Sensor,42,0.4399,0.8965,0.2988,49.49,8.36,56.01,100.74,42,0,0.0
2024-01-01 00:21:16,1276,Recovery,DER_Controller,47,0.121,0.4007,0.1002,72.55,63.76,87.9,103.0,47,0,0.0
2024-01-01 00:21:16,1276,Recovery,EV_Charger_1,151,0.1468,0.6354,0.2118,245.06,148.03,85.32,0.0,85,65,0.4349
2024-01-01 00:21:16,1276,Recovery,EV_Charger_2,188,0.0592,0.0852,0.0284,201.48,158.17,94.08,0.0,94,93,0.4996
2024-01-01 00:21:17,1277,Recovery,AMI_Meter,40,0.3117,2.0978,0.6993,29.39,5.06,68.83,110.0,40,0,0.0
2024-01-01 00:21:17,1277,Recovery,PMU_Sensor,61,0.4454,1.3746,0.4582,49.5,8.36,55.46,89.0,61,0,0.0
2024-01-01 00:21:17,1277,Recovery,DER_Controller,24,0.1383,0.7609,0.1902,72.51,63.75,86.17,126.0,24,0,0.0
2024-01-01 00:21:17,1277,Recovery,EV_Charger_1,169,0.1541,0.5136,0.1712,245.0,147.98,84.59,0.0,84,84,0.4995
2024-01-01 00:21:17,1277,Recovery,EV_Charger_2,184,0.0525,0.1105,0.0368,201.47,158.1,94.75,0.0,94,89,0.4851
2024-01-01 00:21:18,1278,Recovery,AMI_Meter,29,0.2259,0.0769,0.0256,29.39,5.06,77.41,121.0,29,0,0.0
2024-01-01 00:21:18,1278,Recovery,PMU_Sensor,38,0.4492,1.374,0.458,49.49,8.37,55.08,106.08,38,0,0.0
2024-01-01 00:21:18,1278,Recovery,DER_Controller,43,0.1326,0.4627,0.1157,72.49,63.73,86.74,107.0,43,0,0.0
2024-01-01 00:21:18,1278,Recovery,EV_Charger_1,184,0.1491,0.412,0.1373,244.95,147.93,85.09,0.0,85,98,0.5375
2024-01-01 00:21:18,1278,Recovery,EV_Charger_2,228,0.0535,0.1677,0.0559,201.49,158.04,94.65,0.0,94,133,0.5849
2024-01-01 00:21:19,1279,Recovery,AMI_Meter,28,0.1856,0.2745,0.0915,29.39,5.05,81.44,122.0,28,0,0.0
2024-01-01 00:21:19,1279,Recovery,PMU_Sensor,59,0.4279,1.1351,0.3784,49.5,8.37,57.21,91.0,59,0,0.0
2024-01-01 00:21:19,1279,Recovery,DER_Controller,27,0.1441,0.7133,0.1783,72.45,63.72,85.59,123.0,27,0,0.0
2024-01-01 00:21:19,1279,Recovery,EV_Charger_1,152,0.1671,0.628,0.2093,244.88,147.9,83.29,0.0,83,68,0.4521
2024-01-01 00:21:19,1279,Recovery,EV_Charger_2,191,0.0441,0.0663,0.0221,201.48,157.98,95.59,0.0,95,95,0.4995
2024-01-01 00:21:20,1280,Recovery,AMI_Meter,35,0.2409,1.1095,0.3698,29.39,5.05,75.91,115.0,35,0,0.0
2024-01-01 00:21:20,1280,Recovery,PMU_Sensor,42,0.3891,0.896,0.2987,49.5,8.37,61.09,108.0,42,0,0.0
2024-01-01 00:21:20,1280,Recovery,DER_Controller,40,0.1399,0.509,0.1273,72.43,63.7,86.01,110.0,40,0,0.0
2024-01-01 00:21:20,1280,Recovery,EV_Charger_1,140,0.1879,0.7087,0.2362,244.8,147.87,81.21,0.0,81,58,0.4199
2024-01-01 00:21:20,1280,Recovery,EV_Charger_2,163,0.0552,0.2435,0.0812,201.45,157.92,94.48,0.0,94,68,0.4204
2024-01-01 00:21:21,1281,Recovery,AMI_Meter,34,0.2597,0.911,0.3037,29.4,5.05,74.03,116.0,34,0,0.0
2024-01-01 00:21:21,1281,Recovery,PMU_Sensor,46,0.3142,0.4177,0.1392,49.49,8.36,68.58,104.0,46,0,0.0
2024-01-01 00:21:21,1281,Recovery,DER_Controller,37,0.1396,0.5559,0.139,72.4,63.68,86.04,113.0,37,0,0.0
2024-01-01 00:21:21,1281,Recovery,EV_Charger_1,147,0.1976,0.661,0.2203,244.72,147.84,80.24,0.0,80,66,0.4542
2024-01-01 00:21:21,1281,Recovery,EV_Charger_2,148,0.0725,0.3383,0.1128,201.41,157.87,92.75,0.0,92,55,0.3733
2024-01-01 00:21:22,1282,Recovery,AMI_Meter,38,0.3518,1.6998,0.5666,29.4,5.06,64.82,112.0,38,0,0.0
2024-01-01 00:21:22,1282,Recovery,PMU_Sensor,50,0.226,0.0605,0.0202,49.49,8.36,77.4,100.0,50,0,0.0
2024-01-01 00:21:22,1282,Recovery,DER_Controller,29,0.1473,0.6811,0.1703,72.36,63.67,85.27,121.0,29,0,0.0
2024-01-01 00:21:22,1282,Recovery,EV_Charger_1,170,0.1888,0.5052,0.1684,244.66,147.8,81.12,0.0,81,88,0.5228
2024-01-01 00:21:22,1282,Recovery,EV_Charger_2,118,0.1035,0.5281,0.176,201.34,157.83,89.65,0.0,89,28,0.2403
2024-01-01 00:21:23,1283,Recovery,AMI_Meter,24,0.3529,1.0671,0.3557,29.4,5.06,64.71,126.0,24,0,0.0
2024-01-01 00:21:23,1283,Recovery,PMU_Sensor,60,0.2837,1.2553,0.4184,49.5,8.36,71.63,90.0,60,0,0.0
2024-01-01 00:21:23,1283,Recovery,DER_Controller,38,0.1442,0.5395,0.1349,72.34,63.65,85.58,112.0,38,0,0.0
2024-01-01 00:21:23,1283,Recovery,EV_Charger_1,235,0.1387,0.0653,0.0218,244.65,147.74,86.13,0.0,86,148,0.6335
2024-01-01 00:21:23,1283,Recovery,EV_Charger_2,162,0.0974,0.2492,0.0831,201.31,157.77,90.26,0.0,90,71,0.4428
2024-01-01 00:21:24,1284,Recovery,AMI_Meter,29,0.2549,0.0786,0.0262,29.4,5.06,74.51,121.0,29,0,0.0
2024-01-01 00:21:24,1284,Recovery,PMU_Sensor,55,0.2643,0.657,0.219,49.51,8.36,73.57,95.0,55,0,0.0
2024-01-01 00:21:24,1284,Recovery,DER_Controller,13,0.1664,0.9315,0.2329,72.29,63.65,83.36,137.0,13,0,0.0
2024-01-01 00:21:24,1284,Recovery,EV_Charger_1,183,0.1388,0.4171,0.139,244.61,147.69,86.12,0.0,86,96,0.5294
2024-01-01 00:21:24,1284,Recovery,EV_Charger_2,162,0.0931,0.2491,0.083,201.28,157.71,90.69,0.0,90,71,0.4402
2024-01-01 00:21:25,1285,Recovery,AMI_Meter,37,0.3286,1.5016,0.5005,29.4,5.06,67.14,113.0,37,0,0.0
2024-01-01 00:21:25,1285,Recovery,PMU_Sensor,57,0.2746,0.8956,0.2985,49.51,8.36,72.54,93.0,57,0,0.0
2024-01-01 00:21:25,1285,Recovery,DER_Controller,28,0.1682,0.6955,0.1739,72.26,63.64,83.18,122.0,28,0,0.0
2024-01-01 00:21:25,1285,Recovery,EV_Charger_1,213,0.1186,0.2139,0.0713,244.58,147.64,88.14,0.0,88,124,0.5862
2024-01-01 00:21:25,1285,Recovery,EV_Charger_2,154,0.0951,0.2997,0.0999,201.25,157.65,90.49,0.0,90,63,0.4124
2024-01-01 00:21:26,1286,Recovery,AMI_Meter,25,0.317,0.8699,0.29,29.4,5.06,68.3,125.0,25,0,0.0
2024-01-01 00:21:26,1286,Recovery,PMU_Sensor,51,0.21,0.1779,0.0593,49.51,8.36,79.0,99.0,51,0,0.0
2024-01-01 00:21:26,1286,Recovery,DER_Controller,37,0.1608,0.5538,0.1384,72.23,63.62,83.92,113.0,37,0,0.0
2024-01-01 00:21:26,1286,Recovery,EV_Charger_1,220,0.0996,0.1664,0.0555,244.56,147.58,90.04,0.0,90,129,0.5907
2024-01-01 00:21:26,1286,Recovery,EV_Charger_2,171,0.0858,0.1918,0.0639,201.22,157.6,91.42,0.0,91,79,0.4654
2024-01-01 00:21:27,1287,Recovery,AMI_Meter,31,0.2535,0.3161,0.1054,29.4,5.06,74.65,119.0,31,0,0.0
2024-01-01 00:21:27,1287,Recovery,PMU_Sensor,57,0.2365,0.8952,0.2984,49.52,8.36,76.35,93.0,57,0,0.0
2024-01-01 00:21:27,1287,Recovery,DER_Controller,50,0.1424,0.3493,0.0873,72.21,63.6,85.76,100.0,50,0,0.0
2024-01-01 00:21:27,1287,Recovery,EV_Charger_1,197,0.102,0.3221,0.1074,244.53,147.53,89.8,0.0,89,107,0.5441
2024-01-01 00:21:27,1287,Recovery,EV_Charger_2,203,0.0612,0.0113,0.0038,201.22,157.53,93.88,0.0,93,109,0.5375
2024-01-01 00:21:28,1288,Recovery,AMI_Meter,33,0.2486,0.7112,0.2371,29.4,5.06,75.14,117.0,33,0,0.0
2024-01-01 00:21:28,1288,Recovery,PMU_Sensor,51,0.1833,0.1771,0.059,49.52,8.35,81.67,99.0,51,0,0.0
2024-01-01 00:21:28,1288,Recovery,DER_Controller,52,0.1267,0.3177,0.0794,72.2,63.58,87.33,98.0,52,0,0.0
2024-01-01 00:21:28,1288,Recovery,EV_Charger_1,169,0.1225,0.5117,0.1706,244.47,147.49,87.75,0.0,87,81,0.4808
2024-01-01 00:21:28,1288,Recovery,EV_Charger_2,160,0.069,0.2616,0.0872,201.19,157.48,93.1,0.0,93,66,0.4181
2024-01-01 00:21:29,1289,Recovery,AMI_Meter,38,0.3438,1.6976,0.5659,29.41,5.06,65.62,112.0,38,0,0.0
2024-01-01 00:21:29,1289,Recovery,PMU_Sensor,62,0.2775,1.4921,0.4974,49.53,8.36,72.25,88.0,62,0,0.0
2024-01-01 00:21:29,1289,Recovery,DER_Controller,39,0.1276,0.5219,0.1305,72.17,63.56,87.24,111.0,39,0,0.0
2024-01-01 00:21:29,1289,Recovery,EV_Charger_1,157,0.1451,0.5927,0.1976,244.4,147.45,85.49,0.0,85,71,0.4554
2024-01-01 00:21:29,1289,Recovery,EV_Charger_2,202,0.0488,0.0051,0.0017,201.19,157.42,95.12,0.0,95,106,0.5291
2024-01-01 00:21:30,1290,Recovery,AMI_Meter,34,0.3313,0.9064,0.3021,29.41,5.06,66.87,116.0,34,0,0.0
2024-01-01 00:21:30,1290,Recovery,PMU_Sensor,52,0.2238,0.2954,0.0985,49.53,8.35,77.62,98.0,52,0,0.0
2024-01-01 00:21:30,1290,Recovery,DER_Controller,36,0.1313,0.5688,0.1422,72.14,63.54,86.87,114.0,36,0,0.0
2024-01-01 00:21:30,1290,Recovery,EV_Charger_1,179,0.1459,0.4433,0.1478,244.35,147.4,85.41,0.0,85,93,0.5228
2024-01-01 00:21:30,1290,Recovery,EV_Charger_2,156,0.0629,0.287,0.0957,201.16,157.36,93.71,0.0,93,62,0.3993
2024-01-01 00:21:31,1291,Recovery,AMI_Meter,26,0.2993,0.6745,0.2248,29.41,5.06,70.07,124.0,26,0,0.0
2024-01-01 00:21:31,1291,Recovery,PMU_Sensor,51,0.1742,0.1756,0.0585,49.53,8.35,82.58,99.0,51,0,0.0
2024-01-01 00:21:31,1291,Recovery,DER_Controller,42,0.1281,0.4742,0.1185,72.12,63.52,87.19,108.0,42,0,0.0
2024-01-01 00:21:31,1291,Recovery,EV_Charger_1,157,0.1613,0.5923,0.1974,244.28,147.37,83.87,0.0,83,73,0.4658
2024-01-01 00:21:31,1291,Recovery,EV_Charger_2,182,0.0562,0.1217,0.0406,201.14,157.3,94.38,0.0,94,87,0.4814
2024-01-01 00:21:32,1292,Recovery,AMI_Meter,36,0.3397,1.3012,0.4337,29.42,5.06,66.03,114.0,36,0,0.0
2024-01-01 00:21:32,1292,Recovery,PMU_Sensor,57,0.2113,0.8935,0.2978,49.54,8.35,78.87,93.0,57,0,0.0
2024-01-01 00:21:32,1292,Recovery,DER_Controller,37,0.1306,0.5526,0.1382,72.09,63.5,86.94,113.0,37,0,0.0
2024-01-01 00:21:32,1292,Recovery,EV_Charger_1,189,0.1504,0.375,0.125,244.24,147.32,84.96,0.0,84,104,0.5505
2024-01-01 00:21:32,1292,Recovery,EV_Charger_2,156,0.068,0.2869,0.0956,201.11,157.24,93.2,0.0,93,62,0.4026
2024-01-01 00:21:33,1293,Recovery,AMI_Meter,23,0.3645,1.267,0.4223,29.41,5.06,63.55,127.0,23,0,0.0
2024-01-01 00:21:33,1293,Recovery,PMU_Sensor,55,0.2133,0.6536,0.2179,49.54,8.35,78.67,95.0,55,0,0.0
2024-01-01 00:21:33,1293,Recovery,DER_Controller,41,0.1285,0.4894,0.1223,72.07,63.49,87.15,109.0,41,0,0.0
2024-01-01 00:21:33,1293,Recovery,EV_Charger_1,243,0.1061,0.0084,0.0028,244.24,147.26,89.39,0.0,89,153,0.6322
2024-01-01 00:21:33,1293,Recovery,EV_Charger_2,197,0.0502,0.0261,0.0087,201.11,157.18,94.98,0.0,94,102,0.5179
2024-01-01 00:21:34,1294,Recovery,AMI_Meter,33,0.326,0.7086,0.2362,29.41,5.06,67.4,117.0,33,0,0.0
2024-01-01 00:21:34,1294,Recovery,PMU_Sensor,51,0.1667,0.1744,0.0581,49.54,8.35,83.33,99.0,51,0,0.0
2024-01-01 00:21:34,1294,Recovery,DER_Controller,41,0.127,0.4891,0.1223,72.04,63.47,87.3,109.0,41,0,0.0
2024-01-01 00:21:34,1294,Recovery,EV_Charger_1,134,0.1491,0.7481,0.2494,244.15,147.23,85.09,0.0,85,48,0.365
2024-01-01 00:21:34,1294,Recovery,EV_Charger_2,100,0.0994,0.6429,0.2143,201.03,157.15,90.06,0.0,90,9,0.0994
2024-01-01 00:21:35,1295,Recovery,AMI_Meter,25,0.3154,0.8719,0.2906,29.41,5.06,68.46,125.0,25,0,0.0
2024-01-01 00:21:35,1295,Recovery,PMU_Sensor,49,0.1232,0.0652,0.0217,49.54,8.34,87.68,101.0,49,0,0.0
2024-01-01 00:21:35,1295,Recovery,DER_Controller,18,0.1484,0.851,0.2127,72.0,63.46,85.16,132.0,18,0,0.0
2024-01-01 00:21:35,1295,Recovery,EV_Charger_1,147,0.1703,0.6595,0.2198,244.08,147.2,82.97,0.0,82,64,0.4356
2024-01-01 00:21:35,1295,Recovery,EV_Charger_2,143,0.1065,0.3691,0.123,200.98,157.09,89.35,0.0,89,53,0.3752
2024-01-01 00:21:36,1296,Recovery,AMI_Meter,28,0.2487,0.2788,0.0929,29.41,5.06,75.13,122.0,28,0,0.0
2024-01-01 00:21:36,1296,Recovery,PMU_Sensor,44,0.1527,0.6642,0.2214,49.54,8.34,84.73,106.0,44,0,0.0
2024-01-01 00:21:36,1296,Recovery,DER_Controller,36,0.1468,0.567,0.1418,71.98,63.44,85.32,114.0,36,0,0.0
2024-01-01 00:21:36,1296,Recovery,EV_Charger_1,214,0.1397,0.2042,0.0681,244.05,147.15,86.03,0.0,86,127,0.598
2024-01-01 00:21:36,1296,Recovery,EV_Charger_2,169,0.0949,0.2035,0.0678,200.96,157.04,90.51,0.0,90,78,0.4644
2024-01-01 00:21:37,1297,Recovery,AMI_Meter,27,0.2217,0.4763,0.1588,29.41,5.06,77.83,123.0,27,0,0.0
2024-01-01 00:21:37,1297,Recovery,PMU_Sensor,49,0.1133,0.0647,0.0216,49.54,8.34,88.67,101.0,49,0,0.0
2024-01-01 00:21:37,1297,Recovery,DER_Controller,39,0.1425,0.5195,0.1299,71.95,63.43,85.75,111.0,39,0,0.0
2024-01-01 00:21:37,1297,Recovery,EV_Charger_1,138,0.1698,0.7203,0.2401,243.97,147.12,83.02,0.0,83,54,0.3984
2024-01-01 00:21:37,1297,Recovery,EV_Charger_2,125,0.1148,0.4835,0.1612,200.9,156.99,88.52,0.0,88,36,0.2918
2024-01-01 00:21:38,1298,Recovery,AMI_Meter,35,0.2657,1.105,0.3683,29.41,5.06,73.43,115.0,35,0,0.0
2024-01-01 00:21:38,1298,Recovery,PMU_Sensor,46,0.1218,0.4243,0.1414,49.54,8.33,87.82,104.0,46,0,0.0
2024-01-01 00:21:38,1298,Recovery,DER_Controller,29,0.1492,0.6768,0.1692,71.92,63.41,85.08,121.0,29,0,0.0
2024-01-01 00:21:38,1298,Recovery,EV_Charger_1,158,0.1773,0.5841,0.1947,243.91,147.08,82.27,0.0,82,75,0.4793
2024-01-01 00:21:38,1298,Recovery,EV_Charger_2,151,0.1121,0.3177,0.1059,200.86,156.94,88.79,0.0,88,62,0.412
2024-01-01 00:21:39,1299,Recovery,AMI_Meter,20,0.3718,1.8584,0.6195,29.41,5.06,62.82,130.0,20,0,0.0
2024-01-01 00:21:39,1299,Recovery,PMU_Sensor,49,0.0917,0.0644,0.0215,49.54,8.33,90.83,101.0,49,0,0.0
2024-01-01 00:21:39,1299,Recovery,DER_Controller,48,0.1355,0.377,0.0942,71.9,63.39,86.45,102.0,48,0,0.0
2024-01-01 00:21:39,1299,Recovery,EV_Charger_1,172,0.1729,0.4886,0.1629,243.85,147.04,82.71,0.0,82,89,0.5192
2024-01-01 00:21:39,1299,Recovery,EV_Charger_2,213,0.0862,0.0773,0.0258,200.87,156.88,91.38,0.0,91,121,0.571
2024-01-01 00:21:40,1300,Recovery,AMI_Meter,36,0.3904,1.3017,0.4339,29.41,5.06,60.96,114.0,36,0,0.0
2024-01-01 00:21:40,1300,Recovery,PMU_Sensor,61,0.2016,1.3745,0.4582,49.54,8.33,79.84,89.0,61,0,0.0
2024-01-01 00:21:40,1300,Recovery,DER_Controller,68,0.1054,0.0615,0.0154,71.9,63.37,89.46,82.0,68,0,0.0
2024-01-01 00:21:40,1300,Recovery,EV_Charger_1,180,0.1645,0.434,0.1447,243.8,146.99,83.55,0.0,83,96,0.5358
2024-01-01 00:21:40,1300,Recovery,EV_Charger_2,150,0.0928,0.3241,0.108,200.83,156.82,90.72,0.0,90,59,0.3952
2024-01-01 00:21:41,1301,Recovery,AMI_Meter,34,0.3639,0.906,0.302,29.41,5.06,63.61,116.0,34,0,0.0
2024-01-01 00:21:41,1301,Recovery,PMU_Sensor,45,0.1956,0.5451,0.1817,49.54,8.33,80.44,105.0,45,0,0.0
2024-01-01 00:21:41,1301,Recovery,DER_Controller,41,0.1095,0.4873,0.1218,71.87,63.35,89.05,109.0,41,0,0.0
2024-01-01 00:21:41,1301,Recovery,EV_Charger_1,136,0.1884,0.7329,0.2443,243.72,146.97,81.16,0.0,81,54,0.4032
2024-01-01 00:21:41,1301,Recovery,EV_Charger_2,156,0.0935,0.2858,0.0953,200.8,156.77,90.65,0.0,90,65,0.4189
2024-01-01 00:21:42,1302,Recovery,AMI_Meter,26,0.3221,0.674,0.2247,29.41,5.06,67.79,124.0,26,0,0.0
2024-01-01 00:21:42,1302,Recovery,PMU_Sensor,44,0.2034,0.6647,0.2216,49.54,8.33,79.66,106.0,44,0,0.0
2024-01-01 00:21:42,1302,Recovery,DER_Controller,44,0.1096,0.4398,0.1099,71.85,63.33,89.04,106.0,44,0,0.0
2024-01-01 00:21:42,1302,Recovery,EV_Charger_1,150,0.1956,0.6373,0.2124,243.65,146.93,80.44,0.0,80,69,0.4638
2024-01-01 00:21:42,1302,Recovery,EV_Charger_2,85,0.1393,0.7382,0.2461,200.71,156.74,86.07,1.07,85,0,0.0
2024-01-01 00:21:43,1303,Recovery,AMI_Meter,22,0.3718,1.4626,0.4875,29.41,5.06,62.82,128.0,22,0,0.0
2024-01-01 00:21:43,1303,Recovery,PMU_Sensor,40,0.2568,1.1439,0.3813,49.53,8.33,74.32,110.0,40,0,0.0
2024-01-01 00:21:43,1303,Recovery,DER_Controller,31,0.1225,0.6447,0.1612,71.82,63.32,87.75,119.0,31,0,0.0
2024-01-01 00:21:43,1303,Recovery,EV_Charger_1,166,0.1898,0.5282,0.1761,243.59,146.89,81.02,0.0,81,84,0.5119
2024-01-01 00:21:43,1303,Recovery,EV_Charger_2,148,0.1311,0.3361,0.112,200.67,156.69,86.89,0.0,87,60,0.4057
2024-01-01 00:21:44,1304,Recovery,AMI_Meter,35,0.3706,1.1039,0.368,29.41,5.06,62.94,115.0,35,0,0.0
2024-01-01 00:21:44,1304,Recovery,PMU_Sensor,56,0.2574,0.7761,0.2587,49.53,8.33,74.26,94.0,56,0,0.0
2024-01-01 00:21:44,1304,Recovery,DER_Controller,50,0.1134,0.3445,0.0861,71.8,63.29,88.66,100.0,50,0,0.0
2024-01-01 00:21:44,1304,Recovery,EV_Charger_1,170,0.1829,0.5007,0.1669,243.53,146.85,81.71,0.0,81,88,0.5194
2024-01-01 00:21:44,1304,Recovery,EV_Charger_2,146,0.1267,0.3487,0.1162,200.63,156.63,87.33,0.0,87,58,0.4018
2024-01-01 00:21:45,1305,Recovery,AMI_Meter,35,0.3697,1.103,0.3677,29.41,5.06,63.03,115.0,35,0,0.0
2024-01-01 00:21:45,1305,Recovery,PMU_Sensor,57,0.2697,0.8956,0.2985,49.54,8.33,73.03,93.0,57,0,0.0
2024-01-01 00:21:45,1305,Recovery,DER_Controller,43,0.1135,0.4548,0.1137,71.78,63.27,88.65,107.0,43,0,0.0
2024-01-01 00:21:45,1305,Recovery,EV_Charger_1,189,0.1651,0.3712,0.1237,243.49,146.8,83.49,0.0,83,105,0.5583
2024-01-01 00:21:45,1305,Recovery,EV_Charger_2,69,0.1726,0.8398,0.2799,200.52,156.62,82.74,13.74,69,0,0.0
2024-01-01 00:21:46,1306,Recovery,AMI_Meter,28,0.2867,0.2792,0.0931,29.41,5.06,71.33,122.0,28,0,0.0
2024-01-01 00:21:46,1306,Recovery,PMU_Sensor,47,0.2193,0.3049,0.1016,49.54,8.33,78.07,103.0,47,0,0.0
2024-01-01 00:21:46,1306,Recovery,DER_Controller,51,0.1056,0.3283,0.0821,71.76,63.25,89.44,99.0,51,0,0.0
2024-01-01 00:21:46,1306,Recovery,EV_Charger_1,197,0.1473,0.3165,0.1055,243.45,146.75,85.27,0.0,85,111,0.5671
2024-01-01 00:21:46,1306,Recovery,EV_Charger_2,94,0.1888,0.6798,0.2266,200.44,156.58,81.12,0.85,94,0,0.0
2024-01-01 00:21:47,1307,Recovery,AMI_Meter,37,0.3504,1.4968,0.4989,29.42,5.06,64.96,113.0,37,0,0.0
2024-01-01 00:21:47,1307,Recovery,PMU_Sensor,40,0.268,1.1446,0.3815,49.53,8.33,73.2,110.0,40,0,0.0
2024-01-01 00:21:47,1307,Recovery,DER_Controller,28,0.1224,0.6915,0.1729,71.73,63.24,87.76,122.0,28,0,0.0
2024-01-01 00:21:47,1307,Recovery,EV_Charger_1,141,0.1729,0.6977,0.2326,243.38,146.72,82.71,0.0,82,58,0.4134
2024-01-01 00:21:47,1307,Recovery,EV_Charger_2,127,0.1791,0.4688,0.1563,200.39,156.54,82.09,0.0,82,44,0.3469
2024-01-01 00:21:48,1308,Recovery,AMI_Meter,22,0.3916,1.4631,0.4877,29.41,5.07,60.84,128.0,22,0,0.0
2024-01-01 00:21:48,1308,Recovery,PMU_Sensor,55,0.2532,0.6564,0.2188,49.54,8.33,74.68,95.0,55,0,0.0
2024-01-01 00:21:48,1308,Recovery,DER_Controller,46,0.1173,0.4067,0.1017,71.71,63.22,88.27,104.0,46,0,0.0
2024-01-01 00:21:48,1308,Recovery,EV_Charger_1,179,0.1649,0.4386,0.1462,243.33,146.68,83.51,0.0,83,95,0.5334
2024-01-01 00:21:48,1308,Recovery,EV_Charger_2,122,0.1754,0.5005,0.1668,200.33,156.49,82.46,0.0,82,39,0.3241
2024-01-01 00:21:49,1309,Recovery,AMI_Meter,29,0.2823,0.0815,0.0272,29.41,5.07,71.77,121.0,29,0,0.0
2024-01-01 00:21:49,1309,Recovery,PMU_Sensor,49,0.1837,0.0643,0.0214,49.54,8.32,81.63,101.0,49,0,0.0
2024-01-01 00:21:49,1309,Recovery,DER_Controller,56,0.1035,0.2484,0.0621,71.7,63.2,89.65,94.0,56,0,0.0
2024-01-01 00:21:49,1309,Recovery,EV_Charger_1,61,0.2396,1.2418,0.4139,243.19,146.71,76.04,15.04,61,0,0.0
2024-01-01 00:21:49,1309,Recovery,EV_Charger_2,106,0.183,0.6024,0.2008,200.25,156.45,81.7,0.0,81,24,0.2293
2024-01-01 00:21:50,1310,Recovery,AMI_Meter,30,0.2092,0.1159,0.0386,29.41,5.06,79.08,120.0,30,0,0.0
2024-01-01 00:21:50,1310,Recovery,PMU_Sensor,41,0.231,1.0248,0.3416,49.53,8.32,76.9,109.0,41,0,0.0
2024-01-01 00:21:50,1310,Recovery,DER_Controller,37,0.1119,0.5488,0.1372,71.67,63.18,88.81,113.0,37,0,0.0
2024-01-01 00:21:50,1310,Recovery,EV_Charger_1,141,0.2373,0.6961,0.232,243.11,146.68,76.27,0.0,91,49,0.3524
2024-01-01 00:21:50,1310,Recovery,EV_Charger_2,113,0.1839,0.5574,0.1858,200.19,156.41,81.61,0.0,81,31,0.2777
2024-01-01 00:21:51,1311,Recovery,AMI_Meter,30,0.158,0.1158,0.0386,29.41,5.06,84.2,120.0,30,0,0.0
2024-01-01 00:21:51,1311,Recovery,PMU_Sensor,55,0.2274,0.6571,0.219,49.53,8.32,77.26,95.0,55,0,0.0
2024-01-01 00:21:51,1311,Recovery,DER_Controller,37,0.1182,0.5485,0.1371,71.65,63.16,88.18,113.0,37,0,0.0
2024-01-01 00:21:51,1311,Recovery,EV_Charger_1,130,0.2432,0.7707,0.2569,243.02,146.66,75.68,0.0,75,54,0.4178
2024-01-01 00:21:51,1311,Recovery,EV_Charger_2,127,0.1755,0.4677,0.1559,200.13,156.37,82.45,0.0,82,44,0.3508
2024-01-01 00:21:52,1312,Recovery,AMI_Meter,29,0.1188,0.0817,0.0272,29.41,5.06,88.12,121.0,29,0,0.0
2024-01-01 00:21:52,1312,Recovery,PMU_Sensor,36,0.3216,1.6241,0.5414,49.52,8.33,67.84,114.0,36,0,0.0
2024-01-01 00:21:52,1312,Recovery,DER_Controller,44,0.116,0.4375,0.1094,71.63,63.14,88.4,106.0,44,0,0.0
2024-01-01 00:21:52,1312,Recovery,EV_Charger_1,129,0.2479,0.777,0.259,242.94,146.64,75.21,0.0,75,53,0.417
2024-01-01 00:21:52,1312,Recovery,EV_Charger_2,169,0.1427,0.199,0.0663,200.11,156.31,85.73,0.0,85,83,0.4927
2024-01-01 00:21:53,1313,Recovery,AMI_Meter,32,0.1342,0.511,0.1703,29.42,5.06,86.58,118.0,32,0,0.0
2024-01-01 00:21:53,1313,Recovery,PMU_Sensor,59,0.3389,1.1373,0.3791,49.53,8.33,66.11,91.0,59,0,0.0
2024-01-01 00:21:53,1313,Recovery,DER_Controller,29,0.1292,0.6747,0.1687,71.59,63.13,87.08,121.0,29,0,0.0
2024-01-01 00:21:53,1313,Recovery,EV_Charger_1,130,0.2505,0.7697,0.2566,242.85,146.61,74.95,0.0,74,55,0.4235
2024-01-01 00:21:53,1313,Recovery,EV_Charger_2,92,0.169,0.6912,0.2304,200.03,156.28,83.1,0.0,83,8,0.0968
2024-01-01 00:21:54,1314,Recovery,AMI_Meter,26,0.1615,0.6749,0.225,29.41,5.06,83.85,124.0,26,0,0.0
2024-01-01 00:21:54,1314,Recovery,PMU_Sensor,60,0.3628,1.2562,0.4187,49.54,8.33,63.72,90.0,60,0,0.0
2024-01-01 00:21:54,1314,Recovery,DER_Controller,54,0.1143,0.2786,0.0696,71.58,63.11,88.57,96.0,54,0,0.0
2024-01-01 00:21:54,1314,Recovery,EV_Charger_1,105,0.2693,0.9396,0.3132,242.75,146.61,73.07,0.0,73,31,0.3041
2024-01-01 00:21:54,1314,Recovery,EV_Charger_2,115,0.1727,0.5438,0.1813,199.96,156.24,82.73,0.0,82,32,0.2806
2024-01-01 00:21:55,1315,Recovery,AMI_Meter,29,0.1212,0.0816,0.0272,29.41,5.05,87.88,121.0,29,0,0.0
2024-01-01 00:21:55,1315,Recovery,PMU_Sensor,54,0.3075,0.5355,0.1785,49.54,8.33,69.25,96.0,54,0,0.0
2024-01-01 00:21:55,1315,Recovery,DER_Controller,22,0.1348,0.7851,0.1963,71.54,63.1,86.52,128.0,22,0,0.0
2024-01-01 00:21:55,1315,Recovery,EV_Charger_1,90,0.2926,1.041,0.347,242.63,146.61,70.74,0.0,70,19,0.214
2024-01-01 00:21:55,1315,Recovery,EV_Charger_2,142,0.158,0.3708,0.1236,199.92,156.18,84.2,0.0,84,57,0.407
2024-01-01 00:21:56,1316,Recovery,AMI_Meter,20,0.2707,1.8589,0.6196,29.41,5.06,72.93,130.0,20,0,0.0
2024-01-01 00:21:56,1316,Recovery,PMU_Sensor,46,0.2578,0.4251,0.1417,49.54,8.32,74.22,104.0,46,0,0.0
2024-01-01 00:21:56,1316,Recovery,DER_Controller,41,0.1313,0.4838,0.1209,71.52,63.08,86.87,109.0,41,0,0.0
2024-01-01 00:21:56,1316,Recovery,EV_Charger_1,150,0.268,0.6315,0.2105,242.56,146.58,73.2,0.0,73,76,0.512
2024-01-01 00:21:56,1316,Recovery,EV_Charger_2,122,0.1604,0.4986,0.1662,199.86,156.14,83.96,0.0,83,38,0.3118
2024-01-01 00:21:57,1317,Recovery,AMI_Meter,28,0.2173,0.2777,0.0926,29.4,5.06,78.27,122.0,28,0,0.0
2024-01-01 00:21:57,1317,Recovery,PMU_Sensor,56,0.258,0.7758,0.2586,49.54,8.32,74.2,94.0,56,0,0.0
2024-01-01 00:21:57,1317,Recovery,DER_Controller,42,0.1277,0.4677,0.1169,71.5,63.06,87.23,108.0,42,0,0.0
2024-01-01 00:21:57,1317,Recovery,EV_Charger_1,116,0.2739,0.8629,0.2876,242.46,146.56,72.61,0.0,72,43,0.374
2024-01-01 00:21:57,1317,Recovery,EV_Charger_2,126,0.1596,0.4728,0.1576,199.8,156.09,84.04,0.0,84,41,0.333
2024-01-01 00:21:58,1318,Recovery,AMI_Meter,31,0.1836,0.3153,0.1051,29.41,5.06,81.64,119.0,31,0,0.0
2024-01-01 00:21:58,1318,Recovery,PMU_Sensor,63,0.3421,1.6147,0.5382,49.55,8.33,65.79,87.0,63,0,0.0
2024-01-01 00:21:58,1318,Recovery,DER_Controller,47,0.1201,0.3883,0.0971,71.48,63.04,87.99,103.0,47,0,0.0
2024-01-01 00:21:58,1318,Recovery,EV_Charger_1,171,0.2405,0.4874,0.1625,242.41,146.52,75.95,0.0,75,95,0.5558
2024-01-01 00:21:58,1318,Recovery,EV_Charger_2,106,0.1718,0.6006,0.2002,199.73,156.06,82.82,0.0,82,23,0.2187
2024-01-01 00:21:59,1319,Recovery,AMI_Meter,27,0.1761,0.4756,0.1585,29.4,5.05,82.39,123.0,27,0,0.0
2024-01-01 00:21:59,1319,Recovery,PMU_Sensor,48,0.2581,0.1865,0.0622,49.55,8.32,74.19,102.0,48,0,0.0
2024-01-01 00:21:59,1319,Recovery,DER_Controller,38,0.1232,0.5308,0.1327,71.45,63.03,87.68,112.0,38,0,0.0
2024-01-01 00:21:59,1319,Recovery,EV_Charger_1,103,0.2634,0.9508,0.3169,242.3,146.52,73.66,0.0,73,29,0.2848
2024-01-01 00:21:59,1319,Recovery,EV_Charger_2,161,0.1451,0.2481,0.0827,199.7,156.0,85.49,0.0,85,75,0.469
2024-01-01 00:22:00,1320,Recovery,AMI_Meter,34,0.2141,0.9087,0.3029,29.41,5.05,78.59,116.0,34,0,0.0
2024-01-01 00:22:00,1320,Recovery,PMU_Sensor,47,0.2113,0.3065,0.1022,49.55,8.32,78.87,103.0,47,0,0.0
2024-01-01 00:22:00,1320,Recovery,DER_Controller,46,0.1176,0.4037,0.1009,71.43,63.01,88.24,104.0,46,0,0.0
2024-01-01 00:22:00,1320,Recovery,EV_Charger_1,139,0.2548,0.7047,0.2349,242.22,146.49,74.52,0.0,74,64,0.4639
2024-01-01 00:22:00,1320,Recovery,EV_Charger_2,143,0.1379,0.3633,0.1211,199.66,155.95,86.21,0.0,86,56,0.3971
2024-01-01 00:22:01,1321,Recovery,AMI_Meter,23,0.2765,1.2664,0.4221,29.4,5.06,72.35,127.0,23,0,0.0
2024-01-01 00:22:01,1321,Recovery,PMU_Sensor,48,0.1665,0.1862,0.0621,49.55,8.32,83.35,102.0,48,0,0.0
2024-01-01 00:22:01,1321,Recovery,DER_Controller,39,0.1204,0.5145,0.1286,71.41,62.99,87.96,111.0,39,0,0.0
2024-01-01 00:22:01,1321,Recovery,EV_Charger_1,150,0.2413,0.6292,0.2097,242.16,146.45,75.87,0.0,75,74,0.4942
2024-01-01 00:22:01,1321,Recovery,EV_Charger_2,102,0.1591,0.6259,0.2086,199.59,155.91,84.09,0.0,84,17,0.1756
2024-01-01 00:22:02,1322,Recovery,AMI_Meter,17,0.4383,2.4468,0.8156,29.39,5.07,56.17,133.0,17,0,0.0
2024-01-01 00:22:02,1322,Recovery,PMU_Sensor,41,0.2193,1.0269,0.3423,49.54,8.32,78.07,109.0,41,0,0.0
2024-01-01 00:22:02,1322,Recovery,DER_Controller,39,0.1224,0.5143,0.1286,71.38,62.97,87.76,111.0,39,0,0.0
2024-01-01 00:22:02,1322,Recovery,EV_Charger_1,132,0.2441,0.7517,0.2506,242.07,146.43,75.59,0.0,75,56,0.4273
2024-01-01 00:22:02,1322,Recovery,EV_Charger_2,170,0.1303,0.1897,0.0632,199.56,155.86,86.97,0.0,86,83,0.4884
2024-01-01 00:22:03,1323,Recovery,AMI_Meter,32,0.3582,0.5144,0.1715,29.4,5.06,64.18,118.0,32,0,0.0
2024-01-01 00:22:03,1323,Recovery,PMU_Sensor,50,0.159,0.0549,0.0183,49.54,8.32,84.1,100.0,50,0,0.0
2024-01-01 00:22:03,1323,Recovery,DER_Controller,39,0.124,0.514,0.1285,71.36,62.95,87.6,111.0,39,0,0.0
2024-01-01 00:22:03,1323,Recovery,EV_Charger_1,162,0.2255,0.5466,0.1822,242.01,146.39,77.45,0.0,77,84,0.5219
2024-01-01 00:22:03,1323,Recovery,EV_Charger_2,100,0.1551,0.6385,0.2128,199.49,155.82,84.49,0.0,84,15,0.1551
2024-01-01 00:22:04,1324,Recovery,AMI_Meter,29,0.2586,0.078,0.026,29.39,5.06,74.14,121.0,29,0,0.0
2024-01-01 00:22:04,1324,Recovery,PMU_Sensor,41,0.2139,1.0265,0.3422,49.54,8.32,78.61,109.0,41,0,0.0
2024-01-01 00:22:04,1324,Recovery,DER_Controller,54,0.1102,0.2756,0.0689,71.35,62.93,88.98,96.0,54,0,0.0
2024-01-01 00:22:04,1324,Recovery,EV_Charger_1,139,0.2282,0.7033,0.2344,241.93,146.36,77.18,0.0,77,61,0.4447
2024-01-01 00:22:04,1324,Recovery,EV_Charger_2,96,0.1749,0.6638,0.2213,199.41,155.79,82.51,0.0,82,13,0.1406
2024-01-01 00:22:05,1325,Recovery,AMI_Meter,29,0.1888,0.078,0.026,29.39,5.06,81.12,121.0,29,0,0.0
2024-01-01 00:22:05,1325,Recovery,PMU_Sensor,54,0.2034,0.5365,0.1788,49.54,8.31,79.66,96.0,54,0,0.0
2024-01-01 00:22:05,1325,Recovery,DER_Controller,37,0.1167,0.5455,0.1364,71.32,62.91,88.33,113.0,37,0,0.0
2024-01-01 00:22:05,1325,Recovery,EV_Charger_1,110,0.2498,0.9008,0.3003,241.83,146.35,75.02,0.0,75,34,0.318
2024-01-01 00:22:05,1325,Recovery,EV_Charger_2,96,0.1888,0.6634,0.2211,199.33,155.76,81.12,0.0,81,14,0.155
2024-01-01 00:22:06,1326,Recovery,AMI_Meter,31,0.1639,0.3172,0.1057,29.4,5.06,83.61,119.0,31,0,0.0
2024-01-01 00:22:06,1326,Recovery,PMU_Sensor,47,0.1729,0.3054,0.1018,49.54,8.31,82.71,103.0,47,0,0.0
2024-01-01 00:22:06,1326,Recovery,DER_Controller,35,0.1236,0.577,0.1443,71.29,62.9,87.64,115.0,35,0,0.0
2024-01-01 00:22:06,1326,Recovery,EV_Charger_1,85,0.2819,1.0707,0.3569,241.72,146.36,71.81,0.0,71,13,0.1552
2024-01-01 00:22:06,1326,Recovery,EV_Charger_2,117,0.185,0.5283,0.1761,199.27,155.71,81.5,0.0,81,35,0.3034
2024-01-01 00:22:07,1327,Recovery,AMI_Meter,29,0.1225,0.0782,0.0261,29.4,5.06,87.75,121.0,29,0,0.0
2024-01-01 00:22:07,1327,Recovery,PMU_Sensor,47,0.1516,0.3053,0.1018,49.54,8.31,84.84,103.0,47,0,0.0
2024-01-01 00:22:07,1327,Recovery,DER_Controller,41,0.1228,0.4814,0.1203,71.27,62.88,87.72,109.0,41,0,0.0
2024-01-01 00:22:07,1327,Recovery,EV_Charger_1,146,0.2627,0.6536,0.2179,241.64,146.33,73.73,0.0,73,72,0.495
2024-01-01 00:22:07,1327,Recovery,EV_Charger_2,134,0.1714,0.419,0.1397,199.22,155.66,82.86,0.0,82,51,0.3816
2024-01-01 00:22:08,1328,Recovery,AMI_Meter,32,0.1373,0.5149,0.1716,29.4,5.05,86.27,118.0,32,0,0.0
2024-01-01 00:22:08,1328,Recovery,PMU_Sensor,48,0.1246,0.1848,0.0616,49.53,8.31,87.54,102.0,48,0,0.0
2024-01-01 00:22:08,1328,Recovery,DER_Controller,34,0.1291,0.5924,0.1481,71.24,62.86,87.09,116.0,34,0,0.0
2024-01-01 00:22:08,1328,Recovery,EV_Charger_1,91,0.2868,1.0287,0.3429,241.53,146.33,71.32,0.0,71,19,0.2162
2024-01-01 00:22:08,1328,Recovery,EV_Charger_2,94,0.1875,0.6756,0.2252,199.14,155.63,81.25,0.0,81,12,0.1357
2024-01-01 00:22:09,1329,Recovery,AMI_Meter,30,0.108,0.1192,0.0397,29.4,5.05,89.2,120.0,30,0,0.0
2024-01-01 00:22:09,1329,Recovery,PMU_Sensor,43,0.1658,0.7864,0.2621,49.53,8.3,83.42,107.0,43,0,0.0
2024-01-01 00:22:09,1329,Recovery,DER_Controller,40,0.1279,0.4967,0.1242,71.22,62.85,87.21,110.0,40,0,0.0
2024-01-01 00:22:09,1329,Recovery,EV_Charger_1,92,0.3028,1.0211,0.3404,241.42,146.34,69.72,0.0,69,22,0.2422
2024-01-01 00:22:09,1329,Recovery,EV_Charger_2,61,0.22,0.887,0.2957,199.04,155.62,78.0,17.0,61,0,0.0
2024-01-01 00:22:10,1330,Recovery,AMI_Meter,34,0.1666,0.9102,0.3034,29.4,5.05,83.34,116.0,34,0,0.0
2024-01-01 00:22:10,1330,Recovery,PMU_Sensor,46,0.1586,0.4249,0.1416,49.53,8.3,84.14,104.0,46,0,0.0
2024-01-01 00:22:10,1330,Recovery,DER_Controller,31,0.1359,0.6396,0.1599,71.19,62.83,86.41,119.0,31,0,0.0
2024-01-01 00:22:10,1330,Recovery,EV_Charger_1,87,0.3174,1.0544,0.3515,241.3,146.34,68.26,0.0,68,18,0.2154
2024-01-01 00:22:10,1330,Recovery,EV_Charger_2,123,0.2028,0.4884,0.1628,198.98,155.58,79.72,0.0,96,26,0.2137
2024-01-01 00:22:11,1331,Recovery,AMI_Meter,36,0.2471,1.3047,0.4349,29.41,5.05,75.29,114.0,36,0,0.0
2024-01-01 00:22:11,1331,Recovery,PMU_Sensor,46,0.1535,0.4247,0.1416,49.52,8.3,84.65,104.0,46,0,0.0
2024-01-01 00:22:11,1331,Recovery,DER_Controller,37,0.1359,0.5439,0.136,71.16,62.82,86.41,113.0,37,0,0.0
2024-01-01 00:22:11,1331,Recovery,EV_Charger_1,151,0.2839,0.6167,0.2056,241.23,146.31,71.61,0.0,71,79,0.5257
2024-01-01 00:22:11,1331,Recovery,EV_Charger_2,54,0.2351,0.9312,0.3104,198.87,155.57,76.49,22.49,54,0,0.0
2024-01-01 00:22:12,1332,Recovery,AMI_Meter,39,0.3625,1.895,0.6317,29.41,5.06,63.75,111.0,39,0,0.0
2024-01-01 00:22:12,1332,Recovery,PMU_Sensor,69,0.3415,2.3411,0.7804,49.54,8.31,65.85,81.0,69,0,0.0
2024-01-01 00:22:12,1332,Recovery,DER_Controller,12,0.1608,0.9412,0.2353,71.12,62.81,83.92,138.0,12,0,0.0
2024-01-01 00:22:12,1332,Recovery,EV_Charger_1,114,0.2856,0.8691,0.2897,241.14,146.29,71.44,0.0,71,42,0.3734
2024-01-01 00:22:12,1332,Recovery,EV_Charger_2,86,0.2371,0.7251,0.2417,198.79,155.54,76.29,12.78,86,0,0.0
2024-01-01 00:22:13,1333,Recovery,AMI_Meter,28,0.2817,0.2793,0.0931,29.41,5.06,71.83,122.0,28,0,0.0
2024-01-01 00:22:13,1333,Recovery,PMU_Sensor,46,0.2816,0.4256,0.1419,49.54,8.31,71.84,104.0,46,0,0.0
2024-01-01 00:22:13,1333,Recovery,DER_Controller,48,0.1436,0.3679,0.092,71.1,62.79,85.64,102.0,48,0,0.0
2024-01-01 00:22:13,1333,Recovery,EV_Charger_1,113,0.2875,0.8753,0.2918,241.04,146.28,71.25,0.0,71,41,0.3694
2024-01-01 00:22:13,1333,Recovery,EV_Charger_2,79,0.2429,0.7697,0.2566,198.7,155.52,75.71,9.49,79,0,0.0
2024-01-01 00:22:14,1334,Recovery,AMI_Meter,29,0.2053,0.0815,0.0272,29.41,5.06,79.47,121.0,29,0,0.0
2024-01-01 00:22:14,1334,Recovery,PMU_Sensor,54,0.2508,0.5368,0.1789,49.54,8.31,74.92,96.0,54,0,0.0
2024-01-01 00:22:14,1334,Recovery,DER_Controller,28,0.1505,0.686,0.1715,71.07,62.78,84.95,122.0,28,0,0.0
2024-01-01 00:22:14,1334,Recovery,EV_Charger_1,65,0.3215,1.2024,0.4008,240.91,146.31,67.85,2.85,65,0,0.0
2024-01-01 00:22:14,1334,Recovery,EV_Charger_2,165,0.1917,0.2166,0.0722,198.67,155.46,80.83,0.0,90,74,0.4526
2024-01-01 00:22:15,1335,Recovery,AMI_Meter,26,0.2112,0.6746,0.2249,29.41,5.05,78.88,124.0,26,0,0.0
2024-01-01 00:22:15,1335,Recovery,PMU_Sensor,48,0.1941,0.1853,0.0618,49.54,8.3,80.59,102.0,48,0,0.0
2024-01-01 00:22:15,1335,Recovery,DER_Controller,36,0.1478,0.5583,0.1396,71.04,62.76,85.22,114.0,36,0,0.0
2024-01-01 00:22:15,1335,Recovery,EV_Charger_1,130,0.3008,0.7576,0.2525,240.83,146.28,69.92,0.0,72,57,0.4402
2024-01-01 00:22:15,1335,Recovery,EV_Charger_2,157,0.161,0.2679,0.0893,198.64,155.41,83.9,0.0,83,73,0.4656
2024-01-01 00:22:16,1336,Recovery,AMI_Meter,32,0.1991,0.5123,0.1708,29.41,5.05,80.09,118.0,32,0,0.0
2024-01-01 00:22:16,1336,Recovery,PMU_Sensor,37,0.2867,1.508,0.5027,49.53,8.31,71.33,113.0,37,0,0.0
2024-01-01 00:22:16,1336,Recovery,DER_Controller,26,0.1557,0.7172,0.1793,71.01,62.75,84.43,124.0,26,0,0.0
2024-01-01 00:22:16,1336,Recovery,EV_Charger_1,100,0.3068,0.962,0.3207,240.72,146.28,69.32,0.0,69,30,0.3068
2024-01-01 00:22:16,1336,Recovery,EV_Charger_2,95,0.1793,0.6665,0.2222,198.56,155.37,82.07,0.0,82,12,0.1362
2024-01-01 00:22:17,1337,Recovery,AMI_Meter,21,0.3056,1.6623,0.5541,29.41,5.06,69.44,129.0,21,0,0.0
2024-01-01 00:22:17,1337,Recovery,PMU_Sensor,56,0.2785,0.7783,0.2594,49.53,8.31,72.15,94.0,56,0,0.0
2024-01-01 00:22:17,1337,Recovery,DER_Controller,29,0.1586,0.6691,0.1673,70.98,62.74,84.14,121.0,29,0,0.0
2024-01-01 00:22:17,1337,Recovery,EV_Charger_1,156,0.2726,0.5789,0.193,240.66,146.24,72.74,0.0,72,83,0.5337
2024-01-01 00:22:17,1337,Recovery,EV_Charger_2,156,0.1529,0.2738,0.0913,198.53,155.32,84.71,0.0,84,71,0.457
2024-01-01 00:22:18,1338,Recovery,AMI_Meter,28,0.2417,0.2778,0.0926,29.4,5.05,75.83,122.0,28,0,0.0
2024-01-01 00:22:18,1338,Recovery,PMU_Sensor,53,0.2366,0.417,0.139,49.54,8.31,76.34,97.0,53,0,0.0
2024-01-01 00:22:18,1338,Recovery,DER_Controller,27,0.1627,0.7006,0.1751,70.94,62.73,83.73,123.0,27,0,0.0
2024-01-01 00:22:18,1338,Recovery,EV_Charger_1,129,0.2671,0.7631,0.2544,240.58,146.22,73.29,0.0,73,55,0.4319
2024-01-01 00:22:18,1338,Recovery,EV_Charger_2,86,0.1795,0.7241,0.2414,198.45,155.29,82.05,0.0,82,3,0.0459
2024-01-01 00:22:19,1339,Recovery,AMI_Meter,24,0.276,1.0683,0.3561,29.4,5.05,72.4,126.0,24,0,0.0
2024-01-01 00:22:19,1339,Recovery,PMU_Sensor,47,0.1962,0.3053,0.1018,49.54,8.3,80.38,103.0,47,0,0.0
2024-01-01 00:22:19,1339,Recovery,DER_Controller,35,0.1578,0.5727,0.1432,70.92,62.71,84.22,115.0,35,0,0.0
2024-01-01 00:22:19,1339,Recovery,EV_Charger_1,99,0.2838,0.9675,0.3225,240.47,146.22,71.62,0.0,71,27,0.2765
2024-01-01 00:22:19,1339,Recovery,EV_Charger_2,128,0.171,0.4534,0.1511,198.39,155.25,82.9,0.0,82,45,0.3523
2024-01-01 00:22:20,1340,Recovery,AMI_Meter,26,0.2604,0.6723,0.2241,29.4,5.05,73.96,124.0,26,0,0.0
2024-01-01 00:22:20,1340,Recovery,PMU_Sensor,63,0.2993,1.6196,0.5399,49.55,8.31,70.07,87.0,63,0,0.0
2024-01-01 00:22:20,1340,Recovery,DER_Controller,26,0.1631,0.7158,0.179,70.88,62.7,83.69,124.0,26,0,0.0
2024-01-01 00:22:20,1340,Recovery,EV_Charger_1,156,0.2564,0.5774,0.1925,240.41,146.18,74.36,0.0,74,81,0.5233
2024-01-01 00:22:20,1340,Recovery,EV_Charger_2,68,0.2036,0.8394,0.2798,198.3,155.23,79.64,11.64,68,0,0.0
2024-01-01 00:22:21,1341,Recovery,AMI_Meter,29,0.1902,0.0786,0.0262,29.4,5.05,80.98,121.0,29,0,0.0
2024-01-01 00:22:21,1341,Recovery,PMU_Sensor,46,0.2522,0.4266,0.1422,49.54,8.3,74.78,104.0,46,0,0.0
2024-01-01 00:22:21,1341,Recovery,DER_Controller,36,0.1571,0.5561,0.139,70.86,62.68,84.29,114.0,36,0,0.0
2024-01-01 00:22:21,1341,Recovery,EV_Charger_1,130,0.2549,0.7548,0.2516,240.32,146.16,74.51,0.0,74,55,0.4269
2024-01-01 00:22:21,1341,Recovery,EV_Charger_2,142,0.1788,0.3625,0.1208,198.26,155.18,82.12,0.0,93,48,0.3397
2024-01-01 00:22:22,1342,Recovery,AMI_Meter,35,0.2439,1.1082,0.3694,29.4,5.05,75.61,115.0,35,0,0.0
2024-01-01 00:22:22,1342,Recovery,PMU_Sensor,46,0.2191,0.4264,0.1421,49.54,8.3,78.09,104.0,46,0,0.0
2024-01-01 00:22:22,1342,Recovery,DER_Controller,41,0.1476,0.4761,0.119,70.84,62.67,85.24,109.0,41,0,0.0
2024-01-01 00:22:22,1342,Recovery,EV_Charger_1,82,0.2867,1.0824,0.3608,240.21,146.17,71.33,0.0,71,10,0.1301
2024-01-01 00:22:22,1342,Recovery,EV_Charger_2,66,0.2103,0.8517,0.2839,198.16,155.16,78.97,12.97,66,0,0.0
2024-01-01 00:22:23,1343,Recovery,AMI_Meter,24,0.2776,1.0682,0.3561,29.4,5.05,72.24,126.0,24,0,0.0
2024-01-01 00:22:23,1343,Recovery,PMU_Sensor,46,0.196,0.4262,0.1421,49.54,8.3,80.4,104.0,46,0,0.0
2024-01-01 00:22:23,1343,Recovery,DER_Controller,42,0.1394,0.4599,0.115,70.81,62.65,86.06,108.0,42,0,0.0
2024-01-01 00:22:23,1343,Recovery,EV_Charger_1,46,0.3334,1.3273,0.4424,240.06,146.21,66.66,20.66,46,0,0.0
2024-01-01 00:22:23,1343,Recovery,EV_Charger_2,93,0.215,0.6773,0.2258,198.08,155.13,78.5,0.0,91,1,0.0164
2024-01-01 00:22:24,1344,Recovery,AMI_Meter,37,0.3446,1.5029,0.501,29.4,5.05,65.54,113.0,37,0,0.0
2024-01-01 00:22:24,1344,Recovery,PMU_Sensor,58,0.2391,1.0189,0.3396,49.54,8.3,76.09,92.0,58,0,0.0
2024-01-01 00:22:24,1344,Recovery,DER_Controller,34,0.1413,0.5873,0.1468,70.79,62.63,85.87,116.0,34,0,0.0
2024-01-01 00:22:24,1344,Recovery,EV_Charger_1,61,0.3558,1.2236,0.4079,239.93,146.23,64.42,24.08,61,0,0.0
2024-01-01 00:22:24,1344,Recovery,EV_Charger_2,107,0.2092,0.5868,0.1956,198.01,155.1,79.08,0.0,79,27,0.2609
2024-01-01 00:22:25,1345,Recovery,AMI_Meter,18,0.4663,2.2507,0.7502,29.39,5.06,53.37,132.0,18,0,0.0
2024-01-01 00:22:25,1345,Recovery,PMU_Sensor,58,0.2692,1.0181,0.3394,49.55,8.3,73.08,92.0,58,0,0.0
2024-01-01 00:22:25,1345,Recovery,DER_Controller,37,0.1397,0.5392,0.1348,70.76,62.62,86.03,113.0,37,0,0.0
2024-01-01 00:22:25,1345,Recovery,EV_Charger_1,156,0.3064,0.5737,0.1912,239.87,146.2,69.36,0.0,93,62,0.401
2024-01-01 00:22:25,1345,Recovery,EV_Charger_2,41,0.2476,1.0116,0.3372,197.89,155.1,75.24,34.24,41,0,0.0
2024-01-01 00:22:26,1346,Recovery,AMI_Meter,34,0.4173,0.9091,0.303,29.4,5.06,58.27,116.0,34,0,0.0
2024-01-01 00:22:26,1346,Recovery,PMU_Sensor,49,0.195,0.0662,0.0221,49.55,8.3,80.5,101.0,49,0,0.0
2024-01-01 00:22:26,1346,Recovery,DER_Controller,36,0.1394,0.5549,0.1387,70.74,62.6,86.06,114.0,36,0,0.0
2024-01-01 00:22:26,1346,Recovery,EV_Charger_1,59,0.3381,1.236,0.412,239.73,146.23,66.19,7.19,59,0,0.0
2024-01-01 00:22:26,1346,Recovery,EV_Charger_2,109,0.2306,0.5729,0.191,197.83,155.06,76.94,2.19,109,0,0.0
2024-01-01 00:22:27,1347,Recovery,AMI_Meter,33,0.3632,0.7112,0.2371,29.4,5.06,63.68,117.0,33,0,0.0
2024-01-01 00:22:27,1347,Recovery,PMU_Sensor,64,0.3104,1.7391,0.5797,49.56,8.3,68.96,86.0,64,0,0.0
2024-01-01 00:22:27,1347,Recovery,DER_Controller,50,0.1253,0.3311,0.0828,70.72,62.58,87.47,100.0,50,0,0.0
2024-01-01 00:22:27,1347,Recovery,EV_Charger_1,81,0.3451,1.0847,0.3616,239.61,146.24,65.49,0.0,72,8,0.1027
2024-01-01 00:22:27,1347,Recovery,EV_Charger_2,60,0.2502,0.8883,0.2961,197.73,155.05,74.98,17.16,60,0,0.0
2024-01-01 00:22:28,1348,Recovery,AMI_Meter,23,0.3806,1.2634,0.4211,29.4,5.06,61.94,127.0,23,0,0.0
2024-01-01 00:22:28,1348,Recovery,PMU_Sensor,61,0.3549,1.3763,0.4588,49.57,8.31,64.51,89.0,61,0,0.0
2024-01-01 00:22:28,1348,Recovery,DER_Controller,32,0.1326,0.6184,0.1546,70.69,62.57,86.74,118.0,32,0,0.0
2024-01-01 00:22:28,1348,Recovery,EV_Charger_1,142,0.3083,0.6672,0.2224,239.54,146.21,69.17,0.0,69,72,0.5129
2024-01-01 00:22:28,1348,Recovery,EV_Charger_2,105,0.2349,0.5978,0.1993,197.66,155.01,76.51,0.0,93,11,0.1079
2024-01-01 00:22:29,1349,Recovery,AMI_Meter,31,0.2981,0.3167,0.1056,29.4,5.06,70.19,119.0,31,0,0.0
2024-01-01 00:22:29,1349,Recovery,PMU_Sensor,47,0.2794,0.3091,0.103,49.57,8.3,72.06,103.0,47,0,0.0
2024-01-01 00:22:29,1349,Recovery,DER_Controller,46,0.1241,0.3945,0.0986,70.67,62.55,87.59,104.0,46,0,0.0
2024-01-01 00:22:29,1349,Recovery,EV_Charger_1,96,0.3139,0.9811,0.327,239.44,146.2,68.61,0.0,68,27,0.2853
2024-01-01 00:22:29,1349,Recovery,EV_Charger_2,77,0.2423,0.7779,0.2593,197.57,154.99,75.77,0.0,75,1,0.0159
2024-01-01 00:22:30,1350,Recovery,AMI_Meter,33,0.2798,0.7115,0.2372,29.4,5.06,72.02,117.0,33,0,0.0
2024-01-01 00:22:30,1350,Recovery,PMU_Sensor,48,0.2144,0.1886,0.0629,49.57,8.3,78.56,102.0,48,0,0.0
2024-01-01 00:22:30,1350,Recovery,DER_Controller,32,0.1317,0.618,0.1545,70.65,62.53,86.83,118.0,32,0,0.0
2024-01-01 00:22:30,1350,Recovery,EV_Charger_1,113,0.3062,0.8642,0.2881,239.34,146.19,69.38,0.0,69,43,0.386
2024-01-01 00:22:30,1350,Recovery,EV_Charger_2,85,0.2422,0.7259,0.242,197.48,154.96,75.78,0.0,75,9,0.1084
2024-01-01 00:22:31,1351,Recovery,AMI_Meter,32,0.2472,0.5137,0.1712,29.4,5.06,75.28,118.0,32,0,0.0
2024-01-01 00:22:31,1351,Recovery,PMU_Sensor,46,0.193,0.4294,0.1431,49.56,8.3,80.7,104.0,46,0,0.0
2024-01-01 00:22:31,1351,Recovery,DER_Controller,27,0.1424,0.6976,0.1744,70.61,62.52,85.76,123.0,27,0,0.0
2024-01-01 00:22:31,1351,Recovery,EV_Charger_1,146,0.2781,0.6382,0.2127,239.27,146.16,72.19,0.0,72,73,0.5056
2024-01-01 00:22:31,1351,Recovery,EV_Charger_2,132,0.2118,0.4224,0.1408,197.44,154.91,78.82,0.0,78,53,0.4028
2024-01-01 00:22:32,1352,Recovery,AMI_Meter,34,0.2639,0.9084,0.3028,29.41,5.06,73.61,116.0,34,0,0.0
2024-01-01 00:22:32,1352,Recovery,PMU_Sensor,46,0.178,0.4292,0.1431,49.56,8.3,82.2,104.0,46,0,0.0
2024-01-01 00:22:32,1352,Recovery,DER_Controller,36,0.1414,0.5534,0.1383,70.59,62.5,85.86,114.0,36,0,0.0
2024-01-01 00:22:32,1352,Recovery,EV_Charger_1,134,0.2667,0.7199,0.24,239.2,146.13,73.33,0.0,73,60,0.4527
2024-01-01 00:22:32,1352,Recovery,EV_Charger_2,74,0.2279,0.7963,0.2654,197.35,154.89,77.21,3.21,74,0,0.0
2024-01-01 00:22:33,1353,Recovery,AMI_Meter,26,0.252,0.6728,0.2243,29.4,5.06,74.8,124.0,26,0,0.0
2024-01-01 00:22:33,1353,Recovery,PMU_Sensor,64,0.2984,1.7382,0.5794,49.57,8.3,70.16,86.0,64,0,0.0
2024-01-01 00:22:33,1353,Recovery,DER_Controller,39,0.1376,0.5051,0.1263,70.56,62.49,86.24,111.0,39,0,0.0
2024-01-01 00:22:33,1353,Recovery,EV_Charger_1,144,0.2518,0.6511,0.217,239.13,146.1,74.82,0.0,74,69,0.4804
2024-01-01 00:22:33,1353,Recovery,EV_Charger_2,41,0.2604,1.0086,0.3362,197.23,154.89,73.96,36.18,41,0,0.0
2024-01-01 00:22:34,1354,Recovery,AMI_Meter,32,0.2278,0.5134,0.1711,29.4,5.06,77.22,118.0,32,0,0.0
2024-01-01 00:22:34,1354,Recovery,PMU_Sensor,66,0.4065,1.9755,0.6585,49.58,8.31,59.35,79.35,66,0,0.0
2024-01-01 00:22:34,1354,Recovery,DER_Controller,40,0.1338,0.4889,0.1222,70.54,62.47,86.62,110.0,40,0,0.0
2024-01-01 00:22:34,1354,Recovery,EV_Charger_1,82,0.2837,1.0746,0.3582,239.01,146.11,71.63,0.0,71,10,0.1265
2024-01-01 00:22:34,1354,Recovery,EV_Charger_2,47,0.2792,0.9692,0.3231,197.12,154.89,72.08,61.26,47,0,0.0
2024-01-01 00:22:35,1355,Recovery,AMI_Meter,35,0.27,1.1059,0.3686,29.41,5.06,73.0,115.0,35,0,0.0
2024-01-01 00:22:35,1355,Recovery,PMU_Sensor,43,0.3637,0.7917,0.2639,49.58,8.31,63.63,99.99,43,0,0.0
2024-01-01 00:22:35,1355,Recovery,DER_Controller,39,0.1319,0.5047,0.1262,70.52,62.45,86.81,111.0,39,0,0.0
2024-01-01 00:22:35,1355,Recovery,EV_Charger_1,52,0.3265,1.2787,0.4262,238.87,146.14,67.35,15.35,52,0,0.0
2024-01-01 00:22:35,1355,Recovery,EV_Charger_2,127,0.2407,0.4525,0.1508,197.07,154.84,75.93,10.19,127,0,0.0
2024-01-01 00:22:36,1356,Recovery,AMI_Meter,35,0.2995,1.105,0.3683,29.41,5.06,70.05,115.0,35,0,0.0
2024-01-01 00:22:36,1356,Recovery,PMU_Sensor,49,0.2615,0.0696,0.0232,49.58,8.31,73.85,101.0,49,0,0.0
2024-01-01 00:22:36,1356,Recovery,DER_Controller,28,0.1414,0.6805,0.1701,70.49,62.44,85.86,122.0,28,0,0.0
2024-01-01 00:22:36,1356,Recovery,EV_Charger_1,134,0.3002,0.7172,0.2391,238.79,146.12,69.98,0.0,85,48,0.3632
2024-01-01 00:22:36,1356,Recovery,EV_Charger_2,69,0.2511,0.8266,0.2755,196.97,154.82,74.89,16.08,69,0,0.0
2024-01-01 00:22:37,1357,Recovery,AMI_Meter,24,0.3166,1.0696,0.3565,29.41,5.06,68.34,126.0,24,0,0.0
2024-01-01 00:22:37,1357,Recovery,PMU_Sensor,35,0.3583,1.7524,0.5841,49.57,8.31,64.17,115.0,35,0,0.0
2024-01-01 00:22:37,1357,Recovery,DER_Controller,33,0.1436,0.6001,0.15,70.46,62.42,85.64,117.0,33,0,0.0
2024-01-01 00:22:37,1357,Recovery,EV_Charger_1,43,0.344,1.3386,0.4462,238.65,146.16,65.6,22.6,43,0,0.0
2024-01-01 00:22:37,1357,Recovery,EV_Charger_2,60,0.2642,0.8841,0.2947,196.87,154.81,73.58,29.66,60,0,0.0
2024-01-01 00:22:38,1358,Recovery,AMI_Meter,33,0.2926,0.7098,0.2366,29.41,5.06,70.74,117.0,33,0,0.0
2024-01-01 00:22:38,1358,Recovery,PMU_Sensor,46,0.2937,0.4289,0.143,49.56,8.31,70.63,104.0,46,0,0.0
2024-01-01 00:22:38,1358,Recovery,DER_Controller,43,0.1352,0.4397,0.1099,70.44,62.41,86.48,107.0,43,0,0.0
2024-01-01 00:22:38,1358,Recovery,EV_Charger_1,63,0.3609,1.2007,0.4002,238.52,146.18,63.91,23.51,63,0,0.0
2024-01-01 00:22:38,1358,Recovery,EV_Charger_2,79,0.261,0.7609,0.2536,196.79,154.79,73.9,24.55,79,0,0.0
2024-01-01 00:22:39,1359,Recovery,AMI_Meter,39,0.3942,1.8933,0.6311,29.42,5.06,60.58,111.0,39,0,0.0
2024-01-01 00:22:39,1359,Recovery,PMU_Sensor,47,0.2364,0.3085,0.1028,49.56,8.31,76.36,103.0,47,0,0.0
2024-01-01 00:22:39,1359,Recovery,DER_Controller,43,0.1288,0.4395,0.1099,70.42,62.39,87.12,107.0,43,0,0.0
2024-01-01 00:22:39,1359,Recovery,EV_Charger_1,37,0.3903,1.3771,0.459,238.37,146.23,60.97,47.47,37,0,0.0
2024-01-01 00:22:39,1359,Recovery,EV_Charger_2,122,0.231,0.4829,0.161,196.73,154.74,76.9,0.0,101,20,0.1684
2024-01-01 00:22:40,1360,Recovery,AMI_Meter,27,0.3237,0.4777,0.1592,29.42,5.06,67.63,123.0,27,0,0.0
2024-01-01 00:22:40,1360,Recovery,PMU_Sensor,58,0.267,1.0149,0.3383,49.57,8.31,73.3,92.0,58,0,0.0
2024-01-01 00:22:40,1360,Recovery,DER_Controller,38,0.1291,0.5194,0.1298,70.4,62.37,87.09,112.0,38,0,0.0
2024-01-01 00:22:40,1360,Recovery,EV_Charger_1,101,0.3671,0.9388,0.3129,238.27,146.23,63.29,9.76,101,0,0.0
2024-01-01 00:22:40,1360,Recovery,EV_Charger_2,95,0.2274,0.6571,0.219,196.66,154.71,77.26,0.0,77,17,0.1868
2024-01-01 00:22:41,1361,Recovery,AMI_Meter,27,0.2743,0.4774,0.1591,29.41,5.06,72.57,123.0,27,0,0.0
2024-01-01 00:22:41,1361,Recovery,PMU_Sensor,58,0.2883,1.0142,0.3381,49.57,8.31,71.17,92.0,58,0,0.0
2024-01-01 00:22:41,1361,Recovery,DER_Controller,32,0.1353,0.6153,0.1538,70.37,62.36,86.47,118.0,32,0,0.0
2024-01-01 00:22:41,1361,Recovery,EV_Charger_1,105,0.3481,0.9108,0.3036,238.17,146.22,65.19,0.0,74,30,0.2861
2024-01-01 00:22:41,1361,Recovery,EV_Charger_2,62,0.2462,0.8698,0.2899,196.56,154.7,75.38,13.38,62,0,0.0
2024-01-01 00:22:42,1362,Recovery,AMI_Meter,31,0.2234,0.3133,0.1044,29.42,5.06,77.66,119.0,31,0,0.0
2024-01-01 00:22:42,1362,Recovery,PMU_Sensor,46,0.2448,0.4301,0.1434,49.57,8.3,75.52,104.0,46,0,0.0
2024-01-01 00:22:42,1362,Recovery,DER_Controller,40,0.1319,0.4868,0.1217,70.34,62.34,86.81,110.0,40,0,0.0
2024-01-01 00:22:42,1362,Recovery,EV_Charger_1,48,0.3736,1.2993,0.4331,238.03,146.25,62.64,14.64,48,0,0.0
2024-01-01 00:22:42,1362,Recovery,EV_Charger_2,80,0.2476,0.753,0.251,196.47,154.67,75.24,8.62,80,0,0.0
2024-01-01 00:22:43,1363,Recovery,AMI_Meter,30,0.1679,0.1155,0.0385,29.42,5.05,83.21,120.0,30,0,0.0
2024-01-01 00:22:43,1363,Recovery,PMU_Sensor,45,0.2264,0.5503,0.1834,49.57,8.3,77.36,105.0,45,0,0.0
2024-01-01 00:22:43,1363,Recovery,DER_Controller,39,0.1303,0.5026,0.1256,70.32,62.32,86.97,111.0,39,0,0.0
2024-01-01 00:22:43,1363,Recovery,EV_Charger_1,83,0.3674,1.0592,0.3531,237.92,146.26,63.26,0.0,77,5,0.0614
2024-01-01 00:22:43,1363,Recovery,EV_Charger_2,53,0.266,0.9269,0.309,196.37,154.67,73.4,29.02,53,0,0.0
2024-01-01 00:22:44,1364,Recovery,AMI_Meter,29,0.1258,0.0824,0.0275,29.42,5.05,87.42,121.0,29,0,0.0
2024-01-01 00:22:44,1364,Recovery,PMU_Sensor,41,0.2616,1.0313,0.3438,49.56,8.3,73.84,109.0,41,0,0.0
2024-01-01 00:22:44,1364,Recovery,DER_Controller,63,0.1051,0.1174,0.0294,70.32,62.3,89.49,87.0,63,0,0.0
2024-01-01 00:22:44,1364,Recovery,EV_Charger_1,110,0.3446,0.874,0.2913,237.83,146.25,65.54,0.0,65,44,0.4042
2024-01-01 00:22:44,1364,Recovery,EV_Charger_2,78,0.2627,0.7649,0.255,196.28,154.64,73.73,24.75,78,0,0.0
2024-01-01 00:22:45,1365,Recovery,AMI_Meter,35,0.1985,1.1043,0.3681,29.42,5.05,80.15,115.0,35,0,0.0
2024-01-01 00:22:45,1365,Recovery,PMU_Sensor,34,0.3703,1.8712,0.6237,49.55,8.31,62.97,116.0,34,0,0.0
2024-01-01 00:22:45,1365,Recovery,DER_Controller,14,0.1353,0.9034,0.2258,70.28,62.3,86.47,136.0,14,0,0.0
2024-01-01 00:22:45,1365,Recovery,EV_Charger_1,65,0.3593,1.1807,0.3936,237.7,146.27,64.07,0.0,64,0,0.0143
2024-01-01 00:22:45,1365,Recovery,EV_Charger_2,28,0.2926,1.0873,0.3624,196.16,154.65,70.74,67.48,28,0,0.0
2024-01-01 00:22:46,1366,Recovery,AMI_Meter,28,0.167,0.281,0.0937,29.42,5.05,83.3,122.0,28,0,0.0
2024-01-01 00:22:46,1366,Recovery,PMU_Sensor,51,0.2766,0.1743,0.0581,49.55,8.31,72.34,99.0,51,0,0.0
2024-01-01 00:22:46,1366,Recovery,DER_Controller,49,0.1228,0.3414,0.0853,70.26,62.28,87.72,101.0,49,0,0.0
2024-01-01 00:22:46,1366,Recovery,EV_Charger_1,41,0.3858,1.3434,0.4478,237.56,146.31,61.42,20.42,41,0,0.0
2024-01-01 00:22:46,1366,Recovery,EV_Charger_2,80,0.2799,0.7506,0.2502,196.07,154.63,72.01,59.49,80,0,0.0
2024-01-01 00:22:47,1367,Recovery,AMI_Meter,30,0.1284,0.1149,0.0383,29.42,5.05,87.16,120.0,30,0,0.0
2024-01-01 00:22:47,1367,Recovery,PMU_Sensor,52,0.2231,0.2945,0.0982,49.55,8.3,77.69,98.0,52,0,0.0
2024-01-01 00:22:47,1367,Recovery,DER_Controller,34,0.1285,0.582,0.1455,70.23,62.26,87.15,116.0,34,0,0.0
2024-01-01 00:22:47,1367,Recovery,EV_Charger_1,116,0.3531,0.8303,0.2768,237.47,146.3,64.69,0.0,85,30,0.2663
2024-01-01 00:22:47,1367,Recovery,EV_Charger_2,64,0.2813,0.8536,0.2845,195.97,154.61,71.87,67.37,64,0,0.0
2024-01-01 00:22:48,1368,Recovery,AMI_Meter,38,0.2596,1.6969,0.5656,29.43,5.05,74.04,112.0,38,0,0.0
2024-01-01 00:22:48,1368,Recovery,PMU_Sensor,43,0.235,0.7887,0.2629,49.55,8.3,76.5,107.0,43,0,0.0
2024-01-01 00:22:48,1368,Recovery,DER_Controller,47,0.1197,0.373,0.0933,70.22,62.24,88.03,103.0,47,0,0.0
2024-01-01 00:22:48,1368,Recovery,EV_Charger_1,71,0.3609,1.1369,0.379,237.35,146.31,63.91,0.0,63,7,0.0998
2024-01-01 00:22:48,1368,Recovery,EV_Charger_2,56,0.2874,0.9047,0.3016,195.87,154.6,71.26,82.63,56,0,0.0
2024-01-01 00:22:49,1369,Recovery,AMI_Meter,33,0.2524,0.707,0.2357,29.43,5.05,74.76,117.0,33,0,0.0
2024-01-01 00:22:49,1369,Recovery,PMU_Sensor,47,0.1952,0.3069,0.1023,49.55,8.3,80.48,103.0,47,0,0.0
2024-01-01 00:22:49,1369,Recovery,DER_Controller,13,0.1472,0.9187,0.2297,70.17,62.24,85.28,137.0,13,0,0.0
2024-01-01 00:22:49,1369,Recovery,EV_Charger_1,1,0.4139,1.6132,0.5377,237.17,146.4,58.61,57.61,1,0,0.0
2024-01-01 00:22:49,1369,Recovery,EV_Charger_2,103,0.2612,0.6004,0.2001,195.8,154.57,73.88,47.0,103,0,0.0
2024-01-01 00:22:50,1370,Recovery,AMI_Meter,36,0.3066,1.2995,0.4332,29.43,5.05,69.34,114.0,36,0,0.0
2024-01-01 00:22:50,1370,Recovery,PMU_Sensor,65,0.3225,1.8585,0.6195,49.56,8.31,67.75,85.0,65,0,0.0
2024-01-01 00:22:50,1370,Recovery,DER_Controller,39,0.1417,0.5007,0.1252,70.15,62.22,85.83,111.0,39,0,0.0
2024-01-01 00:22:50,1370,Recovery,EV_Charger_1,32,0.4298,1.4,0.4667,237.02,146.45,57.02,82.63,32,0,0.0
2024-01-01 00:22:50,1370,Recovery,EV_Charger_2,51,0.2765,0.9362,0.3121,195.7,154.56,72.35,68.35,51,0,0.0
2024-01-01 00:22:51,1371,Recovery,AMI_Meter,30,0.2259,0.1121,0.0374,29.43,5.05,77.41,120.0,30,0,0.0
2024-01-01 00:22:51,1371,Recovery,PMU_Sensor,41,0.3287,1.0293,0.3431,49.55,8.31,67.13,109.0,41,0,0.0
2024-01-01 00:22:51,1371,Recovery,DER_Controller,56,0.1205,0.2274,0.0568,70.14,62.2,87.95,94.0,56,0,0.0
2024-01-01 00:22:51,1371,Recovery,EV_Charger_1,136,0.3698,0.6895,0.2298,236.95,146.42,63.02,9.65,136,0,0.0
2024-01-01 00:22:51,1371,Recovery,EV_Charger_2,76,0.2709,0.774,0.258,195.61,154.54,72.91,65.26,76,0,0.0
2024-01-01 00:22:52,1372,Recovery,AMI_Meter,29,0.1667,0.0858,0.0286,29.43,5.05,83.33,121.0,29,0,0.0
2024-01-01 00:22:52,1372,Recovery,PMU_Sensor,39,0.357,1.2689,0.423,49.54,8.31,64.3,111.0,39,0,0.0
2024-01-01 00:22:52,1372,Recovery,DER_Controller,55,0.1056,0.2433,0.0608,70.13,62.18,89.44,95.0,55,0,0.0
2024-01-01 00:22:52,1372,Recovery,EV_Charger_1,70,0.3728,1.1393,0.3798,236.83,146.44,62.72,2.38,70,0,0.0
2024-01-01 00:22:52,1372,Recovery,EV_Charger_2,52,0.2825,0.9287,0.3096,195.51,154.53,71.75,85.01,52,0,0.0
2024-01-01 00:22:53,1373,Recovery,AMI_Meter,32,0.1675,0.5081,0.1694,29.44,5.05,83.25,118.0,32,0,0.0
2024-01-01 00:22:53,1373,Recovery,PMU_Sensor,45,0.3045,0.5466,0.1822,49.54,8.31,69.55,105.0,45,0,0.0
2024-01-01 00:22:53,1373,Recovery,DER_Controller,41,0.1084,0.4683,0.1171,70.11,62.16,89.16,109.0,41,0,0.0
2024-01-01 00:22:53,1373,Recovery,EV_Charger_1,23,0.4068,1.4585,0.4862,236.67,146.5,59.32,38.7,23,0,0.0
2024-01-01 00:22:53,1373,Recovery,EV_Charger_2,92,0.2647,0.6695,0.2232,195.43,154.5,73.53,58.0,92,0,0.0
2024-01-01 00:22:54,1374,Recovery,AMI_Meter,29,0.1259,0.0862,0.0287,29.43,5.05,87.41,121.0,29,0,0.0
2024-01-01 00:22:54,1374,Recovery,PMU_Sensor,59,0.3269,1.1375,0.3792,49.55,8.31,67.31,91.0,59,0,0.0
2024-01-01 00:22:54,1374,Recovery,DER_Controller,37,0.1146,0.5324,0.1331,70.09,62.14,88.54,113.0,37,0,0.0
2024-01-01 00:22:54,1374,Recovery,EV_Charger_1,61,0.4046,1.1981,0.3994,236.55,146.52,59.54,37.24,61,0,0.0
2024-01-01 00:22:54,1374,Recovery,EV_Charger_2,22,0.2975,1.1216,0.3739,195.31,154.51,70.25,106.25,22,0,0.0
2024-01-01 00:22:55,1375,Recovery,AMI_Meter,33,0.1587,0.7061,0.2354,29.44,5.05,84.13,117.0,33,0,0.0
2024-01-01 00:22:55,1375,Recovery,PMU_Sensor,42,0.3196,0.9078,0.3026,49.54,8.31,68.04,108.0,42,0,0.0
2024-01-01 00:22:55,1375,Recovery,DER_Controller,35,0.1212,0.5643,0.1411,70.06,62.13,87.88,115.0,35,0,0.0
2024-01-01 00:22:55,1375,Recovery,EV_Charger_1,64,0.4009,1.1766,0.3922,236.42,146.54,59.91,33.16,64,0,0.0
2024-01-01 00:22:55,1375,Recovery,EV_Charger_2,61,0.2951,0.8687,0.2896,195.21,154.5,70.49,89.0,61,0,0.0
2024-01-01 00:22:56,1376,Recovery,AMI_Meter,21,0.2781,1.67,0.5567,29.43,5.05,72.19,129.0,21,0,0.0
2024-01-01 00:22:56,1376,Recovery,PMU_Sensor,48,0.2423,0.1856,0.0619,49.54,8.31,75.77,102.0,48,0,0.0
2024-01-01 00:22:56,1376,Recovery,DER_Controller,47,0.1141,0.371,0.0928,70.04,62.11,88.59,103.0,47,0,0.0
2024-01-01 00:22:56,1376,Recovery,EV_Charger_1,52,0.4063,1.2573,0.4191,236.29,146.57,59.37,40.52,52,0,0.0
2024-01-01 00:22:56,1376,Recovery,EV_Charger_2,50,0.3005,0.9392,0.3131,195.1,154.49,69.95,100.0,50,0,0.0
2024-01-01 00:22:57,1377,Recovery,AMI_Meter,30,0.2059,0.1126,0.0375,29.43,5.05,79.41,120.0,30,0,0.0
2024-01-01 00:22:57,1377,Recovery,PMU_Sensor,48,0.1882,0.1856,0.0619,49.54,8.3,81.18,102.0,48,0,0.0
2024-01-01 00:22:57,1377,Recovery,DER_Controller,29,0.1269,0.6605,0.1651,70.01,62.1,87.31,121.0,29,0,0.0
2024-01-01 00:22:57,1377,Recovery,EV_Charger_1,61,0.4039,1.1949,0.3983,236.16,146.59,59.61,39.13,61,0,0.0
2024-01-01 00:22:57,1377,Recovery,EV_Charger_2,85,0.2816,0.7123,0.2374,195.02,154.46,71.84,65.0,85,0,0.0
2024-01-01 00:22:58,1378,Recovery,AMI_Meter,24,0.2517,1.0754,0.3585,29.43,5.05,74.83,126.0,24,0,0.0
2024-01-01 00:22:58,1378,Recovery,PMU_Sensor,47,0.1623,0.3059,0.102,49.54,8.3,83.77,103.0,47,0,0.0
2024-01-01 00:22:58,1378,Recovery,DER_Controller,26,0.1394,0.7084,0.1771,69.98,62.08,86.06,124.0,26,0,0.0
2024-01-01 00:22:58,1378,Recovery,EV_Charger_1,89,0.3831,1.0031,0.3344,236.05,146.6,61.69,11.83,89,0,0.0
2024-01-01 00:22:58,1378,Recovery,EV_Charger_2,51,0.2903,0.9318,0.3106,194.92,154.46,70.97,84.97,51,0,0.0
2024-01-01 00:22:59,1379,Recovery,AMI_Meter,25,0.2639,0.8767,0.2922,29.42,5.05,73.61,125.0,25,0,0.0
2024-01-01 00:22:59,1379,Recovery,PMU_Sensor,50,0.1192,0.0555,0.0185,49.54,8.3,88.08,100.0,50,0,0.0
2024-01-01 00:22:59,1379,Recovery,DER_Controller,27,0.1478,0.6919,0.173,69.95,62.07,85.22,123.0,27,0,0.0
2024-01-01 00:22:59,1379,Recovery,EV_Charger_1,28,0.4099,1.4177,0.4726,235.9,146.65,59.01,42.84,28,0,0.0
2024-01-01 00:22:59,1379,Recovery,EV_Charger_2,9,0.3235,1.2026,0.4009,194.78,154.48,67.65,141.0,9,0,0.0
2024-01-01 00:23:00,1380,Recovery,AMI_Meter,24,0.2921,1.074,0.358,29.42,5.05,70.79,126.0,24,0,0.0
2024-01-01 00:23:00,1380,Recovery,PMU_Sensor,60,0.2094,1.2596,0.4199,49.55,8.3,79.06,90.0,60,0,0.0
2024-01-01 00:23:00,1380,Recovery,DER_Controller,32,0.149,0.6111,0.1528,69.92,62.06,85.1,118.0,32,0,0.0
2024-01-01 00:23:00,1380,Recovery,EV_Charger_1,72,0.3986,1.1167,0.3722,235.78,146.66,60.14,30.98,72,0,0.0
2024-01-01 00:23:00,1380,Recovery,EV_Charger_2,27,0.3349,1.0852,0.3617,194.66,154.49,66.51,123.0,27,0,0.0
2024-01-01 00:23:01,1381,Recovery,AMI_Meter,33,0.2754,0.7088,0.2363,29.42,5.05,72.46,117.0,33,0,0.0
2024-01-01 00:23:01,1381,Recovery,PMU_Sensor,41,0.2495,1.0291,0.343,49.54,8.3,75.05,109.0,41,0,0.0
2024-01-01 00:23:01,1381,Recovery,DER_Controller,40,0.1419,0.482,0.1205,69.9,62.04,85.81,110.0,40,0,0.0
2024-01-01 00:23:01,1381,Recovery,EV_Charger_1,58,0.4001,1.2111,0.4037,235.65,146.69,59.99,32.96,58,0,0.0
2024-01-01 00:23:01,1381,Recovery,EV_Charger_2,120,0.2828,0.4831,0.161,194.61,154.45,71.72,30.0,120,0,0.0
2024-01-01 00:23:02,1382,Recovery,AMI_Meter,33,0.2636,0.7084,0.2361,29.43,5.05,73.64,117.0,33,0,0.0
2024-01-01 00:23:02,1382,Recovery,PMU_Sensor,45,0.2293,0.5469,0.1823,49.54,8.3,77.07,105.0,45,0,0.0
2024-01-01 00:23:02,1382,Recovery,DER_Controller,46,0.1305,0.3851,0.0963,69.88,62.02,86.95,104.0,46,0,0.0
2024-01-01 00:23:02,1382,Recovery,EV_Charger_1,120,0.3589,0.788,0.2627,235.57,146.67,64.11,0.0,97,22,0.1911
2024-01-01 00:23:02,1382,Recovery,EV_Charger_2,1,0.3232,1.2524,0.4175,194.47,154.48,67.68,96.68,1,0,0.0
2024-01-01 00:23:03,1383,Recovery,AMI_Meter,25,0.2722,0.8767,0.2922,29.42,5.04,72.78,125.0,25,0,0.0
2024-01-01 00:23:03,1383,Recovery,PMU_Sensor,48,0.179,0.1852,0.0617,49.54,8.29,82.1,102.0,48,0,0.0
2024-01-01 00:23:03,1383,Recovery,DER_Controller,35,0.133,0.5622,0.1405,69.86,62.01,86.7,115.0,35,0,0.0
2024-01-01 00:23:03,1383,Recovery,EV_Charger_1,44,0.3817,1.3049,0.435,235.43,146.7,61.83,17.83,44,0,0.0
2024-01-01 00:23:03,1383,Recovery,EV_Charger_2,9,0.3462,1.1995,0.3998,194.33,154.51,65.38,141.0,9,0,0.0
2024-01-01 00:23:04,1384,Recovery,AMI_Meter,37,0.3405,1.5002,0.5001,29.43,5.05,65.95,113.0,37,0,0.0
2024-01-01 00:23:04,1384,Recovery,PMU_Sensor,38,0.2643,1.3894,0.4631,49.53,8.3,73.57,112.0,38,0,0.0
2024-01-01 00:23:04,1384,Recovery,DER_Controller,37,0.1329,0.5297,0.1324,69.83,61.99,86.71,113.0,37,0,0.0
2024-01-01 00:23:04,1384,Recovery,EV_Charger_1,84,0.3703,1.0315,0.3438,235.32,146.71,62.97,0.0,80,3,0.0382
2024-01-01 00:23:04,1384,Recovery,EV_Charger_2,46,0.3383,0.9594,0.3198,194.23,154.5,66.17,104.0,46,0,0.0
2024-01-01 00:23:05,1385,Recovery,AMI_Meter,25,0.3261,0.8768,0.2923,29.42,5.05,67.39,125.0,25,0,0.0
2024-01-01 00:23:05,1385,Recovery,PMU_Sensor,39,0.3118,1.2677,0.4226,49.52,8.3,68.82,111.0,39,0,0.0
2024-01-01 00:23:05,1385,Recovery,DER_Controller,37,0.1327,0.5294,0.1324,69.81,61.97,86.73,113.0,37,0,0.0
2024-01-01 00:23:05,1385,Recovery,EV_Charger_1,29,0.3997,1.4048,0.4683,235.17,146.76,60.03,31.03,29,0,0.0
2024-01-01 00:23:05,1385,Recovery,EV_Charger_2,52,0.3288,0.9199,0.3066,194.12,154.49,67.12,98.0,52,0,0.0
2024-01-01 00:23:06,1386,Recovery,AMI_Meter,22,0.3752,1.4696,0.4899,29.42,5.05,62.48,128.0,22,0,0.0
2024-01-01 00:23:06,1386,Recovery,PMU_Sensor,56,0.2963,0.7804,0.2601,49.52,8.3,70.37,94.0,56,0,0.0
2024-01-01 00:23:06,1386,Recovery,DER_Controller,41,0.1286,0.4647,0.1162,69.79,61.96,87.14,109.0,41,0,0.0
2024-01-01 00:23:06,1386,Recovery,EV_Charger_1,56,0.4018,1.2198,0.4066,235.04,146.79,59.82,34.85,56,0,0.0
2024-01-01 00:23:06,1386,Recovery,EV_Charger_2,88,0.2988,0.6866,0.2289,194.05,154.46,70.12,62.0,88,0,0.0
2024-01-01 00:23:07,1387,Recovery,AMI_Meter,27,0.3105,0.479,0.1597,29.42,5.05,68.95,123.0,27,0,0.0
2024-01-01 00:23:07,1387,Recovery,PMU_Sensor,44,0.2739,0.6655,0.2218,49.52,8.3,72.61,106.0,44,0,0.0
2024-01-01 00:23:07,1387,Recovery,DER_Controller,34,0.1325,0.5774,0.1443,69.76,61.94,86.75,116.0,34,0,0.0
2024-01-01 00:23:07,1387,Recovery,EV_Charger_1,44,0.4113,1.3003,0.4334,234.91,146.82,58.87,49.72,44,0,0.0
2024-01-01 00:23:07,1387,Recovery,EV_Charger_2,41,0.3082,0.9901,0.33,193.94,154.46,69.18,90.18,41,0,0.0
2024-01-01 00:23:08,1388,Recovery,AMI_Meter,25,0.3049,0.8747,0.2916,29.41,5.05,69.51,125.0,25,0,0.0
2024-01-01 00:23:08,1388,Recovery,PMU_Sensor,33,0.3905,1.9879,0.6626,49.51,8.3,60.95,117.0,33,0,0.0
2024-01-01 00:23:08,1388,Recovery,DER_Controller,34,0.1355,0.5771,0.1443,69.74,61.93,86.45,116.0,34,0,0.0
2024-01-01 00:23:08,1388,Recovery,EV_Charger_1,59,0.4076,1.197,0.399,234.78,146.84,59.24,49.96,59,0,0.0
2024-01-01 00:23:08,1388,Recovery,EV_Charger_2,46,0.3114,0.9571,0.319,193.83,154.46,68.86,104.0,46,0,0.0
2024-01-01 00:23:09,1389,Recovery,AMI_Meter,35,0.324,1.1058,0.3686,29.42,5.05,67.6,115.0,35,0,0.0
2024-01-01 00:23:09,1389,Recovery,PMU_Sensor,65,0.4596,1.8623,0.6208,49.52,8.31,54.04,85.0,65,0,0.0
2024-01-01 00:23:09,1389,Recovery,DER_Controller,47,0.1245,0.367,0.0918,69.72,61.91,87.55,103.0,47,0,0.0
2024-01-01 00:23:09,1389,Recovery,EV_Charger_1,88,0.3852,0.9988,0.3329,234.67,146.84,61.48,23.44,88,0,0.0
2024-01-01 00:23:09,1389,Recovery,EV_Charger_2,64,0.302,0.84,0.28,193.74,154.44,69.8,86.0,64,0,0.0
2024-01-01 00:23:10,1390,Recovery,AMI_Meter,38,0.3966,1.6978,0.5659,29.42,5.05,60.34,112.0,38,0,0.0
2024-01-01 00:23:10,1390,Recovery,PMU_Sensor,64,0.4957,1.7395,0.5798,49.53,8.32,50.43,71.43,64,0,0.0
2024-01-01 00:23:10,1390,Recovery,DER_Controller,49,0.1143,0.3346,0.0836,69.71,61.89,88.57,101.0,49,0,0.0
2024-01-01 00:23:10,1390,Recovery,EV_Charger_1,67,0.3837,1.1409,0.3803,234.55,146.86,61.63,18.07,67,0,0.0
2024-01-01 00:23:10,1390,Recovery,EV_Charger_2,34,0.3148,1.0335,0.3445,193.62,154.45,68.52,116.0,34,0,0.0
2024-01-01 00:23:11,1391,Recovery,AMI_Meter,29,0.286,0.0841,0.028,29.42,5.05,71.4,121.0,29,0,0.0
2024-01-01 00:23:11,1391,Recovery,PMU_Sensor,47,0.3774,0.3041,0.1014,49.53,8.32,62.26,86.69,47,0,0.0
2024-01-01 00:23:11,1391,Recovery,DER_Controller,46,0.1097,0.3829,0.0957,69.69,61.87,89.03,104.0,46,0,0.0
2024-01-01 00:23:11,1391,Recovery,EV_Charger_1,23,0.4125,1.4389,0.4796,234.4,146.92,58.75,53.82,23,0,0.0
2024-01-01 00:23:11,1391,Recovery,EV_Charger_2,33,0.3243,1.0392,0.3464,193.51,154.45,67.57,117.0,33,0,0.0
2024-01-01 00:23:12,1392,Recovery,AMI_Meter,18,0.426,2.2578,0.7526,29.42,5.06,57.4,132.0,18,0,0.0
2024-01-01 00:23:12,1392,Recovery,PMU_Sensor,63,0.426,1.6179,0.5393,49.54,8.32,57.4,81.1,63,0,0.0
2024-01-01 00:23:12,1392,Recovery,DER_Controller,37,0.1153,0.5281,0.132,69.67,61.85,88.47,113.0,37,0,0.0
2024-01-01 00:23:12,1392,Recovery,EV_Charger_1,57,0.4094,1.2064,0.4021,234.27,146.94,59.06,55.88,57,0,0.0
2024-01-01 00:23:12,1392,Recovery,EV_Charger_2,81,0.2998,0.728,0.2427,193.43,154.42,70.02,69.0,81,0,0.0
2024-01-01 00:23:13,1393,Recovery,AMI_Meter,31,0.3295,0.3131,0.1044,29.42,5.05,67.05,119.0,31,0,0.0
2024-01-01 00:23:13,1393,Recovery,PMU_Sensor,61,0.4358,1.3761,0.4587,49.55,8.32,56.42,76.52,61,0,0.0
2024-01-01 00:23:13,1393,Recovery,DER_Controller,27,0.1295,0.6894,0.1724,69.64,61.84,87.05,123.0,27,0,0.0
2024-01-01 00:23:13,1393,Recovery,EV_Charger_1,114,0.3684,0.818,0.2727,234.19,146.92,63.16,5.04,114,0,0.0
2024-01-01 00:23:13,1393,Recovery,EV_Charger_2,69,0.2904,0.8053,0.2684,193.34,154.4,70.96,70.96,69,0,0.0
2024-01-01 00:23:14,1394,Recovery,AMI_Meter,31,0.2619,0.3129,0.1043,29.42,5.05,73.81,119.0,31,0,0.0
2024-01-01 00:23:14,1394,Recovery,PMU_Sensor,61,0.4425,1.3747,0.4582,49.55,8.33,55.75,71.27,61,0,0.0
2024-01-01 00:23:14,1394,Recovery,DER_Controller,28,0.1392,0.6729,0.1682,69.61,61.83,86.08,122.0,28,0,0.0
2024-01-01 00:23:14,1394,Recovery,EV_Charger_1,32,0.3953,1.3747,0.4582,234.04,146.97,60.47,33.51,32,0,0.0
2024-01-01 00:23:14,1394,Recovery,EV_Charger_2,79,0.2773,0.7401,0.2467,193.26,154.38,72.27,64.24,79,0,0.0
2024-01-01 00:23:15,1395,Recovery,AMI_Meter,20,0.3694,1.8609,0.6203,29.41,5.06,63.06,130.0,20,0,0.0
2024-01-01 00:23:15,1395,Recovery,PMU_Sensor,54,0.3631,0.5337,0.1779,49.56,8.32,63.69,80.96,54,0,0.0
2024-01-01 00:23:15,1395,Recovery,DER_Controller,45,0.1293,0.3978,0.0995,69.59,61.81,87.07,105.0,45,0,0.0
2024-01-01 00:23:15,1395,Recovery,EV_Charger_1,99,0.3686,0.9182,0.3061,233.95,146.96,63.14,0.0,96,2,0.0237
2024-01-01 00:23:15,1395,Recovery,EV_Charger_2,1,0.3185,1.2442,0.4147,193.12,154.41,68.15,131.38,1,0,0.0
2024-01-01 00:23:16,1396,Recovery,AMI_Meter,38,0.4282,1.6957,0.5652,29.42,5.06,57.18,112.0,38,0,0.0
2024-01-01 00:23:16,1396,Recovery,PMU_Sensor,45,0.3089,0.5473,0.1824,49.55,8.32,69.11,105.0,45,0,0.0
2024-01-01 00:23:16,1396,Recovery,DER_Controller,35,0.1319,0.5593,0.1398,69.56,61.8,86.81,115.0,35,0,0.0
2024-01-01 00:23:16,1396,Recovery,EV_Charger_1,2,0.4156,1.5763,0.5254,233.78,147.04,58.44,56.44,2,0,0.0
2024-01-01 00:23:16,1396,Recovery,EV_Charger_2,1,0.3473,1.2431,0.4144,192.98,154.44,65.27,149.0,1,0,0.0
2024-01-01 00:23:17,1397,Recovery,AMI_Meter,32,0.3507,0.5099,0.17,29.42,5.06,64.93,118.0,32,0,0.0
2024-01-01 00:23:17,1397,Recovery,PMU_Sensor,41,0.319,1.0273,0.3424,49.55,8.32,68.1,109.0,41,0,0.0
2024-01-01 00:23:17,1397,Recovery,DER_Controller,47,0.1217,0.365,0.0912,69.55,61.78,87.83,103.0,47,0,0.0
2024-01-01 00:23:17,1397,Recovery,EV_Charger_1,17,0.4382,1.4726,0.4909,233.63,147.1,56.18,95.62,17,0,0.0
2024-01-01 00:23:17,1397,Recovery,EV_Charger_2,1,0.3673,1.2419,0.414,192.84,154.47,63.27,149.0,1,0,0.0
2024-01-01 00:23:18,1398,Recovery,AMI_Meter,27,0.2933,0.4781,0.1594,29.42,5.06,70.67,123.0,27,0,0.0
2024-01-01 00:23:18,1398,Recovery,PMU_Sensor,52,0.2527,0.2945,0.0982,49.55,8.32,74.73,98.0,52,0,0.0
2024-01-01 00:23:18,1398,Recovery,DER_Controller,37,0.1242,0.5266,0.1317,69.52,61.76,87.58,113.0,37,0,0.0
2024-01-01 00:23:18,1398,Recovery,EV_Charger_1,37,0.4403,1.3353,0.4451,233.49,147.14,55.97,113.0,37,0,0.0
2024-01-01 00:23:18,1398,Recovery,EV_Charger_2,52,0.3482,0.9112,0.3037,192.74,154.46,65.18,98.0,52,0,0.0
2024-01-01 00:23:19,1399,Recovery,AMI_Meter,35,0.3156,1.1026,0.3675,29.42,5.06,68.44,115.0,35,0,0.0
2024-01-01 00:23:19,1399,Recovery,PMU_Sensor,47,0.2076,0.3065,0.1022,49.55,8.32,79.24,103.0,47,0,0.0
2024-01-01 00:23:19,1399,Recovery,DER_Controller,29,0.1342,0.6558,0.164,69.5,61.75,86.58,121.0,29,0,0.0
2024-01-01 00:23:19,1399,Recovery,EV_Charger_1,37,0.4416,1.334,0.4447,233.34,147.19,55.84,113.0,37,0,0.0
2024-01-01 00:23:19,1399,Recovery,EV_Charger_2,44,0.34,0.9623,0.3208,192.64,154.46,66.0,106.0,44,0,0.0
